Name,Email,City,ST,Acids,Asphalt,Chemicals (Dry),Chemicals (Liq),Foods (Dry),Foods (Liq),Frac Sand,Lumber,Minerals,Petroleum Products,Plastics (Dry),Steel,Air Compressor,Auger,Blending Meters,Blower,Bulk Conveyor,Gravity (Trestle),Hot Water Heating,Liquid Pumps,Liquid Storage Tanks,Portable Vacuum,Sampling Services,Scale,Steam Heating,Tank Trailer Cleaning,Details,Website,Show Options
A DUIE PYLE INC,CS@ADUIEPYLE.COM,PARKESBURG,PA,NO,NO,NO,NO,NO,NO,NO,NO,NO,NO,NO,NO,NO,NO,NO,NO,NO,NO,NO,NO,NO,NO,NO,NO,NO,NO,Details,https://www.aduiepyle.com/About/LocationsMap,(All)
A DUIE PYLE INC,CS@ADUIEPYLE.COM,WESTFIELD,MA,NO,NO,NO,NO,NO,NO,NO,NO,NO,NO,NO,NO,NO,NO,NO,NO,NO,NO,NO,NO,NO,NO,NO,NO,NO,NO,Details,https://www.aduiepyle.com/About/LocationsMap,(All)
A&R TRANSPORT INC,MHOGAN@ARTRANSPORT.COM,ACKERMAN,GA,NO,NO,NO,NO,NO,NO,NO,NO,NO,NO,YES,NO,NO,NO,NO,YES,NO,NO,NO,NO,NO,NO,YES,YES,NO,NO,Details,https://ardoingitright.com/,(All)
A&R TRANSPORT INC,MHOGAN@ARTRANSPORT.COM,ANAHEIM,CA,NO,NO,NO,NO,NO,NO,NO,NO,NO,NO,YES,NO,NO,NO,NO,YES,NO,NO,NO,NO,NO,NO,YES,YES,NO,NO,Details,https://ardoingitright.com/,(All)
A&R TRANSPORT INC,MHOGAN@ARTRANSPORT.COM,AVENEL,NJ,NO,NO,NO,NO,NO,NO,NO,NO,NO,NO,YES,NO,NO,NO,NO,YES,NO,NO,NO,NO,NO,NO,YES,YES,NO,NO,Details,https://ardoingitright.com/,(All)
A&R TRANSPORT INC,MHOGAN@ARTRANSPORT.COM,BATON ROUGE,LA,NO,NO,NO,NO,NO,NO,NO,NO,NO,NO,YES,NO,NO,NO,NO,YES,NO,NO,NO,NO,NO,NO,YES,YES,NO,NO,Details,https://ardoingitright.com/,(All)
A&R TRANSPORT INC,MHOGAN@ARTRANSPORT.COM,BUENA PARK,CA,NO,NO,NO,NO,NO,NO,NO,NO,NO,NO,YES,NO,NO,NO,NO,NO,NO,NO,NO,NO,NO,NO,YES,YES,NO,NO,Details,https://ardoingitright.com/,(All)
A&R TRANSPORT INC,MHOGAN@ARTRANSPORT.COM,CARMENITA,CA,NO,NO,NO,NO,NO,NO,NO,NO,NO,NO,YES,NO,NO,NO,NO,YES,NO,NO,NO,NO,NO,NO,YES,YES,NO,NO,Details,https://ardoingitright.com/,(All)
A&R TRANSPORT INC,MHOGAN@ARTRANSPORT.COM,CHARLESTOWN,IN,NO,NO,NO,NO,NO,NO,NO,NO,NO,NO,YES,NO,NO,NO,NO,YES,NO,NO,NO,NO,NO,NO,YES,YES,NO,NO,Details,https://ardoingitright.com/,(All)
A&R TRANSPORT INC,MHOGAN@ARTRANSPORT.COM,CHARLOTTE,NC,NO,NO,NO,NO,NO,NO,NO,NO,NO,NO,YES,NO,NO,NO,NO,YES,NO,NO,NO,NO,NO,NO,YES,YES,NO,NO,Details,https://ardoingitright.com/,(All)
A&R TRANSPORT INC,MHOGAN@ARTRANSPORT.COM,CHESAPEAKE,VA,NO,NO,NO,NO,NO,NO,NO,NO,NO,NO,YES,NO,NO,NO,NO,YES,NO,NO,NO,NO,NO,NO,YES,YES,NO,NO,Details,https://ardoingitright.com/,(All)
A&R TRANSPORT INC,MHOGAN@ARTRANSPORT.COM,EAST MORRIS,IL,NO,NO,NO,NO,NO,NO,NO,NO,NO,NO,YES,NO,NO,NO,NO,YES,NO,NO,NO,NO,NO,NO,YES,YES,NO,NO,Details,https://ardoingitright.com/,(All)
A&R TRANSPORT INC,MHOGAN@ARTRANSPORT.COM,ELIZABETH,NJ,NO,NO,NO,NO,NO,NO,NO,NO,NO,NO,YES,NO,NO,NO,NO,YES,NO,NO,NO,NO,NO,NO,YES,YES,NO,NO,Details,https://ardoingitright.com/,(All)
A&R TRANSPORT INC,MHOGAN@ARTRANSPORT.COM,FORT WORTH,TX,NO,NO,NO,NO,NO,NO,NO,NO,NO,NO,YES,NO,NO,NO,NO,YES,NO,NO,NO,NO,NO,NO,YES,YES,NO,NO,Details,https://ardoingitright.com/,(All)
A&R TRANSPORT INC,MHOGAN@ARTRANSPORT.COM,FULCO,GA,NO,NO,NO,NO,NO,NO,NO,NO,NO,NO,YES,NO,NO,NO,NO,YES,NO,NO,NO,NO,NO,NO,YES,YES,NO,NO,Details,https://ardoingitright.com/,(All)
A&R TRANSPORT INC,MHOGAN@ARTRANSPORT.COM,JACKSON,TN,NO,NO,NO,NO,NO,NO,NO,NO,NO,NO,YES,NO,NO,NO,NO,YES,NO,NO,NO,NO,NO,NO,YES,YES,NO,NO,Details,https://ardoingitright.com/,(All)
A&R TRANSPORT INC,MHOGAN@ARTRANSPORT.COM,MIDDLETON,SC,NO,NO,NO,NO,NO,NO,NO,NO,NO,NO,YES,NO,NO,NO,NO,YES,NO,NO,NO,NO,NO,NO,YES,YES,NO,NO,Details,https://ardoingitright.com/,(All)
A&R TRANSPORT INC,MHOGAN@ARTRANSPORT.COM,PARAMOUNT,CA,NO,NO,NO,NO,NO,NO,NO,NO,NO,NO,YES,NO,NO,NO,NO,NO,NO,NO,NO,NO,NO,NO,YES,YES,NO,NO,Details,https://ardoingitright.com/,(All)
A&R TRANSPORT INC,MHOGAN@ARTRANSPORT.COM,PARKERSBURG,WV,NO,NO,NO,NO,NO,NO,NO,NO,NO,NO,YES,NO,NO,NO,NO,YES,NO,NO,NO,NO,NO,NO,YES,YES,NO,NO,Details,https://ardoingitright.com/,(All)
A&R TRANSPORT INC,MHOGAN@ARTRANSPORT.COM,PHILADELPHIA,PA,NO,NO,NO,NO,NO,NO,NO,NO,NO,NO,YES,NO,NO,NO,NO,YES,NO,NO,NO,NO,NO,NO,YES,YES,NO,NO,Details,https://ardoingitright.com/,(All)
A&R TRANSPORT INC,MHOGAN@ARTRANSPORT.COM,PORT BIENVILLE,MS,NO,NO,NO,NO,NO,NO,NO,NO,NO,NO,YES,NO,NO,NO,NO,YES,NO,NO,NO,NO,NO,NO,YES,YES,NO,NO,Details,https://ardoingitright.com/,(All)
A&R TRANSPORT INC,MHOGAN@ARTRANSPORT.COM,PORTSMOUTH,VA,NO,NO,NO,NO,NO,NO,NO,NO,NO,NO,YES,NO,NO,NO,NO,YES,NO,NO,NO,NO,NO,NO,YES,YES,NO,NO,Details,https://ardoingitright.com/,(All)
A&R TRANSPORT INC,MHOGAN@ARTRANSPORT.COM,SAN BERNARDINO,CA,NO,NO,NO,NO,NO,NO,NO,NO,NO,NO,YES,NO,NO,NO,NO,NO,NO,NO,NO,NO,NO,NO,YES,YES,NO,NO,Details,https://ardoingitright.com/,(All)
A&R TRANSPORT INC,MHOGAN@ARTRANSPORT.COM,SANTA FE SPRINGS,CA,NO,NO,NO,NO,NO,NO,NO,NO,NO,NO,YES,NO,NO,NO,NO,NO,NO,NO,NO,NO,NO,NO,YES,YES,NO,NO,Details,https://ardoingitright.com/,(All)
A&R TRANSPORT INC,MHOGAN@ARTRANSPORT.COM,ST CLAIR,MI,NO,NO,NO,NO,NO,NO,NO,NO,NO,NO,YES,NO,NO,NO,NO,YES,NO,NO,NO,NO,NO,NO,YES,YES,NO,NO,Details,https://ardoingitright.com/,(All)
A&R TRANSPORT INC,MHOGAN@ARTRANSPORT.COM,STOCKTON,CA,NO,NO,NO,NO,NO,NO,NO,NO,NO,NO,YES,NO,NO,NO,NO,NO,NO,NO,NO,NO,NO,NO,YES,YES,NO,NO,Details,https://ardoingitright.com/,(All)
A&R TRANSPORT INC,MHOGAN@ARTRANSPORT.COM,UNION CITY,GA,NO,NO,NO,NO,NO,NO,NO,NO,NO,NO,YES,NO,NO,NO,NO,YES,NO,NO,NO,NO,NO,NO,YES,YES,NO,NO,Details,https://ardoingitright.com/,(All)
A&R TRANSPORT INC,MHOGAN@ARTRANSPORT.COM,VALLA,CA,NO,NO,NO,NO,NO,NO,NO,NO,NO,NO,YES,NO,NO,NO,NO,YES,NO,NO,NO,NO,NO,NO,YES,YES,NO,NO,Details,https://ardoingitright.com/,(All)
A&R TRANSPORT INC,MHOGAN@ARTRANSPORT.COM,VINA VISTA,CA,NO,NO,NO,NO,NO,NO,NO,NO,NO,NO,YES,NO,NO,NO,NO,YES,NO,NO,NO,NO,NO,NO,YES,YES,NO,NO,Details,https://ardoingitright.com/,(All)
A&R TRANSPORT INC,MHOGAN@ARTRANSPORT.COM,WARE,MA,NO,NO,NO,NO,NO,NO,NO,NO,NO,NO,YES,NO,NO,NO,NO,YES,NO,NO,NO,NO,NO,NO,YES,YES,NO,NO,Details,https://ardoingitright.com/,(All)
A&R TRANSPORT INC,MHOGAN@ARTRANSPORT.COM,WORCHESTER,MA,NO,NO,NO,NO,NO,NO,NO,NO,NO,NO,YES,NO,NO,NO,NO,YES,NO,NO,NO,NO,NO,NO,YES,YES,NO,NO,Details,https://ardoingitright.com/,(All)
ABERDEEN CAROLINA & WESTERN RAILWAY,INFO@ACWR.COM,CANDOR,NC,NO,NO,NO,NO,NO,NO,NO,NO,NO,NO,NO,NO,NO,NO,NO,NO,NO,NO,NO,NO,NO,NO,NO,NO,NO,NO,Details,https://www.acwr.com/services/freight-transportation/transloading,(All)
ACE WAREHOUSE & LOGISTICS,INFO@ACEWLT.COM,BURLINGTON,NJ,NO,NO,NO,NO,NO,NO,NO,NO,NO,NO,NO,NO,NO,NO,NO,NO,NO,NO,NO,NO,NO,NO,NO,NO,NO,NO,Details,http://www.acewlt.com/,(All)
ACE WAREHOUSE & LOGISTICS,INFO@ACEWLT.COM,CHESTER,PA,NO,NO,NO,NO,NO,NO,NO,NO,NO,NO,NO,NO,NO,NO,NO,NO,NO,NO,NO,NO,NO,NO,NO,NO,NO,NO,Details,http://www.acewlt.com/,(All)
ACE WAREHOUSE & LOGISTICS,INFO@ACEWLT.COM,CORNWELLS HEIGHTS,PA,NO,NO,NO,NO,NO,NO,NO,NO,NO,NO,NO,NO,NO,NO,NO,NO,NO,NO,NO,NO,NO,NO,NO,NO,NO,NO,Details,http://www.acewlt.com/,(All)
ACE WAREHOUSE & LOGISTICS,INFO@ACEWLT.COM,MIAMI,FL,NO,NO,NO,NO,NO,NO,NO,NO,NO,NO,NO,NO,NO,NO,NO,NO,NO,NO,NO,NO,NO,NO,NO,NO,NO,NO,Details,http://www.acewlt.com/,(All)
ACE WAREHOUSE & LOGISTICS,INFO@ACEWLT.COM,PHILADELPHIA,PA,NO,NO,NO,NO,NO,NO,NO,NO,NO,NO,NO,NO,NO,NO,NO,NO,NO,NO,NO,NO,NO,NO,NO,NO,NO,NO,Details,http://www.acewlt.com/,(All)
ADAMS INDUSTRIES,SALES@ADAMSII.COM,SIDNEY,NE,NO,NO,YES,NO,YES,NO,YES,NO,YES,NO,NO,YES,NO,YES,NO,NO,YES,NO,NO,NO,NO,NO,YES,YES,NO,NO,Details,http://www.adamsii.com/transloading/services/,(All)
ADM TERMINAL SERVICE,BRETT.MADISON@ADM.COM,PEORIA,IL,NO,NO,NO,NO,YES,NO,NO,NO,NO,NO,NO,NO,NO,YES,NO,NO,YES,NO,NO,NO,NO,NO,YES,YES,NO,NO,Details,https://www.adm.com/products-services/adm-logistics/terminal-services/crevecoeur,(All)
ADM TERMINAL SERVICE,JOHN.DOUGHERTY@ADM.COM,CAMANCHE,IA,NO,NO,NO,NO,YES,NO,NO,NO,NO,NO,NO,NO,NO,YES,NO,NO,YES,NO,NO,NO,NO,NO,YES,YES,NO,NO,Details,https://www.adm.com/products-services/adm-logistics/terminal-services/camanche,(All)
ADM TERMINAL SERVICE,JOHN.DOUGHERTY@ADM.COM,CLINTON,IA,NO,NO,NO,NO,YES,NO,NO,NO,NO,NO,NO,NO,NO,YES,NO,NO,YES,NO,NO,NO,NO,NO,YES,YES,NO,NO,Details,https://www.adm.com/products-services/adm-logistics/terminal-services/clinton,(All)
ADM TERMINAL SERVICE,MATTHEW.STROKEBRAND@ADM.COM,EVANSVILLE,IN,NO,NO,NO,NO,YES,NO,NO,NO,NO,NO,NO,NO,NO,YES,NO,NO,YES,NO,NO,NO,NO,NO,YES,YES,NO,NO,Details,https://www.adm.com/products-services/adm-logistics/terminal-services/evansville,(All)
ADM TERMINAL SERVICE,PAT.HENRY@ADM.COM,MARSEILLES,IL,NO,NO,NO,NO,YES,NO,NO,NO,NO,NO,NO,NO,NO,YES,NO,NO,YES,NO,NO,NO,NO,NO,YES,YES,NO,NO,Details,https://www.adm.com/products-services/adm-logistics/terminal-services/ottawa,(All)
ADVANCED LOGISTICS & DISTRIBUTION,SALES@ADVANCEDLOGISTICS.COM,MCCLELLAN PARK,CA,NO,NO,NO,NO,YES,YES,NO,YES,NO,YES,NO,YES,NO,NO,NO,NO,NO,NO,NO,NO,NO,YES,NO,NO,NO,NO,Details,https://advancedlogistics.com/railcar-transloading/,(All)
ADVANCED LOGISTICS & DISTRIBUTION,SALES@ADVANCEDLOGISTICS.COM,ROGERS,CA,NO,NO,NO,NO,YES,YES,NO,YES,NO,YES,NO,YES,NO,NO,NO,NO,NO,NO,NO,NO,NO,YES,NO,NO,NO,NO,Details,https://advancedlogistics.com/railcar-transloading/,(All)
AFFTON TERMINAL SERVICES,INFO@AFFTONTRUCKING.COM,KANSAS CITY,MO,NO,NO,YES,NO,YES,NO,NO,NO,YES,NO,YES,NO,NO,YES,NO,YES,YES,NO,NO,NO,NO,NO,YES,YES,NO,NO,Details,http://www.afftontrucking.com/,(All)
AFFTON TERMINAL SERVICES,INFO@AFFTONTRUCKING.COM,ST LOUIS,MO,NO,NO,YES,NO,YES,NO,NO,NO,YES,NO,YES,NO,NO,YES,NO,YES,YES,NO,NO,NO,NO,NO,YES,YES,NO,NO,Details,http://www.afftontrucking.com/,(All)
AGRIDYNE LLC,SOCIAL@MIX30.COM,HEREFORD,TX,NO,NO,NO,NO,YES,NO,NO,NO,NO,NO,NO,NO,NO,YES,NO,NO,YES,NO,NO,NO,NO,NO,YES,YES,NO,NO,Details,https://www.mix30.com/,(All)
AGRIDYNE LLC,SOCIAL@MIX30.COM,HOLCOMB,KS,NO,NO,NO,NO,YES,NO,NO,NO,NO,NO,NO,NO,NO,YES,NO,NO,YES,NO,NO,NO,NO,NO,YES,YES,NO,NO,Details,https://www.mix30.com/,(All)
AGRIDYNE LLC,SOCIAL@MIX30.COM,NEBRASKA CITY,NE,NO,NO,NO,NO,YES,NO,NO,NO,NO,NO,NO,NO,NO,YES,NO,NO,YES,NO,NO,NO,NO,NO,YES,YES,NO,NO,Details,https://www.mix30.com/,(All)
AGRIDYNE LLC,SOCIAL@MIX30.COM,PEKIN,IL,NO,NO,NO,NO,YES,NO,NO,NO,NO,NO,NO,NO,NO,YES,NO,NO,YES,NO,NO,NO,NO,NO,YES,YES,NO,NO,Details,https://www.mix30.com/,(All)
AIP LOGISTICS,CRING@AIPLOGISTICS.COM,WAPAKONETA,OH,YES,NO,YES,YES,NO,NO,NO,NO,NO,YES,YES,NO,YES,NO,NO,NO,NO,NO,NO,YES,YES,NO,YES,YES,NO,NO,Details,https://www.aiplogistics.com/bulk-terminal-services/transloading/,(All)
ALLENS TRANSPORT LTD,DAVE@ALLENSTRANSPORT.CA,LEDUC,AB,NO,NO,NO,NO,NO,NO,YES,NO,NO,NO,NO,NO,NO,NO,,YES,NO,NO,YES,YES,YES,NO,YES,YES,YES,YES,Details,https://www.allens-transport.ca/index.php/locations/,(All)
ALLTRANS TERMINAL COMPANIES LLC,TYLER@ALLTRANSTC.COM,GALENA PARK,TX,NO,NO,NO,NO,NO,NO,NO,NO,NO,NO,NO,YES,NO,NO,NO,NO,NO,NO,NO,NO,NO,NO,NO,NO,NO,NO,Details,https://www.alltranstc.com/marketing.php,(All)
ALPHA CHEMICAL LTD,ORDERS@ALPHACHEMICAL.CA,BEDFORD QUARRY,NS,YES,NO,NO,YES,NO,NO,NO,NO,NO,YES,NO,NO,YES,NO,YES,NO,NO,NO,YES,YES,YES,NO,YES,YES,YES,NO,Details,https://www.alphachemical.ca/services,(All)
ALPHA CHEMICAL LTD,ORDERS@ALPHACHEMICAL.CA,DARTMOUTH,NS,YES,NO,NO,YES,NO,NO,NO,NO,NO,YES,NO,NO,YES,NO,YES,NO,NO,NO,YES,YES,YES,NO,YES,YES,YES,NO,Details,https://www.alphachemical.ca/services,(All)
ALPHA TECHNICAL SERVICES,PASADENA.204@QUALA.US.COM,PASADENA,TX,YES,NO,YES,YES,YES,YES,NO,NO,NO,YES,YES,NO,NO,NO,NO,NO,NO,NO,NO,NO,NO,NO,NO,NO,NO,NO,Details,http://www.alphatechserv.com/,(All)
ALTER RIVER TERMINAL ST PAUL,Tom.Streight@alterlogistics.com,SAINT PAUL,MN,NO,NO,NO,NO,NO,NO,YES,YES,YES,NO,NO,YES,NO,NO,NO,NO,NO,NO,NO,NO,NO,NO,NO,NO,NO,NO,Details,https://www.alterlogistics.com/,(All)
AMBRIDGE REGIONAL DISTRIBUTION,INFO@AMBRIDGEREGIONAL.COM,AMBRIDGE,PA,NO,NO,NO,NO,NO,NO,NO,NO,NO,NO,NO,YES,NO,NO,NO,NO,NO,NO,NO,NO,NO,NO,NO,NO,NO,NO,Details,https://ambridgeregional.com/,(All)
AMERICAN PETROLOG LLC,,BROOKLYN,NY,NO,NO,NO,NO,YES,NO,NO,YES,NO,NO,YES,YES,NO,NO,NO,NO,NO,NO,NO,YES,NO,NO,YES,NO,NO,NO,Details,https://www.americanpetrolog.com/about/,(All)
AMERICAN PETROLOG LLC,,VENUS,TX,NO,NO,NO,NO,NO,NO,NO,NO,NO,YES,NO,NO,YES,NO,NO,NO,NO,NO,NO,YES,YES,NO,YES,YES,NO,NO,Details,https://www.americanpetrolog.com/about/,(All)
AMERICAN RAIL CENTER,INFO@AMERICANRAILCENTER.COM,KENTON,OH,NO,NO,NO,NO,NO,NO,NO,NO,NO,NO,NO,NO,NO,NO,NO,NO,NO,NO,NO,NO,NO,NO,NO,NO,NO,NO,Details,https://www.americanrailcenter.com/transloading.html,(All)
AMERICAN RAIL CENTER,INFO@AMERICANRAILCENTER.COM,STONY RIDGE,OH,NO,NO,NO,NO,NO,NO,NO,NO,NO,NO,NO,NO,NO,NO,NO,NO,NO,NO,NO,NO,NO,NO,NO,NO,NO,NO,Details,https://www.americanrailcenter.com/transloading.html,(All)
AMERICAN RAIL CENTER,INFO@AMERICANRAILCENTER.COM,TOLEDO,OH,NO,NO,NO,NO,NO,NO,NO,NO,NO,NO,NO,NO,NO,NO,NO,NO,NO,NO,NO,NO,NO,NO,NO,NO,NO,NO,Details,https://www.americanrailcenter.com/transloading.html,(All)
AMERICAN RAIL CENTER,INFO@AMERICANRAILCENTER.COM,WALBRIDGE,OH,NO,NO,NO,NO,NO,NO,NO,NO,NO,NO,NO,NO,NO,NO,NO,NO,NO,NO,NO,NO,NO,NO,NO,NO,NO,NO,Details,https://www.americanrailcenter.com/transloading.html,(All)
ANTIOCH RAIL & TRANS LOADING,,ANTIOCH,CA,NO,NO,NO,NO,NO,NO,NO,NO,NO,NO,NO,NO,NO,NO,NO,NO,NO,NO,NO,NO,NO,NO,NO,NO,NO,NO,Details,,(All)
ARM-DAT INC,,KANSAS CITY,MO,YES,NO,NO,YES,NO,NO,NO,NO,NO,YES,NO,NO,YES,NO,YES,NO,NO,NO,NO,YES,NO,NO,YES,YES,NO,NO,Details,https://www.facebook.com/armdatincorporated/,(All)
ARREFF TERMINALS INC,INFO@ARREFF.COM,PEMBROKE,GA,NO,NO,NO,NO,NO,NO,NO,YES,NO,NO,NO,NO,YES,YES,NO,NO,YES,NO,NO,NO,NO,NO,YES,YES,NO,NO,Details,http://www.arreff.com/our-services/,(All)
ARREFF TERMINALS INC,INFO@ARREFF.COM,PORTSMOUTH,VA,NO,NO,NO,NO,NO,NO,NO,YES,NO,NO,NO,NO,YES,YES,NO,NO,YES,NO,NO,NO,NO,NO,YES,YES,NO,NO,Details,http://www.arreff.com/our-services/,(All)
ARROW RELOAD SYSTEMS INC,ACONNOR@ARROW.CA,ASHCROFT,BC,NO,NO,NO,NO,NO,NO,NO,NO,YES,YES,NO,NO,YES,YES,NO,NO,YES,NO,NO,YES,NO,NO,YES,YES,NO,NO,Details,https://reload.arrow.ca/location/ashcroft-tfr/,(All)
ARROW RELOAD SYSTEMS INC,ACONNOR@ARROW.CA,SPARWOOD,BC,NO,NO,NO,NO,NO,NO,NO,NO,YES,NO,NO,YES,NO,NO,NO,NO,YES,NO,NO,NO,NO,NO,NO,YES,NO,NO,Details,https://reload.arrow.ca/location/sparwood-tfr/,(All)
ARROW RELOAD SYSTEMS INC,AKYLE@ARROW.CA,EDMONTON,AB,NO,NO,NO,NO,NO,NO,NO,YES,NO,NO,NO,YES,NO,NO,NO,NO,NO,NO,NO,NO,NO,NO,NO,NO,NO,NO,Details,https://reload.arrow.ca/location/edmonton-tfr/,(All)
ARROW RELOAD SYSTEMS INC,AKYLE@ARROW.CA,FT SASKATCHEWAN,AB,NO,NO,NO,NO,NO,NO,YES,YES,YES,NO,NO,YES,NO,NO,NO,YES,YES,NO,NO,YES,NO,NO,YES,YES,NO,NO,Details,https://reload.arrow.ca/location/edmonton-tfr/,(All)
ARROW RELOAD SYSTEMS INC,BGRISHAM@ARROW.CA,DALLAS MILLER YARD,TX,NO,NO,NO,NO,NO,NO,NO,YES,NO,NO,NO,YES,NO,NO,NO,NO,NO,NO,NO,NO,NO,NO,NO,NO,NO,NO,Details,https://reload.arrow.ca/location/dallas-tfr/,(All)
ARROW RELOAD SYSTEMS INC,CMCINTYRE@ARROW.CA,CHILLIWACK,BC,NO,NO,NO,NO,NO,NO,NO,YES,NO,NO,NO,YES,NO,NO,NO,NO,NO,NO,NO,NO,NO,NO,NO,NO,NO,NO,Details,https://reload.arrow.ca/location/chilliwack-sumas-tfr/,(All)
ARROW RELOAD SYSTEMS INC,DTOEWS@ARROW.CA,VERMILION BAY,ON,NO,NO,NO,NO,NO,NO,NO,YES,NO,NO,NO,NO,NO,NO,NO,NO,NO,NO,NO,NO,NO,NO,NO,NO,NO,NO,Details,https://reload.arrow.ca/location/vermilion-bay-tfr/,(All)
ARROW RELOAD SYSTEMS INC,ELARNDER@ARROW.CA,KAMLOOPS,BC,NO,NO,YES,NO,NO,NO,NO,YES,NO,NO,NO,NO,NO,NO,NO,NO,YES,NO,NO,NO,NO,NO,YES,NO,NO,NO,Details,https://reload.arrow.ca/location/kamloops-tfr/,(All)
ARROW RELOAD SYSTEMS INC,JKENT@ARROW.CA,PORTLAND,OR,NO,NO,NO,NO,YES,YES,YES,YES,YES,NO,YES,YES,NO,NO,NO,NO,NO,NO,NO,NO,NO,NO,NO,NO,NO,NO,Details,https://reload.arrow.ca/location/portland-tfr/,(All)
ARROW RELOAD SYSTEMS INC,JKENT@ARROW.CA,TACOMA,WA,NO,NO,NO,NO,NO,NO,NO,YES,NO,NO,NO,YES,NO,NO,NO,NO,NO,NO,NO,NO,NO,NO,NO,NO,NO,NO,Details,https://reload.arrow.ca/location/tacoma-tfr/,(All)
ARROW RELOAD SYSTEMS INC,JMOSHER@ARROW.CA,PORT COQUITLAM,BC,NO,NO,NO,NO,NO,NO,NO,YES,NO,NO,NO,YES,NO,NO,NO,NO,NO,NO,NO,NO,NO,NO,NO,NO,NO,NO,Details,https://reload.arrow.ca/location/port-coquitlam-tfr/,(All)
ARROW RELOAD SYSTEMS INC,JNASO@ARROW.CA,PORT COQUITLAM,BC,NO,NO,NO,NO,NO,NO,NO,YES,NO,NO,NO,YES,NO,NO,NO,NO,NO,NO,NO,NO,NO,NO,NO,NO,NO,NO,Details,https://reload.arrow.ca/location/cpt-vancouver/,(All)
ARROW RELOAD SYSTEMS INC,MDAVIS@ARROW.CA,HENDERSON,NV,NO,NO,YES,YES,NO,NO,NO,YES,NO,YES,NO,YES,YES,NO,NO,NO,YES,NO,NO,YES,NO,NO,NO,NO,NO,NO,Details,https://reload.arrow.ca/location/las-vegas-tfr/,(All)
ARROW RELOAD SYSTEMS INC,PHAYNES@ARROW.CA,SHERWOOD PARK,AB,NO,NO,NO,NO,NO,NO,NO,YES,NO,NO,NO,YES,NO,NO,NO,NO,NO,NO,NO,NO,NO,NO,NO,NO,NO,NO,Details,https://reload.arrow.ca/location/sherwood-park-tfr/,(All)
ARROW RELOAD SYSTEMS INC,RDELLECURTI@ARROW.CA,SASKATOON TFR,SK,NO,NO,NO,NO,NO,NO,YES,YES,YES,NO,NO,YES,NO,NO,NO,NO,YES,NO,NO,NO,NO,NO,YES,YES,NO,NO,Details,https://reload.arrow.ca/location/saskatoon-tfr/,(All)
ARROW RELOAD SYSTEMS INC,RMAGEE@ARROW.CA,CALGARY,AB,NO,NO,NO,NO,NO,NO,NO,NO,NO,YES,NO,NO,NO,NO,NO,NO,NO,NO,NO,NO,NO,NO,YES,NO,NO,NO,Details,https://reload.arrow.ca/location/alyth-tfr/,(All)
ARROW RELOAD SYSTEMS INC,RMAGEE@ARROW.CA,CALGARY,AB,NO,NO,NO,NO,NO,NO,NO,YES,NO,NO,NO,YES,NO,NO,NO,NO,NO,NO,NO,NO,NO,NO,NO,NO,NO,NO,Details,https://reload.arrow.ca/location/calgary-tfr/,(All)
ARROW RELOAD SYSTEMS INC,SFOSTER@ARROW.CA,JOSEPHBURG,AB,NO,NO,NO,NO,NO,NO,NO,YES,NO,NO,NO,YES,NO,NO,NO,NO,NO,NO,NO,NO,NO,NO,NO,NO,NO,NO,Details,https://reload.arrow.ca/location/josephburg-tfr/,(All)
ARROW RELOAD SYSTEMS INC,SFOSTER@ARROW.CA,SCOTFORD,AB,NO,NO,YES,YES,NO,NO,YES,NO,YES,YES,NO,YES,NO,NO,NO,NO,YES,NO,NO,YES,NO,NO,YES,NO,NO,NO,Details,https://reload.arrow.ca/location/scotford-tfr/,(All)
ARROW RELOAD SYSTEMS INC,SGAINES@ARROW.CA,INDIANAPOLIS,IN,NO,NO,YES,YES,NO,NO,NO,YES,YES,YES,NO,YES,NO,NO,NO,NO,YES,NO,NO,YES,NO,NO,NO,NO,NO,NO,Details,https://reload.arrow.ca/location/indianapolis-tfr/,(All)
ARROW RELOAD SYSTEMS INC,SGAINES@ARROW.CA,ODON,IN,NO,NO,NO,NO,NO,NO,NO,YES,NO,NO,NO,NO,NO,NO,NO,NO,NO,NO,NO,NO,NO,NO,NO,NO,NO,NO,Details,https://reload.arrow.ca/location/odon-tfr/,(All)
ASSOCIATED ASPHALT,DFUERST@ASSOCIATEDASPHALT.COM,WINSTON-SALEM,NC,NO,YES,NO,NO,NO,NO,NO,NO,NO,YES,NO,NO,YES,NO,NO,NO,NO,NO,NO,YES,NO,NO,NO,NO,YES,NO,Details,https://associatedasphalt.com/locations/,(All)
ATLANTA METRO LUMBER & RELOAD,AMR@ATLMETRORELOAD.COM,OAKWOOD,GA,NO,NO,NO,NO,NO,NO,NO,YES,NO,NO,NO,NO,NO,NO,NO,NO,NO,NO,NO,NO,NO,NO,NO,NO,NO,NO,Details,http://www.atlmetroreload.com/,(All)
ATW CHOICE TERMINALS,TWILHELMY@GWRR.COM,SANFORD,NC,NO,NO,NO,NO,NO,NO,NO,NO,NO,NO,NO,NO,NO,NO,NO,NO,NO,NO,NO,NO,NO,NO,NO,NO,NO,NO,Details,https://www.gwrr.com/customers/transload?radius=300&state=NA&railroad=ATW,(All)
AXIS WAREHOUSE,INFO@AXISWAREHOUSE.COM,ELK GROVE VILLAGE,IL,NO,NO,NO,NO,NO,NO,NO,NO,NO,NO,NO,NO,NO,NO,NO,NO,NO,NO,NO,NO,NO,NO,NO,NO,NO,NO,Details,https://www.axiswarehouse.com/facilities,(All)
B-H TRANSFER CO,RROWE@B-HTRANSFER.COM,SANDERSVILLE,GA,NO,NO,YES,YES,NO,NO,NO,NO,YES,NO,NO,NO,YES,NO,NO,YES,YES,NO,NO,YES,NO,NO,YES,YES,NO,YES,Details,https://www.b-htransfer.com/locations,(All)
B-H TRANSFER CO,RROWE@B-HTRANSFER.COM,SYLACUAGA,AL,NO,NO,YES,NO,NO,NO,NO,NO,YES,NO,NO,NO,NO,NO,NO,NO,NO,NO,NO,NO,NO,NO,NO,NO,NO,YES,Details,https://www.b-htransfer.com/locations,(All)
B-H TRANSFER CO,TWILHELMY@GWRR.COM,TALLADEGA,AL,NO,NO,NO,NO,NO,NO,NO,NO,NO,NO,NO,NO,NO,NO,NO,NO,NO,NO,NO,NO,NO,NO,NO,NO,NO,NO,Details,https://www.gwrr.com/railroads/north_america/eastern_alabama_railway#m_tab-one-panel,(All)
B&J GROUP INC,SALES@BANDJGROUP.COM,MORRISVILLE,PA,YES,NO,YES,YES,YES,YES,NO,NO,NO,YES,NO,NO,YES,NO,YES,NO,NO,NO,YES,YES,YES,NO,YES,YES,YES,NO,Details,https://www.bandjgroup.com/?page_id=24,(All)
BAKER TRANSFER & STORAGE CO,BAKERCO@BAKERTRANSFER.COM,BILLINGS,MT,NO,NO,NO,NO,NO,NO,NO,NO,NO,NO,NO,NO,NO,NO,NO,NO,NO,NO,NO,NO,NO,NO,NO,NO,NO,NO,Details,https://www.bakertransferandstorage.com/,(All)
"BAKKEN TRANSLOAD, LLC",BMOSBY@RAILOIL.COM,ROSS,ND,NO,NO,YES,YES,NO,NO,YES,YES,YES,YES,YES,YES,YES,YES,NO,NO,YES,NO,NO,YES,NO,NO,YES,NO,NO,NO,Details,-,(All)
BARRETT TRUCKING,JOE@BARRETTTRUCKINGCO.COM,BURLINGTON,VT,NO,NO,YES,NO,NO,NO,NO,NO,YES,NO,NO,YES,NO,YES,NO,NO,YES,NO,NO,NO,NO,NO,YES,NO,NO,NO,Details,https://www.barretttruckingco.com/,(All)
BASE INC,,TULSA,OK,NO,NO,NO,YES,NO,YES,NO,NO,NO,NO,NO,NO,NO,NO,NO,NO,NO,NO,NO,NO,NO,NO,NO,NO,YES,NO,Details,https://www.linkedin.com/company/base-transportation/about/,(All)
BAYL CHOICE TERMINALS,DONNIE.MASON@GWRR.COM,PANAMA CITY,FL,NO,NO,NO,NO,NO,NO,NO,NO,NO,NO,NO,NO,NO,NO,NO,NO,NO,NO,NO,NO,NO,NO,NO,NO,NO,NO,Details,https://www.gwrr.com/customers/transload?radius=300&state=NA&railroad=BAYL,(All)
BENCHMARK RIVER & RAIL TERMINALS LLC,SALES@JRJNET.COM,CINCINNATI,OH,NO,NO,NO,NO,NO,NO,NO,NO,YES,NO,NO,NO,NO,NO,NO,NO,YES,NO,NO,NO,NO,NO,NO,YES,NO,NO,Details,https://www.jrjnet.com/locations/,(All)
BEST LOGISTICS INC,INFO@BESTLOGISTICS.NET,PORT OF STOCKTON,CA,NO,NO,NO,NO,YES,NO,NO,NO,NO,NO,NO,NO,NO,NO,NO,NO,NO,NO,NO,NO,NO,NO,NO,NO,NO,NO,Details,https://www.bestlogistics.net/location/facility,(All)
BI-STATE STORAGE,INFO@YOURGA.COM,WHEATLAND,PA,NO,NO,NO,NO,NO,NO,NO,NO,NO,NO,NO,YES,NO,NO,NO,NO,NO,NO,NO,NO,NO,NO,NO,NO,NO,NO,Details,https://www.yourga.com/services2.html,(All)
BIGHORN DIVIDE & WYOMING RAILROAD,,SHOSHONI,WY,NO,NO,YES,NO,NO,NO,YES,YES,YES,NO,NO,YES,NO,NO,NO,NO,YES,NO,NO,NO,NO,NO,NO,YES,NO,NO,Details,https://bdwrail.com/locations/,(All)
BLACK GOLD TERMINALS,INFO@BLACKLANDSRAILROAD.COM,ODESSA,TX,NO,NO,NO,NO,NO,NO,YES,NO,YES,NO,NO,NO,NO,NO,NO,NO,YES,NO,NO,NO,NO,NO,NO,NO,NO,NO,Details,https://www.blacklandsrailroad.com/transloading,(All)
BROKERS LOGISTICS LTD,INFO@BROKERSLOGISTICS.COM,ANTHONY,TX,NO,NO,NO,NO,NO,NO,NO,NO,NO,NO,NO,NO,NO,NO,NO,NO,NO,NO,NO,NO,NO,NO,NO,NO,NO,NO,Details,https://brokerslogistics.com/facilities/,(All)
BROKERS LOGISTICS LTD,INFO@BROKERSLOGISTICS.COM,ASHLEY,TX,NO,NO,NO,NO,NO,NO,NO,NO,NO,NO,NO,NO,NO,NO,NO,NO,NO,NO,NO,NO,NO,NO,NO,NO,NO,NO,Details,https://brokerslogistics.com/facilities/,(All)
BROOKHAVEN RAIL TERMINAL,BRTINFO@BROOKHAVENRAIL.COM,SILLS,NY,NO,NO,NO,NO,YES,YES,NO,YES,YES,YES,YES,YES,YES,NO,NO,NO,YES,NO,NO,NO,NO,NO,NO,YES,NO,NO,Details,http://www.brookhavenrailterminal.com/,(All)
BRUCE OAKLEY INC,JOAKLEY@BRUCEOAKLEY.COM,NORTH LITTLE ROCK,AR,NO,NO,YES,NO,YES,NO,NO,NO,YES,NO,YES,NO,NO,NO,NO,NO,YES,NO,NO,NO,NO,NO,NO,YES,NO,YES,Details,http://www.bruceoakley.com/contact-us.html,(All)
BRUNK LLC,LARRY.BERKWSKI@BRUNKUS.COM,BLOOMINGTON,MN,NO,NO,NO,NO,NO,NO,NO,NO,NO,NO,YES,NO,NO,NO,NO,YES,NO,NO,NO,NO,NO,NO,YES,YES,NO,NO,Details,https://brunkus.com/,(All)
BRUNK LLC,LARRY.BERKWSKI@BRUNKUS.COM,GOSHEN,IN,NO,NO,NO,NO,NO,NO,NO,NO,NO,NO,YES,NO,NO,NO,NO,YES,NO,NO,NO,NO,NO,NO,YES,YES,NO,NO,Details,https://brunkus.com/,(All)
BUCKEYE RELOAD LLC,THETRANSLOADGROUP@GMAIL.COM,FOSTORIA,OH,NO,NO,NO,NO,NO,NO,NO,NO,NO,NO,NO,NO,NO,NO,NO,NO,NO,NO,NO,NO,NO,NO,NO,NO,NO,NO,Details,https://www.transloadgroup.com/,(All)
BUCKEYE TRANSFER,LSTONEBURNER@BUCKEYETRANSFER.COM,COLUMBIANA,OH,NO,NO,YES,YES,YES,YES,YES,NO,YES,YES,YES,NO,YES,NO,NO,YES,YES,NO,NO,YES,NO,YES,YES,YES,YES,NO,Details,https://buckeye-transfer.business.site/?utm_source=gmb&utm_medium=referral#details,(All)
BULK TRANSFER LLC,INFO@BULKTRANSFERTX.COM,MONAHANS,TX,NO,NO,NO,NO,NO,NO,YES,NO,NO,NO,NO,NO,NO,NO,NO,NO,YES,NO,NO,NO,NO,NO,NO,YES,NO,NO,Details,https://www.bulktransfertx.com/,(All)
BULK TRANSFER LLC,INFO@BULKTRANSFERTX.COM,SEAGRAVES,TX,NO,NO,NO,NO,NO,NO,YES,NO,NO,NO,NO,NO,NO,NO,NO,NO,YES,NO,NO,NO,NO,NO,NO,YES,NO,NO,Details,https://www.bulktransfertx.com/,(All)
BULK TRANSPORT CO,SALES@BTCBULK.COM,LINCOLN,AL,YES,NO,YES,YES,YES,YES,YES,NO,YES,YES,NO,NO,YES,NO,NO,YES,YES,NO,NO,YES,NO,NO,YES,YES,NO,YES,Details,https://btcbulk.com/,(All)
BULK TRANSPORT CO,SALES@BTCBULK.COM,LITTLE ROCK,AR,YES,NO,YES,YES,YES,YES,YES,NO,YES,YES,NO,NO,YES,NO,NO,YES,YES,NO,NO,YES,NO,NO,YES,YES,NO,YES,Details,https://btcbulk.com/,(All)
BULK TRANSPORTATION CO,SALES@BULK-DTI.COM,BUCKEYE,AZ,NO,NO,YES,YES,NO,NO,NO,NO,NO,YES,NO,NO,YES,NO,NO,YES,YES,NO,NO,YES,NO,NO,YES,YES,NO,NO,Details,,(All)
BULK TRANSPORTATION CO,SALES@BULK-DTI.COM,NORTH PORTLAND,OR,NO,NO,YES,YES,NO,NO,NO,NO,NO,YES,NO,NO,YES,NO,NO,YES,YES,NO,NO,YES,NO,NO,YES,YES,NO,NO,Details,,(All)
BULK TRANSPORTATION CO,SALES@BULK-DTI.COM,STOCKTON,CA,NO,NO,YES,YES,NO,NO,NO,NO,NO,YES,NO,NO,YES,NO,NO,YES,YES,NO,NO,YES,NO,NO,YES,YES,NO,NO,Details,,(All)
BULKMATIC DE MEXICO,JBINGHAM@BULKMATIC.COM,AHORCADO,QA,YES,NO,YES,YES,YES,YES,NO,NO,YES,YES,YES,NO,YES,NO,NO,YES,YES,NO,NO,YES,NO,YES,YES,YES,NO,NO,Details,https://www.bulkmatic.com/dry-bulk-transloading/,(All)
BULKMATIC DE MEXICO,JBINGHAM@BULKMATIC.COM,ATITALAQUIA,HG,YES,NO,YES,YES,YES,YES,NO,NO,YES,YES,YES,NO,YES,NO,NO,YES,YES,NO,NO,YES,NO,YES,YES,YES,NO,NO,Details,https://www.bulkmatic.com/dry-bulk-transloading/,(All)
BULKMATIC DE MEXICO,JBINGHAM@BULKMATIC.COM,GUADALAJARA,JA,YES,NO,YES,YES,YES,YES,NO,NO,YES,YES,YES,NO,YES,NO,NO,YES,YES,NO,NO,YES,NO,YES,YES,YES,NO,NO,Details,https://www.bulkmatic.com/dry-bulk-transloading/,(All)
BULKMATIC DE MEXICO,JBINGHAM@BULKMATIC.COM,HERMOSILLO,SO,YES,NO,YES,YES,YES,YES,NO,NO,YES,YES,YES,NO,YES,NO,NO,YES,YES,NO,NO,YES,NO,YES,YES,YES,NO,NO,Details,https://www.bulkmatic.com/dry-bulk-transloading/,(All)
BULKMATIC DE MEXICO,JBINGHAM@BULKMATIC.COM,MACLOVIO HERRERA,EM,YES,NO,YES,YES,YES,YES,NO,NO,YES,YES,YES,NO,YES,NO,NO,YES,YES,NO,NO,YES,NO,YES,YES,YES,NO,NO,Details,https://www.bulkmatic.com/dry-bulk-transloading/,(All)
BULKMATIC DE MEXICO,JBINGHAM@BULKMATIC.COM,MEXICALI,BJ,YES,NO,YES,YES,YES,YES,NO,NO,YES,YES,YES,NO,YES,NO,NO,YES,YES,NO,NO,YES,NO,YES,YES,YES,NO,NO,Details,https://www.bulkmatic.com/dry-bulk-transloading/,(All)
BULKMATIC DE MEXICO,JBINGHAM@BULKMATIC.COM,QUERETARO,QA,YES,NO,YES,YES,YES,YES,NO,NO,YES,YES,YES,NO,YES,NO,NO,YES,YES,NO,NO,YES,NO,YES,YES,YES,NO,NO,Details,https://www.bulkmatic.com/dry-bulk-transloading/,(All)
BULKMATIC DE MEXICO,JBINGHAM@BULKMATIC.COM,SALINAS VICTORIA,NL,YES,NO,YES,YES,YES,YES,NO,NO,YES,YES,YES,NO,YES,NO,NO,YES,YES,NO,NO,YES,NO,YES,YES,YES,NO,NO,Details,https://www.bulkmatic.com/dry-bulk-transloading/,(All)
BULKMATIC DE MEXICO,JBINGHAM@BULKMATIC.COM,SAN LUIS POTOSI,SL,YES,NO,YES,YES,YES,YES,NO,NO,YES,YES,YES,NO,YES,NO,NO,YES,YES,NO,NO,YES,NO,YES,YES,YES,NO,NO,Details,https://www.bulkmatic.com/dry-bulk-transloading/,(All)
BULKMATIC DE MEXICO,JBINGHAM@BULKMATIC.COM,SAN PEDRO GARZA GARCIA,NL,YES,NO,YES,YES,YES,YES,NO,NO,YES,YES,YES,NO,YES,NO,NO,YES,YES,NO,NO,YES,NO,YES,YES,YES,NO,NO,Details,https://www.bulkmatic.com/dry-bulk-transloading/,(All)
BULKMATIC DE MEXICO,JBINGHAM@BULKMATIC.COM,TLALNEPANTLA,EM,YES,NO,YES,YES,YES,YES,NO,NO,YES,YES,YES,NO,YES,NO,NO,YES,YES,NO,NO,YES,NO,YES,YES,YES,NO,NO,Details,https://www.bulkmatic.com/dry-bulk-transloading/,(All)
BULKMATIC DE MEXICO,JBINGHAM@BULKMATIC.COM,TOLUCA,EM,YES,NO,YES,YES,YES,YES,NO,NO,YES,YES,YES,NO,YES,NO,NO,YES,YES,NO,NO,YES,NO,YES,YES,YES,NO,NO,Details,https://www.bulkmatic.com/dry-bulk-transloading/,(All)
BULKMATIC DE MEXICO,JBINGHAM@BULKMATIC.COM,TULA,HG,YES,NO,YES,YES,YES,YES,NO,NO,YES,YES,YES,NO,YES,NO,NO,YES,YES,NO,NO,YES,NO,YES,YES,YES,NO,NO,Details,https://www.bulkmatic.com/dry-bulk-transloading/,(All)
BULKMATIC DE MEXICO,JBINGHAM@BULKMATIC.COM,VILLA DE GARCIA,NL,YES,NO,YES,YES,YES,YES,NO,NO,YES,YES,YES,NO,YES,NO,NO,YES,YES,NO,NO,YES,NO,YES,YES,YES,NO,NO,Details,https://www.bulkmatic.com/dry-bulk-transloading/,(All)
BULKMATIC TRANSPORT CO,JBINGHAM@BULKMATIC.COM,BELPRE,OH,YES,NO,YES,YES,YES,YES,NO,NO,YES,YES,YES,NO,YES,NO,NO,YES,YES,NO,NO,YES,NO,YES,YES,YES,NO,NO,Details,https://www.bulkmatic.com/dry-bulk-transloading/,(All)
BULKMATIC TRANSPORT CO,JBINGHAM@BULKMATIC.COM,BETHLEHEM,PA,YES,NO,YES,YES,YES,YES,NO,NO,YES,YES,YES,NO,YES,NO,NO,YES,YES,NO,NO,YES,NO,YES,YES,YES,NO,NO,Details,https://www.bulkmatic.com/dry-bulk-transloading/,(All)
BULKMATIC TRANSPORT CO,JBINGHAM@BULKMATIC.COM,BRONX,NY,YES,NO,YES,YES,YES,YES,NO,NO,YES,YES,YES,NO,YES,NO,NO,YES,YES,NO,NO,YES,NO,YES,YES,YES,NO,NO,Details,https://www.bulkmatic.com/dry-bulk-transloading/,(All)
BULKMATIC TRANSPORT CO,JBINGHAM@BULKMATIC.COM,BUSCH,FL,YES,NO,YES,YES,YES,YES,NO,NO,YES,YES,YES,NO,YES,NO,NO,YES,YES,NO,NO,YES,NO,YES,YES,YES,NO,NO,Details,https://www.bulkmatic.com/dry-bulk-transloading/,(All)
BULKMATIC TRANSPORT CO,JBINGHAM@BULKMATIC.COM,CHICAGO HEIGHTS,IL,YES,NO,YES,YES,YES,YES,NO,NO,YES,YES,YES,NO,YES,NO,NO,YES,YES,NO,NO,YES,NO,YES,YES,YES,NO,NO,Details,https://www.bulkmatic.com/dry-bulk-transloading/,(All)
BULKMATIC TRANSPORT CO,JBINGHAM@BULKMATIC.COM,COUNCIL BLUFFS,IA,YES,NO,YES,YES,YES,YES,NO,NO,YES,YES,YES,NO,YES,NO,NO,YES,YES,NO,NO,YES,NO,YES,YES,YES,NO,NO,Details,https://www.bulkmatic.com/dry-bulk-transloading/,(All)
BULKMATIC TRANSPORT CO,JBINGHAM@BULKMATIC.COM,FORT WORTH,TX,YES,NO,YES,YES,YES,YES,NO,NO,YES,YES,YES,NO,YES,NO,NO,YES,YES,NO,NO,YES,NO,YES,YES,YES,NO,NO,Details,https://www.bulkmatic.com/dry-bulk-transloading/,(All)
BULKMATIC TRANSPORT CO,JBINGHAM@BULKMATIC.COM,HODGKINS,IL,YES,NO,YES,YES,YES,YES,NO,NO,YES,YES,YES,NO,YES,NO,NO,YES,YES,NO,NO,YES,NO,YES,YES,YES,NO,NO,Details,https://www.bulkmatic.com/dry-bulk-transloading/,(All)
BULKMATIC TRANSPORT CO,JBINGHAM@BULKMATIC.COM,LAFAYETTE,IN,YES,NO,YES,YES,YES,YES,NO,NO,YES,YES,YES,NO,YES,NO,NO,YES,YES,NO,NO,YES,NO,YES,YES,YES,NO,NO,Details,https://www.bulkmatic.com/dry-bulk-transloading/,(All)
BULKMATIC TRANSPORT CO,JBINGHAM@BULKMATIC.COM,MORRISVILLE,PA,YES,NO,YES,YES,YES,YES,NO,NO,YES,YES,YES,NO,YES,NO,NO,YES,YES,NO,NO,YES,NO,YES,YES,YES,NO,NO,Details,https://www.bulkmatic.com/dry-bulk-transloading/,(All)
BULKMATIC TRANSPORT CO,JBINGHAM@BULKMATIC.COM,NORTH BERGEN,NJ,YES,NO,YES,YES,YES,YES,NO,NO,YES,YES,YES,NO,YES,NO,NO,YES,YES,NO,NO,YES,NO,YES,YES,YES,NO,NO,Details,https://www.bulkmatic.com/dry-bulk-transloading/,(All)
BULKMATIC TRANSPORT CO,JBINGHAM@BULKMATIC.COM,PATERSON,NJ,YES,NO,YES,YES,YES,YES,NO,NO,YES,YES,YES,NO,YES,NO,NO,YES,YES,NO,NO,YES,NO,YES,YES,YES,NO,NO,Details,https://www.bulkmatic.com/dry-bulk-transloading/,(All)
BULKMATIC TRANSPORT CO,JBINGHAM@BULKMATIC.COM,PHILADELPHIA,PA,YES,NO,YES,YES,YES,YES,NO,NO,YES,YES,YES,NO,YES,NO,NO,YES,YES,NO,NO,YES,NO,YES,YES,YES,NO,NO,Details,https://www.bulkmatic.com/dry-bulk-transloading/,(All)
BULKMATIC TRANSPORT CO,JBINGHAM@BULKMATIC.COM,WILLIAMSPORT,PA,YES,NO,YES,YES,YES,YES,NO,NO,YES,YES,YES,NO,YES,NO,NO,YES,YES,NO,NO,YES,NO,YES,YES,YES,NO,NO,Details,https://www.bulkmatic.com/dry-bulk-transloading/,(All)
BURLINGTON JUNCTION TRANSLOAD,TRANSLOAD@BJRYRAIL.COM,BURLINGTON,IA,NO,NO,YES,YES,YES,YES,NO,YES,YES,YES,YES,YES,YES,NO,NO,NO,YES,NO,NO,YES,NO,NO,YES,YES,NO,NO,Details,http://www.bjryrail.com/TransloadContacts.html,(All)
BURLINGTON JUNCTION TRANSLOAD,TRANSLOAD@BJRYRAIL.COM,LE MARS,IA,NO,NO,YES,YES,YES,YES,NO,YES,YES,YES,YES,YES,YES,NO,NO,NO,YES,NO,NO,YES,NO,NO,YES,YES,NO,NO,Details,http://www.bjryrail.com/TransloadContacts.html,(All)
BURLINGTON JUNCTION TRANSLOAD,TRANSLOAD@BJRYRAIL.COM,VALLEY PARK,MO,NO,NO,YES,YES,YES,YES,NO,YES,YES,YES,YES,YES,YES,NO,NO,NO,YES,NO,NO,YES,NO,NO,YES,YES,NO,NO,Details,http://www.bjryrail.com/TransloadContacts.html,(All)
C & C TRANSLOADS,INFO@CCTRANSLOAD.COM,SHREVEPORT,LA,NO,NO,NO,NO,NO,NO,NO,NO,NO,NO,NO,NO,NO,NO,NO,NO,NO,NO,NO,NO,NO,NO,NO,NO,NO,NO,Details,https://cctransload.com/locations/,(All)
C & C TRANSLOADS,KRISCLARK82@CCTRANSLOAD.COM,COTULLA,TX,NO,NO,NO,NO,NO,NO,NO,NO,NO,NO,NO,NO,NO,NO,NO,NO,NO,NO,NO,NO,NO,NO,NO,NO,NO,NO,Details,https://cctransload.com/locations/,(All)
C&C BULK LIQUID TRANSFER INC,DMENDEX@CCBULKLIQUID.COM,JACKSONVILLE,FL,NO,NO,NO,NO,YES,YES,NO,NO,NO,NO,NO,NO,YES,NO,NO,NO,NO,NO,NO,YES,NO,NO,YES,YES,YES,YES,Details,http://www.ccbulkliquid.com/#facilities,(All)
CANDO RAIL SERVICES LTD,SALES@CANDORAIL.COM,BRANDON,MB,NO,NO,NO,NO,NO,NO,YES,NO,YES,NO,NO,NO,NO,NO,NO,NO,YES,NO,NO,NO,NO,NO,YES,YES,NO,NO,Details,https://www.candorail.com/terminal-transload-services/,(All)
CANDO RAIL SERVICES LTD,SALES@CANDORAIL.COM,HORNBY,ON,NO,NO,NO,NO,NO,NO,YES,NO,YES,NO,NO,NO,NO,NO,NO,NO,YES,NO,NO,NO,NO,NO,YES,YES,NO,NO,Details,https://www.candorail.com/terminal-transload-services/,(All)
CANDO RAIL SERVICES LTD,SALES@CANDORAIL.COM,KAMLOOPS,BC,NO,NO,NO,NO,NO,NO,YES,NO,YES,NO,NO,NO,NO,NO,NO,NO,YES,NO,NO,NO,NO,NO,YES,YES,NO,NO,Details,https://www.candorail.com/terminal-transload-services/,(All)
CAPE AND SON,INFO@CAPEANDSON.COM,SWEETWATER,TX,NO,NO,NO,NO,NO,NO,YES,NO,YES,NO,NO,NO,NO,NO,NO,NO,YES,NO,NO,NO,NO,NO,NO,NO,NO,NO,Details,https://www.capeandson.com/,(All)
CAPE AND SON,INFO@CAPEANDSON.COM,SWEETWATER,TX,NO,NO,NO,NO,YES,NO,NO,NO,NO,NO,NO,NO,NO,NO,NO,NO,YES,NO,NO,NO,NO,NO,NO,NO,NO,NO,Details,https://www.capeandson.com/,(All)
CARGOFLO (EURO ASIA),SALES@CN.CA,CONCORD,ON,NO,NO,NO,NO,NO,NO,NO,YES,YES,NO,NO,YES,NO,NO,NO,NO,YES,NO,NO,NO,NO,NO,NO,NO,NO,NO,Details,https://www.cn.ca/en/our-services/supply-chain-services/transload-and-distribution/,(All)
CARLOAD CONNECTION,DFELLON@PROGRESSIVERAIL.COM,BLOOMINGTON,MN,YES,NO,YES,YES,YES,YES,YES,YES,YES,YES,YES,YES,YES,NO,NO,YES,YES,NO,NO,YES,NO,NO,YES,YES,YES,NO,Details,https://www.progressiverail.com/rrpgr/lakeville.html,(All)
CARLOAD CONNECTION,DFELLON@PROGRESSIVERAIL.COM,CANNON FALLS,MN,YES,NO,YES,YES,YES,YES,YES,YES,YES,YES,YES,YES,YES,NO,NO,YES,YES,NO,NO,YES,NO,NO,YES,YES,YES,NO,Details,https://www.progressiverail.com/rrpgr/lakeville.html,(All)
CARLOAD CONNECTION,DFELLON@PROGRESSIVERAIL.COM,CENTERVILLE,IA,YES,NO,YES,YES,YES,YES,YES,YES,YES,YES,YES,YES,YES,NO,NO,YES,YES,NO,NO,YES,NO,NO,YES,YES,YES,NO,Details,https://www.progressiverail.com/rrpgr/lakeville.html,(All)
CARLOAD CONNECTION,DFELLON@PROGRESSIVERAIL.COM,ELK GROVE VILLAGE,IL,YES,NO,YES,YES,YES,YES,YES,YES,YES,YES,YES,YES,YES,NO,NO,YES,YES,NO,NO,YES,NO,NO,YES,YES,YES,NO,Details,https://www.progressiverail.com/rrpgr/lakeville.html,(All)
CARLOAD CONNECTION,DFELLON@PROGRESSIVERAIL.COM,EMERY,IA,YES,NO,YES,YES,YES,YES,YES,YES,YES,YES,YES,YES,YES,NO,NO,YES,YES,NO,NO,YES,NO,NO,YES,YES,YES,NO,Details,https://www.progressiverail.com/rrpgr/lakeville.html,(All)
CARLOAD CONNECTION,DFELLON@PROGRESSIVERAIL.COM,GASTONIA,NC,YES,NO,YES,YES,YES,YES,YES,YES,YES,YES,YES,YES,YES,NO,NO,YES,YES,NO,NO,YES,NO,NO,YES,YES,YES,NO,Details,https://www.progressiverail.com/rrpgr/lakeville.html,(All)
CARLOAD CONNECTION,DFELLON@PROGRESSIVERAIL.COM,LAKEVILLE,MN,YES,NO,YES,YES,YES,YES,YES,YES,YES,YES,YES,YES,YES,NO,NO,YES,YES,NO,NO,YES,NO,NO,YES,YES,YES,NO,Details,https://www.progressiverail.com/rrpgr/lakeville.html,(All)
CARLOAD CONNECTION,DFELLON@PROGRESSIVERAIL.COM,MASON CITY,IA,YES,NO,YES,YES,YES,YES,YES,YES,YES,YES,YES,YES,YES,NO,NO,YES,YES,NO,NO,YES,NO,NO,YES,YES,YES,NO,Details,https://www.progressiverail.com/rrpgr/lakeville.html,(All)
CARLOAD CONNECTION,DFELLON@PROGRESSIVERAIL.COM,MORAVIA,IA,YES,NO,YES,YES,YES,YES,YES,YES,YES,YES,YES,YES,YES,NO,NO,YES,YES,NO,NO,YES,NO,NO,YES,YES,YES,NO,Details,https://www.progressiverail.com/rrpgr/lakeville.html,(All)
CARLOAD CONNECTION,DFELLON@PROGRESSIVERAIL.COM,NORMA,WI,YES,NO,YES,YES,YES,YES,YES,YES,YES,YES,YES,YES,YES,NO,NO,YES,YES,NO,NO,YES,NO,NO,YES,YES,YES,NO,Details,https://www.progressiverail.com/rrpgr/lakeville.html,(All)
CARLOAD CONNECTION,DFELLON@PROGRESSIVERAIL.COM,RANDOLPH,MN,YES,NO,YES,YES,YES,YES,YES,YES,YES,YES,YES,YES,YES,NO,NO,YES,YES,NO,NO,YES,NO,NO,YES,YES,YES,NO,Details,https://www.progressiverail.com/rrpgr/lakeville.html,(All)
CARLOAD CONNECTION,DFELLON@PROGRESSIVERAIL.COM,ST LOUIS,MO,NO,NO,NO,NO,NO,NO,NO,NO,NO,NO,NO,NO,NO,NO,NO,NO,NO,NO,NO,NO,NO,NO,NO,NO,NO,NO,Details,https://www.progressiverail.com/rrpgr/lakeville.html,(All)
CARLOAD CONNECTION,DFELLON@PROGRESSIVERAIL.COM,UNION,MO,YES,NO,YES,YES,YES,YES,YES,YES,YES,YES,YES,YES,YES,NO,NO,YES,YES,NO,NO,YES,NO,NO,YES,YES,YES,NO,Details,https://www.progressiverail.com/rrpgr/lakeville.html,(All)
CAROLINAS RELOAD,INQUIRIES@CAROLINARELOAD.COM,WADESBORO,NC,NO,NO,NO,NO,NO,NO,NO,YES,NO,NO,NO,NO,NO,NO,NO,NO,NO,NO,NO,NO,NO,NO,NO,NO,NO,NO,Details,http://www.carolinasreload.com/services.html,(All)
CARRY TRANSIT,FPRENTISS@SUPERIOR-CARRIERS.COM,ARGO,IL,NO,NO,NO,NO,YES,YES,NO,NO,NO,NO,NO,NO,YES,NO,NO,NO,NO,NO,NO,YES,NO,YES,YES,YES,YES,NO,Details,https://carrytransit.com/services#transloading,(All)
CARRY TRANSIT,FPRENTISS@SUPERIOR-CARRIERS.COM,CLEBURNE,TX,NO,NO,NO,NO,YES,YES,NO,NO,NO,NO,NO,NO,YES,NO,NO,NO,NO,NO,NO,YES,NO,YES,YES,YES,YES,NO,Details,https://carrytransit.com/services#transloading,(All)
CARRY TRANSIT,FPRENTISS@SUPERIOR-CARRIERS.COM,FRANKLIN PARK,IL,NO,NO,NO,NO,YES,YES,NO,NO,NO,NO,NO,NO,YES,NO,NO,NO,NO,NO,NO,YES,NO,YES,YES,YES,YES,NO,Details,https://carrytransit.com/services#transloading,(All)
CARRY TRANSIT,FPRENTISS@SUPERIOR-CARRIERS.COM,GRAND PRAIRE,TX,NO,NO,NO,NO,YES,YES,NO,NO,NO,NO,NO,NO,YES,NO,NO,NO,NO,NO,NO,YES,NO,YES,YES,YES,YES,NO,Details,https://carrytransit.com/services#transloading,(All)
CARRY TRANSIT,FPRENTISS@SUPERIOR-CARRIERS.COM,GRIFFIN,FL,NO,NO,NO,NO,YES,YES,NO,NO,NO,NO,NO,NO,YES,NO,NO,NO,NO,NO,NO,YES,NO,YES,YES,YES,YES,NO,Details,https://carrytransit.com/services#transloading,(All)
CARRY TRANSIT,FPRENTISS@SUPERIOR-CARRIERS.COM,MEMPHIS,TN,NO,NO,NO,NO,YES,YES,NO,NO,NO,NO,NO,NO,YES,NO,NO,NO,NO,NO,NO,YES,NO,YES,YES,YES,YES,NO,Details,https://carrytransit.com/services#transloading,(All)
CARRY TRANSIT,FPRENTISS@SUPERIOR-CARRIERS.COM,MOCKINGBIRD,TX,NO,NO,NO,NO,YES,YES,NO,NO,NO,NO,NO,NO,YES,NO,NO,NO,NO,NO,NO,YES,NO,YES,YES,YES,YES,NO,Details,https://carrytransit.com/services#transloading,(All)
CARRY TRANSIT,FPRENTISS@SUPERIOR-CARRIERS.COM,OAKLAND,NJ,NO,NO,NO,NO,YES,YES,NO,NO,NO,NO,NO,NO,YES,NO,NO,NO,NO,NO,NO,YES,NO,YES,YES,YES,YES,NO,Details,https://carrytransit.com/services#transloading,(All)
CARRY TRANSIT,FPRENTISS@SUPERIOR-CARRIERS.COM,ORLANDO,FL,NO,NO,NO,NO,YES,YES,NO,NO,NO,NO,NO,NO,YES,NO,NO,NO,NO,NO,NO,YES,NO,YES,YES,YES,YES,NO,Details,https://carrytransit.com/services#transloading,(All)
CASCADE WAREHOUSE,SWC@CASCADEWAREHOUSE.COM,CHEHALIS,WA,NO,NO,NO,NO,NO,NO,NO,YES,NO,NO,NO,YES,NO,NO,NO,NO,NO,NO,NO,NO,NO,NO,NO,NO,NO,NO,Details,http://www.cascadewarehouse.com/,(All)
CASCADE WAREHOUSE,SWC@CASCADEWAREHOUSE.COM,COLTON,CA,NO,NO,NO,NO,NO,NO,NO,YES,NO,NO,NO,YES,NO,NO,NO,NO,NO,NO,NO,NO,NO,NO,NO,NO,NO,NO,Details,http://www.cascadewarehouse.com/,(All)
CASCADE WAREHOUSE,SWC@CASCADEWAREHOUSE.COM,JUNCTON CITY,OR,NO,NO,NO,NO,NO,NO,NO,YES,NO,NO,NO,YES,NO,NO,NO,NO,NO,NO,NO,NO,NO,NO,NO,NO,NO,NO,Details,http://www.cascadewarehouse.com/,(All)
CASCADE WAREHOUSE,SWC@CASCADEWAREHOUSE.COM,SALEM,OR,NO,NO,NO,NO,NO,NO,NO,YES,NO,NO,NO,YES,NO,NO,NO,NO,NO,NO,NO,NO,NO,NO,NO,NO,NO,NO,Details,http://www.cascadewarehouse.com/,(All)
CELTA CHEM,PAT@CELTACHEM.COM,GRANITE CITY,IL,YES,NO,YES,YES,NO,NO,NO,NO,NO,YES,NO,NO,YES,NO,YES,NO,YES,NO,YES,YES,YES,NO,YES,YES,YES,YES,Details,https://celtachem.com/services/,(All)
CENTRAL LOGISTICS SERVICES,INFO@CLSHASTINGS.COM,HASTINGS,NE,NO,NO,NO,NO,NO,NO,NO,NO,NO,NO,NO,NO,NO,NO,NO,NO,NO,NO,NO,NO,NO,NO,NO,NO,NO,NO,Details,https://www.clshastings.com/transloading,(All)
CENTRAL TRANS LOAD,INFO@EVERETTRAILROAD.COM,CHAMBERSBURG,PA,NO,NO,YES,YES,YES,YES,YES,NO,YES,YES,YES,NO,YES,NO,NO,NO,YES,NO,NO,YES,NO,NO,YES,YES,NO,NO,Details,https://everettrailroad.com/freight-services/transload-sites/,(All)
CENTRAL VALLEY AG TRANSPORT,SALES@CV-AG.COM,EAST MODESTO,CA,NO,NO,NO,NO,YES,NO,YES,NO,YES,NO,NO,NO,NO,NO,NO,NO,YES,NO,NO,NO,NO,NO,YES,YES,NO,NO,Details,http://www1.cv-ag.com/central-valley-ag-transload/,(All)
CENTRAL VALLEY AG TRANSPORT,SALES@CV-AG.COM,MODESTO,CA,NO,NO,NO,NO,YES,NO,YES,NO,YES,NO,NO,NO,NO,NO,NO,NO,YES,NO,NO,NO,NO,NO,YES,YES,NO,NO,Details,http://www1.cv-ag.com/central-valley-ag-transload/,(All)
CENTRAL VALLEY AG TRANSPORT,SALES@CV-AG.COM,NORTH BEND,NE,NO,NO,NO,NO,YES,NO,YES,NO,YES,NO,NO,NO,NO,NO,NO,NO,YES,NO,NO,NO,NO,NO,YES,YES,NO,NO,Details,http://www1.cv-ag.com/central-valley-ag-transload/,(All)
CENTRAL VALLEY AG TRANSPORT,SALES@CV-AG.COM,SAINT EDWARD,NE,NO,NO,NO,NO,YES,NO,NO,NO,YES,NO,NO,NO,NO,NO,NO,NO,YES,NO,NO,NO,NO,NO,YES,YES,NO,NO,Details,http://www1.cv-ag.com/central-valley-ag-transload/,(All)
CGB ENTERPRISES,INFO@CGB.COM,ENID,OK,NO,NO,NO,NO,NO,NO,NO,NO,NO,NO,NO,NO,NO,NO,NO,NO,YES,NO,NO,NO,NO,NO,NO,NO,NO,NO,Details,https://www.cgb.com/,(All)
CGB ENTERPRISES,INFO@CGB.COM,SHATTUCK,OK,NO,NO,NO,NO,NO,NO,NO,NO,NO,NO,NO,NO,NO,NO,NO,NO,YES,NO,NO,NO,NO,NO,NO,NO,NO,NO,Details,https://www.cgb.com/,(All)
CHEMICAL SOUTH TRANSPORT,INFO@CHEMICALSOUTH.COM,SAVANNAH,GA,NO,NO,NO,YES,NO,NO,NO,NO,NO,YES,NO,NO,YES,NO,YES,NO,NO,NO,NO,YES,NO,NO,YES,YES,NO,NO,Details,https://www.chemicalsouthtransport.com/transloading,(All)
CHEMICAL TRANSFER CO,WWW.LINKEDIN.COM/IN/BILL-STARK-7A24072A,STOCKTON,CA,YES,NO,NO,YES,NO,NO,NO,NO,NO,NO,NO,NO,YES,NO,NO,NO,NO,NO,NO,YES,NO,NO,YES,NO,YES,NO,Details,"https://www.google.com/maps/place/Chemical+Transfer+Co/@37.9182428,-121.2795849,123m/data=!3m1!1e3!4m13!1m7!3m6!1s0x809013240b316ef3:0xd47f9fc43d41778e!2s3105+El+Dorado+St,+Stockton,+CA+95206!3b1!8m2!3d37.9181922!4d-121.2796245!3m4!1s0x809013240c57ab0b:0x34c6ffd82f79129f!8m2!3d37.9182958!4d-121.2793013",(All)
CHEMICALS INC,INFO@CHEMICALSINC.COM,BAY CITY,TX,YES,NO,NO,YES,NO,NO,NO,NO,NO,YES,NO,NO,YES,NO,YES,NO,NO,NO,NO,YES,YES,NO,YES,NO,YES,NO,Details,https://www.chemicalsinc.com/,(All)
CHEMPAK INTERNATIONAL INC,INFO@CHEMPAK.NET,ESSINGTON,PA,YES,NO,YES,YES,NO,NO,NO,NO,NO,YES,NO,NO,YES,NO,YES,NO,NO,NO,NO,YES,NO,NO,YES,NO,YES,NO,Details,http://www.chempak.net/RailTransfer.asp,(All)
CHEMPAK INTERNATIONAL INC,INFO@CHEMPAK.NET,GREENVILLE,SC,NO,NO,YES,YES,NO,NO,NO,NO,NO,YES,NO,NO,YES,NO,NO,YES,NO,NO,NO,YES,NO,NO,NO,YES,YES,NO,Details,http://www.chempak.net/RailTransfer.asp,(All)
CHEMPAK INTERNATIONAL INC,INFO@CHEMPAK.NET,LA PORTE,IN,NO,NO,YES,YES,NO,NO,NO,NO,NO,YES,NO,NO,YES,NO,NO,YES,NO,NO,NO,YES,NO,NO,NO,YES,YES,NO,Details,http://www.chempak.net/RailTransfer.asp,(All)
CHEMPAK INTERNATIONAL INC,INFO@CHEMPAK.NET,SPENCE,TX,YES,NO,YES,YES,NO,NO,NO,NO,NO,YES,NO,NO,YES,NO,YES,NO,NO,NO,NO,YES,NO,NO,YES,NO,YES,NO,Details,http://www.chempak.net/RailTransfer.asp,(All)
CIG LOGISTICS SERVICES,AWARNICK@CIGLOGISTICS.COM,WITCO,TX,NO,NO,NO,NO,NO,NO,YES,NO,NO,NO,NO,NO,NO,NO,NO,NO,NO,NO,NO,NO,NO,NO,NO,YES,NO,NO,Details,https://ciglogistics.com/wp-content/uploads/2020/01/Barnhart.pdf,(All)
CIG LOGISTICS SERVICES,BROSS@CIGLOGISTICS.COM,LUBBOCK,TX,NO,NO,NO,NO,NO,NO,YES,NO,NO,NO,NO,NO,NO,NO,NO,NO,NO,NO,NO,NO,NO,NO,NO,YES,NO,NO,Details,https://ciglogistics.com/wp-content/uploads/2020/01/Lubbock.pdf,(All)
CIG LOGISTICS SERVICES,BROSS@CIGLOGISTICS.COM,NAVASOTA,TX,NO,NO,NO,NO,NO,NO,YES,NO,NO,NO,NO,NO,NO,NO,NO,NO,NO,NO,NO,NO,NO,NO,NO,YES,NO,NO,Details,,(All)
CIG LOGISTICS SERVICES,BROSS@CIGLOGISTICS.COM,SLATON,TX,NO,NO,NO,NO,NO,NO,YES,NO,NO,NO,NO,NO,NO,NO,NO,NO,NO,NO,NO,NO,NO,NO,NO,YES,NO,NO,Details,https://ciglogistics.com/wp-content/uploads/2020/01/Slaton.pdf,(All)
CIG LOGISTICS SERVICES,JWILLIAMS@CIGLOGISTICS.COM,SAN ANTONIO,TX,NO,NO,NO,NO,NO,NO,YES,NO,NO,NO,NO,NO,NO,NO,NO,NO,NO,NO,NO,NO,NO,NO,NO,YES,NO,NO,Details,https://ciglogistics.com/wp-content/uploads/2020/01/San-Antonio.pdf,(All)
CINCINNATI BARGE & RAIL TERMINAL LLC,JSTEWART@BARGE2RAIL.COM,CINCINNATI,OH,NO,NO,NO,NO,NO,NO,NO,NO,YES,NO,NO,YES,NO,NO,NO,NO,YES,NO,NO,NO,NO,NO,NO,NO,NO,NO,Details,https://barge2rail.com/index.php/rail-spur/,(All)
CLEAN HARBORS ENVIRONMENTAL SERVICES INC,STRONGOSKYJ@CLEANHARBORS.COM,NORTH FLINT,MI,YES,NO,YES,YES,NO,NO,NO,NO,NO,YES,NO,NO,NO,NO,NO,NO,NO,NO,NO,YES,NO,NO,YES,NO,NO,NO,Details,https://www.cleanharbors.com/location/burton-rail-to-truck-transfer-operation,(All)
CN CARGFLO (MAPLELEAF DISTRIBUTION),SALES@CN.CA,PALMER,MA,NO,NO,NO,NO,NO,NO,NO,YES,YES,NO,NO,YES,NO,NO,NO,NO,YES,NO,NO,NO,NO,NO,NO,NO,NO,NO,Details,https://www.cn.ca/en/our-services/supply-chain-services/transload-and-distribution/,(All)
CN CARGLOFLO (TRANSX),SALES@CN.CA,MISSISSAUGA,ON,NO,NO,NO,NO,NO,NO,NO,YES,YES,NO,NO,YES,NO,NO,NO,NO,YES,NO,NO,NO,NO,NO,NO,NO,NO,NO,Details,https://www.cn.ca/en/our-services/supply-chain-services/transload-and-distribution/,(All)
CN CARGLOFLO (VIP RAIL),SALES@CN.CA,SARNIA,ON,YES,NO,YES,YES,YES,YES,NO,YES,YES,YES,YES,YES,YES,NO,NO,NO,YES,NO,NO,YES,NO,NO,YES,YES,NO,NO,Details,https://www.cn.ca/en/our-services/supply-chain-services/transload-and-distribution/,(All)
CN CARGOFLO,SALES@CN.CA,ASHCROFT,BC,NO,NO,YES,YES,YES,YES,YES,NO,YES,YES,YES,NO,YES,NO,NO,YES,YES,NO,NO,YES,NO,YES,YES,YES,YES,NO,Details,https://www.cn.ca/en/our-services/supply-chain-services/transload-and-distribution/,(All)
CN CARGOFLO,SALES@CN.CA,ATIKOKAN,ON,NO,NO,NO,NO,NO,NO,NO,YES,NO,NO,NO,NO,NO,NO,NO,NO,NO,NO,NO,NO,NO,NO,NO,NO,NO,NO,Details,https://www.cn.ca/en/our-services/supply-chain-services/transload-and-distribution/,(All)
CN CARGOFLO,SALES@CN.CA,BIENFAIT,SK,YES,NO,YES,YES,YES,YES,NO,YES,YES,YES,YES,YES,YES,NO,NO,NO,YES,NO,NO,YES,NO,YES,YES,YES,YES,NO,Details,https://www.cn.ca/en/our-services/supply-chain-services/transload-and-distribution/,(All)
CN CARGOFLO,SALES@CN.CA,CALGARY,AB,NO,NO,YES,YES,YES,YES,YES,YES,YES,YES,YES,YES,YES,NO,NO,YES,YES,NO,NO,YES,NO,YES,YES,YES,YES,NO,Details,https://www.cn.ca/en/our-services/supply-chain-services/transload-and-distribution/,(All)
CN CARGOFLO,SALES@CN.CA,CONCORD,ON,YES,NO,YES,YES,YES,YES,NO,NO,YES,YES,YES,NO,YES,NO,NO,YES,YES,NO,NO,YES,NO,YES,YES,YES,YES,YES,Details,https://www.cn.ca/en/our-services/supply-chain-services/transload-and-distribution/,(All)
CN CARGOFLO,SALES@CN.CA,DETROIT,MI,NO,NO,NO,NO,NO,NO,NO,YES,NO,NO,NO,NO,NO,NO,NO,NO,NO,NO,NO,NO,NO,NO,NO,NO,NO,NO,Details,https://www.cn.ca/en/our-services/supply-chain-services/transload-and-distribution/,(All)
CN CARGOFLO,SALES@CN.CA,EDMONTON,AB,NO,NO,NO,NO,NO,NO,NO,NO,NO,NO,NO,NO,NO,NO,NO,NO,NO,NO,NO,NO,NO,NO,NO,NO,NO,NO,Details,https://www.cn.ca/en/our-services/supply-chain-services/transload-and-distribution/,(All)
CN CARGOFLO,SALES@CN.CA,EDMUNSTON,NB,NO,NO,NO,NO,NO,NO,NO,NO,NO,NO,NO,NO,NO,NO,NO,NO,NO,NO,NO,NO,NO,NO,NO,NO,NO,NO,Details,https://www.cn.ca/en/our-services/supply-chain-services/transload-and-distribution/,(All)
CN CARGOFLO,SALES@CN.CA,EDSON,AB,NO,NO,YES,YES,YES,YES,YES,YES,YES,YES,YES,NO,YES,NO,NO,YES,YES,NO,NO,YES,NO,YES,YES,YES,YES,NO,Details,https://www.cn.ca/en/our-services/supply-chain-services/transload-and-distribution/,(All)
CN CARGOFLO,SALES@CN.CA,FLAT ROCK,MI,YES,NO,NO,YES,NO,NO,NO,NO,NO,YES,NO,NO,YES,NO,NO,NO,NO,NO,NO,YES,NO,NO,YES,NO,YES,NO,Details,https://www.cn.ca/en/our-services/supply-chain-services/transload-and-distribution/,(All)
CN CARGOFLO,SALES@CN.CA,HAMILTON,ON,YES,YES,YES,YES,YES,YES,NO,NO,YES,YES,YES,NO,YES,NO,NO,NO,YES,NO,NO,YES,NO,NO,YES,YES,YES,NO,Details,https://www.cn.ca/en/our-services/supply-chain-services/transload-and-distribution/,(All)
CN CARGOFLO,SALES@CN.CA,HARVEY,IL,NO,NO,NO,NO,YES,NO,NO,NO,NO,NO,NO,NO,NO,NO,NO,NO,YES,NO,NO,NO,NO,NO,YES,YES,NO,NO,Details,https://www.cn.ca/en/our-services/supply-chain-services/transload-and-distribution/,(All)
CN CARGOFLO,SALES@CN.CA,LONDON EAST,ON,NO,NO,NO,NO,NO,NO,NO,NO,NO,NO,NO,NO,NO,NO,NO,NO,NO,NO,NO,NO,NO,NO,NO,NO,NO,NO,Details,https://www.cn.ca/en/our-services/supply-chain-services/transload-and-distribution/,(All)
CN CARGOFLO,SALES@CN.CA,MARKHAM,IL,NO,NO,NO,NO,NO,NO,NO,NO,NO,NO,NO,NO,NO,NO,NO,NO,NO,NO,NO,NO,NO,NO,NO,NO,NO,NO,Details,https://www.cn.ca/en/our-services/supply-chain-services/transload-and-distribution/,(All)
CN CARGOFLO,SALES@CN.CA,MEMPHIS,TN,YES,YES,YES,YES,YES,YES,NO,YES,YES,YES,YES,YES,YES,NO,NO,YES,YES,NO,NO,NO,NO,YES,YES,YES,NO,NO,Details,https://www.cn.ca/en/our-services/supply-chain-services/transload-and-distribution/,(All)
CN CARGOFLO,SALES@CN.CA,MONCTON,NB,YES,NO,YES,YES,YES,YES,NO,NO,YES,YES,YES,NO,YES,NO,NO,YES,YES,NO,NO,YES,NO,NO,YES,YES,YES,NO,Details,https://www.cn.ca/en/our-services/supply-chain-services/transload-and-distribution/,(All)
CN CARGOFLO,SALES@CN.CA,MONTREAL TASCH YARD,PQ,YES,YES,YES,YES,YES,YES,NO,NO,YES,YES,YES,NO,YES,NO,NO,NO,YES,NO,NO,YES,NO,YES,YES,YES,YES,NO,Details,https://www.cn.ca/en/our-services/supply-chain-services/transload-and-distribution/,(All)
CN CARGOFLO,SALES@CN.CA,NEW WESTMINSTER,BC,NO,NO,NO,NO,NO,NO,NO,YES,YES,NO,NO,YES,NO,NO,NO,NO,NO,NO,NO,NO,NO,NO,NO,YES,NO,NO,Details,https://www.cn.ca/en/our-services/supply-chain-services/transload-and-distribution/,(All)
CN CARGOFLO,SALES@CN.CA,NORTH BATTELFORD,SK,NO,NO,NO,NO,NO,NO,NO,YES,NO,NO,NO,NO,NO,NO,NO,NO,NO,NO,NO,NO,NO,NO,NO,NO,NO,NO,Details,https://www.cn.ca/en/our-services/supply-chain-services/transload-and-distribution/,(All)
CN CARGOFLO,SALES@CN.CA,NORTH VANCOUVER,BC,NO,NO,NO,NO,NO,NO,NO,YES,NO,NO,NO,YES,NO,NO,NO,NO,NO,NO,NO,NO,NO,NO,NO,NO,NO,NO,Details,https://www.cn.ca/en/our-services/supply-chain-services/transload-and-distribution/,(All)
CN CARGOFLO,SALES@CN.CA,PRINCE GEORGE,BC,NO,NO,NO,NO,NO,NO,NO,YES,NO,NO,NO,NO,NO,NO,NO,NO,NO,NO,NO,NO,NO,NO,NO,NO,NO,NO,Details,https://www.cn.ca/en/our-services/supply-chain-services/transload-and-distribution/,(All)
CN CARGOFLO,SALES@CN.CA,SAINT JOHN,NB,YES,NO,YES,YES,YES,YES,NO,NO,YES,YES,YES,NO,YES,NO,NO,YES,YES,NO,NO,YES,NO,NO,YES,YES,YES,NO,Details,https://www.cn.ca/en/our-services/supply-chain-services/transload-and-distribution/,(All)
CN CARGOFLO,SALES@CN.CA,SAINT-LAURENT,PQ,NO,NO,NO,NO,NO,NO,NO,NO,NO,NO,NO,NO,NO,NO,NO,NO,NO,NO,NO,NO,NO,NO,NO,NO,NO,NO,Details,https://www.cn.ca/en/our-services/supply-chain-services/transload-and-distribution/,(All)
CN CARGOFLO,SALES@CN.CA,SASKATOON,SK,NO,NO,NO,NO,NO,NO,NO,NO,NO,NO,NO,NO,NO,NO,NO,NO,NO,NO,NO,NO,NO,NO,NO,NO,NO,NO,Details,https://www.cn.ca/en/our-services/supply-chain-services/transload-and-distribution/,(All)
CN CARGOFLO,SALES@CN.CA,SCOTFORD,AB,YES,NO,YES,YES,NO,NO,NO,YES,YES,YES,NO,YES,NO,NO,NO,YES,YES,NO,NO,YES,NO,NO,YES,YES,YES,NO,Details,https://www.cn.ca/en/our-services/supply-chain-services/transload-and-distribution/,(All)
CN CARGOFLO,SALES@CN.CA,SURREY,BC,NO,NO,NO,NO,NO,NO,NO,YES,YES,NO,NO,YES,NO,NO,NO,NO,YES,NO,NO,NO,NO,NO,NO,YES,NO,NO,Details,https://www.cn.ca/en/our-services/supply-chain-services/transload-and-distribution/,(All)
CN CARGOFLO,SALES@CN.CA,VANCOUVER,BC,NO,NO,YES,YES,YES,YES,NO,NO,YES,YES,YES,NO,YES,NO,NO,YES,YES,NO,NO,YES,NO,YES,YES,YES,YES,NO,Details,https://www.cn.ca/en/our-services/supply-chain-services/transload-and-distribution/,(All)
CN CARGOFLO,SALES@CN.CA,VICKERS HEIGHTS,ON,YES,NO,YES,YES,YES,YES,YES,YES,YES,YES,YES,YES,YES,NO,NO,YES,YES,NO,NO,NO,NO,YES,YES,YES,NO,NO,Details,https://www.cn.ca/en/our-services/supply-chain-services/transload-and-distribution/,(All)
CN CARGOFLO,SALES@CN.CA,WARREN,MI,YES,NO,YES,YES,YES,YES,NO,NO,YES,YES,YES,NO,YES,NO,NO,YES,YES,NO,NO,YES,NO,YES,YES,YES,YES,NO,Details,https://www.cn.ca/en/our-services/supply-chain-services/transload-and-distribution/,(All)
CN CARGOFLO,SALES@CN.CA,WILLMAR,SK,NO,NO,NO,NO,NO,NO,NO,NO,NO,NO,NO,NO,NO,NO,NO,NO,NO,NO,NO,NO,NO,NO,NO,NO,NO,NO,Details,https://www.cn.ca/en/our-services/supply-chain-services/transload-and-distribution/,(All)
CN CARGOFLO,SALES@CN.CA,WINNIPEG,MB,YES,NO,YES,YES,YES,YES,YES,NO,YES,YES,YES,NO,YES,NO,NO,NO,YES,NO,NO,NO,NO,YES,YES,YES,YES,NO,Details,https://www.cn.ca/en/our-services/supply-chain-services/transload-and-distribution/,(All)
CN CARGOFLO,SALES@CN.CA,WOODNORTH,MB,NO,NO,NO,NO,NO,NO,NO,NO,NO,NO,NO,NO,NO,NO,NO,NO,NO,NO,NO,NO,NO,NO,NO,NO,NO,NO,Details,https://www.cn.ca/en/our-services/supply-chain-services/transload-and-distribution/,(All)
CN CARGOFLO (ACTIVE WAREHOUSE INC),SALES@CN.CA,EDMONTON,AB,NO,NO,NO,NO,NO,NO,NO,YES,NO,NO,NO,YES,NO,NO,NO,NO,NO,NO,NO,NO,NO,NO,NO,NO,NO,NO,Details,https://www.cn.ca/en/our-services/supply-chain-services/transload-and-distribution/,(All)
CN CARGOFLO (COGEMA RAIL BARGE),SALES@CN.CA,MATANE,PQ,YES,YES,YES,YES,YES,YES,NO,YES,YES,YES,YES,YES,YES,NO,NO,NO,YES,NO,NO,YES,NO,YES,YES,YES,YES,NO,Details,https://www.cn.ca/en/our-services/supply-chain-services/transload-and-distribution/,(All)
CN CARGOFLO (FRASER SURREY DOCKS),SALES@CN.CA,SURREY,BC,NO,NO,NO,NO,NO,NO,NO,YES,NO,NO,NO,NO,NO,NO,NO,NO,NO,NO,NO,NO,NO,NO,NO,NO,NO,NO,Details,https://www.cn.ca/en/our-services/supply-chain-services/transload-and-distribution/,(All)
CN CARGOFLO (KEARNEY COMPANIES),SALES@CN.CA,NEW ORLEANS,LA,YES,YES,YES,YES,YES,YES,NO,YES,YES,YES,YES,YES,YES,NO,NO,NO,YES,NO,NO,NO,NO,YES,YES,YES,NO,NO,Details,https://www.cn.ca/en/our-services/supply-chain-services/transload-and-distribution/,(All)
CN CARGOFLO (RAY-MONT LOGISTICS),SALES@CN.CA,MONTREAL,PQ,YES,NO,YES,YES,YES,YES,NO,NO,YES,YES,YES,NO,YES,NO,NO,NO,YES,NO,NO,YES,NO,YES,YES,YES,YES,NO,Details,https://www.cn.ca/en/our-services/supply-chain-services/transload-and-distribution/,(All)
CN CARGOFLO (SERVICES NOLITREX),SALES@CN.CA,QUEBEC,PQ,YES,YES,YES,YES,YES,YES,NO,YES,YES,YES,YES,YES,YES,NO,NO,NO,YES,NO,NO,YES,NO,YES,YES,YES,YES,NO,Details,https://www.cn.ca/en/our-services/supply-chain-services/transload-and-distribution/,(All)
CN CARGOFLO (TRANSX),SALES@CN.CA,CALGARY,AB,NO,NO,NO,NO,NO,NO,NO,YES,YES,NO,NO,YES,NO,NO,NO,NO,YES,NO,NO,NO,NO,NO,NO,NO,NO,NO,Details,https://www.cn.ca/en/our-services/supply-chain-services/transload-and-distribution/,(All)
CN CARGOFLO (TRANSX),SALES@CN.CA,EDMONTON,AB,NO,NO,NO,NO,NO,NO,NO,YES,YES,NO,NO,YES,NO,NO,NO,NO,YES,NO,NO,NO,NO,NO,NO,NO,NO,NO,Details,https://www.cn.ca/en/our-services/supply-chain-services/transload-and-distribution/,(All)
CN CARGOFLO (TRANSX),SALES@CN.CA,ELK GROVE VILLAGE,IL,NO,NO,NO,NO,NO,NO,NO,YES,NO,NO,NO,YES,NO,NO,NO,NO,YES,NO,NO,NO,NO,NO,NO,NO,NO,NO,Details,https://www.cn.ca/en/our-services/supply-chain-services/transload-and-distribution/,(All)
CN CARGOFLO (TRANSX),SALES@CN.CA,GUELPH,ON,NO,NO,NO,NO,NO,NO,NO,YES,YES,NO,NO,YES,NO,NO,NO,NO,YES,NO,NO,NO,NO,NO,NO,NO,NO,NO,Details,https://www.cn.ca/en/our-services/supply-chain-services/transload-and-distribution/,(All)
CN CARGOFLO (TRANSX),SALES@CN.CA,RED DEER,AB,NO,NO,YES,NO,NO,NO,NO,YES,YES,NO,NO,YES,NO,NO,NO,NO,YES,NO,NO,NO,NO,NO,NO,YES,NO,NO,Details,https://www.cn.ca/en/our-services/supply-chain-services/transload-and-distribution/,(All)
CN CARGOFLO (TRANSX),SALES@CN.CA,REGINA,SK,NO,NO,NO,NO,NO,NO,NO,YES,YES,NO,NO,YES,NO,NO,NO,NO,YES,NO,NO,NO,NO,NO,NO,NO,NO,NO,Details,https://www.cn.ca/en/our-services/supply-chain-services/transload-and-distribution/,(All)
CN CARGOFLO (TRANSX),SALES@CN.CA,SASKATOON,SK,NO,NO,NO,NO,NO,NO,NO,YES,YES,NO,NO,YES,NO,NO,NO,NO,YES,NO,NO,NO,NO,NO,NO,NO,NO,NO,Details,https://www.cn.ca/en/our-services/supply-chain-services/transload-and-distribution/,(All)
CN CARGOFLO (TRANSX),SALES@CN.CA,VAUDREUIL-DORION,PQ,NO,NO,NO,NO,NO,NO,NO,YES,YES,NO,NO,YES,NO,NO,NO,NO,YES,NO,NO,NO,NO,NO,NO,NO,NO,NO,Details,https://www.cn.ca/en/our-services/supply-chain-services/transload-and-distribution/,(All)
CN CARGOFLO (TRANSX),SALES@CN.CA,WINNIPEG,MB,NO,NO,NO,NO,NO,NO,NO,YES,YES,NO,NO,YES,NO,NO,NO,NO,YES,NO,NO,NO,NO,NO,NO,NO,NO,NO,Details,https://www.cn.ca/en/our-services/supply-chain-services/transload-and-distribution/,(All)
CN CARGOFLO WAREHOUSE,SALES@CN.CA,CONCORD,ON,NO,NO,NO,NO,NO,NO,NO,YES,NO,NO,NO,YES,NO,NO,NO,NO,NO,NO,NO,NO,NO,NO,NO,NO,NO,NO,Details,https://www.cn.ca/en/our-services/supply-chain-services/transload-and-distribution/,(All)
CN DISTRIBUTION CENTER,SALES@CN.CA,MEMPHIS,TN,NO,NO,NO,NO,NO,NO,NO,NO,NO,NO,NO,NO,NO,NO,NO,NO,NO,NO,NO,NO,NO,NO,NO,NO,NO,NO,Details,https://www.cn.ca/en/our-services/supply-chain-services/transload-and-distribution/,(All)
CN DISTRIBUTION CENTER,SALES@CN.CA,STE-FOY,PQ,YES,YES,YES,YES,YES,YES,NO,YES,YES,YES,YES,YES,YES,NO,NO,NO,YES,NO,NO,YES,NO,YES,YES,YES,YES,NO,Details,https://www.cn.ca/en/our-services/supply-chain-services/transload-and-distribution/,(All)
CN FOREST DISTRIBUTION CENTER,SALES@CN.CA,CONCORD,ON,NO,NO,NO,NO,NO,NO,NO,YES,NO,NO,NO,NO,NO,NO,NO,NO,NO,NO,NO,NO,NO,NO,NO,NO,NO,NO,Details,https://www.cn.ca/en/our-services/supply-chain-services/transload-and-distribution/,(All)
CN METAL DISTRIBUTION CENTER,SALES@CN.CA,BROCKVILLE,ON,NO,NO,NO,NO,NO,NO,NO,NO,NO,NO,NO,YES,NO,NO,NO,NO,NO,NO,NO,NO,NO,NO,NO,NO,NO,NO,Details,https://www.cn.ca/en/our-services/supply-chain-services/transload-and-distribution/,(All)
CN METAL DISTRIBUTION CENTER,SALES@CN.CA,HAMILTON,ON,NO,NO,NO,NO,NO,NO,NO,NO,YES,NO,NO,YES,NO,NO,NO,NO,NO,NO,NO,NO,NO,NO,NO,NO,NO,NO,Details,https://www.cn.ca/en/our-services/supply-chain-services/transload-and-distribution/,(All)
CN METAL DISTRIBUTION CENTER,SALES@CN.CA,SASKATOON,SK,NO,NO,NO,NO,NO,NO,NO,NO,YES,NO,NO,YES,NO,NO,NO,NO,YES,NO,NO,NO,NO,NO,NO,NO,NO,NO,Details,https://www.cn.ca/en/our-services/supply-chain-services/transload-and-distribution/,(All)
COAL CITY COB COMPANY INC,J.KNOTT@CCCOB.COM,WAXAHACHIE,TX,YES,NO,YES,YES,YES,YES,NO,NO,NO,YES,YES,NO,YES,NO,NO,NO,NO,NO,YES,YES,NO,NO,YES,YES,YES,YES,Details,http://www.cccob.com/dfwrailyard/index.html,(All)
COLONIAL TERMINALS INC,CDOLLANDER@COLONIALTERMINALS.COM,SAVANNAH,GA,YES,NO,YES,YES,NO,NO,NO,NO,NO,YES,NO,NO,YES,NO,YES,NO,NO,YES,NO,YES,YES,NO,YES,YES,YES,NO,Details,http://colonialterminals.com/terminal-1-liquid-bulk/,(All)
COLONIAL TERMINALS INC,CDOLLANDER@COLONIALTERMINALS.COM,WILMINGTON,NC,YES,NO,YES,YES,NO,NO,NO,NO,NO,YES,NO,NO,YES,NO,YES,NO,NO,YES,NO,YES,YES,NO,YES,YES,YES,NO,Details,http://colonialterminals.com/terminal-1-liquid-bulk/,(All)
COLUMBIA GARDENS RELOAD,www.columbiagardensreload.ca/company-info.html,COLUMBIA GARDENS,BC,NO,NO,NO,NO,NO,NO,NO,YES,NO,NO,NO,NO,NO,NO,NO,NO,NO,NO,NO,NO,NO,NO,NO,NO,NO,NO,Details,http://www.columbiagardensreload.ca/,(All)
CONTROLADORA DE TERMINALES MEXICO,WWW.LINKEDIN.COM/JAVIER-SORIANO-1662A1102,CELAYA,GJ,NO,NO,YES,NO,YES,YES,NO,NO,NO,NO,YES,YES,NO,NO,NO,YES,YES,NO,NO,NO,NO,YES,YES,YES,NO,NO,Details,https://www.puertadelnorte.com.mx/about-us/,(All)
CONTROLADORA DE TERMINALES MEXICO,WWW.LINKEDIN.COM/JAVIER-SORIANO-1662A1102,CIUDAD GENERAL ESCOBEDO,NL,NO,NO,YES,NO,YES,YES,NO,NO,NO,NO,YES,YES,NO,NO,NO,YES,YES,NO,NO,NO,NO,YES,YES,YES,NO,NO,Details,https://www.puertadelnorte.com.mx/about-us/,(All)
CONTROLADORA DE TERMINALES MEXICO,WWW.LINKEDIN.COM/JAVIER-SORIANO-1662A1102,OJO SECO,GJ,NO,NO,YES,NO,YES,YES,NO,NO,NO,NO,YES,YES,NO,NO,NO,YES,YES,NO,NO,NO,NO,YES,YES,YES,NO,NO,Details,https://www.puertadelnorte.com.mx/about-us/,(All)
CONTROLADORA DE TERMINALES MEXICO,WWW.LINKEDIN.COM/JAVIER-SORIANO-1662A1102,SAN LUIS POTOSI,SL,NO,NO,YES,NO,YES,YES,NO,NO,NO,NO,YES,YES,NO,NO,NO,YES,YES,NO,NO,NO,NO,YES,YES,YES,NO,NO,Details,https://www.puertadelnorte.com.mx/about-us/,(All)
COOPER T SMITH,SALES@COOPERTSMITH.COM,ALTAMIRA,TM,NO,NO,YES,NO,NO,NO,NO,NO,YES,NO,NO,YES,NO,NO,NO,NO,NO,NO,NO,NO,NO,NO,NO,YES,NO,NO,Details,https://www.coopertsmith.com/international,(All)
COOPER T SMITH,SALES@COOPERTSMITH.COM,SQUAMISH,BC,NO,NO,YES,NO,NO,NO,NO,NO,YES,NO,NO,YES,NO,NO,NO,NO,NO,NO,NO,NO,NO,NO,NO,YES,NO,NO,Details,https://www.coopertsmith.com/international,(All)
CRONIMET TERMINALS,info@cronimetterminals.com,ALIQUIPPA,PA,NO,NO,NO,NO,NO,NO,YES,NO,YES,NO,NO,YES,NO,NO,NO,NO,YES,NO,NO,NO,NO,NO,NO,YES,NO,NO,Details,https://cronimetterminals.com/,(All)
CRONIMET TERMINALS,INFO@CRONIMETTERMINALS.COM,ALIQUIPPA,PA,YES,YES,YES,NO,NO,NO,YES,YES,YES,NO,YES,YES,YES,NO,NO,NO,NO,NO,NO,NO,NO,NO,YES,YES,NO,NO,Details,WWW.CRONIMETTERMINALS.COM,(All)
CTI BULK,DWAYNE@COUTURETRUCKING.COM,BARTON,VT,NO,NO,YES,YES,YES,YES,NO,NO,YES,YES,YES,NO,NO,YES,NO,YES,YES,NO,NO,NO,NO,YES,YES,NO,NO,NO,Details,http://www.couturetrucking.com/cgi/base.cgi?home,(All)
CTI BULK,DWAYNE@COUTURETRUCKING.COM,LYNDONVILLE,VT,NO,NO,YES,YES,YES,YES,NO,NO,YES,YES,YES,NO,NO,YES,NO,YES,YES,NO,NO,NO,NO,YES,YES,NO,NO,NO,Details,http://www.couturetrucking.com/cgi/base.cgi?home,(All)
DAVE EVANS TRANSPORT,,SUPERIOR EAST END,WI,NO,NO,YES,NO,NO,NO,YES,NO,YES,NO,YES,NO,YES,NO,NO,YES,YES,NO,NO,NO,NO,NO,YES,NO,NO,YES,Details,https://www.daveevanstransports.com/,(All)
DELAWARE EXPRESS,rjwinther@delawareexpress.com,BINGHAMTON,NY,NO,NO,YES,NO,NO,NO,NO,NO,NO,NO,YES,NO,NO,NO,NO,NO,NO,NO,NO,NO,NO,NO,YES,YES,NO,YES,Details,https://www.delawareexpress.com/locations,(All)
DELAWARE EXPRESS,rjwinther@delawareexpress.com,EDGEMOOR,DE,NO,NO,YES,NO,NO,NO,NO,NO,NO,NO,YES,NO,NO,NO,NO,NO,NO,NO,NO,NO,NO,NO,YES,YES,NO,YES,Details,https://www.delawareexpress.com/locations,(All)
DELAWARE EXPRESS,rjwinther@delawareexpress.com,EDISON,NJ,NO,NO,YES,NO,NO,NO,NO,NO,NO,NO,YES,NO,NO,NO,NO,NO,NO,NO,NO,NO,NO,NO,YES,YES,NO,YES,Details,https://www.delawareexpress.com/locations,(All)
DELAWARE EXPRESS,rjwinther@delawareexpress.com,ELKTON,MD,NO,NO,YES,NO,NO,NO,NO,NO,NO,NO,YES,NO,NO,NO,NO,NO,NO,NO,NO,NO,NO,NO,YES,YES,NO,YES,Details,https://www.delawareexpress.com/locations,(All)
DELAWARE EXPRESS,rjwinther@delawareexpress.com,WORCHESTER,MA,NO,NO,YES,NO,NO,NO,NO,NO,NO,NO,YES,NO,NO,NO,NO,NO,NO,NO,NO,NO,NO,NO,YES,YES,NO,YES,Details,https://www.delawareexpress.com/locations,(All)
DELTA BULK TRANSPORT,BVOIGHT@JPNOONAN.COM,WEST SPRINGFIELD,MA,NO,YES,NO,YES,NO,NO,NO,NO,YES,YES,YES,NO,YES,NO,NO,YES,YES,NO,NO,YES,NO,NO,YES,YES,NO,NO,Details,https://www.jpnoonan.com/,(All)
DELTA BULK TRANSPORT,LRACINE@JPNOONAN.COM,WESTFIELD,MA,NO,YES,NO,YES,NO,NO,NO,NO,YES,YES,YES,NO,YES,NO,NO,YES,YES,NO,NO,YES,NO,NO,YES,YES,NO,NO,Details,https://www.jpnoonan.com/,(All)
EE-JAY MOTOR TRANSPORTS INC,MARCP@EE-JAY.COM,EAST ST LOUIS,MO,NO,NO,YES,YES,NO,NO,YES,NO,YES,YES,YES,NO,YES,NO,NO,YES,YES,NO,NO,YES,NO,YES,YES,YES,NO,NO,Details,https://ee-jay.com/locations/,(All)
EE-JAY MOTOR TRANSPORTS INC,MARCP@EE-JAY.COM,MINNEAPOLIS,MN,NO,NO,YES,YES,NO,NO,YES,NO,YES,YES,YES,NO,YES,NO,NO,YES,YES,NO,NO,YES,NO,YES,YES,YES,NO,NO,Details,https://ee-jay.com/locations/,(All)
EMPIRE TRANSLOAD,WWW.LINKEDIN.COM/IN/JERRY-HOOD-3385362A,PANAMA CITY,FL,NO,NO,NO,NO,NO,NO,NO,NO,NO,NO,NO,NO,NO,NO,NO,NO,NO,NO,NO,NO,NO,NO,NO,NO,NO,NO,Details,https://www.mapquest.com/us/florida/empire-transload-company-262974062,(All)
FERROLOGIC,ISABEL.PEDROZA@FERROLOGIC.MX,VILLA DE REYAS,SL,NO,NO,NO,NO,YES,YES,NO,NO,NO,NO,YES,YES,YES,NO,YES,NO,NO,YES,NO,NO,NO,YES,NO,NO,NO,NO,Details,https://www.ferrologic.mx/infraestructura,(All)
FLASH TRUCKING,INFO@FLASHTRUCKING.COM,GREEN BAY,WI,NO,NO,NO,NO,YES,NO,YES,NO,YES,NO,YES,NO,YES,NO,NO,YES,YES,NO,NO,NO,NO,NO,YES,YES,NO,NO,Details,https://flashtrucking.com/services/,(All)
FLASH TRUCKING,INFO@FLASHTRUCKING.COM,RIPON,WI,NO,NO,NO,NO,YES,NO,YES,NO,YES,NO,YES,NO,YES,NO,NO,YES,YES,NO,NO,NO,NO,NO,YES,YES,NO,NO,Details,https://flashtrucking.com/services/,(All)
FOOD EXPRESS INC,KKEENEY@FOODEXP.COM,CLEARFIELD,UT,NO,NO,NO,NO,YES,NO,NO,NO,NO,NO,NO,NO,NO,NO,NO,YES,NO,NO,NO,NO,NO,NO,YES,YES,NO,NO,Details,https://www.foodexp.com/html/locations.htm,(All)
FOOD EXPRESS INC,KKEENEY@FOODEXP.COM,LATHROP,CA,NO,NO,NO,NO,YES,NO,NO,NO,NO,NO,NO,NO,NO,NO,NO,YES,NO,NO,NO,NO,NO,NO,YES,YES,NO,NO,Details,https://www.foodexp.com/html/locations.htm,(All)
FOOD EXPRESS INC,KKEENEY@FOODEXP.COM,MAYWOOD,CA,NO,NO,NO,NO,YES,NO,NO,NO,NO,NO,NO,NO,NO,NO,NO,YES,NO,NO,NO,NO,NO,NO,YES,YES,NO,NO,Details,https://www.foodexp.com/html/locations.htm,(All)
FOOD EXPRESS INC,KKEENEY@FOODEXP.COM,OGDEN,UT,NO,NO,NO,NO,YES,NO,NO,NO,NO,NO,NO,NO,NO,NO,NO,YES,NO,NO,NO,NO,NO,NO,YES,YES,NO,NO,Details,https://www.foodexp.com/html/locations.htm,(All)
FOOD EXPRESS INC,KKEENEY@FOODEXP.COM,PHOENIX,AZ,NO,NO,NO,NO,YES,NO,NO,NO,NO,NO,NO,NO,NO,NO,NO,YES,NO,NO,NO,NO,NO,NO,YES,YES,NO,NO,Details,https://www.foodexp.com/html/locations.htm,(All)
FOOD EXPRESS INC,KKEENEY@FOODEXP.COM,RIVERSIDE,CA,NO,NO,NO,NO,YES,NO,NO,NO,NO,NO,NO,NO,NO,NO,NO,YES,NO,NO,NO,NO,NO,NO,YES,YES,NO,NO,Details,https://www.foodexp.com/html/locations.htm,(All)
FOOD EXPRESS INC,KKEENEY@FOODEXP.COM,SCAPPOOSE,OR,NO,NO,NO,NO,YES,NO,NO,NO,NO,NO,NO,NO,NO,NO,NO,YES,NO,NO,NO,NO,NO,NO,YES,YES,NO,NO,Details,https://www.foodexp.com/html/locations.htm,(All)
FOOD EXPRESS INC,KKEENEY@FOODEXP.COM,SEATTLE,WA,NO,NO,NO,NO,YES,NO,NO,NO,NO,NO,NO,NO,NO,NO,NO,YES,NO,NO,NO,NO,NO,NO,YES,YES,NO,NO,Details,https://www.foodexp.com/html/locations.htm,(All)
FOOD EXPRESS INC,KKEENEY@FOODEXP.COM,TACOMA,WA,NO,NO,NO,NO,YES,NO,NO,NO,NO,NO,NO,NO,NO,NO,NO,YES,NO,NO,NO,NO,NO,NO,YES,YES,NO,NO,Details,https://www.foodexp.com/html/locations.htm,(All)
FOOD EXPRESS INC,KKEENEY@FOODEXP.COM,VALLA,CA,NO,NO,NO,NO,YES,NO,NO,NO,NO,NO,NO,NO,NO,NO,NO,YES,NO,NO,NO,NO,NO,NO,YES,YES,NO,NO,Details,https://www.foodexp.com/html/locations.htm,(All)
FOOD EXPRESS INC,KKEENEY@FOODEXP.COM,VANCOUVER,WA,NO,NO,NO,NO,YES,NO,NO,NO,NO,NO,NO,NO,NO,NO,NO,YES,NO,NO,NO,NO,NO,NO,YES,YES,NO,NO,Details,https://www.foodexp.com/html/locations.htm,(All)
FOODLINER INC,ALB@FOODLINER.COM,BENSENVILLE,IL,NO,NO,NO,NO,YES,YES,NO,NO,NO,NO,NO,NO,NO,NO,NO,NO,NO,NO,NO,NO,NO,NO,YES,NO,NO,NO,Details,http://foodliner.com/our-services/intermodal-transportation/,(All)
FOODLINER INC,ALB@FOODLINER.COM,CHICAGO,IL,NO,NO,NO,NO,YES,YES,NO,NO,NO,NO,NO,NO,NO,NO,NO,NO,NO,NO,NO,NO,NO,NO,YES,NO,NO,NO,Details,http://foodliner.com/our-services/intermodal-transportation/,(All)
FOODLINER INC,ALB@FOODLINER.COM,KANSAS CITY,MO,NO,NO,NO,NO,YES,YES,NO,NO,NO,NO,NO,NO,NO,NO,NO,NO,NO,NO,NO,NO,NO,NO,YES,NO,NO,NO,Details,http://foodliner.com/our-services/intermodal-transportation/,(All)
FOODLINER INC,ALB@FOODLINER.COM,SHOREHAM TFR,MN,NO,NO,NO,NO,YES,YES,NO,NO,NO,NO,NO,NO,NO,NO,NO,NO,NO,NO,NO,NO,NO,NO,YES,NO,NO,NO,Details,http://foodliner.com/our-services/intermodal-transportation/,(All)
FOODLINER INC,ALB@FOODLINER.COM,STEVENS POINT,WI,NO,NO,NO,NO,YES,YES,NO,NO,NO,NO,NO,NO,NO,NO,NO,NO,NO,NO,NO,NO,NO,NO,YES,NO,NO,NO,Details,http://foodliner.com/our-services/intermodal-transportation/,(All)
FORT TRANSFER,SALES@FORTTRANSFER.COM,MORTON,IL,NO,NO,YES,YES,NO,NO,NO,NO,NO,YES,NO,NO,YES,NO,YES,NO,NO,NO,NO,YES,YES,NO,YES,YES,YES,YES,Details,http://forttransfer.com/services/liquid-bulk-storage-rail/,(All)
FR TERMINALES SA DE CV,CONTACTO@FRTERMINALES.COM,APODACA,NL,YES,NO,YES,YES,NO,NO,NO,NO,NO,YES,YES,NO,YES,NO,YES,NO,NO,NO,NO,YES,YES,NO,YES,YES,YES,NO,Details,http://www.frterminales.com/,(All)
FR TERMINALES SA DE CV,CONTACTO@FRTERMINALES.COM,ATEQUIZA,JA,YES,NO,YES,YES,NO,NO,NO,NO,NO,YES,YES,NO,YES,NO,YES,NO,NO,NO,NO,YES,YES,NO,YES,YES,YES,NO,Details,http://www.frterminales.com/,(All)
FR TERMINALES SA DE CV,CONTACTO@FRTERMINALES.COM,ECATEPEC,EM,YES,NO,YES,YES,NO,NO,NO,NO,NO,YES,YES,NO,YES,NO,YES,NO,NO,NO,NO,YES,YES,NO,YES,YES,YES,NO,Details,http://www.frterminales.com/,(All)
FR TERMINALES SA DE CV,CONTACTO@FRTERMINALES.COM,MONTERREY,NL,YES,NO,YES,YES,NO,NO,NO,NO,NO,YES,YES,NO,YES,NO,YES,NO,NO,NO,NO,YES,YES,NO,YES,YES,YES,NO,Details,http://www.frterminales.com/ferrolasa.php,(All)
FR TERMINALES SA DE CV,CONTACTO@FRTERMINALES.COM,PAULA,HG,YES,NO,YES,YES,NO,NO,NO,NO,NO,YES,YES,NO,YES,NO,YES,NO,NO,NO,NO,YES,YES,NO,YES,YES,YES,NO,Details,http://www.frterminales.com/,(All)
FR TERMINALES SA DE CV,CONTACTO@FRTERMINALES.COM,SALAMANCA,GJ,YES,NO,YES,YES,NO,NO,NO,NO,NO,YES,YES,NO,YES,NO,YES,NO,NO,NO,NO,YES,YES,NO,YES,YES,YES,NO,Details,http://www.frterminales.com/,(All)
FR TERMINALES SA DE CV,CONTACTO@FRTERMINALES.COM,SAN NICHOLAS DE LOS GARZA,NL,YES,NO,YES,YES,NO,NO,NO,NO,NO,YES,YES,NO,YES,NO,YES,NO,NO,NO,NO,YES,YES,NO,YES,YES,YES,NO,Details,http://www.frterminales.com/,(All)
FR TERMINALES SA DE CV,CONTACTO@FRTERMINALES.COM,TULA DE ALLENDE,HG,YES,NO,YES,YES,NO,NO,NO,NO,NO,YES,YES,NO,YES,NO,YES,NO,NO,NO,NO,YES,YES,NO,YES,YES,YES,NO,Details,http://www.frterminales.com/,(All)
FR TERMINALES SA DE CV,CONTACTO@FRTERMINALES.COM,TUXPAN,VL,YES,NO,YES,YES,NO,NO,NO,NO,NO,YES,YES,NO,YES,NO,YES,NO,NO,NO,NO,YES,YES,NO,YES,YES,YES,NO,Details,http://www.frterminales.com/,(All)
FR TERMINALES SA DE CV,CONTACTO@FRTERMINALES.COM,VILLA DE GARCIA,NL,YES,NO,YES,YES,NO,NO,NO,NO,NO,YES,YES,NO,YES,NO,YES,NO,NO,NO,NO,YES,YES,NO,YES,YES,YES,NO,Details,http://www.frterminales.com/,(All)
FREEPORT LOGISTICS INC,SALES@FREEPORT-LOGISTICS.COM,PHOENIX,AZ,NO,NO,NO,NO,NO,NO,NO,NO,NO,NO,NO,NO,NO,NO,NO,NO,NO,NO,NO,NO,NO,NO,NO,NO,NO,NO,Details,https://www.freeport-logistics.com/location.html,(All)
FULCRUM LOGISTICS,SALES@FULCRUM3PL.COM,PORTLAND,OR,NO,NO,NO,NO,NO,NO,NO,NO,NO,NO,NO,NO,NO,NO,NO,NO,NO,NO,NO,NO,NO,NO,NO,NO,NO,NO,Details,https://www.fulcrum3pl.com/warehousing,(All)
G&D TRUCKING INC (HOFFMAN TRANSPORTATION),INFO@HOFFMANTRANSPORTATION.COM,CHANNAHON,IL,YES,NO,YES,YES,NO,NO,NO,NO,YES,YES,YES,NO,YES,NO,YES,YES,YES,NO,NO,YES,NO,YES,YES,YES,YES,YES,Details,https://www.hoffmantransportation.com/channahon-il-facility,(All)
G&D TRUCKING INC (HOFFMAN TRANSPORTATION),INFO@HOFFMANTRANSPORTATION.COM,COAL CITY,IL,YES,NO,YES,YES,NO,NO,NO,NO,YES,YES,YES,NO,YES,NO,YES,YES,YES,NO,NO,YES,NO,YES,YES,YES,YES,YES,Details,https://www.hoffmantransportation.com/coal-city-il-facility,(All)
G&D TRUCKING INC (HOFFMAN TRANSPORTATION),INFO@HOFFMANTRANSPORTATION.COM,OLD HICKORY,TN,YES,NO,YES,YES,NO,NO,NO,NO,YES,YES,YES,NO,YES,NO,YES,YES,YES,NO,NO,YES,NO,YES,YES,YES,YES,YES,Details,https://www.hoffmantransportation.com/old-hickory-tn-facility,(All)
GILMER WAREHOUSE & LOGISTICS LLC,INFO@GILMER1.COM,KATHLEEN,GA,NO,NO,NO,NO,NO,NO,NO,NO,NO,NO,NO,NO,NO,NO,NO,NO,NO,NO,NO,NO,NO,NO,NO,NO,NO,NO,Details,https://gilmer1.com/capabilities/facilities,(All)
GILMER WAREHOUSE & LOGISTICS LLC,INFO@GILMER1.COM,MACON,GA,NO,NO,NO,NO,NO,NO,NO,NO,NO,NO,NO,NO,NO,NO,NO,NO,NO,NO,NO,NO,NO,NO,NO,NO,NO,NO,Details,https://gilmer1.com/capabilities/facilities,(All)
GRAFTON & UPTON TERMINAL,INFO@GRAFTONUPTONRR.COM,WEST UPTON,MA,NO,NO,NO,NO,NO,NO,NO,YES,NO,NO,NO,NO,NO,NO,NO,NO,NO,NO,NO,NO,NO,NO,NO,NO,NO,NO,Details,http://graftonuptonrr.com/our-services/,(All)
GREAT LAKES RELOADING LLC,CJM@GREATLAKESRELOAD.COM,CHICAGO,IL,NO,NO,NO,NO,NO,NO,NO,NO,NO,NO,NO,YES,NO,NO,NO,NO,NO,NO,NO,NO,NO,NO,NO,NO,NO,NO,Details,https://www.transloadgroup.com/,(All)
GRESHAM TRANSFER,,PORTLAND,OR,NO,NO,NO,NO,NO,NO,NO,NO,NO,NO,NO,YES,NO,NO,NO,NO,NO,NO,NO,NO,NO,NO,NO,NO,NO,NO,Details,"https://www.google.com/maps/place/Gresham+Transfer+Inc/@45.548115,-122.7108971,15z/data=!4m5!3m4!1s0x0:0x737d10ee11f507a2!8m2!3d45.548115!4d-122.7108971",(All)
GSWR CHOICE TERMINALS,TWILHELMY@GWRR.COM,BAINBRIDGE,GA,NO,NO,NO,NO,NO,NO,NO,NO,NO,NO,NO,NO,NO,NO,NO,NO,NO,NO,NO,NO,NO,NO,NO,NO,NO,NO,Details,https://www.gwrr.com/railroads/north_america/georgia_southwestern#m_tab-one-panel,(All)
HALLETT DOCK COMPANY,INFO@HALLETTDOCK.COM,DULUTH,MN,NO,NO,NO,NO,NO,NO,NO,NO,NO,NO,NO,NO,NO,NO,NO,NO,NO,NO,NO,NO,NO,NO,NO,NO,NO,NO,Details,http://www.hallettdock.com/cgi-sys/defaultwebpage.cgi,(All)
HALLETT DOCK COMPANY,INFO@HALLETTDOCK.COM,SUPERIOR,WI,NO,NO,NO,NO,NO,NO,NO,NO,NO,NO,NO,NO,NO,NO,NO,NO,NO,NO,NO,NO,NO,NO,NO,NO,NO,NO,Details,http://www.hallettdock.com/cgi-sys/defaultwebpage.cgi,(All)
HARMS PACIFIC TRANSPORT INC,GMARQUARDT@HARMSPACIFIC.COM,PASCO,WA,YES,NO,YES,YES,NO,NO,NO,NO,NO,YES,NO,NO,NO,NO,NO,NO,NO,NO,NO,YES,NO,NO,YES,NO,NO,YES,Details,https://www.harmspacific.com/,(All)
HARNETT TRANSLOAD INTERMODAL LLC,MARGARET.MORGAN@HTANDI.COM,FUQUAY VARINA,NC,NO,NO,NO,NO,NO,NO,NO,YES,NO,NO,NO,YES,NO,NO,NO,NO,NO,NO,NO,NO,NO,NO,NO,NO,NO,NO,Details,http://htandi.com/,(All)
HENDERSON TRANSLOADING SERVICES,,MEMPHIS,TN,NO,NO,NO,NO,YES,NO,NO,NO,YES,NO,NO,NO,NO,YES,NO,NO,YES,NO,NO,NO,NO,NO,YES,YES,NO,NO,Details,"https://www.google.com/maps/place/5261+E+Raines+Rd,+Memphis,+TN+38118/@35.0310288,-89.8928976,2177m/data=!3m1!1e3!4m5!3m4!1s0x887f8f7f68ae4a9b:0xa5acab1a5a1fee6c!8m2!3d35.0349476!4d-89.8885467",(All)
HERITAGE FREIGHT WAREHOUSE & LOGISTICS,TWILHELMY@GWRR.COM,SYLACUAGA,AL,NO,NO,NO,NO,NO,NO,NO,NO,NO,NO,NO,YES,NO,NO,NO,NO,NO,NO,NO,NO,NO,NO,NO,NO,NO,NO,Details,https://www.gwrr.com/railroads/north_america/eastern_alabama_railway#m_tab-one-panel,(All)
HERMANN WAREHOUSE CORP,www.hermanntds.com/contact-us/transportation-leasing-warehouse-packaging.php,MONMOUTH JUNCTION,NJ,NO,NO,NO,NO,NO,NO,NO,NO,NO,NO,NO,NO,NO,NO,NO,NO,NO,NO,NO,NO,NO,NO,NO,NO,NO,NO,Details,https://www.hermanntds.com/,(All)
HH OMPS INC,,WINCHESTER,VA,NO,NO,NO,NO,NO,NO,NO,NO,NO,NO,NO,YES,NO,NO,NO,NO,NO,NO,NO,NO,NO,NO,NO,NO,NO,NO,Details,"https://www.google.com/maps/place/244+Welltown+Rd,+Winchester,+VA+22603/@39.2206979,-78.1405603,153m/data=!3m1!1e3!4m5!3m4!1s0x89b5f03b49bc6c53:0x985c263abc708bb9!8m2!3d39.2207175!4d-78.1402988",(All)
HH OMPS INC,,WINCHESTER,VA,NO,NO,NO,NO,NO,NO,NO,NO,NO,NO,NO,YES,NO,NO,NO,NO,NO,NO,NO,NO,NO,NO,NO,NO,NO,NO,Details,"https://www.google.com/maps/place/234+Ezra+Ln,+Winchester,+VA+22603/@39.2170646,-78.129935,1060m/data=!3m1!1e3!4m5!3m4!1s0x89b5f018657b5995:0x9a387a05c41a0e5a!8m2!3d39.2173778!4d-78.1328607",(All)
HORSEHEADS SAND & TRANSLOADING TERMINAL,MITCHELL.WOLFF@HOSTTERMINAL.NET,HORSEHEADS,NY,NO,NO,NO,NO,NO,NO,YES,NO,NO,NO,NO,NO,NO,NO,NO,NO,YES,NO,NO,NO,NO,NO,YES,NO,NO,NO,Details,http://hostterminalweb.appspot.com/,(All)
HUDSON TERMINAL RAIL SERVICES,LIZ@HUDSONTERMINALRAILROAD.COM,HUDSON,CO,NO,NO,NO,NO,NO,NO,NO,NO,NO,NO,NO,NO,NO,NO,NO,NO,NO,NO,NO,NO,NO,NO,NO,NO,NO,NO,Details,"https://www.google.com/maps/place/22400+Interstate+76+Acc,+Hudson,+CO+80642/@40.0815944,-104.6347431,855m/data=!3m2!1e3!4b1!4m5!3m4!1s0x876c3e42aff5817d:0xd9e784fac20bc8e4!8m2!3d40.0815944!4d-104.6325544",(All)
HYDRA RELOAD CENTER,NATE@HYDRALG.COM,MCCLELLAN PARK,CA,NO,NO,NO,NO,NO,NO,NO,NO,NO,NO,NO,NO,NO,NO,NO,NO,NO,NO,NO,NO,NO,NO,NO,NO,NO,NO,Details,https://hydralg.com/hydra-transloading,(All)
INDIANA HARBOR BELT,SALES@IHBRR.COM,HAMMOND,IN,NO,NO,NO,NO,NO,NO,NO,NO,NO,NO,NO,NO,NO,NO,NO,NO,NO,NO,NO,NO,NO,NO,NO,NO,NO,NO,Details,http://www.ihbrr.com/contact_us,(All)
INLAND EMPIRE DISTRIBUTION SYSTEMS INC,INFO@IEDS.NET,PASCO,WA,NO,NO,NO,NO,NO,NO,NO,NO,NO,NO,NO,NO,NO,NO,NO,NO,NO,NO,NO,NO,NO,NO,NO,NO,NO,NO,Details,http://ieds.net/locations/contract-services/,(All)
INLAND EMPIRE DISTRIBUTION SYSTEMS INC,INFO@IEDS.NET,VELOX,WA,NO,NO,NO,NO,NO,NO,NO,NO,NO,NO,NO,NO,NO,NO,NO,NO,NO,NO,NO,NO,NO,NO,NO,NO,NO,NO,Details,http://ieds.net/locations/contract-services/,(All)
INTERMODAL SERVICES INC,KEVIN@INTERMODALSI.COM,BELVIDERE,IL,NO,NO,YES,NO,NO,NO,NO,NO,YES,NO,YES,NO,YES,NO,NO,YES,YES,NO,NO,NO,NO,YES,YES,YES,NO,NO,Details,https://intermodalsi.com/services/,(All)
INTERNACIONAL REGIOMONTANA DE ACEROSA DE CV,INFO@IRASA.NET,APODACA,NL,NO,NO,YES,YES,NO,NO,NO,NO,YES,YES,NO,NO,YES,NO,NO,NO,YES,NO,NO,YES,NO,NO,YES,YES,YES,NO,Details,https://www.irasa.net/terminal-ferroviaria,(All)
IOWA INTERSTATE RAILROAD,CRANGEL@IAISRR.COM,BLUE ISLAND,IL,NO,NO,NO,NO,NO,NO,NO,NO,NO,NO,NO,NO,NO,NO,NO,NO,NO,NO,NO,NO,NO,NO,NO,NO,NO,NO,Details,https://iaisrr.com/contact/contact-us/,(All)
IOWA INTERSTATE RAILROAD,CRANGEL@IAISRR.COM,BUREAU JCT,IL,NO,NO,NO,NO,NO,NO,NO,NO,NO,NO,NO,NO,NO,NO,NO,NO,NO,NO,NO,NO,NO,NO,NO,NO,NO,NO,Details,https://iaisrr.com/contact/contact-us/,(All)
IOWA INTERSTATE RAILROAD,CRANGEL@IAISRR.COM,COUNCIL BLUFFS,IA,NO,NO,NO,NO,NO,NO,NO,NO,NO,NO,NO,NO,NO,NO,NO,NO,NO,NO,NO,NO,NO,NO,NO,NO,NO,NO,Details,https://iaisrr.com/contact/contact-us/,(All)
J H ROSE LOGISTICS,INFO@JHROSE.COM,SANTA TERESA,NM,NO,NO,NO,NO,NO,NO,NO,NO,NO,NO,NO,NO,NO,NO,NO,NO,NO,NO,NO,NO,NO,NO,NO,NO,NO,NO,Details,https://www.jhrose.com/services,(All)
JAGUAR TRANSPORT HOLDINGS,INFO@JAG-TRANSPORT.COM,JOPLIN,MO,NO,NO,NO,NO,NO,NO,NO,NO,NO,NO,NO,NO,NO,NO,NO,NO,NO,NO,NO,NO,NO,NO,NO,NO,NO,NO,Details,https://jag-transport.com/locations/,(All)
KCBX TERMINAL,,S CHICAGO EAST SIDE,IL,NO,NO,NO,NO,NO,NO,NO,NO,YES,NO,NO,NO,NO,NO,NO,NO,YES,NO,NO,NO,NO,NO,NO,NO,NO,NO,Details,https://kcbxchicago.com/,(All)
KEARNEY COMPANIES,INFO@KEARNEYCOMPANIES.COM,NEW ORLEANS,LA,NO,NO,NO,NO,NO,NO,NO,NO,NO,NO,NO,NO,NO,NO,NO,NO,NO,NO,NO,NO,NO,NO,NO,NO,NO,NO,Details,https://www.kearneycompanies.com/,(All)
KEENEY TRUCK LINES INC,INFO@KEENEYTRUCK.COM,MAYWOOD,CA,NO,NO,NO,NO,NO,NO,NO,YES,NO,NO,NO,NO,NO,NO,NO,NO,NO,NO,NO,NO,NO,NO,NO,NO,NO,NO,Details,https://www.dnb.com/business-directory/company-profiles.keeney_truck_lines_inc.e655d6571072dc85f6601c7f2b076c33.html,(All)
KINSDALE CARRIERS LTD,SHERRY@KINSDALE.COM,FARNHAM,PQ,NO,NO,YES,NO,NO,NO,NO,NO,YES,NO,NO,NO,NO,NO,NO,NO,YES,NO,NO,NO,NO,NO,YES,NO,NO,NO,Details,http://www.kinsdale.com/locations.html,(All)
KINSDALE CARRIERS LTD,SHERRY@KINSDALE.COM,HAMILTON,ON,NO,NO,YES,NO,NO,NO,NO,NO,YES,NO,NO,NO,NO,NO,NO,NO,YES,NO,NO,NO,NO,NO,YES,NO,NO,NO,Details,http://www.kinsdale.com/locations.html,(All)
KINSDALE CARRIERS LTD,SHERRY@KINSDALE.COM,WOODSTOCK,ON,NO,NO,YES,NO,NO,NO,NO,NO,YES,NO,NO,NO,NO,NO,NO,NO,YES,NO,NO,NO,NO,NO,YES,NO,NO,NO,Details,http://www.kinsdale.com/locations.html,(All)
KITCHENMAN TERMINAL CO,WWW.LINKEDIN.COM/IN/SHERRY-TAYLOR-DUGAN-692A7241,FAIRLESS HILLS,PA,YES,NO,NO,YES,NO,NO,NO,NO,NO,NO,NO,NO,YES,NO,YES,NO,NO,NO,YES,YES,YES,NO,YES,YES,YES,NO,Details,"https://www.google.com/maps/place/Kitchenman+Terminal+Co+LLC/@40.1907825,-74.7884559,359m/data=!3m1!1e3!4m5!3m4!1s0x0:0x7bd5d41fd4143afc!8m2!3d40.1905899!4d-74.787918",(All)
KNOWLTON & SONS,K93125@TWCNY.RR.COM,NORWOOD,NY,NO,NO,NO,NO,YES,NO,NO,NO,YES,NO,NO,NO,NO,YES,NO,NO,YES,NO,NO,NO,NO,NO,YES,NO,NO,NO,Details,http://www.vrs.us.com/vrs_connect/vrs_conn_kands.html,(All)
L.G. EVERIST INC,MAHOFFMAN@LGEVERIST.COM,HAWARDEN,IA,NO,NO,NO,NO,YES,NO,YES,YES,YES,YES,NO,YES,NO,NO,NO,NO,YES,NO,NO,YES,NO,NO,YES,NO,NO,NO,Details,https://www.lgeverist.com/companies.php,(All)
L.G. EVERIST INC,MAHOFFMAN@LGEVERIST.COM,KANSAS CITY,KS,NO,NO,NO,NO,YES,NO,YES,YES,YES,YES,NO,YES,NO,NO,NO,NO,YES,NO,NO,YES,NO,NO,YES,NO,NO,NO,Details,https://www.lgeverist.com/companies.php,(All)
L.G. EVERIST INC,MAHOFFMAN@LGEVERIST.COM,ORTONVILLE,MN,NO,NO,NO,NO,YES,NO,YES,YES,YES,YES,NO,YES,NO,NO,NO,NO,YES,NO,NO,YES,NO,NO,YES,NO,NO,NO,Details,https://www.lgeverist.com/companies.php,(All)
L.G. EVERIST INC,MAHOFFMAN@LGEVERIST.COM,SIOUX CITY,IA,NO,NO,NO,NO,YES,NO,YES,YES,YES,YES,NO,YES,NO,NO,NO,NO,YES,NO,NO,YES,NO,NO,YES,NO,NO,NO,Details,https://www.lgeverist.com/companies.php,(All)
L.G. EVERIST INC,MSNOTEBOOM@LGEVERIST.COM,CARR,CO,NO,NO,NO,NO,YES,NO,YES,YES,YES,YES,NO,YES,NO,NO,NO,NO,YES,NO,NO,YES,NO,NO,YES,NO,NO,NO,Details,https://www.lgeverist.com/companies.php,(All)
L.G. EVERIST INC,MSNOTEBOOM@LGEVERIST.COM,HENDERSON,CO,NO,NO,NO,NO,YES,NO,YES,YES,YES,YES,NO,YES,NO,NO,NO,NO,YES,NO,NO,YES,NO,NO,YES,NO,NO,NO,Details,https://www.lgeverist.com/companies.php,(All)
LIBERTY RELOAD SERVICES,LIBERTYRELOAD@GMAIL.COM,TAYLORSVILLE,NC,NO,NO,NO,NO,NO,NO,NO,YES,NO,NO,YES,NO,NO,NO,NO,NO,NO,NO,NO,NO,NO,NO,YES,NO,NO,NO,Details,WWW.LIBERTYRELOAD.COM,(All)
LIQUID TITAN LLC,JOHNKNIGHT@KNIGHTFAMILYCOMPANIES.COM,PARKER,AZ,NO,YES,NO,YES,NO,NO,NO,NO,NO,YES,NO,NO,YES,NO,YES,NO,NO,NO,NO,YES,YES,NO,YES,NO,YES,NO,Details,http://www.liquidtitan.com/terminal/,(All)
LIQUID TRANSFER TERMINAL,LIQUIDTRANSFERGA@GMAIL.COM,BAINBRIDGE,GA,NO,NO,NO,YES,NO,NO,NO,NO,NO,YES,NO,NO,YES,NO,YES,NO,NO,NO,NO,YES,YES,NO,YES,YES,YES,NO,Details,http://liquidtransfer.us/facilities/,(All)
LIQUID TRANSFER TERMINAL,LTTBALTIMORE@GMAIL.COM,BALTIMORE,MD,NO,NO,NO,YES,NO,NO,NO,NO,NO,YES,NO,NO,YES,NO,YES,NO,NO,NO,NO,YES,YES,NO,YES,YES,YES,NO,Details,http://liquidtransfer.us/facilities/,(All)
LIQUID TRANSPORT CORP,DGROSSETT@LIQUIDTRANSPORT.COM,KANSAS CITY,MO,YES,NO,NO,YES,NO,NO,NO,NO,NO,YES,NO,NO,NO,NO,YES,NO,NO,NO,NO,YES,NO,NO,YES,NO,YES,YES,Details,https://www.liquidtransport.com/Services/Locations.aspx,(All)
LIQUIDS TRANSLOADING LTD,WWW.LINKEDIN.COM/IN/DERREK-DOBKO-9B445B18,CALMAR,AB,YES,NO,YES,YES,NO,NO,YES,NO,YES,YES,YES,NO,YES,NO,YES,NO,YES,NO,NO,YES,YES,NO,YES,YES,YES,NO,Details,https://www.liquidsinmotion.com/transloading-services,(All)
LIQUIDS TRANSLOADING LTD,WWW.LINKEDIN.COM/IN/DERREK-DOBKO-9B445B18,LEDUC COUNTY,AB,YES,NO,YES,YES,NO,NO,YES,NO,YES,YES,YES,NO,YES,NO,YES,NO,YES,NO,NO,YES,YES,NO,YES,YES,YES,NO,Details,https://www.liquidsinmotion.com/transloading-services,(All)
LUCKEY LOGISTICS LLC,BULK@LUCKEYEMAIL.COM,CONOVER,NC,NO,NO,NO,NO,NO,NO,NO,NO,NO,NO,YES,NO,NO,NO,NO,YES,NO,NO,NO,NO,NO,NO,YES,YES,NO,NO,Details,http://www.luckeytanklines.com/Logistics.html,(All)
LUCKEY LOGISTICS LLC,BULK@LUCKEYEMAIL.COM,STREATOR,IL,NO,NO,NO,NO,NO,NO,NO,NO,NO,NO,YES,NO,NO,NO,NO,YES,NO,NO,NO,NO,NO,NO,YES,YES,NO,NO,Details,http://www.luckeytanklines.com/Logistics.html,(All)
LUCKEY TRUCKING INC,BULK@LUCKEYEMAIL.COM,LIMA,OH,NO,NO,NO,NO,NO,NO,NO,NO,NO,NO,YES,NO,NO,NO,NO,YES,NO,NO,NO,NO,NO,NO,YES,YES,NO,NO,Details,http://www.luckeytanklines.com/Logistics.html,(All)
LUCKEY TRUCKING INC,BULK@LUCKEYEMAIL.COM,NEWTON,IA,NO,NO,NO,NO,NO,NO,NO,NO,NO,NO,YES,NO,NO,NO,NO,YES,NO,NO,NO,NO,NO,NO,YES,YES,NO,NO,Details,http://www.luckeytanklines.com/Logistics.html,(All)
MACMILLAN-PIPER INC,AIRPORT@MACPIPER.COM,SEATTLE,WA,NO,NO,NO,NO,NO,NO,NO,NO,NO,NO,NO,NO,NO,NO,NO,NO,NO,NO,NO,NO,NO,NO,NO,NO,NO,NO,Details,http://www.macpiper.com/airport_way.html,(All)
MACMILLAN-PIPER INC,MASS@MACPIPER.COM,SEATTLE,WA,NO,NO,NO,NO,NO,NO,NO,NO,NO,NO,NO,NO,NO,NO,NO,NO,NO,NO,NO,NO,NO,NO,NO,NO,NO,NO,Details,http://www.macpiper.com/massachusets.html,(All)
MACMILLAN-PIPER INC,TAYLORWAY@MACPIPER.COM,TACOMA,WA,NO,NO,NO,NO,NO,NO,NO,NO,NO,NO,NO,NO,NO,NO,NO,NO,NO,NO,NO,NO,NO,NO,NO,NO,NO,NO,Details,http://www.macpiper.com/taylor_way.html,(All)
MACMILLAN-PIPER INC,TAYLORWAY@MACPIPER.COM,TACOMA,WA,NO,NO,NO,NO,NO,NO,NO,NO,NO,NO,NO,NO,NO,NO,NO,NO,NO,NO,NO,NO,NO,NO,NO,NO,NO,NO,Details,http://www.macpiper.com/tacoma_trans.html,(All)
MADISON RAILROAD (RSI LOGISTICS),MFREY@RSILOGISTICS.COM,MADISON,IN,NO,YES,YES,YES,YES,YES,YES,YES,YES,YES,YES,NO,YES,NO,NO,NO,YES,NO,NO,YES,NO,NO,NO,YES,NO,YES,Details,https://www.rsilogistics.com/rail-solutions/terminal-operations/,(All)
MARTTS INC,WUSHER@USHERTRANSPORT.COM,LOUISVILLE,KY,YES,YES,NO,YES,NO,NO,NO,NO,NO,YES,NO,NO,YES,NO,NO,NO,NO,NO,NO,YES,YES,NO,YES,YES,YES,YES,Details,https://www.ushertransport.com/services/,(All)
MATCO INDUSTRIES INC,RPAFFORD@MATCO-INDUSTRIES.COM,COCOA,FL,NO,NO,YES,NO,NO,NO,NO,NO,YES,NO,NO,NO,NO,NO,NO,NO,YES,NO,NO,NO,NO,NO,NO,NO,NO,NO,Details,https://www.matco-industries.com/locations,(All)
MATCO INDUSTRIES INC,RPAFFORD@MATCO-INDUSTRIES.COM,HASTINGS,FL,NO,NO,YES,NO,NO,NO,NO,NO,YES,NO,NO,NO,NO,NO,NO,NO,YES,NO,NO,NO,NO,NO,NO,NO,NO,NO,Details,https://www.matco-industries.com/locations,(All)
MATCO INDUSTRIES INC,RPAFFORD@MATCO-INDUSTRIES.COM,LIVE OAK,FL,NO,NO,YES,NO,NO,NO,NO,NO,YES,NO,NO,NO,NO,NO,NO,NO,YES,NO,NO,NO,NO,NO,NO,NO,NO,NO,Details,https://www.matco-industries.com/locations,(All)
MATCO INDUSTRIES INC,RPAFFORD@MATCO-INDUSTRIES.COM,POMPANO BEACH,FL,NO,NO,YES,NO,NO,NO,NO,NO,YES,NO,NO,NO,NO,NO,NO,NO,YES,NO,NO,NO,NO,NO,NO,NO,NO,NO,Details,https://www.matco-industries.com/locations,(All)
MATCO INDUSTRIES INC,RPAFFORD@MATCO-INDUSTRIES.COM,RIVIERA BEACH,FL,NO,NO,YES,NO,NO,NO,NO,NO,YES,NO,NO,NO,NO,NO,NO,NO,YES,NO,NO,NO,NO,NO,NO,NO,NO,NO,Details,https://www.matco-industries.com/locations,(All)
MATERIAL TRANSPORT TRUCKING & STORAGE,BRENDAN.PAGE@MATERIALTRANSPORT.COM,FORT WORTH,TX,NO,NO,NO,NO,NO,NO,NO,YES,NO,NO,NO,YES,NO,NO,NO,NO,NO,NO,NO,NO,NO,NO,NO,NO,NO,NO,Details,https://materialtransport.com/,(All)
"MERCHANTS TRANSLOADING, WAREHOUE, DISTRIBUTION SERVICES",RANDYW@MERCHANTSDSM.COM,ALTOONA,IA,NO,NO,NO,YES,YES,YES,YES,YES,NO,NO,YES,YES,NO,YES,NO,NO,YES,NO,NO,NO,NO,YES,YES,YES,NO,NO,Details,http://www.merchantsdsm.com/contact-us,(All)
"MERCHANTS TRANSLOADING, WAREHOUE, DISTRIBUTION SERVICES",RANDYW@MERCHANTSDSM.COM,DES MOINES,IA,YES,NO,YES,YES,YES,YES,YES,YES,YES,NO,YES,YES,NO,YES,NO,NO,YES,NO,NO,NO,NO,YES,YES,YES,NO,NO,Details,http://www.merchantsdsm.com/contact-us,(All)
METRO GROUP,DANFLOYD@METROGROUP.COM,BATTLE MOUNTAIN,NV,NO,NO,NO,NO,NO,NO,NO,NO,NO,NO,NO,YES,NO,NO,NO,NO,NO,NO,NO,NO,NO,NO,NO,NO,NO,NO,Details,https://www.metrogroup.com/metro-recycling-services/transloading/,(All)
METRO GROUP,DANFLOYD@METROGROUP.COM,SALT LAKE CITY,UT,NO,NO,NO,NO,NO,NO,NO,NO,NO,NO,NO,YES,NO,NO,NO,NO,NO,NO,NO,NO,NO,NO,NO,NO,NO,NO,Details,https://www.metrogroup.com/metro-recycling-services/transloading/,(All)
METRO PARK WAREHOUSES,SWEDLEN@METROPARKWARHOUSES.COM,KANSAS CITY,KS,NO,NO,NO,NO,NO,NO,NO,NO,NO,NO,NO,NO,NO,NO,NO,NO,NO,NO,NO,NO,NO,NO,NO,NO,NO,NO,Details,http://www.metroparkwarehouses.com/index.php,(All)
METRO PARK WAREHOUSES,SWEDLEN@METROPARKWARHOUSES.COM,NORTH KANSAS CITY,MO,NO,NO,NO,NO,NO,NO,NO,NO,NO,NO,NO,NO,NO,NO,NO,NO,NO,NO,NO,NO,NO,NO,NO,NO,NO,NO,Details,http://www.metroparkwarehouses.com/index.php,(All)
METRO WEST TRANSLOAD,KEITH@METROWESTTRANSLOAD.COM,CRESSON,TX,NO,NO,NO,NO,NO,NO,NO,YES,NO,NO,NO,NO,NO,NO,NO,NO,NO,NO,NO,NO,NO,NO,NO,NO,NO,NO,Details,https://www.metrowesttransload.com/,(All)
MHX LLC,SALES@MHX.SOLUTIONS,CUCAMONGA,CA,NO,NO,NO,NO,NO,NO,NO,NO,NO,NO,NO,YES,NO,NO,NO,NO,NO,NO,NO,NO,NO,NO,NO,NO,NO,NO,Details,https://mhx.solutions/locations/,(All)
MHX LLC,SALES@MHX.SOLUTIONS,FONTANA,CA,NO,NO,NO,NO,NO,NO,NO,NO,NO,NO,NO,YES,NO,NO,NO,NO,NO,NO,NO,NO,NO,NO,NO,NO,NO,NO,Details,https://mhx.solutions/locations/,(All)
MHX LLC,SALES@MHX.SOLUTIONS,HELENDALE,CA,NO,NO,NO,NO,NO,NO,NO,NO,NO,NO,NO,YES,NO,NO,NO,NO,NO,NO,NO,NO,NO,NO,NO,NO,NO,NO,Details,https://mhx.solutions/locations/,(All)
MHX LLC,SALES@MHX.SOLUTIONS,LONG BEACH,CA,NO,NO,NO,NO,NO,NO,NO,NO,NO,NO,NO,YES,NO,NO,NO,NO,NO,NO,NO,NO,NO,NO,NO,NO,NO,NO,Details,https://mhx.solutions/locations/,(All)
MHX LLC,SALES@MHX.SOLUTIONS,SOUTH FONTANA,CA,NO,NO,NO,NO,NO,NO,NO,NO,NO,NO,NO,YES,NO,NO,NO,NO,NO,NO,NO,NO,NO,NO,NO,NO,NO,NO,Details,https://mhx.solutions/locations/,(All)
MHX LLC,SALES@MHX.SOLUTIONS,STOCKTON,CA,NO,NO,NO,NO,NO,NO,NO,NO,NO,NO,NO,YES,NO,NO,NO,NO,NO,NO,NO,NO,NO,NO,NO,NO,NO,NO,Details,https://mhx.solutions/locations/,(All)
MHX LLC,SALES@MHX.SOLUTIONS,VERNON,CA,NO,NO,NO,NO,NO,NO,NO,NO,NO,NO,NO,YES,NO,NO,NO,NO,NO,NO,NO,NO,NO,NO,NO,NO,NO,NO,Details,https://mhx.solutions/locations/,(All)
MID COLUMBIA WAREHOUSES INC,,PASCO,WA,NO,NO,NO,NO,NO,NO,NO,YES,NO,NO,NO,YES,NO,NO,NO,NO,NO,NO,NO,NO,NO,NO,NO,NO,NO,NO,Details,"https://www.google.com/maps/place/Mid+Columbia+Warehouse+Inc/@46.2168758,-119.0742485,3094m/data=!3m1!1e3!4m5!3m4!1s0x0:0xf5b169e490f904d2!8m2!3d46.2168461!4d-119.0742914",(All)
MID-ATLANTIC TRANSLOADING INC,WWW.LINKEDIN.COM/IN/BRIAN-BURNS-78739773,VIRGINIA BEACH,VA,NO,NO,NO,NO,NO,NO,NO,YES,NO,NO,NO,NO,NO,NO,NO,NO,NO,NO,NO,NO,NO,NO,NO,NO,NO,NO,Details,"https://www.google.com/maps/place/2429+Fairway+Ave,+Virginia+Beach,+VA+23462/@36.8172499,-76.1480624,16z/data=!4m5!3m4!1s0x89babe25e5093bff:0x1306805e38864c9c!8m2!3d36.817171!4d-76.1440232",(All)
MID-SOUTH BULK SERVICES INC,JON.KNIGHT@MIDSOUTHBULK.COM,WEST MEMPHIS,AR,NO,NO,YES,NO,NO,NO,YES,NO,YES,NO,NO,NO,NO,NO,NO,YES,YES,NO,NO,YES,YES,YES,YES,YES,NO,NO,Details,https://midsouthbulk.com/,(All)
MIDWEST BULK TRANSLOAD,INFO@MBTRANSLOAD.COM,JOLIET,IL,NO,NO,NO,NO,NO,NO,NO,NO,YES,NO,NO,NO,NO,NO,NO,NO,YES,NO,NO,NO,NO,NO,YES,YES,NO,NO,Details,http://www.mbtransload.com/,(All)
MIDWEST RELOAD,MBRUNS@MIDWESTRELOAD.COM,COLDWATER,OH,NO,NO,NO,NO,NO,NO,NO,YES,NO,NO,NO,YES,NO,NO,NO,NO,NO,NO,NO,NO,NO,NO,NO,NO,NO,NO,Details,https://midwestreload.com/,(All)
MIDWEST RELOAD,MBRUNS@MIDWESTRELOAD.COM,KANSAS CITY,MO,NO,NO,NO,NO,NO,NO,NO,YES,NO,NO,NO,YES,NO,NO,NO,NO,NO,NO,NO,NO,NO,NO,NO,NO,NO,NO,Details,https://midwestreload.com/,(All)
MIDWEST TERMINAL SERVICES,BLUE.KM61@GMAIL.COM,HAMMOND,IN,NO,NO,NO,NO,NO,NO,NO,NO,NO,NO,NO,YES,NO,NO,NO,NO,NO,NO,NO,NO,NO,NO,NO,NO,NO,NO,Details,https://www.transloadgroup.com/,(All)
MIDWEST TRANSLOAD LLC,TERRY_OETJEN@SIMXTRUCKING.COM,CUTLER,IL,NO,NO,YES,NO,NO,NO,YES,NO,YES,NO,YES,NO,NO,NO,NO,YES,YES,NO,NO,NO,NO,NO,YES,YES,NO,NO,Details,http://www.simxtrucking.com/Midwest-Trans-Load.html,(All)
MILANO RAILWAY LOGISTICS SERVICES,INFO@MILANOMETALS.COM,MOUNT VERNON,IL,NO,NO,NO,NO,NO,NO,NO,NO,NO,NO,NO,YES,NO,NO,NO,NO,NO,NO,NO,NO,NO,NO,NO,NO,NO,NO,Details,https://milanometals.com/site-rail-access/,(All)
MILLER INTERMODAL LOGISTICS SERVICES INC,INFO@MILS3PL.COM,MOSS POINT,MS,NO,YES,NO,YES,NO,NO,NO,NO,NO,YES,NO,NO,NO,NO,NO,YES,NO,NO,NO,YES,NO,NO,YES,YES,YES,YES,Details,http://www.mils3pl.com/distributionsupplychain,(All)
MOUNTAIN RELOAD LLC,CJM@GREATLAKESRELOAD.COM,BENSON,AZ,NO,NO,NO,NO,NO,NO,YES,YES,YES,NO,NO,YES,NO,NO,NO,NO,YES,NO,NO,NO,NO,NO,YES,YES,NO,NO,Details,https://www.transloadgroup.com/,(All)
MOUNTAIN RELOAD LLC,CJM@GREATLAKESRELOAD.COM,BLOOMINGTON,CA,NO,NO,NO,NO,NO,NO,YES,YES,YES,NO,NO,YES,NO,NO,NO,NO,YES,NO,NO,NO,NO,NO,YES,YES,NO,NO,Details,https://www.transloadgroup.com/,(All)
MOUNTAIN RELOAD LLC,CJM@GREATLAKESRELOAD.COM,DENVER,CO,NO,NO,NO,NO,NO,NO,YES,YES,YES,NO,NO,YES,NO,NO,NO,NO,YES,NO,NO,NO,NO,NO,YES,YES,NO,NO,Details,https://www.transloadgroup.com/,(All)
MOUNTAIN RELOAD LLC,CJM@GREATLAKESRELOAD.COM,WEST COLTON,CA,NO,NO,NO,NO,NO,NO,YES,YES,YES,NO,NO,YES,NO,NO,NO,NO,YES,NO,NO,NO,NO,NO,YES,YES,NO,NO,Details,https://www.transloadgroup.com/,(All)
MOUNTAIN VIEW RELOAD USA INC,MARKETING@MVRGROUP.COM,ALVIN,TX,NO,NO,NO,NO,NO,NO,NO,YES,NO,NO,NO,NO,NO,NO,NO,NO,NO,NO,NO,NO,NO,NO,NO,NO,NO,NO,Details,http://mvrgroup.com/locations/,(All)
MOUNTAIN VIEW RELOAD USA INC,MARKETING@MVRGROUP.COM,IRVING,TX,NO,NO,NO,NO,NO,NO,NO,YES,NO,NO,NO,NO,NO,NO,NO,NO,NO,NO,NO,NO,NO,NO,NO,NO,NO,NO,Details,http://mvrgroup.com/locations/,(All)
MOUNTAIN VIEW RELOAD USA INC,MARKETING@MVRGROUP.COM,SHELBY,MT,NO,NO,NO,NO,NO,NO,NO,YES,NO,NO,NO,NO,NO,NO,NO,NO,NO,NO,NO,NO,NO,NO,NO,NO,NO,NO,Details,http://mvrgroup.com/locations/,(All)
MOUNTAIN VIEW RELOAD USA INC,MARKETING@MVRGROUP.COM,SUMAS,WA,NO,NO,NO,NO,NO,NO,NO,YES,NO,NO,NO,NO,NO,NO,NO,NO,NO,NO,NO,NO,NO,NO,NO,NO,NO,NO,Details,http://mvrgroup.com/locations/,(All)
N/A,N/A,DUBOIS,PA,YES,NO,YES,YES,YES,YES,YES,YES,YES,YES,YES,YES,YES,YES,YES,YES,YES,NO,NO,YES,NO,YES,YES,YES,NO,NO,Details,N/A,(All)
NEILL CARAGE & WAREHOUSE,INFO@NEILLCARTAGE.COM,ALSIP,IL,NO,NO,NO,NO,NO,NO,NO,NO,NO,NO,NO,NO,NO,NO,NO,NO,NO,NO,NO,NO,NO,NO,NO,NO,NO,NO,Details,http://www.neillcartage.com/chicago-warehouses-0,(All)
NEILL CARAGE & WAREHOUSE,INFO@NEILLCARTAGE.COM,BEDFORD PARK,IL,NO,NO,NO,NO,NO,NO,NO,NO,NO,NO,NO,NO,NO,NO,NO,NO,NO,NO,NO,NO,NO,NO,NO,NO,NO,NO,Details,http://www.neillcartage.com/chicago-warehouses-0,(All)
NEILL CARAGE & WAREHOUSE,INFO@NEILLCARTAGE.COM,BERKELEY,IL,NO,NO,NO,NO,NO,NO,NO,NO,NO,NO,NO,NO,NO,NO,NO,NO,NO,NO,NO,NO,NO,NO,NO,NO,NO,NO,Details,http://www.neillcartage.com/chicago-warehouses-0,(All)
NELSON BROTHERS LLC,INFO@NELSONBROTHERS.COM,SOUTH CHARLESTON,WV,YES,NO,YES,YES,NO,NO,NO,NO,NO,NO,NO,NO,NO,NO,YES,NO,NO,NO,NO,YES,YES,NO,YES,NO,YES,NO,Details,https://www.nelsonbrothers.com/,(All)
NETWORKS & LOGISTICS SA DE CV,INFO@NETWROKSLOGISTICS.COM.MX,SAN LUIS POTOSI,SL,NO,NO,NO,NO,NO,NO,NO,NO,NO,NO,NO,NO,NO,NO,NO,NO,NO,NO,NO,NO,NO,NO,NO,NO,NO,NO,Details,https://networkslogistics.com.mx/,(All)
NEW MEXICO TRANSLOADING,INFO@NMTRANSLOAD.COM,ALBUQUERQUE,NM,NO,NO,YES,YES,NO,NO,YES,NO,YES,YES,YES,YES,YES,NO,NO,NO,YES,NO,NO,YES,NO,NO,YES,YES,NO,NO,Details,https://www.nmtransload.com/,(All)
NEW YORK & ATLANTIC RAILWAY,NYAMARKETING@ANACOSTIA.COM,LONG ISLAND CITY,NY,NO,NO,NO,NO,YES,NO,NO,YES,NO,NO,NO,NO,NO,NO,NO,NO,YES,NO,NO,NO,NO,NO,NO,NO,NO,NO,Details,https://www.anacostia.com/railroads/nya,(All)
NORDICA WAREHOUSE,INFO@NORDICAWAREHOUSES.COM,SIOUX FALLS,SD,NO,NO,NO,NO,NO,NO,NO,NO,NO,NO,NO,NO,NO,NO,NO,NO,NO,NO,NO,NO,NO,NO,NO,NO,NO,NO,Details,https://www.nordicawarehouses.com/company-info/,(All)
NORFOLK SOUTHERN TBT,BROOK.EMERY@NSCORP.COM,ROANOKE,VA,YES,NO,YES,YES,YES,YES,YES,NO,YES,YES,YES,NO,YES,NO,NO,YES,NO,NO,YES,YES,NO,YES,YES,YES,YES,YES,Details,http://www.nscorp.com/content/dam/nscorp/ship/TBTNetworkMap.pdf,(All)
NORFOLK SOUTHERN TBT,CHAD.GRINELL@NSCORP.COM,TAYLOR,PA,YES,NO,YES,YES,YES,YES,YES,NO,YES,YES,YES,NO,YES,NO,NO,YES,NO,NO,YES,YES,NO,YES,YES,YES,YES,YES,Details,http://www.nscorp.com/content/dam/nscorp/ship/TBTNetworkMap.pdf,(All)
NORFOLK SOUTHERN TBT,CHRIS.SLASINSKI@NSCORP.COM,CHATTANOOGA,TN,YES,NO,YES,YES,YES,YES,YES,NO,YES,YES,YES,NO,YES,NO,NO,YES,NO,NO,YES,YES,NO,YES,YES,YES,YES,YES,Details,http://www.nscorp.com/content/dam/nscorp/ship/TBTNetworkMap.pdf,(All)
NORFOLK SOUTHERN TBT,DANIELP@SAVAGESERVICES.COM,EDWARDSVILLE,IL,YES,NO,YES,YES,YES,YES,YES,NO,YES,YES,YES,NO,YES,NO,NO,YES,NO,NO,YES,YES,NO,YES,YES,YES,YES,YES,Details,http://www.nscorp.com/content/dam/nscorp/ship/TBTNetworkMap.pdf,(All)
NORFOLK SOUTHERN TBT,DANIELP@SAVAGESERVICES.COM,MIAMI,FL,YES,NO,YES,YES,YES,YES,YES,NO,YES,YES,YES,NO,YES,NO,NO,YES,NO,NO,YES,YES,NO,YES,YES,YES,YES,YES,Details,http://www.nscorp.com/content/dam/nscorp/ship/TBTNetworkMap.pdf,(All)
NORFOLK SOUTHERN TBT,FPRENTISS@SUPERIOR-CARRIERS.COM,CINCINNATI,OH,YES,NO,YES,YES,YES,YES,YES,NO,YES,YES,YES,NO,YES,NO,NO,YES,NO,NO,YES,YES,NO,YES,YES,YES,YES,YES,Details,http://www.nscorp.com/content/dam/nscorp/ship/TBTNetworkMap.pdf,(All)
NORFOLK SOUTHERN TBT,FPRENTISS@SUPERIOR-CARRIERS.COM,MOBILE,AL,YES,NO,YES,YES,YES,YES,YES,NO,YES,YES,YES,NO,YES,NO,NO,YES,NO,NO,YES,YES,NO,YES,YES,YES,YES,YES,Details,http://www.nscorp.com/content/dam/nscorp/ship/TBTNetworkMap.pdf,(All)
NORFOLK SOUTHERN TBT,JACK.DARRAH@NSCORP.COM,ALEXANDRIA,VA,NO,NO,NO,YES,NO,NO,NO,NO,NO,YES,NO,NO,YES,NO,NO,NO,NO,NO,NO,YES,YES,YES,YES,YES,NO,NO,Details,http://www.nscorp.com/content/dam/nscorp/ship/TBTNetworkMap.pdf,(All)
NORFOLK SOUTHERN TBT,JACK.DARRAH@NSCORP.COM,GREENCASTLE,PA,YES,NO,YES,YES,YES,YES,YES,NO,YES,YES,YES,NO,YES,NO,NO,YES,NO,NO,YES,YES,NO,YES,YES,YES,YES,YES,Details,http://www.nscorp.com/content/dam/nscorp/ship/TBTNetworkMap.pdf,(All)
NORFOLK SOUTHERN TBT,JAMES@CIGLOGISTICS.COM,BINGHAMTON,NY,YES,NO,YES,YES,YES,YES,YES,YES,YES,YES,YES,YES,NO,NO,NO,NO,YES,NO,NO,YES,NO,YES,YES,YES,NO,NO,Details,http://www.nscorp.com/content/dam/nscorp/ship/TBTNetworkMap.pdf,(All)
NORFOLK SOUTHERN TBT,JAMES@CIGLOGISTICS.COM,CHATTANOOGA,TN,YES,NO,YES,YES,YES,YES,YES,NO,YES,YES,YES,NO,YES,NO,NO,YES,NO,NO,YES,YES,NO,YES,YES,YES,YES,YES,Details,http://www.nscorp.com/content/dam/nscorp/ship/TBTNetworkMap.pdf,(All)
NORFOLK SOUTHERN TBT,MMASSOGLIA@WATCOCOMPANIES.COM,BUFFALO,NY,YES,NO,YES,YES,YES,YES,YES,NO,YES,YES,YES,NO,YES,NO,NO,YES,NO,NO,YES,YES,NO,YES,YES,YES,YES,YES,Details,http://www.nscorp.com/content/dam/nscorp/ship/TBTNetworkMap.pdf,(All)
NORFOLK SOUTHERN TBT,MMASSOGLIA@WATCOCOMPANIES.COM,COLUMBUS,OH,YES,NO,YES,YES,YES,YES,YES,NO,YES,YES,YES,NO,YES,NO,NO,YES,NO,NO,YES,YES,NO,YES,YES,YES,YES,YES,Details,http://www.nscorp.com/content/dam/nscorp/ship/TBTNetworkMap.pdf,(All)
NORFOLK SOUTHERN TBT,MMASSOGLIA@WATCOCOMPANIES.COM,CRAFTON,PA,YES,NO,YES,YES,YES,YES,YES,NO,YES,YES,YES,NO,YES,NO,NO,YES,NO,NO,YES,YES,NO,YES,YES,YES,YES,YES,Details,http://www.nscorp.com/content/dam/nscorp/ship/TBTNetworkMap.pdf,(All)
NORFOLK SOUTHERN TBT,MMASSOGLIA@WATCOCOMPANIES.COM,EUCLID,OH,YES,NO,YES,YES,YES,YES,YES,NO,YES,YES,YES,NO,YES,NO,NO,YES,NO,NO,YES,YES,NO,YES,YES,YES,YES,YES,Details,http://www.nscorp.com/content/dam/nscorp/ship/TBTNetworkMap.pdf,(All)
NORFOLK SOUTHERN TBT,MMASSOGLIA@WATCOCOMPANIES.COM,LOUISVILLE,KY,YES,NO,YES,YES,YES,YES,YES,NO,YES,YES,YES,NO,YES,NO,NO,YES,NO,NO,YES,YES,NO,YES,YES,YES,YES,YES,Details,http://www.nscorp.com/content/dam/nscorp/ship/TBTNetworkMap.pdf,(All)
NORFOLK SOUTHERN TBT,MMASSOGLIA@WATCOCOMPANIES.COM,SANDUSKY,OH,YES,NO,YES,YES,YES,YES,YES,NO,YES,YES,YES,NO,YES,NO,NO,YES,NO,NO,YES,YES,NO,YES,YES,YES,YES,YES,Details,http://www.nscorp.com/content/dam/nscorp/ship/TBTNetworkMap.pdf,(All)
NORFOLK SOUTHERN TBT,MMASSOGLIA@WATCOCOMPANIES.COM,WILLIS,MI,YES,NO,YES,YES,YES,YES,YES,NO,YES,YES,YES,NO,YES,NO,NO,YES,NO,NO,YES,YES,NO,YES,YES,YES,YES,YES,Details,http://www.nscorp.com/content/dam/nscorp/ship/TBTNetworkMap.pdf,(All)
NORFOLK SOUTHERN TBT,PAUL.GREENE@NSCORP.COM,GOLDSBORO,NC,YES,NO,YES,YES,YES,YES,YES,NO,YES,YES,YES,NO,YES,NO,NO,YES,NO,NO,YES,YES,NO,YES,YES,YES,YES,YES,Details,http://www.nscorp.com/content/dam/nscorp/ship/TBTNetworkMap.pdf,(All)
NORFOLK SOUTHERN TBT,RJWINTHER@DELAWAREEXPRESS.COM,EDGEMOOR,DE,YES,NO,YES,YES,YES,YES,YES,NO,YES,YES,YES,NO,YES,NO,NO,YES,NO,NO,YES,YES,NO,YES,YES,YES,YES,YES,Details,http://www.nscorp.com/content/dam/nscorp/ship/TBTNetworkMap.pdf,(All)
NORFOLK SOUTHERN TBT,ROBYN.BADER@NSCORP.COM,CHICAGO,IL,YES,NO,YES,YES,YES,YES,YES,YES,YES,YES,YES,NO,YES,NO,NO,NO,YES,NO,NO,NO,NO,NO,YES,YES,YES,NO,Details,http://www.nscorp.com/content/dam/nscorp/ship/TBTNetworkMap.pdf,(All)
NORFOLK SOUTHERN TBT,ROBYN.BADER@NSCORP.COM,DORAVILLE,GA,YES,NO,YES,YES,YES,YES,YES,NO,YES,YES,YES,NO,YES,NO,NO,YES,NO,NO,YES,YES,NO,YES,YES,YES,YES,YES,Details,http://www.nscorp.com/content/dam/nscorp/ship/TBTNetworkMap.pdf,(All)
NORFOLK SOUTHERN TBT,ROBYN.BADER@NSCORP.COM,EAST POINT,GA,YES,NO,YES,YES,YES,YES,YES,YES,YES,YES,YES,YES,YES,NO,NO,YES,NO,NO,YES,YES,NO,YES,YES,YES,YES,YES,Details,http://www.nscorp.com/content/dam/nscorp/ship/TBTNetworkMap.pdf,(All)
NORFOLK SOUTHERN TBT,RUSSELL.GRANDE@NSCORP.COM,ELKHART,IN,YES,NO,YES,YES,YES,YES,YES,NO,YES,YES,YES,NO,YES,NO,NO,YES,NO,NO,YES,YES,NO,YES,YES,YES,YES,YES,Details,http://www.nscorp.com/content/dam/nscorp/ship/TBTNetworkMap.pdf,(All)
NORFOLK SOUTHERN TBT,RUSSELL.GRANDE@NSCORP.COM,STREATOR,IL,YES,NO,YES,YES,YES,YES,YES,NO,YES,YES,YES,NO,YES,NO,NO,YES,NO,NO,YES,YES,NO,YES,YES,YES,YES,YES,Details,http://www.nscorp.com/content/dam/nscorp/ship/TBTNetworkMap.pdf,(All)
NORFOLK SOUTHERN TBT,SANY.SANTANGELO@NSCORP.COM,FORT WAYNE,IN,YES,NO,YES,YES,YES,YES,YES,NO,YES,YES,YES,NO,YES,NO,NO,YES,NO,NO,YES,YES,NO,YES,YES,YES,YES,YES,Details,http://www.nscorp.com/content/dam/nscorp/ship/TBTNetworkMap.pdf,(All)
NORFOLK SOUTHERN TBT,SEAN.SMITH@PRAIRIETRANS.COM,MAIDSVILLE,WV,YES,NO,YES,YES,YES,YES,YES,NO,YES,YES,YES,NO,YES,NO,NO,YES,NO,NO,YES,YES,NO,YES,YES,YES,YES,YES,Details,http://www.nscorp.com/content/dam/nscorp/ship/TBTNetworkMap.pdf,(All)
NORFOLK SOUTHERN TBT,WADKINS@CIGLOGISTICS.COM,MERIDIAN,MS,YES,NO,YES,YES,YES,YES,YES,NO,YES,YES,YES,NO,YES,NO,NO,YES,NO,NO,YES,YES,NO,YES,YES,YES,YES,YES,Details,http://www.nscorp.com/content/dam/nscorp/ship/TBTNetworkMap.pdf,(All)
NORFOLK SOUTHERN TBT (RSI LOGISTICS),CHAD.GRINELL@NSCORP.COM,ELIZABETH,NJ,YES,NO,YES,YES,YES,YES,YES,NO,YES,YES,YES,NO,YES,NO,NO,YES,NO,NO,YES,YES,NO,YES,YES,YES,YES,YES,Details,https://www.rsilogistics.com/rail-solutions/rail-terminal-services/elizabeth-nj/,(All)
NORFOLK SOUTHERN TBT (RSI LOGISTICS),INFO@RSILOGISTICS.COM,AUGUSTA,GA,YES,NO,YES,YES,YES,YES,YES,YES,YES,YES,YES,YES,YES,NO,NO,YES,NO,NO,YES,YES,NO,YES,YES,YES,YES,YES,Details,https://www.rsilogistics.com/rail-solutions/rail-terminal-services/augusta-ga/,(All)
NORFOLK SOUTHERN TBT (RSI LOGISTICS),INFO@RSILOGISTICS.COM,BALTIMORE,MD,YES,NO,YES,YES,YES,YES,YES,YES,YES,YES,YES,YES,YES,NO,NO,YES,NO,NO,YES,YES,NO,YES,YES,YES,NO,NO,Details,https://www.rsilogistics.com/rail-solutions/rail-terminal-services/baltimore-md/,(All)
NORFOLK SOUTHERN TBT (RSI LOGISTICS),INFO@RSILOGISTICS.COM,CHESAPEAKE,VA,YES,NO,YES,YES,YES,YES,YES,YES,YES,YES,YES,YES,YES,NO,NO,YES,NO,NO,YES,YES,NO,YES,YES,YES,YES,YES,Details,https://www.rsilogistics.com/rail-solutions/rail-terminal-services/chesapeake-va/,(All)
NORFOLK SOUTHERN TBT (RSI LOGISTICS),INFO@RSILOGISTICS.COM,COLUMBIA,SC,YES,NO,YES,YES,YES,YES,YES,YES,YES,YES,YES,YES,YES,NO,NO,YES,NO,NO,YES,YES,NO,YES,YES,YES,YES,YES,Details,https://www.rsilogistics.com/rail-solutions/rail-terminal-services/columbia-sc/,(All)
NORFOLK SOUTHERN TBT (RSI LOGISTICS),INFO@RSILOGISTICS.COM,DALTON,GA,YES,NO,YES,YES,YES,YES,YES,NO,YES,YES,YES,NO,YES,NO,NO,YES,NO,NO,YES,YES,NO,YES,YES,YES,YES,YES,Details,https://www.rsilogistics.com/rail-solutions/rail-terminal-services/dalton-ga/,(All)
NORFOLK SOUTHERN TBT (RSI LOGISTICS),INFO@RSILOGISTICS.COM,JACKSONVILLE,FL,YES,NO,YES,YES,YES,YES,YES,YES,YES,YES,YES,YES,YES,NO,NO,YES,NO,NO,YES,YES,NO,YES,YES,YES,YES,YES,Details,https://www.rsilogistics.com/rail-solutions/rail-terminal-services/jacksonville-fl/,(All)
NORFOLK SOUTHERN TBT (RSI LOGISTICS),INFO@RSILOGISTICS.COM,KNOXVILLE,TN,YES,NO,YES,YES,YES,YES,YES,NO,YES,YES,YES,NO,YES,NO,NO,YES,NO,NO,YES,YES,NO,YES,YES,YES,YES,YES,Details,https://www.rsilogistics.com/rail-solutions/rail-terminal-services/knoxville-tn/,(All)
NORFOLK SOUTHERN TBT (RSI LOGISTICS),INFO@RSILOGISTICS.COM,PETERSBURG,VA,YES,NO,YES,YES,YES,YES,YES,NO,YES,YES,YES,NO,YES,NO,NO,YES,NO,NO,YES,YES,NO,YES,YES,YES,YES,YES,Details,https://www.rsilogistics.com/rail-solutions/rail-terminal-services/petersburg-va/,(All)
NORFOLK SOUTHERN TBT (RSI LOGISTICS),INFO@RSILOGISTICS.COM,POTTSTOWN,PA,YES,NO,YES,YES,YES,YES,YES,NO,YES,YES,YES,YES,YES,NO,NO,YES,NO,NO,YES,YES,NO,YES,YES,YES,YES,YES,Details,https://www.rsilogistics.com/rail-solutions/rail-terminal-services/pottstown-pa/,(All)
NORFOLK SOUTHERN TBT (RSI LOGISTICS),INFO@RSILOGISTICS.COM,SOMERSET,KY,YES,NO,YES,YES,YES,YES,YES,YES,YES,YES,YES,YES,YES,NO,NO,YES,NO,NO,YES,YES,NO,YES,YES,YES,YES,YES,Details,https://www.rsilogistics.com/rail-solutions/rail-terminal-services/somerset-ky/,(All)
NORFOLK SOUTHERN TBT (RSI LOGISTICS),ROBYN.BADER@NSCORP.COM,CHARLOTTE,NC,YES,NO,YES,YES,YES,YES,YES,YES,YES,YES,YES,YES,YES,NO,NO,YES,NO,NO,YES,YES,NO,YES,YES,YES,YES,YES,Details,https://www.rsilogistics.com/rail-solutions/rail-terminal-services/charlotte-nc/,(All)
NORFOLK SOUTHERN TBT (RSI LOGISTICS),ROBYN.BADER@NSCORP.COM,SPARTANBURG,SC,YES,NO,YES,YES,YES,YES,YES,NO,YES,YES,YES,NO,YES,NO,NO,YES,NO,NO,YES,YES,NO,YES,YES,YES,YES,YES,Details,https://www.rsilogistics.com/rail-solutions/rail-terminal-services/spartanburg-sc/,(All)
NORTH AMERICA STEVEDORING COMPANY LLC,CHRISTOPHER.POPJOY@QSL.COM,CHICAGO,IL,NO,NO,YES,NO,YES,YES,YES,YES,YES,NO,YES,YES,YES,NO,NO,NO,YES,NO,NO,NO,NO,NO,YES,NO,NO,NO,Details,https://qsl.com/,(All)
NORTHERN DRY BULK,TKUNSE@NORDRY.COM,CLARE,MI,NO,NO,NO,NO,NO,NO,NO,NO,NO,NO,YES,NO,NO,NO,NO,YES,NO,NO,NO,NO,NO,NO,YES,NO,NO,NO,Details,https://northerndrybulk.com/locations/,(All)
NORTHERN DRY BULK,TKUNSE@NORDRY.COM,GRAND RAPIDS,MI,NO,NO,NO,NO,NO,NO,NO,NO,NO,NO,YES,NO,NO,NO,NO,YES,NO,NO,NO,NO,NO,NO,YES,NO,NO,NO,Details,https://northerndrybulk.com/locations/,(All)
NORTHERN WHITE SANDS,ENERGYCS@COVIACORP.COM,EL RENO,OK,NO,NO,NO,NO,NO,NO,YES,NO,NO,NO,NO,NO,NO,NO,NO,NO,YES,NO,NO,NO,NO,NO,NO,NO,NO,NO,Details,https://www.coviacorp.com/energy/northern-white/,(All)
ODFJELL TERMINALS,HOU.SALES@ODFJELL.COM,NORTH CHARLESTON,SC,YES,NO,NO,YES,NO,YES,NO,NO,NO,YES,NO,NO,NO,NO,NO,NO,NO,NO,NO,YES,YES,NO,YES,YES,YES,NO,Details,https://www.odfjell.com/terminals/charleston-usa/,(All)
ODFJELL TERMINALS,HOU.SALES@ODFJELL.COM,SEABROOK,TX,YES,NO,NO,YES,NO,YES,NO,NO,NO,YES,NO,NO,NO,NO,NO,NO,NO,NO,NO,YES,YES,NO,YES,YES,YES,NO,Details,https://www.odfjell.com/terminals/houston-usa/,(All)
OMAHA TRANSLOADING,STEVE@OMAHATRANSLOADING.COM,COUNCIL BLUFFS,IA,NO,NO,NO,NO,NO,NO,NO,NO,NO,NO,NO,NO,NO,NO,NO,NO,NO,NO,NO,NO,NO,NO,NO,NO,NO,NO,Details,"https://www.google.com/maps/place/Omaha+Transloading+Corporation/@41.2450667,-95.9173817,840m/data=!3m1!1e3!4m5!3m4!1s0x0:0xe242c9b2bdd4fa4b!8m2!3d41.2433264!4d-95.9180318",(All)
OMAHA TRANSLOADING,STEVE@OMAHATRANSLOADING.COM,OMAHA,NE,NO,NO,NO,NO,NO,NO,NO,NO,NO,NO,NO,NO,NO,NO,NO,NO,NO,NO,NO,NO,NO,NO,NO,NO,NO,NO,Details,"https://www.google.com/maps/place/Omaha+Transloading+Corporation/@41.2450667,-95.9173817,840m/data=!3m1!1e3!4m5!3m4!1s0x0:0xe242c9b2bdd4fa4b!8m2!3d41.2433264!4d-95.9180318",(All)
OMNITRAX ENERGY SERVICES,SEUBANK@OMNITRAX.COM,BIG LAKE,TX,NO,NO,NO,NO,NO,NO,NO,NO,NO,NO,NO,NO,NO,NO,NO,NO,NO,NO,NO,NO,NO,NO,NO,NO,NO,NO,Details,http://omnitrax.com/wp-content/uploads/2015/01/ATNOLS.pdf,(All)
OMNITRAX ENERGY SERVICES,SEUBANK@OMNITRAX.COM,FT COLLINS,CO,NO,NO,NO,NO,NO,NO,NO,NO,NO,NO,NO,NO,NO,NO,NO,NO,NO,NO,NO,NO,NO,NO,NO,NO,NO,NO,Details,http://omnitrax.com/wp-content/uploads/2015/01/ATNOLS.pdf,(All)
OMNITRAX LOGISTICS SERVICES,SEUBANK@OMNITRAX.COM,ALBANY,GA,NO,NO,NO,NO,NO,NO,NO,NO,NO,NO,NO,NO,NO,NO,NO,NO,NO,NO,NO,NO,NO,NO,NO,NO,NO,NO,Details,http://omnitrax.com/wp-content/uploads/2015/01/ATNOLS.pdf,(All)
OMNITRAX LOGISTICS SERVICES,SEUBANK@OMNITRAX.COM,ATLANTA,GA,NO,NO,NO,NO,NO,NO,NO,NO,NO,NO,NO,NO,NO,NO,NO,NO,NO,NO,NO,NO,NO,NO,NO,NO,NO,NO,Details,http://omnitrax.com/wp-content/uploads/2015/01/ATNOLS.pdf,(All)
OMNITRAX LOGISTICS SERVICES,SEUBANK@OMNITRAX.COM,BAINVILLE,MT,NO,NO,NO,NO,NO,NO,NO,NO,NO,NO,NO,NO,NO,NO,NO,NO,NO,NO,NO,NO,NO,NO,NO,NO,NO,NO,Details,http://omnitrax.com/wp-content/uploads/2015/01/ATNOLS.pdf,(All)
OMNITRAX LOGISTICS SERVICES,SEUBANK@OMNITRAX.COM,BORGER,TX,NO,NO,NO,NO,NO,NO,NO,NO,NO,NO,NO,NO,NO,NO,NO,NO,NO,NO,NO,NO,NO,NO,NO,NO,NO,NO,Details,http://omnitrax.com/wp-content/uploads/2015/01/ATNOLS.pdf,(All)
OMNITRAX LOGISTICS SERVICES,SEUBANK@OMNITRAX.COM,BROWNSVILLE,TX,NO,NO,NO,NO,NO,NO,NO,NO,NO,NO,NO,NO,NO,NO,NO,NO,NO,NO,NO,NO,NO,NO,NO,NO,NO,NO,Details,http://omnitrax.com/wp-content/uploads/2015/01/ATNOLS.pdf,(All)
OMNITRAX LOGISTICS SERVICES,SEUBANK@OMNITRAX.COM,COTULLA,TX,NO,NO,NO,NO,NO,NO,NO,NO,NO,NO,NO,NO,NO,NO,NO,NO,NO,NO,NO,NO,NO,NO,NO,NO,NO,NO,Details,http://omnitrax.com/wp-content/uploads/2015/01/ATNOLS.pdf,(All)
OMNITRAX LOGISTICS SERVICES,SEUBANK@OMNITRAX.COM,GADSDEN,AL,NO,NO,NO,NO,NO,NO,NO,NO,NO,NO,NO,NO,NO,NO,NO,NO,NO,NO,NO,NO,NO,NO,NO,NO,NO,NO,Details,http://omnitrax.com/wp-content/uploads/2015/01/ATNOLS.pdf,(All)
OMNITRAX LOGISTICS SERVICES,SEUBANK@OMNITRAX.COM,GREELEY,CO,NO,NO,NO,NO,NO,NO,NO,NO,NO,NO,NO,NO,NO,NO,NO,NO,NO,NO,NO,NO,NO,NO,NO,NO,NO,NO,Details,http://omnitrax.com/wp-content/uploads/2015/01/ATNOLS.pdf,(All)
OMNITRAX LOGISTICS SERVICES,SEUBANK@OMNITRAX.COM,KELIM,CO,NO,NO,NO,NO,NO,NO,NO,NO,NO,NO,NO,NO,NO,NO,NO,NO,NO,NO,NO,NO,NO,NO,NO,NO,NO,NO,Details,http://omnitrax.com/wp-content/uploads/2015/01/ATNOLS.pdf,(All)
OMNITRAX LOGISTICS SERVICES,SEUBANK@OMNITRAX.COM,LACKAWANNA,NY,NO,NO,NO,NO,NO,NO,NO,NO,NO,NO,NO,NO,NO,NO,NO,NO,NO,NO,NO,NO,NO,NO,NO,NO,NO,NO,Details,http://omnitrax.com/wp-content/uploads/2015/01/ATNOLS.pdf,(All)
OMNITRAX LOGISTICS SERVICES,SEUBANK@OMNITRAX.COM,LOVELAND,CO,NO,NO,NO,NO,NO,NO,NO,NO,NO,NO,NO,NO,NO,NO,NO,NO,NO,NO,NO,NO,NO,NO,NO,NO,NO,NO,Details,http://omnitrax.com/wp-content/uploads/2015/01/ATNOLS.pdf,(All)
OMNITRAX LOGISTICS SERVICES,SEUBANK@OMNITRAX.COM,SAND SPRINGS,OK,NO,NO,NO,NO,NO,NO,NO,NO,NO,NO,NO,NO,NO,NO,NO,NO,NO,NO,NO,NO,NO,NO,NO,NO,NO,NO,Details,http://omnitrax.com/wp-content/uploads/2015/01/ATNOLS.pdf,(All)
OMNITRAX LOGISTICS SERVICES,SEUBANK@OMNITRAX.COM,STOCKTON,CA,NO,NO,NO,NO,NO,NO,NO,NO,NO,NO,NO,NO,NO,NO,NO,NO,NO,NO,NO,NO,NO,NO,NO,NO,NO,NO,Details,http://omnitrax.com/wp-content/uploads/2015/01/ATNOLS.pdf,(All)
OMNITRAX LOGISTICS SERVICES,SEUBANK@OMNITRAX.COM,TULSA,OK,NO,NO,NO,NO,NO,NO,NO,NO,NO,NO,NO,NO,NO,NO,NO,NO,NO,NO,NO,NO,NO,NO,NO,NO,NO,NO,Details,http://omnitrax.com/wp-content/uploads/2015/01/ATNOLS.pdf,(All)
OMNITRAX LOGISTICS SERVICES,SEUBANK@OMNITRAX.COM,WINDSOR,CO,NO,NO,NO,NO,NO,NO,NO,NO,NO,NO,NO,NO,NO,NO,NO,NO,NO,NO,NO,NO,NO,NO,NO,NO,NO,NO,Details,http://omnitrax.com/wp-content/uploads/2015/01/ATNOLS.pdf,(All)
OREGON TRANSFER,www.oregontransfer.com/?page_id=14,MILWAUKEE,OR,NO,NO,NO,NO,NO,NO,NO,NO,NO,NO,NO,NO,NO,NO,NO,NO,NO,NO,NO,NO,NO,NO,NO,NO,NO,NO,Details,https://oregontransfer.com/?page_id=2611#transportation,(All)
OREGON TRANSFER,www.oregontransfer.com/?page_id=14,PORTLAND,OR,NO,NO,NO,NO,NO,NO,NO,NO,NO,NO,NO,NO,NO,NO,NO,NO,NO,NO,NO,NO,NO,NO,NO,NO,NO,NO,Details,https://oregontransfer.com/?page_id=2611#transportation,(All)
OROVILLE REMAN & RELOAD INC,,OROVILLE,WA,NO,NO,NO,NO,NO,NO,NO,YES,NO,NO,NO,NO,NO,NO,NO,NO,NO,NO,NO,NO,NO,NO,NO,NO,NO,NO,Details,https://www.orovilleremanandreload.com/,(All)
PACIFIC COAST CONTAINER INC,INFO@PCCLOGISTICS.COM,CARSON,CA,NO,NO,NO,NO,NO,NO,NO,NO,NO,NO,NO,NO,NO,NO,NO,NO,NO,NO,NO,NO,NO,NO,NO,NO,NO,NO,Details,https://pcclogistics.com/locations/,(All)
PACIFIC COAST CONTAINER INC,INFO@PCCLOGISTICS.COM,OAKLAND,CA,NO,NO,NO,NO,NO,NO,NO,NO,NO,NO,NO,NO,NO,NO,NO,NO,NO,NO,NO,NO,NO,NO,NO,NO,NO,NO,Details,https://pcclogistics.com/locations/,(All)
PACIFIC COAST CONTAINER INC,INFO@PCCLOGISTICS.COM,SEATTLE,WA,NO,NO,NO,NO,NO,NO,NO,NO,NO,NO,NO,NO,NO,NO,NO,NO,NO,NO,NO,NO,NO,NO,NO,NO,NO,NO,Details,https://pcclogistics.com/locations/,(All)
PACIFIC COAST CONTAINER INC,INFO@PCCLOGISTICS.COM,TACOMA,WA,NO,NO,NO,NO,NO,NO,NO,NO,NO,NO,NO,NO,NO,NO,NO,NO,NO,NO,NO,NO,NO,NO,NO,NO,NO,NO,Details,https://pcclogistics.com/locations/,(All)
PACIFIC TERMINALS LTD,NCTUCKER@PACIFICTERMINALS.COM,SEATTLE,WA,NO,NO,NO,NO,NO,NO,NO,NO,NO,NO,NO,NO,NO,NO,NO,NO,NO,NO,NO,NO,NO,NO,NO,NO,NO,NO,Details,http://www.pacificterminals.com/location,(All)
PANTHER INDUSTRIES,WWW.LINKEDIN.COM/IN/PANTHER-INDUSTRIES-INC-3A4A33130,ALLAN MINES,SK,NO,NO,YES,NO,NO,NO,YES,YES,NO,NO,NO,YES,YES,NO,NO,NO,YES,NO,NO,NO,NO,NO,YES,YES,NO,NO,Details,,(All)
PANTHER INDUSTRIES,WWW.LINKEDIN.COM/IN/PANTHER-INDUSTRIES-INC-3A4A33130,DAVISDON,SK,NO,NO,YES,NO,NO,NO,YES,YES,NO,NO,NO,YES,YES,NO,NO,NO,YES,NO,NO,NO,NO,NO,YES,YES,NO,NO,Details,,(All)
PANTHER INDUSTRIES,WWW.LINKEDIN.COM/IN/PANTHER-INDUSTRIES-INC-3A4A33130,STURGEON COUNTY,AB,YES,NO,NO,YES,NO,NO,YES,YES,NO,NO,NO,YES,NO,NO,NO,NO,NO,NO,NO,NO,YES,NO,NO,YES,NO,NO,Details,,(All)
PARTNERS DINENSIONAL SERVICES LLC,INFO@PARTNERSWAREHOUSE.COM,EOLA,IL,NO,NO,NO,NO,NO,NO,NO,YES,NO,NO,NO,YES,NO,NO,NO,NO,NO,NO,NO,NO,NO,NO,NO,NO,NO,NO,Details,http://www.partnerswarehouse.com/facilities/aurora-eola/,(All)
PENINSULA TERMINAL CO,JEVIZCARRA@PENINSULATERMINAL.COM,NORTH PORTLAND,OR,NO,NO,NO,NO,NO,NO,NO,NO,NO,NO,NO,NO,NO,NO,NO,NO,NO,NO,NO,NO,NO,NO,NO,NO,NO,NO,Details,http://www.peninsulaterminal.com/transload.php,(All)
PHILLIPS STATION,,KENNEDYVILLE,MD,NO,NO,NO,NO,YES,NO,NO,NO,NO,NO,NO,NO,NO,NO,NO,NO,YES,NO,NO,NO,NO,NO,NO,YES,NO,NO,Details,"https://www.google.com/maps/place/Phillips+Station,+LLC/@39.3054018,-75.9895169,1781m/data=!3m1!1e3!4m5!3m4!1s0x0:0xe50c124b799f1279!8m2!3d39.3062781!4d-75.9933547",(All)
PICKENS RAILWAY COMPANY,HUNTERSIMS@PICKENRAILWAY.COM,CORNELIA,GA,NO,NO,NO,NO,NO,NO,NO,NO,NO,NO,NO,NO,NO,NO,NO,NO,NO,NO,NO,NO,NO,NO,NO,NO,NO,NO,Details,https://www.pickensrailway.com/,(All)
PLASTIC CONVERSION SERVICES,WWW.LINKEDIN.COM/IN/MICHAEL-PUTT-26301554,WINTER HAVEN,FL,NO,NO,NO,NO,NO,NO,NO,NO,NO,NO,YES,NO,NO,NO,NO,YES,NO,NO,NO,NO,NO,YES,YES,YES,NO,NO,Details,https://plasticconversion.com/,(All)
PLASTIC EXPRESS,MIKE.COOTS@PLASTICEXPRESS.COM,ANAHEIM,CA,NO,NO,NO,NO,NO,NO,NO,NO,NO,NO,YES,NO,NO,NO,NO,NO,NO,NO,NO,NO,NO,NO,YES,YES,NO,NO,Details,http://www.plasticexpress.com/operations/,(All)
PLASTIC EXPRESS,MIKE.COOTS@PLASTICEXPRESS.COM,CHICAGO,IL,NO,NO,NO,NO,NO,NO,NO,NO,NO,NO,YES,NO,NO,NO,NO,NO,NO,NO,NO,NO,NO,NO,YES,YES,NO,NO,Details,http://www.plasticexpress.com/operations/,(All)
PLASTIC EXPRESS,MIKE.COOTS@PLASTICEXPRESS.COM,CITY OF INDUSTRY,CA,NO,NO,NO,NO,NO,NO,NO,NO,NO,NO,YES,NO,NO,NO,NO,NO,NO,NO,NO,NO,NO,NO,YES,YES,NO,NO,Details,http://www.plasticexpress.com/operations/,(All)
PLASTIC EXPRESS,MIKE.COOTS@PLASTICEXPRESS.COM,COMMERCE,CA,NO,NO,NO,NO,NO,NO,NO,NO,NO,NO,YES,NO,NO,NO,NO,NO,NO,NO,NO,NO,NO,NO,YES,YES,NO,NO,Details,http://www.plasticexpress.com/operations/,(All)
PLASTIC EXPRESS,MIKE.COOTS@PLASTICEXPRESS.COM,FULLERTON,CA,NO,NO,NO,NO,NO,NO,NO,NO,NO,NO,YES,NO,NO,NO,NO,NO,NO,NO,NO,NO,NO,NO,YES,YES,NO,NO,Details,http://www.plasticexpress.com/operations/,(All)
PLASTIC EXPRESS,MIKE.COOTS@PLASTICEXPRESS.COM,GUILDERLAND CENTER,NY,NO,NO,NO,NO,NO,NO,NO,NO,NO,NO,YES,NO,NO,NO,NO,NO,NO,NO,NO,NO,NO,NO,YES,YES,NO,NO,Details,http://www.plasticexpress.com/operations/,(All)
PLASTIC EXPRESS,MIKE.COOTS@PLASTICEXPRESS.COM,KENT,WA,NO,NO,NO,NO,NO,NO,NO,NO,NO,NO,YES,NO,NO,NO,NO,NO,NO,NO,NO,NO,NO,NO,YES,YES,NO,NO,Details,http://www.plasticexpress.com/operations/,(All)
PLASTIC EXPRESS,MIKE.COOTS@PLASTICEXPRESS.COM,KINGMAN,AZ,NO,NO,NO,NO,NO,NO,NO,NO,NO,NO,YES,NO,NO,NO,NO,NO,NO,NO,NO,NO,NO,NO,YES,YES,NO,NO,Details,http://www.plasticexpress.com/operations/,(All)
PLASTIC EXPRESS,MIKE.COOTS@PLASTICEXPRESS.COM,MINNEAPOLIS,MN,NO,NO,NO,NO,NO,NO,NO,NO,NO,NO,YES,NO,NO,NO,NO,NO,NO,NO,NO,NO,NO,NO,YES,YES,NO,NO,Details,http://www.plasticexpress.com/operations/,(All)
PLASTIC EXPRESS,MIKE.COOTS@PLASTICEXPRESS.COM,NATIONAL CITY,CA,NO,NO,NO,NO,NO,NO,NO,NO,NO,NO,YES,NO,NO,NO,NO,NO,NO,NO,NO,NO,NO,NO,YES,YES,NO,NO,Details,http://www.plasticexpress.com/operations/,(All)
PLASTIC EXPRESS,MIKE.COOTS@PLASTICEXPRESS.COM,PASADENA,TX,NO,NO,NO,NO,NO,NO,NO,NO,NO,NO,YES,NO,NO,NO,NO,NO,NO,NO,NO,NO,NO,NO,YES,YES,NO,NO,Details,http://www.plasticexpress.com/operations/,(All)
PLASTIC EXPRESS,MIKE.COOTS@PLASTICEXPRESS.COM,PICO RIVERA,CA,NO,NO,NO,NO,NO,NO,NO,NO,NO,NO,YES,NO,NO,NO,NO,NO,NO,NO,NO,NO,NO,NO,YES,YES,NO,NO,Details,http://www.plasticexpress.com/operations/,(All)
PLASTIC EXPRESS,MIKE.COOTS@PLASTICEXPRESS.COM,POOLER,GA,NO,NO,NO,NO,NO,NO,NO,NO,NO,NO,YES,NO,NO,NO,NO,NO,NO,NO,NO,NO,NO,NO,YES,YES,NO,NO,Details,http://www.plasticexpress.com/operations/,(All)
PLASTIC EXPRESS,MIKE.COOTS@PLASTICEXPRESS.COM,PORTLAND,OR,NO,NO,NO,NO,NO,NO,NO,NO,NO,NO,YES,NO,NO,NO,NO,NO,NO,NO,NO,NO,NO,NO,YES,YES,NO,NO,Details,http://www.plasticexpress.com/operations/,(All)
PLASTIC EXPRESS,MIKE.COOTS@PLASTICEXPRESS.COM,RANCHO CUCAMONGA,CA,NO,NO,NO,NO,NO,NO,NO,NO,NO,NO,YES,NO,NO,NO,NO,NO,NO,NO,NO,NO,NO,NO,YES,YES,NO,NO,Details,http://www.plasticexpress.com/operations/,(All)
PLASTIC EXPRESS,MIKE.COOTS@PLASTICEXPRESS.COM,SALEM,OR,NO,NO,NO,NO,NO,NO,NO,NO,NO,NO,YES,NO,NO,NO,NO,NO,NO,NO,NO,NO,NO,NO,YES,YES,NO,NO,Details,http://www.plasticexpress.com/operations/,(All)
PLASTIC EXPRESS,MIKE.COOTS@PLASTICEXPRESS.COM,SAN BERNARDINO,CA,NO,NO,NO,NO,NO,NO,NO,NO,NO,NO,YES,NO,NO,NO,NO,NO,NO,NO,NO,NO,NO,NO,YES,YES,NO,NO,Details,http://www.plasticexpress.com/operations/,(All)
PLASTIC EXPRESS,MIKE.COOTS@PLASTICEXPRESS.COM,SAN DIEGO,CA,NO,NO,NO,NO,NO,NO,NO,NO,NO,NO,YES,NO,NO,NO,NO,NO,NO,NO,NO,NO,NO,NO,YES,YES,NO,NO,Details,http://www.plasticexpress.com/operations/,(All)
PLASTIC EXPRESS,MIKE.COOTS@PLASTICEXPRESS.COM,SAND SPRINGS,OK,NO,NO,NO,NO,NO,NO,NO,NO,NO,NO,YES,NO,NO,NO,NO,NO,NO,NO,NO,NO,NO,NO,YES,YES,NO,NO,Details,http://www.plasticexpress.com/operations/,(All)
PLASTIC EXPRESS,MIKE.COOTS@PLASTICEXPRESS.COM,SOUTH ANAHEIM,CA,NO,NO,NO,NO,NO,NO,NO,NO,NO,NO,YES,NO,NO,NO,NO,NO,NO,NO,NO,NO,NO,NO,YES,YES,NO,NO,Details,http://www.plasticexpress.com/operations/,(All)
PLASTIC EXPRESS,MIKE.COOTS@PLASTICEXPRESS.COM,ST PAUL,MN,NO,NO,NO,NO,NO,NO,NO,NO,NO,NO,YES,NO,NO,NO,NO,NO,NO,NO,NO,NO,NO,NO,YES,YES,NO,NO,Details,http://www.plasticexpress.com/operations/,(All)
PLASTIC EXPRESS,MIKE.COOTS@PLASTICEXPRESS.COM,STOCKTON,CA,NO,NO,NO,NO,NO,NO,NO,NO,NO,NO,YES,NO,NO,NO,NO,NO,NO,NO,NO,NO,NO,NO,YES,YES,NO,NO,Details,http://www.plasticexpress.com/operations/,(All)
PLASTIC EXPRESS,MIKE.COOTS@PLASTICEXPRESS.COM,TACOMA,WA,NO,NO,NO,NO,NO,NO,NO,NO,NO,NO,YES,NO,NO,NO,NO,NO,NO,NO,NO,NO,NO,NO,YES,YES,NO,NO,Details,http://www.plasticexpress.com/operations/,(All)
PLASTIC EXPRESS,MIKE.COOTS@PLASTICEXPRESS.COM,TULSA,OK,NO,NO,NO,NO,NO,NO,NO,NO,NO,NO,YES,NO,NO,NO,NO,NO,NO,NO,NO,NO,NO,NO,YES,YES,NO,NO,Details,http://www.plasticexpress.com/operations/,(All)
PLASTIC EXPRESS,MIKE.COOTS@PLASTICEXPRESS.COM,VANCOUVER,WA,NO,NO,NO,NO,NO,NO,NO,NO,NO,NO,YES,NO,NO,NO,NO,NO,NO,NO,NO,NO,NO,NO,YES,YES,NO,NO,Details,http://www.plasticexpress.com/operations/,(All)
PLASTIC EXPRESS,MIKE.COOTS@PLASTICEXPRESS.COM,VIDAL,CA,NO,NO,NO,NO,NO,NO,NO,NO,NO,NO,YES,NO,NO,NO,NO,NO,NO,NO,NO,NO,NO,NO,YES,YES,NO,NO,Details,http://www.plasticexpress.com/operations/,(All)
PLASTIC EXPRESS,MIKE.COOTS@PLASTICEXPRESS.COM,WOLCOTT,IN,NO,NO,NO,NO,NO,NO,NO,NO,NO,NO,YES,NO,NO,NO,NO,NO,NO,NO,NO,NO,NO,NO,YES,YES,NO,NO,Details,http://www.plasticexpress.com/operations/,(All)
PORT OF MONTANA PORT AUTHORITY,KATHY@PORTOFMONTANA.ORG,SILVER BOW,MT,NO,NO,NO,NO,NO,NO,NO,YES,NO,NO,NO,YES,NO,NO,NO,NO,NO,NO,NO,NO,NO,NO,NO,NO,NO,NO,Details,https://www.portofmontana.org/transload,(All)
PORT OF OGDENSBURG,JRISHE@OGDENSPORT.COM,OGDENSBURG,NY,NO,NO,NO,NO,NO,NO,NO,YES,YES,NO,NO,YES,NO,YES,NO,NO,YES,NO,NO,NO,NO,NO,NO,YES,NO,NO,Details,http://www.ogdensport.com/,(All)
PORT OF TUCSON,RECEPTIONIST@PORTOFTUCSON.COM,TUCSON,AZ,NO,NO,NO,NO,NO,NO,NO,YES,NO,NO,NO,YES,NO,NO,NO,NO,NO,NO,NO,NO,NO,NO,NO,NO,NO,NO,Details,http://0370bdc.netsolhost.com/PortofTucson/rail/,(All)
PORT OF WEST VIRGINIA,AKAUFMAN@EMPIREDE.COM,FOLLANSBEE,WV,YES,YES,YES,YES,YES,YES,YES,YES,YES,YES,YES,YES,NO,NO,NO,NO,NO,NO,NO,NO,NO,NO,NO,NO,NO,NO,Details,WWW.EMPIREDIVERSIFIEDENERGY.COM,(All)
PRECISION TERMINAL LOGISTICS LLC,JHODGE@PRECISIONTL.COM,EL RENO,OK,NO,NO,NO,NO,NO,NO,YES,NO,NO,NO,NO,NO,NO,NO,NO,NO,NO,NO,NO,NO,NO,NO,NO,NO,NO,NO,Details,https://www.precisiontl.com/#,(All)
PRECISION TERMINAL LOGISTICS LLC,JHODGE@PRECISIONTL.COM,ELMENDORF,TX,NO,NO,NO,NO,NO,NO,YES,NO,NO,NO,NO,NO,NO,NO,NO,NO,NO,NO,NO,NO,NO,NO,NO,NO,NO,NO,Details,https://www.precisiontl.com/#,(All)
PRECISION TERMINAL LOGISTICS LLC,JHODGE@PRECISIONTL.COM,JACKSON,MS,NO,NO,NO,NO,NO,NO,YES,NO,NO,NO,NO,NO,NO,NO,NO,NO,NO,NO,NO,NO,NO,NO,NO,YES,NO,NO,Details,https://www.precisiontl.com/#,(All)
PRECISION TERMINAL LOGISTICS LLC,JHODGE@PRECISIONTL.COM,JEFFERSONVILLE,IN,NO,NO,NO,NO,YES,NO,NO,NO,NO,NO,NO,NO,NO,NO,NO,YES,NO,NO,NO,NO,NO,NO,YES,YES,NO,NO,Details,https://www.precisiontl.com/#,(All)
PRECISION TERMINAL LOGISTICS LLC,JHODGE@PRECISIONTL.COM,LOVING,NM,NO,NO,NO,NO,NO,NO,YES,NO,NO,NO,NO,NO,NO,NO,NO,NO,NO,NO,NO,NO,NO,NO,NO,YES,NO,NO,Details,https://www.precisiontl.com/#,(All)
PRECISION TERMINAL LOGISTICS LLC,JHODGE@PRECISIONTL.COM,PEARL,MS,NO,NO,NO,NO,NO,NO,YES,NO,NO,NO,NO,NO,NO,NO,NO,NO,NO,NO,NO,NO,NO,NO,NO,YES,NO,NO,Details,https://www.precisiontl.com/#,(All)
PRECISION TERMINAL LOGISTICS LLC,JHODGE@PRECISIONTL.COM,SAN ANTONIO,TX,NO,NO,NO,NO,NO,NO,YES,NO,NO,NO,NO,NO,NO,NO,NO,NO,NO,NO,NO,NO,NO,NO,NO,YES,NO,NO,Details,https://www.precisiontl.com/#,(All)
PRINEVILLE FREIGHT DEPOT,,PRINEVILLE,OR,NO,NO,NO,NO,NO,NO,NO,NO,NO,NO,NO,NO,NO,NO,NO,NO,NO,NO,NO,NO,NO,NO,NO,NO,NO,NO,Details,"https://www.google.com/maps/place/Prineville+freight+depot/@44.3346988,-120.8897522,377m/data=!3m1!1e3!4m5!3m4!1s0x0:0x3a157e73af9edf0f!8m2!3d44.335032!4d-120.890846",(All)
PVS TRANSPORTATION,SALES@PVSCHEMICALS.COM,DETROIT,MI,YES,NO,NO,YES,NO,NO,NO,NO,NO,YES,NO,NO,YES,NO,YES,NO,NO,NO,NO,YES,YES,NO,YES,YES,YES,NO,Details,https://www.pvschemicals.com/our-services/,(All)
QUALITY DISTRIBUTION,INFO@BAKERSFIELDQDC.COM,BAKERSFIELD,CA,NO,NO,NO,NO,YES,NO,NO,NO,NO,NO,NO,NO,NO,NO,NO,NO,YES,NO,NO,NO,NO,NO,NO,NO,NO,NO,Details,http://www.bakersfieldqdc.com/,(All)
QUALITY TRANSLOAD INC,SALES@QUALITYDISTRIBUTION.COM,APPLETON,WI,YES,NO,NO,YES,NO,NO,NO,NO,NO,YES,NO,NO,YES,NO,NO,NO,NO,NO,NO,YES,NO,NO,YES,YES,YES,YES,Details,https://www.qualitydistribution.com/About-QDI/Our-Companies/Quality-Transload-Terminals.aspx,(All)
QUALITY TRANSLOAD INC,SALES@QUALITYDISTRIBUTION.COM,EAST ST LOUIS,IL,YES,NO,NO,YES,NO,NO,NO,NO,NO,YES,NO,NO,YES,NO,NO,NO,NO,NO,NO,YES,NO,NO,YES,YES,YES,YES,Details,https://www.qualitydistribution.com/About-QDI/Our-Companies/Quality-Transload-Terminals.aspx,(All)
QUALITY TRANSLOAD INC,SALES@QUALITYDISTRIBUTION.COM,KENT,WA,YES,NO,NO,YES,NO,NO,NO,NO,NO,YES,NO,NO,YES,NO,NO,NO,NO,NO,NO,YES,NO,NO,YES,YES,YES,YES,Details,https://www.qualitydistribution.com/About-QDI/Our-Companies/Quality-Transload-Terminals.aspx,(All)
QUALITY TRANSLOAD INC,SALES@QUALITYDISTRIBUTION.COM,MEMPHIS,TN,YES,NO,NO,YES,NO,NO,NO,NO,NO,YES,NO,NO,YES,NO,NO,NO,NO,NO,NO,YES,NO,NO,YES,YES,YES,YES,Details,https://www.qualitydistribution.com/About-QDI/Our-Companies/Quality-Transload-Terminals.aspx,(All)
QUALITY TRANSLOAD INC,SALES@QUALITYDISTRIBUTION.COM,PASADENA,TX,YES,NO,NO,YES,NO,NO,NO,NO,NO,YES,NO,NO,YES,NO,NO,NO,NO,NO,NO,YES,NO,NO,YES,YES,YES,YES,Details,https://www.qualitydistribution.com/About-QDI/Our-Companies/Quality-Transload-Terminals.aspx,(All)
QUALITY TRANSLOAD INC,SALES@QUALITYDISTRIBUTION.COM,ROANOKE,VA,YES,NO,NO,YES,NO,NO,NO,NO,NO,YES,NO,NO,YES,NO,NO,NO,NO,NO,NO,YES,NO,NO,YES,YES,YES,YES,Details,https://www.qualitydistribution.com/About-QDI/Our-Companies/Quality-Transload-Terminals.aspx,(All)
QUALITY TRANSLOAD INC,SALES@QUALITYDISTRIBUTION.COM,SAGINAW,TX,YES,NO,NO,YES,NO,NO,NO,NO,NO,YES,NO,NO,YES,NO,NO,NO,NO,NO,NO,YES,NO,NO,YES,YES,YES,YES,Details,https://www.qualitydistribution.com/About-QDI/Our-Companies/Quality-Transload-Terminals.aspx,(All)
RAIL & TRANSLOAD INC,LINDSAY.BRISKY@TRANSLOADWI.COM,WATERTOWN,WI,NO,NO,YES,NO,YES,NO,NO,NO,NO,NO,NO,NO,NO,NO,NO,NO,YES,NO,NO,NO,NO,NO,YES,YES,NO,NO,Details,https://transloadwi.com/about/,(All)
RAIL TO ROAD TRANSLOADING,TRANSLOAD@RAILTOROAD.COM,SIOUX FALLS,SD,NO,NO,NO,NO,NO,NO,YES,NO,NO,NO,NO,NO,NO,NO,NO,NO,NO,NO,NO,NO,NO,NO,NO,NO,NO,NO,Details,http://railtoroad.com/Services#transloading,(All)
RAPID RELOAD,MTISCARENO@RAPID-RELOAD.COM,GOLDEN,CO,NO,NO,NO,NO,NO,NO,NO,NO,NO,NO,NO,NO,NO,NO,NO,NO,NO,NO,NO,NO,NO,NO,NO,NO,NO,NO,Details,https://rapid-reload.business.site/,(All)
RCR Hempstead Rail Park,cody@rcrrailco.com,Hempstead,TX,YES,YES,YES,YES,YES,YES,YES,YES,YES,YES,YES,YES,YES,NO,NO,YES,NO,NO,YES,YES,NO,YES,YES,YES,YES,NO,Details,https://hempstead.rcrrailco.com/,(All)
RCR Taylor Rail Park,cody@rcrrailco.com,Taylor,TX,YES,YES,YES,YES,YES,YES,YES,YES,YES,YES,YES,YES,YES,NO,NO,YES,NO,NO,YES,YES,NO,YES,YES,YES,YES,NO,Details,"RCR Taylor Logistics Park – A Union Pacific and BNSF Rail-Served Logistics Park in Taylor, TX (rcrrailco.com)",(All)
RED RIVER SUPPLY INC,WWW.LINKEDIN.COM/IN/TORREY-VESTAL-013687110,WILLISTON,ND,NO,NO,NO,NO,NO,NO,NO,NO,NO,NO,NO,NO,NO,NO,NO,NO,NO,NO,NO,NO,NO,NO,NO,NO,NO,NO,Details,https://www.redriversupply.us/TransloadFacilities,(All)
REILE'S TRANSFER & DELIVERY INC,WWW.LINKEDIN.COM/IN/CHRIS-BRUCKS-7BB44BB,GRAND FORKS,ND,NO,NO,NO,NO,NO,NO,NO,NO,NO,NO,NO,NO,NO,NO,NO,NO,NO,NO,NO,NO,NO,NO,NO,NO,NO,NO,Details,http://www.reiles.com/transload/,(All)
RIVERSIDE RELOAD CENTER,RDESROSIER@VRS.US.COM,RIVERSIDE,VT,NO,NO,NO,NO,NO,NO,NO,YES,YES,NO,NO,YES,NO,YES,NO,NO,YES,NO,NO,NO,NO,NO,NO,YES,NO,NO,Details,http://www.vrs.us.com/partners/riverside.html,(All)
RJ CORMAN,ADAM.BOYLES@RJCORMAN.COM,MT HOPE,WV,NO,NO,YES,YES,YES,YES,YES,NO,YES,YES,YES,NO,NO,NO,NO,NO,NO,NO,NO,NO,NO,NO,NO,NO,NO,NO,Details,RJ Corman Transload Location Guide.pdf,(All)
RJ CORMAN,ADAM.BOYLES@RJCORMAN.COM,WHITEVILLE,NC,NO,NO,NO,NO,NO,NO,NO,YES,NO,NO,NO,NO,NO,NO,NO,NO,NO,NO,NO,NO,NO,NO,NO,YES,NO,NO,Details,RJ Corman Transload Location Guide.pdf,(All)
RJ CORMAN,GRANT.CHANEY@RJCORMAN.COM,COOKEVILLE,TN,NO,NO,YES,YES,YES,YES,YES,YES,YES,YES,YES,YES,NO,NO,NO,NO,NO,NO,NO,NO,NO,NO,NO,NO,NO,NO,Details,RJ Corman Transload Location Guide.pdf,(All)
RJ CORMAN,GRANT.CHANEY@RJCORMAN.COM,OLD HICKORY,TN,NO,NO,YES,YES,YES,YES,YES,NO,YES,YES,YES,NO,NO,NO,NO,NO,NO,NO,NO,NO,NO,NO,YES,YES,NO,NO,Details,RJ Corman Transload Location Guide.pdf,(All)
RJ CORMAN,JOHN.GOGNIAT@RJCORMAN.COM,BUCKLAND,OH,NO,NO,NO,NO,YES,NO,NO,NO,NO,NO,YES,NO,NO,YES,NO,NO,YES,NO,NO,NO,NO,NO,YES,NO,NO,NO,Details,RJ Corman Transload Location Guide.pdf,(All)
RJ CORMAN,NICHOLAS.SPALDING@RJCORMAN.COM,CELINA,OH,NO,NO,NO,NO,YES,YES,NO,YES,NO,NO,NO,YES,NO,YES,NO,NO,YES,NO,NO,NO,NO,YES,YES,NO,NO,NO,Details,RJ Corman Transload Location Guide.pdf,(All)
RJ CORMAN,NICHOLAS.SPALDING@RJCORMAN.COM,GADSDEN,AL,YES,NO,YES,YES,NO,NO,YES,YES,YES,YES,YES,YES,NO,YES,NO,NO,NO,NO,NO,NO,NO,NO,YES,YES,NO,NO,Details,RJ Corman Transload Location Guide.pdf,(All)
RJ CORMAN,NICHOLAS.SPALDING@RJCORMAN.COM,GLASGOW,VA,NO,NO,YES,YES,YES,YES,YES,YES,YES,YES,YES,YES,NO,NO,NO,NO,NO,NO,NO,NO,NO,NO,NO,YES,NO,NO,Details,RJ Corman Transload Location Guide.pdf,(All)
RJ CORMAN,NICHOLAS.SPALDING@RJCORMAN.COM,STARKE,FL,NO,NO,NO,NO,NO,NO,NO,YES,YES,YES,YES,YES,NO,NO,NO,NO,NO,NO,NO,NO,NO,NO,YES,YES,NO,NO,Details,RJ Corman Transload Location Guide.pdf,(All)
RJ CORMAN,SHANNON.DROWN@RJCORMAN.COM,LEXINGTON,KY,YES,NO,YES,YES,YES,YES,NO,NO,YES,YES,YES,NO,YES,NO,NO,YES,YES,NO,NO,YES,YES,YES,YES,YES,NO,NO,Details,RJ Corman Transload Location Guide.pdf,(All)
RJ CORMAN (RSI LOGISTICS),ADAM.BOYLES@RJCORMAN.COM,ALLENTOWN,PA,NO,NO,NO,NO,NO,NO,YES,YES,YES,NO,YES,YES,NO,NO,NO,NO,NO,NO,NO,NO,NO,NO,NO,NO,NO,NO,Details,,(All)
RJ CORMAN (RSI LOGISTICS),ADAM.BOYLES@RJCORMAN.COM,CLARKSVILLE,TN,NO,NO,YES,YES,NO,NO,YES,YES,YES,YES,YES,YES,NO,NO,NO,NO,NO,NO,NO,NO,NO,NO,NO,NO,NO,NO,Details,,(All)
RJ CORMAN (RSI LOGISTICS),ADAM.BOYLES@RJCORMAN.COM,CONWAY,SC,NO,NO,YES,NO,NO,NO,YES,YES,YES,NO,YES,YES,NO,NO,NO,NO,NO,NO,NO,NO,NO,NO,NO,NO,NO,NO,Details,,(All)
RJ CORMAN (RSI LOGISTICS),ADAM.BOYLES@RJCORMAN.COM,DIBOLL,TX,NO,NO,YES,YES,NO,NO,YES,YES,YES,YES,YES,YES,NO,NO,NO,NO,NO,NO,NO,NO,NO,NO,NO,NO,NO,NO,Details,,(All)
RJ CORMAN (RSI LOGISTICS),ADAM.BOYLES@RJCORMAN.COM,DOVER,OH,NO,NO,YES,YES,NO,NO,YES,YES,YES,YES,YES,YES,NO,NO,NO,NO,NO,NO,NO,NO,NO,NO,NO,NO,NO,NO,Details,,(All)
RJ CORMAN (RSI LOGISTICS),ADAM.BOYLES@RJCORMAN.COM,LEBANON,TN,NO,NO,YES,YES,NO,NO,YES,YES,YES,YES,YES,YES,NO,NO,NO,NO,NO,NO,NO,NO,NO,NO,NO,NO,NO,NO,Details,,(All)
RJ CORMAN (RSI LOGISTICS),ADAM.BOYLES@RJCORMAN.COM,WOODBURN,KY,NO,NO,YES,YES,NO,NO,YES,YES,YES,YES,YES,YES,NO,NO,NO,NO,NO,NO,NO,NO,NO,NO,NO,YES,NO,NO,Details,,(All)
RJR TRANS LOADING,WWW.LINKEDIN.COM/IN/TRACEY-STEPHENS-5A4ABB60,EL RENO,OK,NO,NO,NO,NO,NO,NO,YES,NO,NO,NO,NO,NO,NO,NO,NO,NO,YES,NO,NO,NO,NO,NO,NO,NO,NO,NO,Details,"https://www.google.com/maps/place/1200+N+Grand+Ave,+El+Reno,+OK+73036/@35.5449557,-97.9582411,382m/data=!3m1!1e3!4m5!3m4!1s0x87adfb4ab841e9db:0x5e62a171d7304cb4!8m2!3d35.544753!4d-97.958504",(All)
RJR TRANS LOADING,WWW.LINKEDIN.COM/IN/TRACEY-STEPHENS-5A4ABB60,POCASSET,OK,NO,NO,NO,NO,NO,NO,YES,NO,NO,NO,NO,NO,NO,NO,NO,NO,YES,NO,NO,NO,NO,NO,NO,NO,NO,NO,Details,"https://www.google.com/maps/place/Pocasset,+OK+73079/@35.210812,-97.9514226,228m/data=!3m1!1e3!4m5!3m4!1s0x87ad8e18aea8bbf9:0x6b76022860e8cced!8m2!3d35.1936734!4d-97.9525455",(All)
ROCK ISLAND RIVER TERMINAL CORPORATION,Tom.Streight@alterlogistics.com,ROCK ISLAND,IL,NO,NO,NO,NO,NO,NO,YES,YES,YES,NO,NO,YES,NO,NO,NO,NO,NO,NO,NO,NO,NO,NO,NO,NO,NO,NO,Details,https://www.alterlogistics.com/,(All)
ROCKY MOUNTAIN TRANSLOAD INC,INFO@RMTCOMPANIES.COM,BRIGHTON,CO,NO,NO,YES,NO,NO,NO,YES,NO,YES,NO,NO,NO,NO,NO,NO,NO,YES,NO,NO,NO,NO,NO,YES,YES,NO,NO,Details,https://www.rmtcompanies.com/locations,(All)
ROCKY MOUNTAIN TRANSLOAD INC,INFO@RMTCOMPANIES.COM,COMMERCE CITY,CO,NO,NO,YES,NO,NO,NO,YES,NO,YES,NO,NO,NO,NO,NO,NO,NO,YES,NO,NO,NO,NO,NO,YES,YES,NO,NO,Details,https://www.rmtcompanies.com/locations,(All)
ROCKY MOUNTAIN TRANSLOAD INC,INFO@RMTCOMPANIES.COM,DENVER,CO,NO,NO,YES,NO,NO,NO,YES,NO,YES,NO,NO,NO,NO,NO,NO,NO,YES,NO,NO,NO,NO,NO,YES,YES,NO,NO,Details,https://www.rmtcompanies.com/locations,(All)
ROCKY MOUNTAIN TRANSLOAD INC,INFO@RMTCOMPANIES.COM,LUCERNE,CO,NO,NO,YES,NO,NO,NO,YES,NO,YES,NO,NO,NO,NO,NO,NO,NO,YES,NO,NO,NO,NO,NO,YES,YES,NO,NO,Details,https://www.rmtcompanies.com/locations,(All)
ROCKY MOUNTAIN TRANSLOAD INC,INFO@RMTCOMPANIES.COM,WINDSOR,CO,NO,NO,YES,NO,NO,NO,YES,NO,YES,NO,NO,NO,NO,NO,NO,NO,YES,NO,NO,NO,NO,NO,YES,YES,NO,NO,Details,https://www.rmtcompanies.com/locations,(All)
RSI LOGISTICS,INFO@RSILOGISTICS.COM,BUFFALO,NY,YES,NO,YES,YES,YES,YES,YES,YES,YES,YES,YES,YES,YES,YES,YES,YES,YES,YES,NO,NO,NO,YES,YES,YES,NO,NO,Details,https://www.rsilogistics.com/rail-solutions/rail-terminal-services/buffalo-ny-transload/,(All)
RSI LOGISTICS,INFO@RSILOGISTICS.COM,FORT LAUDERDALE,FL,YES,NO,YES,YES,YES,YES,YES,YES,YES,YES,YES,YES,YES,NO,YES,YES,YES,NO,NO,YES,NO,YES,YES,YES,NO,NO,Details,https://www.rsilogistics.com/rail-solutions/rail-terminal-services/fort-lauderdale-fl/,(All)
RSI LOGISTICS,INFO@RSILOGISTICS.COM,GEORGETOWN,SC,YES,NO,YES,YES,YES,YES,YES,YES,YES,YES,YES,YES,YES,YES,YES,YES,YES,YES,NO,NO,NO,YES,YES,YES,NO,NO,Details,https://www.rsilogistics.com/rail-solutions/rail-terminal-services/georgetown-sc/,(All)
RSI LOGISTICS,INFO@RSILOGISTICS.COM,GRAND RAPIDS,MI,YES,NO,YES,YES,YES,YES,YES,NO,YES,YES,YES,NO,YES,YES,YES,YES,YES,NO,NO,YES,NO,YES,YES,YES,NO,NO,Details,https://www.rsilogistics.com/rail-solutions/rail-terminal-services/grand-rapids-mi/,(All)
RSI LOGISTICS INC (DEVELOPMENT),INFO@RSILOGISTICS.COM,MADISON,IN,YES,NO,YES,YES,YES,YES,YES,YES,YES,YES,YES,YES,YES,NO,NO,YES,YES,NO,NO,YES,NO,YES,YES,YES,NO,NO,Details,https://www.rsilogistics.com/rail-solutions/rail-terminal-services/madison-in/,(All)
RSL RAILROAD LLC,GARRET@RSLRAIL.COM,MASSILLON,OH,NO,NO,NO,NO,NO,NO,YES,NO,YES,NO,NO,YES,NO,NO,NO,NO,YES,NO,NO,NO,NO,NO,YES,YES,NO,NO,Details,https://www.massillonlogistics.com/companies/republic-short-line/,(All)
RUNYON INDUSTRIES INC,SALES@RUNYONINDUSTRIES.COM,MEMPHIS,TN,NO,NO,NO,NO,YES,YES,NO,NO,NO,NO,NO,NO,YES,NO,NO,NO,NO,NO,NO,YES,YES,NO,YES,YES,YES,YES,Details,https://www.runyonind.com/transportation,(All)
RVJ INC,WWW.LINKEDIN.COM/IN/DAVID-JOHANSSON-646B89159,LEOMINSTER,MA,NO,NO,NO,NO,NO,NO,NO,NO,NO,NO,YES,NO,NO,NO,NO,YES,NO,NO,NO,NO,NO,NO,NO,YES,NO,NO,Details,"https://www.google.com/maps/place/56+Nashua+St,+Leominster,+MA+01453/@42.5381298,-71.7411641,824m/data=!3m2!1e3!4b1!4m5!3m4!1s0x89e3ef4a05c99cb7:0x44cd9064e10edd5b!8m2!3d42.5381259!4d-71.7389754",(All)
RVJ INC,WWW.LINKEDIN.COM/IN/DAVID-JOHANSSON-646B89159,WORCESTER,MA,NO,NO,NO,NO,NO,NO,NO,NO,NO,NO,YES,NO,NO,NO,NO,YES,NO,NO,NO,NO,NO,NO,NO,YES,NO,NO,Details,"https://www.google.com/maps/place/390+Southbridge+St,+Worcester,+MA+01610/@42.2487931,-71.8077027,348m/data=!3m1!1e3!4m5!3m4!1s0x89e405d562f23ef5:0x1c3c38f35250eb85!8m2!3d42.248929!4d-71.8076158",(All)
SARGENT DOCKS & TERMINALS,WWW.LINKEDIN.COM/IN/ROB-BINGHAM-41A8707,SAGINAW,MI,NO,NO,NO,NO,NO,NO,NO,NO,YES,NO,NO,NO,NO,NO,NO,NO,YES,NO,NO,NO,NO,NO,NO,YES,NO,NO,Details,"https://www.google.com/maps/place/5606+N+Westervelt+Rd,+Saginaw,+MI+48604/@43.4886002,-83.9194021,811m/data=!3m2!1e3!4b1!4m5!3m4!1s0x8823e7eec3516615:0x372a9facf6b69675!8m2!3d43.4886002!4d-83.9172134",(All)
SAVAGE SAFE HANDLING INC,DANIELP@SAVAGESERVICES.COM,AUBURN,ME,YES,NO,YES,YES,YES,YES,YES,NO,YES,YES,YES,NO,YES,NO,NO,NO,YES,NO,NO,YES,NO,YES,YES,YES,YES,YES,Details,https://www.savageservices.com/services/terminal-transload/,(All)
SAVAGE SERVICE CORP,DANIELP@SAVAGESERVICES.COM,BIG SPRING,TX,YES,NO,YES,YES,YES,YES,YES,NO,YES,YES,YES,NO,YES,NO,NO,NO,YES,NO,NO,YES,NO,YES,YES,YES,YES,YES,Details,https://www.savageservices.com/services/terminal-transload/,(All)
SAVAGE SERVICE CORP,DANIELP@SAVAGESERVICES.COM,BIRMINGHAM,AL,YES,NO,YES,YES,YES,YES,YES,NO,YES,YES,YES,NO,YES,NO,NO,NO,YES,NO,NO,YES,NO,YES,YES,YES,YES,YES,Details,https://www.savageservices.com/services/terminal-transload/,(All)
SAVAGE SERVICE CORP,DANIELP@SAVAGESERVICES.COM,COLORADO SPRINGS,CO,YES,NO,YES,YES,YES,YES,YES,NO,YES,YES,YES,NO,YES,NO,NO,NO,YES,NO,NO,YES,NO,YES,YES,YES,YES,YES,Details,https://www.savageservices.com/services/terminal-transload/,(All)
SAVAGE SERVICE CORP,DANIELP@SAVAGESERVICES.COM,DAVENPORT,IA,YES,NO,YES,YES,YES,YES,YES,NO,YES,YES,YES,NO,YES,NO,NO,NO,YES,NO,NO,YES,NO,YES,YES,YES,YES,YES,Details,https://www.savageservices.com/services/terminal-transload/,(All)
SAVAGE SERVICE CORP,DANIELP@SAVAGESERVICES.COM,EL DORADO,KS,YES,NO,YES,YES,YES,YES,YES,NO,YES,YES,YES,NO,YES,NO,NO,NO,YES,NO,NO,YES,NO,YES,YES,YES,YES,YES,Details,https://www.savageservices.com/services/terminal-transload/,(All)
SAVAGE SERVICE CORP,DANIELP@SAVAGESERVICES.COM,ELKO,NV,YES,NO,YES,YES,YES,YES,YES,NO,YES,YES,YES,NO,YES,NO,NO,NO,YES,NO,NO,YES,NO,YES,YES,YES,YES,YES,Details,https://www.savageservices.com/services/terminal-transload/,(All)
SAVAGE SERVICE CORP,DANIELP@SAVAGESERVICES.COM,GALVESTON,TX,YES,NO,YES,YES,YES,YES,YES,NO,YES,YES,YES,NO,YES,NO,NO,NO,YES,NO,NO,YES,NO,YES,YES,YES,YES,YES,Details,https://www.savageservices.com/services/terminal-transload/,(All)
SAVAGE SERVICE CORP,DANIELP@SAVAGESERVICES.COM,HAMMOND,IN,NO,NO,NO,NO,NO,NO,NO,NO,NO,NO,NO,YES,NO,NO,NO,NO,NO,NO,NO,NO,NO,NO,NO,NO,NO,NO,Details,https://www.savageservices.com/services/terminal-transload/,(All)
SAVAGE SERVICE CORP,DANIELP@SAVAGESERVICES.COM,HENDERSON,CO,YES,NO,YES,YES,YES,YES,YES,NO,YES,YES,YES,NO,YES,NO,NO,NO,YES,NO,NO,YES,NO,YES,YES,YES,YES,YES,Details,https://www.savageservices.com/services/terminal-transload/,(All)
SAVAGE SERVICE CORP,DANIELP@SAVAGESERVICES.COM,LAKE CITY,FL,YES,NO,YES,YES,YES,YES,YES,NO,YES,YES,YES,NO,YES,NO,NO,NO,YES,NO,NO,YES,NO,YES,YES,YES,YES,YES,Details,https://www.savageservices.com/services/terminal-transload/,(All)
SAVAGE SERVICE CORP,DANIELP@SAVAGESERVICES.COM,LORDSTOWN,OH,YES,NO,YES,YES,YES,YES,YES,NO,YES,YES,YES,NO,YES,NO,NO,NO,YES,NO,NO,YES,NO,YES,YES,YES,YES,YES,Details,https://www.savageservices.com/services/terminal-transload/,(All)
SAVAGE SERVICE CORP,DANIELP@SAVAGESERVICES.COM,MELVINDALE,MI,YES,NO,YES,YES,YES,YES,YES,NO,YES,YES,YES,NO,YES,NO,NO,NO,YES,NO,NO,YES,NO,YES,YES,YES,YES,YES,Details,https://www.savageservices.com/services/terminal-transload/,(All)
SAVAGE SERVICE CORP,DANIELP@SAVAGESERVICES.COM,MIDVALE,UT,YES,NO,YES,YES,YES,YES,YES,NO,YES,YES,YES,NO,YES,NO,NO,NO,YES,NO,NO,YES,NO,YES,YES,YES,YES,YES,Details,https://www.savageservices.com/services/terminal-transload/,(All)
SAVAGE SERVICE CORP,DANIELP@SAVAGESERVICES.COM,MOUNT PLEASANT,PA,YES,NO,YES,YES,YES,YES,YES,NO,YES,YES,YES,NO,YES,NO,NO,NO,YES,NO,NO,YES,NO,YES,YES,YES,YES,YES,Details,https://www.savageservices.com/services/terminal-transload/,(All)
SAVAGE SERVICE CORP,DANIELP@SAVAGESERVICES.COM,PHILADELPHIA,PA,YES,NO,YES,YES,YES,YES,YES,NO,YES,YES,YES,NO,YES,NO,NO,NO,YES,NO,NO,YES,NO,YES,YES,YES,YES,YES,Details,https://www.savageservices.com/services/terminal-transload/,(All)
SAVAGE SERVICE CORP,DANIELP@SAVAGESERVICES.COM,PRICE,UT,YES,NO,YES,YES,YES,YES,YES,NO,YES,YES,YES,NO,YES,NO,NO,NO,YES,NO,NO,YES,NO,YES,YES,YES,YES,YES,Details,https://www.savageservices.com/services/terminal-transload/,(All)
SAVAGE SERVICE CORP,DANIELP@SAVAGESERVICES.COM,RIFLE,CO,YES,NO,YES,YES,YES,YES,YES,NO,YES,YES,YES,NO,YES,NO,NO,NO,YES,NO,NO,YES,NO,YES,YES,YES,YES,YES,Details,https://www.savageservices.com/services/terminal-transload/,(All)
SAVAGE SERVICE CORP,DANIELP@SAVAGESERVICES.COM,ROCHESTER,NY,YES,NO,YES,YES,YES,YES,YES,NO,YES,YES,YES,NO,YES,NO,NO,NO,YES,NO,NO,YES,NO,YES,YES,YES,YES,YES,Details,https://www.savageservices.com/services/terminal-transload/,(All)
SAVAGE SERVICE CORP,DANIELP@SAVAGESERVICES.COM,SANTA FE SPINGS,CA,YES,NO,YES,YES,YES,YES,YES,NO,YES,YES,YES,NO,YES,NO,NO,NO,YES,NO,NO,YES,NO,YES,YES,YES,YES,YES,Details,https://www.savageservices.com/services/terminal-transload/,(All)
SAVAGE SERVICE CORP,DANIELP@SAVAGESERVICES.COM,SAYRE,PA,YES,NO,YES,YES,YES,YES,YES,NO,YES,YES,YES,NO,YES,NO,NO,NO,YES,NO,NO,YES,NO,YES,YES,YES,YES,YES,Details,https://www.savageservices.com/services/terminal-transload/,(All)
SAVAGE SERVICE CORP,DANIELP@SAVAGESERVICES.COM,TOOELE,UT,YES,NO,YES,YES,YES,YES,YES,NO,YES,YES,YES,NO,YES,NO,NO,NO,YES,NO,NO,YES,NO,YES,YES,YES,YES,YES,Details,https://www.savageservices.com/services/terminal-transload/,(All)
SAVAGE SERVICE CORP,DANIELP@SAVAGESERVICES.COM,TRENTON,ND,YES,NO,YES,YES,YES,YES,YES,NO,YES,YES,YES,NO,YES,NO,NO,NO,YES,NO,NO,YES,NO,YES,YES,YES,YES,YES,Details,https://www.savageservices.com/services/terminal-transload/,(All)
SAVAGE SERVICE CORP,DANIELP@SAVAGESERVICES.COM,VENICE,IL,YES,NO,YES,YES,YES,YES,YES,NO,YES,YES,YES,NO,YES,NO,NO,NO,YES,NO,NO,YES,NO,YES,YES,YES,YES,YES,Details,https://www.savageservices.com/services/terminal-transload/,(All)
SAVAGE SERVICE CORP,DANIELP@SAVAGESERVICES.COM,WESTLAKE,LA,YES,NO,YES,YES,YES,YES,YES,NO,YES,YES,YES,NO,YES,NO,NO,NO,YES,NO,NO,YES,NO,YES,YES,YES,YES,YES,Details,https://www.savageservices.com/services/terminal-transload/,(All)
SAVAGE SERVICE CORP,DANIELP@SAVAGESERVICES.COM,ZANESVILLE,OH,YES,NO,YES,YES,YES,YES,YES,NO,YES,YES,YES,NO,YES,NO,NO,NO,YES,NO,NO,YES,NO,YES,YES,YES,YES,YES,Details,https://www.savageservices.com/services/terminal-transload/,(All)
SDIY CHOICE TERMINAL,JARED.GOOCH@GWRR.COM,SAN DIEGO,CA,NO,NO,NO,NO,NO,NO,NO,NO,NO,NO,YES,NO,NO,NO,NO,NO,NO,NO,NO,NO,NO,NO,NO,NO,NO,NO,Details,https://www.gwrr.com/railroads/north_america/san_diego__imperial_valley_railroad#m_tab-one-panel,(All)
SEAWAY BULK SERVICES,RAILROAD@SOVER.NET,ODGDENSBURG,NY,NO,NO,NO,NO,NO,NO,NO,YES,YES,NO,NO,YES,NO,YES,NO,NO,YES,NO,NO,NO,NO,NO,NO,YES,NO,NO,Details,http://www.vrs.us.com/partners/sbs.html,(All)
SEMO PORT,INFO@SEMOPORT.COM,SCOTT CITY,MO,NO,NO,YES,NO,YES,NO,NO,NO,NO,NO,YES,NO,NO,YES,NO,NO,YES,NO,NO,NO,NO,NO,NO,YES,NO,NO,Details,https://www.semoport.com/home-railroad/,(All)
SEVEN RIVERS INTERMODAL TERMINAL LLC,LAURIE@SEVENRIVERSINTERMODAL.COM,WINONA,MN,NO,NO,YES,NO,NO,NO,NO,NO,YES,NO,NO,NO,NO,NO,NO,NO,YES,NO,NO,NO,NO,NO,NO,YES,NO,NO,Details,https://www.sevenriversintermodal.com/transloading/,(All)
SEVILLE MATERIAL TRANSFER,,SEVILLE,FL,NO,NO,NO,NO,NO,NO,NO,NO,NO,NO,NO,NO,NO,NO,NO,NO,NO,NO,NO,NO,NO,NO,NO,NO,NO,NO,Details,,(All)
SJVR CHOICE TERMINAL,FDAVID.SIEGEL@GWRR.COM,MARICOPA,CA,NO,NO,NO,NO,NO,NO,NO,NO,NO,NO,NO,NO,NO,NO,NO,NO,NO,NO,NO,NO,NO,NO,NO,NO,NO,NO,Details,https://www.gwrr.com/railroads/north_america/san_joaquin_valley_railroad#m_tab-one-panel,(All)
SLC TRANSFER,DDEMERS@ME.COM,BURLINGTON,VT,NO,NO,NO,NO,NO,NO,NO,NO,YES,NO,NO,NO,NO,YES,NO,NO,YES,NO,NO,NO,NO,NO,NO,YES,NO,NO,Details,http://www.vrs.us.com/vrs_connect/SLCtransfer.html,(All)
SMS TRANSLOADING SERVICES,JMCCREAVY@SMSRAIL.COM,HUDSON FALLS,NY,YES,NO,YES,YES,NO,NO,YES,NO,YES,YES,NO,NO,YES,NO,NO,YES,YES,NO,NO,YES,NO,NO,YES,YES,YES,NO,Details,https://www.smsrail.com/rail-to-truck-transfers,(All)
SMS TRANSLOADING SERVICES,JMCCREAVY@SMSRAIL.COM,LOGAN TOWNSHIP,NJ,YES,NO,YES,YES,NO,NO,YES,NO,YES,YES,NO,NO,YES,NO,NO,YES,YES,NO,NO,YES,NO,NO,YES,YES,YES,YES,Details,https://www.smsrail.com/rail-to-truck-transfers,(All)
SOUTH JUNCTION ENTERPRISES LLC,TROYBARABY@GMAIL.COM,PLATTSBURGH,NY,NO,NO,NO,NO,YES,NO,YES,NO,YES,NO,YES,NO,NO,NO,NO,NO,YES,NO,NO,NO,NO,NO,NO,YES,NO,NO,Details,https://www.southjunctionenterprises.com/transloading,(All)
SPRINGFIELD UNDERGROUND INC,,SPRINGFIELD,MO,NO,NO,NO,NO,NO,NO,NO,YES,NO,NO,NO,YES,NO,NO,NO,NO,NO,NO,NO,NO,NO,NO,NO,NO,NO,NO,Details,https://www.springfieldunderground.com/,(All)
STAGECOACH CARTAGE & DISTRIBUTION,JOSEPH@STAGECOACHCARTAGE.COM,ANTHONY,TX,NO,NO,NO,NO,NO,NO,NO,NO,NO,NO,NO,NO,NO,NO,NO,NO,NO,NO,NO,NO,NO,NO,NO,NO,NO,NO,Details,http://www.stagecoachcartage.com/transloading,(All)
STAGECOACH CARTAGE & DISTRIBUTION,JOSEPH@STAGECOACHCARTAGE.COM,VADO,NM,NO,NO,NO,NO,NO,NO,NO,NO,NO,NO,NO,NO,NO,NO,NO,NO,NO,NO,NO,NO,NO,NO,NO,NO,NO,NO,Details,http://www.stagecoachcartage.com/transloading,(All)
STERLING SERVICES LTD,INFO@STERLINGCOMPANIES.COM,HAMTRAMICK,MI,NO,YES,NO,YES,NO,NO,NO,NO,NO,YES,NO,NO,YES,NO,YES,NO,NO,NO,NO,YES,YES,NO,YES,NO,YES,NO,Details,https://sterlingcompanies.com/transloading/,(All)
STOLT-NIELSEN RAIL SERVICES,M.DALE@STOLT.COM,HOUSTON,TX,YES,NO,NO,YES,NO,NO,NO,NO,NO,YES,NO,NO,YES,NO,YES,NO,NO,NO,NO,YES,YES,NO,YES,YES,YES,NO,Details,https://www.stolt-nielsen.com/en/our-businesses/stolthaven-terminals/terminal-network/stolthaven-houston/,(All)
STONE ARCH COMMODITIES,INFO@STONEARCHCOM.COM,MINNEAPOLIS,MN,NO,NO,NO,NO,YES,NO,YES,NO,YES,NO,NO,NO,NO,NO,NO,NO,YES,NO,NO,NO,NO,NO,NO,NO,NO,NO,Details,https://www.stonearchcom.com/about-1,(All)
STRATEGIC MATERIALS,SALES@STRATEGICMATERIALS.COM,NORTH LAS VEGAS,NV,YES,YES,YES,YES,YES,YES,YES,NO,YES,YES,YES,NO,NO,NO,NO,NO,YES,NO,NO,YES,NO,NO,NO,NO,NO,NO,Details,https://www.strategicmaterials.com/contact/,(All)
SUMINISTROS INDUSTRIALES POTOSINOS SA DE CV,CONTACTO@TERMINALSIP.COM,SAN LUIS POTOSI,SL,NO,NO,YES,YES,YES,YES,NO,NO,YES,NO,YES,NO,YES,NO,NO,YES,NO,YES,NO,YES,YES,YES,YES,YES,YES,YES,Details,http://terminalsip.com/ubicacion/,(All)
SUPERIOR CARRIERS,FPRENTISS@SUPERIOR-CARRIERS.COM,ABERDEEN,NC,YES,NO,YES,YES,YES,YES,NO,NO,NO,YES,YES,NO,YES,NO,YES,YES,NO,NO,NO,YES,YES,NO,YES,NO,YES,YES,Details,https://carrytransit.com/services#transloading,(All)
SUPERIOR CARRIERS,FPRENTISS@SUPERIOR-CARRIERS.COM,ARLINGTON,TX,YES,NO,YES,YES,YES,YES,NO,NO,NO,YES,YES,NO,YES,NO,YES,YES,NO,NO,NO,YES,YES,NO,YES,NO,YES,YES,Details,https://carrytransit.com/services#transloading,(All)
SUPERIOR CARRIERS,FPRENTISS@SUPERIOR-CARRIERS.COM,BENSON,AZ,YES,NO,YES,YES,YES,YES,NO,NO,NO,YES,YES,NO,YES,NO,YES,YES,NO,NO,NO,YES,YES,NO,YES,NO,YES,YES,Details,https://carrytransit.com/services#transloading,(All)
SUPERIOR CARRIERS,FPRENTISS@SUPERIOR-CARRIERS.COM,BRIDGEVIEW,IL,YES,NO,YES,YES,YES,YES,NO,NO,NO,YES,YES,NO,YES,NO,YES,YES,NO,NO,NO,YES,YES,NO,YES,NO,YES,YES,Details,https://carrytransit.com/services#transloading,(All)
SUPERIOR CARRIERS,FPRENTISS@SUPERIOR-CARRIERS.COM,CHICAGO,IL,YES,NO,YES,YES,YES,YES,NO,NO,NO,YES,YES,NO,YES,NO,YES,YES,NO,NO,NO,YES,YES,NO,YES,NO,YES,YES,Details,https://carrytransit.com/services#transloading,(All)
SUPERIOR CARRIERS,FPRENTISS@SUPERIOR-CARRIERS.COM,CRAFTON,PA,YES,NO,YES,YES,YES,YES,NO,NO,NO,YES,YES,NO,YES,NO,YES,YES,NO,NO,NO,YES,YES,NO,YES,NO,YES,YES,Details,https://carrytransit.com/services#transloading,(All)
SUPERIOR CARRIERS,FPRENTISS@SUPERIOR-CARRIERS.COM,HOLYOKE,MA,YES,NO,YES,YES,YES,YES,NO,NO,NO,YES,YES,NO,YES,NO,YES,YES,NO,NO,NO,YES,YES,NO,YES,NO,YES,YES,Details,https://carrytransit.com/services#transloading,(All)
SUPERIOR CARRIERS,FPRENTISS@SUPERIOR-CARRIERS.COM,LAKELAND,FL,YES,NO,YES,YES,YES,YES,NO,NO,NO,YES,YES,NO,YES,NO,YES,YES,NO,NO,NO,YES,YES,NO,YES,NO,YES,YES,Details,https://carrytransit.com/services#transloading,(All)
SUPERIOR CARRIERS,FPRENTISS@SUPERIOR-CARRIERS.COM,MARION,VA,YES,NO,YES,YES,YES,YES,NO,NO,NO,YES,YES,NO,YES,NO,YES,YES,NO,NO,NO,YES,YES,NO,YES,NO,YES,YES,Details,https://carrytransit.com/services#transloading,(All)
SUPERIOR CARRIERS,FPRENTISS@SUPERIOR-CARRIERS.COM,MC ADENVILLE,NC,YES,NO,YES,YES,YES,YES,NO,NO,NO,YES,YES,NO,YES,NO,YES,YES,NO,NO,NO,YES,YES,NO,YES,NO,YES,YES,Details,https://carrytransit.com/services#transloading,(All)
SUPERIOR CARRIERS,FPRENTISS@SUPERIOR-CARRIERS.COM,MEMPHIS,TN,YES,NO,YES,YES,YES,YES,NO,NO,NO,YES,YES,NO,YES,NO,YES,YES,NO,NO,NO,YES,YES,NO,YES,NO,YES,YES,Details,https://carrytransit.com/services#transloading,(All)
SUPERIOR CARRIERS,FPRENTISS@SUPERIOR-CARRIERS.COM,ORLANDO,FL,YES,NO,YES,YES,YES,YES,NO,NO,NO,YES,YES,NO,YES,NO,YES,YES,NO,NO,NO,YES,YES,NO,YES,NO,YES,YES,Details,https://carrytransit.com/services#transloading,(All)
SUPERIOR CARRIERS,FPRENTISS@SUPERIOR-CARRIERS.COM,PARKER,AZ,YES,NO,YES,YES,YES,YES,NO,NO,NO,YES,YES,NO,YES,NO,YES,YES,NO,NO,NO,YES,YES,NO,YES,NO,YES,YES,Details,https://carrytransit.com/services#transloading,(All)
SUPERIOR CARRIERS,FPRENTISS@SUPERIOR-CARRIERS.COM,REDMOND,OR,YES,NO,YES,YES,YES,YES,NO,NO,NO,YES,YES,NO,YES,NO,YES,YES,NO,NO,NO,YES,YES,NO,YES,NO,YES,YES,Details,https://carrytransit.com/services#transloading,(All)
SUPERIOR CARRIERS,FPRENTISS@SUPERIOR-CARRIERS.COM,SARALAND,AL,YES,NO,YES,YES,YES,YES,NO,NO,NO,YES,YES,NO,YES,NO,YES,YES,NO,NO,NO,YES,YES,NO,YES,NO,YES,YES,Details,https://carrytransit.com/services#transloading,(All)
SUPERIOR CARRIERS,FPRENTISS@SUPERIOR-CARRIERS.COM,SPARTA,NJ,YES,NO,YES,YES,YES,YES,NO,NO,NO,YES,YES,NO,YES,NO,YES,YES,NO,NO,NO,YES,YES,NO,YES,NO,YES,YES,Details,https://carrytransit.com/services#transloading,(All)
SUPERIOR CARRIERS,FPRENTISS@SUPERIOR-CARRIERS.COM,STOCKTON,CA,YES,NO,YES,YES,YES,YES,NO,NO,NO,YES,YES,NO,YES,NO,YES,YES,NO,NO,NO,YES,YES,NO,YES,NO,YES,YES,Details,https://carrytransit.com/services#transloading,(All)
SUSQUEHANNA BULK SERVICES,PDUSZYNSKI@NYSW.COM,NORTH BERGEN,NJ,NO,NO,NO,NO,NO,NO,NO,NO,NO,NO,YES,NO,NO,NO,NO,YES,NO,NO,NO,NO,NO,NO,YES,YES,NO,NO,Details,http://www.nysw.com/,(All)
SUSQUEHANNA BULK SERVICES,PDUSZYNSKI@NYSW.COM,SPARTA,NJ,NO,NO,NO,NO,NO,NO,NO,NO,NO,NO,YES,NO,NO,NO,NO,YES,NO,NO,NO,NO,NO,NO,YES,YES,NO,NO,Details,http://www.nysw.com/,(All)
SWEETENER SUPPLY,SALES@SWEETENERSUPPLYCOM,BERWYN,IL,NO,NO,NO,NO,YES,YES,NO,NO,NO,NO,NO,NO,NO,NO,NO,NO,NO,NO,NO,YES,NO,NO,YES,NO,YES,NO,Details,https://www.sweetenersupply.com/contacts,(All)
TACOMA TRANSLOAD,GARY.HOFMANN@TACOMATRANSLOAD.COM,TACOMA,WA,NO,NO,NO,NO,YES,NO,NO,NO,NO,NO,NO,NO,NO,NO,NO,NO,YES,NO,NO,NO,NO,NO,NO,NO,NO,NO,Details,https://www.portoftacoma.com/shipping/transload-directory/2339,(All)
TANK TRUCK TRANSPORT INC,ANDREWB@TTTRANSPORT.COM,SUDBURY,ON,NO,NO,NO,NO,NO,NO,NO,NO,NO,NO,NO,NO,NO,NO,NO,NO,NO,NO,NO,NO,NO,NO,NO,NO,NO,NO,Details,http://tttransport.com/locations.html,(All)
TERMINAL TACUBA,RICARDOC@TERMINALTACUBA.COM,CIUDAD DE MEXICO,DF,NO,YES,YES,YES,YES,YES,NO,NO,NO,YES,YES,NO,YES,NO,NO,YES,NO,NO,YES,YES,YES,YES,NO,NO,YES,NO,Details,http://terminaltacuba.com/porque.html,(All)
TERMINALES PORTUARIAS DEL PACIFICO,INFO@WWW.TPP.COM.MX,LAZARO CARDENAS,MH,NO,NO,YES,NO,NO,NO,NO,NO,YES,NO,NO,NO,NO,NO,YES,NO,NO,NO,NO,NO,NO,NO,NO,YES,NO,NO,Details,https://www.tpp.com.mx/infraestructura/,(All)
TEXAS BLENDING & WAREHOUSING CORP,INFO@TBWC.NET,HOUSTON,TX,NO,NO,NO,YES,NO,NO,NO,NO,NO,YES,NO,NO,YES,NO,NO,NO,NO,NO,NO,YES,YES,NO,YES,NO,YES,NO,Details,https://tbwc.net/?page_id=25,(All)
THATCHER COMPANY INC,INFO@TCHEM.COM,SALT LAKE CITY,UT,YES,NO,NO,YES,NO,NO,NO,NO,NO,NO,NO,NO,YES,NO,NO,NO,NO,NO,NO,YES,NO,NO,NO,YES,YES,NO,Details,,(All)
TIDEWATER TRANSIT CO,JWILLIAMS@TIDEWATER-TRANSIT.COM,BIG LAKE,TX,YES,NO,YES,YES,YES,YES,NO,NO,NO,NO,YES,NO,NO,NO,NO,NO,NO,NO,NO,NO,NO,YES,YES,YES,NO,YES,Details,https://www.tidewater-transit.com/,(All)
TIDEWATER TRANSIT CO,JWILLIAMS@TIDEWATER-TRANSIT.COM,FAYETTEVILLE,NC,YES,NO,YES,YES,YES,YES,NO,NO,NO,NO,YES,NO,NO,NO,NO,NO,NO,NO,NO,NO,NO,YES,YES,YES,NO,YES,Details,https://www.tidewater-transit.com/,(All)
TIDEWATER TRANSIT CO,JWILLIAMS@TIDEWATER-TRANSIT.COM,SAN ANGELO,TX,YES,NO,YES,YES,YES,YES,NO,NO,NO,NO,YES,NO,NO,NO,NO,NO,NO,NO,NO,NO,NO,YES,YES,YES,NO,YES,Details,https://www.tidewater-transit.com/,(All)
TIDEWATER TRANSIT CO,JWILLIAMS@TIDEWATER-TRANSIT.COM,STEUBENVILLE,OH,YES,NO,YES,YES,YES,YES,NO,NO,NO,NO,YES,NO,NO,NO,NO,NO,NO,NO,NO,NO,NO,YES,YES,YES,NO,YES,Details,https://www.tidewater-transit.com/,(All)
TIGER TRANSFER LLC,INFO@TIGERTRANSFER.COM,UPTON,WY,NO,NO,NO,NO,NO,NO,YES,NO,NO,NO,NO,NO,NO,NO,NO,NO,NO,NO,NO,NO,NO,NO,NO,NO,NO,NO,Details,http://www.tigertransfer.com/about,(All)
TITAN LANSING TRANSLOADING,WPATTERSON@TITANLANSING.COM,CARLSBAD,NM,NO,NO,NO,NO,NO,NO,YES,NO,NO,NO,NO,NO,NO,NO,NO,NO,YES,NO,NO,NO,NO,NO,NO,YES,NO,NO,Details,https://www.titanlansing.com/locations,(All)
TITAN LANSING TRANSLOADING,WPATTERSON@TITANLANSING.COM,FT STOCKTON,TX,NO,NO,NO,NO,NO,NO,YES,NO,NO,NO,NO,NO,NO,NO,NO,NO,YES,NO,NO,NO,NO,NO,NO,YES,NO,NO,Details,https://www.titanlansing.com/locations,(All)
TITAN LANSING TRANSLOADING,WPATTERSON@TITANLANSING.COM,LEVELLAND,TX,NO,NO,NO,NO,NO,NO,YES,NO,NO,NO,NO,NO,NO,NO,NO,NO,YES,NO,NO,NO,NO,NO,NO,YES,NO,NO,Details,https://www.titanlansing.com/locations,(All)
TITAN LANSING TRANSLOADING,WPATTERSON@TITANLANSING.COM,LUBBOCK,TX,NO,NO,NO,NO,NO,NO,YES,NO,NO,NO,NO,NO,NO,NO,NO,NO,YES,NO,NO,NO,NO,NO,NO,YES,NO,NO,Details,https://www.titanlansing.com/locations,(All)
TITAN LANSING TRANSLOADING,WPATTERSON@TITANLANSING.COM,MCCAMEY,TX,NO,NO,NO,NO,NO,NO,YES,NO,NO,NO,NO,NO,NO,NO,NO,NO,YES,NO,NO,NO,NO,NO,NO,YES,NO,NO,Details,https://www.titanlansing.com/locations,(All)
TITAN LANSING TRANSLOADING,WPATTERSON@TITANLANSING.COM,NORTH BRANCH,MN,NO,NO,NO,NO,NO,NO,YES,NO,NO,NO,NO,NO,NO,NO,NO,NO,YES,NO,NO,NO,NO,NO,NO,YES,NO,NO,Details,https://www.titanlansing.com/locations,(All)
TITAN LANSING TRANSLOADING,WPATTERSON@TITANLANSING.COM,SULPHUR JCT,TX,NO,NO,NO,NO,NO,NO,YES,NO,NO,NO,NO,NO,NO,NO,NO,NO,YES,NO,NO,NO,NO,NO,NO,YES,NO,NO,Details,https://www.titanlansing.com/locations,(All)
TITAN TERMINAL & TRANSPORT,WPATTERSON@TITANLANSING.COM,SOUTH GATE,CA,YES,YES,YES,YES,NO,NO,NO,NO,NO,YES,NO,NO,YES,NO,YES,NO,NO,NO,NO,YES,YES,NO,YES,YES,YES,NO,Details,https://www.titanlansing.com/locations,(All)
TOTALCHEM LLC,SERVICES@TOTALCHEM.COM,HOUSTON,TX,YES,YES,YES,YES,YES,YES,YES,YES,YES,YES,YES,YES,YES,NO,YES,NO,NO,NO,YES,YES,YES,NO,YES,YES,NO,NO,Details,https://totalchem.com/,(All)
TRADE POINT BULK TERMINAL,SALES@RSILOGISTICS.COM,SPARROWS PT,MD,YES,YES,YES,YES,YES,YES,NO,YES,YES,YES,YES,YES,YES,NO,YES,YES,YES,NO,NO,YES,NO,YES,YES,YES,NO,NO,Details,https://www.rsilogistics.com/rail-solutions/terminal-operations/,(All)
TRANS LOAD OF TENNESSEE INC,WWW.LINKEDIN.COM/IN/CAM-FONDREN-64A93585,MEMPHIS,TN,NO,NO,NO,NO,NO,NO,NO,YES,NO,NO,NO,NO,NO,NO,NO,NO,NO,NO,NO,NO,NO,NO,NO,NO,NO,NO,Details,"https://www.google.com/maps/place/Trans+Load+of+Tn-Memphis/@35.0348041,-89.9037954,1719m/data=!3m1!1e3!4m5!3m4!1s0x0:0x9b084f3d0d469b50!8m2!3d35.0340859!4d-89.9036009",(All)
TRANSCOR TRANSLOADING,CAGOSTO@TRANSCORLLC.COM,TAMPA,FL,NO,NO,NO,NO,YES,NO,NO,YES,NO,NO,YES,YES,NO,NO,NO,NO,NO,NO,NO,NO,NO,NO,NO,YES,NO,NO,Details,WWW.TRANSCORRECYLING.COM,(All)
TRANSFLO CSXT,GINA_GORDON@CSX.COM,BUTLER,PA,YES,NO,YES,YES,YES,YES,YES,NO,YES,YES,YES,NO,YES,NO,NO,YES,YES,NO,NO,YES,NO,YES,YES,YES,NO,NO,Details,https://www.transflo.net/locations/,(All)
TRANSFLO CSXT,GINA_GORDON@CSX.COM,CINCINNATI,OH,YES,NO,YES,YES,YES,YES,YES,NO,YES,YES,YES,NO,YES,NO,NO,YES,YES,NO,NO,YES,NO,YES,YES,YES,NO,NO,Details,https://www.transflo.net/locations/,(All)
TRANSFLO CSXT,GINA_GORDON@CSX.COM,CLEVELAND,OH,YES,NO,YES,YES,YES,YES,YES,NO,YES,YES,YES,NO,YES,NO,NO,YES,YES,NO,NO,YES,NO,YES,YES,YES,NO,NO,Details,https://www.transflo.net/locations/,(All)
TRANSFLO CSXT,GINA_GORDON@CSX.COM,COLUMBUS,OH,YES,NO,YES,YES,YES,YES,YES,NO,YES,YES,YES,NO,YES,NO,NO,YES,YES,NO,NO,YES,NO,YES,YES,YES,NO,NO,Details,https://www.transflo.net/locations/,(All)
TRANSFLO CSXT,GINA_GORDON@CSX.COM,DETROIT,MI,YES,NO,YES,YES,YES,YES,YES,NO,YES,YES,YES,NO,YES,NO,NO,YES,YES,NO,NO,YES,NO,YES,YES,YES,NO,NO,Details,https://www.transflo.net/locations/,(All)
TRANSFLO CSXT,GINA_GORDON@CSX.COM,EAST CHICAGO,IN,YES,NO,YES,YES,YES,YES,YES,NO,YES,YES,YES,NO,YES,NO,NO,YES,YES,NO,NO,YES,NO,YES,YES,YES,NO,NO,Details,https://www.transflo.net/locations/,(All)
TRANSFLO CSXT,GINA_GORDON@CSX.COM,GRAND RAPIDS,MI,YES,NO,YES,YES,YES,YES,YES,NO,YES,YES,YES,NO,YES,NO,NO,YES,YES,NO,NO,YES,NO,YES,YES,YES,NO,NO,Details,https://www.transflo.net/locations/,(All)
TRANSFLO CSXT,GINA_GORDON@CSX.COM,INDIANAPOLIS,IN,YES,NO,YES,YES,YES,YES,YES,NO,YES,YES,YES,NO,YES,NO,NO,YES,YES,NO,NO,YES,NO,YES,YES,YES,NO,NO,Details,https://www.transflo.net/locations/,(All)
TRANSFLO CSXT,GINA_GORDON@CSX.COM,PITTSBURGH,PA,YES,NO,YES,YES,YES,YES,YES,NO,YES,YES,YES,NO,YES,NO,NO,YES,YES,NO,NO,YES,NO,YES,YES,YES,NO,NO,Details,https://www.transflo.net/locations/,(All)
TRANSFLO CSXT,MEBRAHT_MICHAEL@CSX.COM,ALBANY,NY,YES,NO,YES,YES,YES,YES,YES,NO,YES,YES,YES,NO,YES,NO,NO,YES,YES,NO,NO,YES,NO,YES,YES,YES,NO,NO,Details,https://www.transflo.net/locations/,(All)
TRANSFLO CSXT,MEBRAHT_MICHAEL@CSX.COM,ATLANTA,GA,YES,NO,YES,YES,YES,YES,YES,NO,YES,YES,YES,NO,YES,NO,NO,YES,YES,NO,NO,YES,NO,YES,YES,YES,NO,NO,Details,https://www.transflo.net/locations/,(All)
TRANSFLO CSXT,MEBRAHT_MICHAEL@CSX.COM,BALTIMORE,MD,YES,NO,YES,YES,YES,YES,YES,NO,YES,YES,YES,NO,YES,NO,NO,YES,YES,NO,NO,YES,NO,YES,YES,YES,NO,NO,Details,https://www.transflo.net/locations/,(All)
TRANSFLO CSXT,MEBRAHT_MICHAEL@CSX.COM,BEAUHARNOIS,PQ,YES,NO,YES,YES,YES,YES,YES,NO,YES,YES,YES,NO,YES,NO,NO,YES,YES,NO,NO,YES,NO,YES,YES,YES,NO,NO,Details,https://www.transflo.net/locations/,(All)
TRANSFLO CSXT,MEBRAHT_MICHAEL@CSX.COM,BUFFALO,NY,YES,NO,YES,YES,YES,YES,YES,NO,YES,YES,YES,NO,YES,NO,NO,YES,YES,NO,NO,YES,NO,YES,YES,YES,NO,NO,Details,https://www.transflo.net/locations/,(All)
TRANSFLO CSXT,MEBRAHT_MICHAEL@CSX.COM,CHARLOTTE (WEST),NC,YES,NO,YES,YES,YES,YES,YES,NO,YES,YES,YES,NO,YES,NO,NO,YES,YES,NO,NO,YES,NO,YES,YES,YES,NO,NO,Details,https://www.transflo.net/locations/,(All)
TRANSFLO CSXT,MEBRAHT_MICHAEL@CSX.COM,CHATTANOOGA,TN,YES,NO,YES,YES,YES,YES,YES,NO,YES,YES,YES,NO,YES,NO,NO,YES,YES,NO,NO,YES,NO,YES,YES,YES,NO,NO,Details,https://www.transflo.net/locations/,(All)
TRANSFLO CSXT,MEBRAHT_MICHAEL@CSX.COM,CHESTER,PA,YES,NO,YES,YES,YES,YES,YES,NO,YES,YES,YES,NO,YES,NO,NO,YES,YES,NO,NO,YES,NO,YES,YES,YES,NO,NO,Details,https://www.transflo.net/locations/,(All)
TRANSFLO CSXT,MEBRAHT_MICHAEL@CSX.COM,DALTON,GA,YES,NO,YES,YES,YES,YES,YES,NO,YES,YES,YES,NO,YES,NO,NO,YES,YES,NO,NO,YES,NO,YES,YES,YES,NO,NO,Details,https://www.transflo.net/locations/,(All)
TRANSFLO CSXT,MEBRAHT_MICHAEL@CSX.COM,EAST SYRACUSE,NY,YES,NO,YES,YES,YES,YES,YES,NO,YES,YES,YES,NO,YES,NO,NO,YES,YES,NO,NO,YES,NO,YES,YES,YES,NO,NO,Details,https://www.transflo.net/locations/,(All)
TRANSFLO CSXT,MEBRAHT_MICHAEL@CSX.COM,ELIZABETH,NJ,YES,NO,YES,YES,YES,YES,YES,NO,YES,YES,YES,NO,YES,NO,NO,YES,YES,NO,NO,YES,NO,YES,YES,YES,NO,NO,Details,https://www.transflo.net/locations/,(All)
TRANSFLO CSXT,MEBRAHT_MICHAEL@CSX.COM,KNOXVILLE,TN,YES,NO,YES,YES,YES,YES,YES,NO,YES,YES,YES,NO,YES,NO,NO,YES,YES,NO,NO,YES,NO,YES,YES,YES,NO,NO,Details,https://www.transflo.net/locations/,(All)
TRANSFLO CSXT,MEBRAHT_MICHAEL@CSX.COM,LOUISVILLE,KY,YES,NO,YES,YES,YES,YES,YES,NO,YES,YES,YES,NO,YES,NO,NO,YES,YES,NO,NO,YES,NO,YES,YES,YES,NO,NO,Details,https://www.transflo.net/locations/,(All)
TRANSFLO CSXT,MEBRAHT_MICHAEL@CSX.COM,NASHVILLE,TN,YES,NO,YES,YES,YES,YES,YES,NO,YES,YES,YES,NO,YES,NO,NO,YES,YES,NO,NO,YES,NO,YES,YES,YES,NO,NO,Details,https://www.transflo.net/locations/,(All)
TRANSFLO CSXT,MEBRAHT_MICHAEL@CSX.COM,NORTH HAVEN,CT,YES,NO,YES,YES,YES,YES,YES,NO,YES,YES,YES,NO,YES,NO,NO,YES,YES,NO,NO,YES,NO,YES,YES,YES,NO,NO,Details,https://www.transflo.net/locations/,(All)
TRANSFLO CSXT,MEBRAHT_MICHAEL@CSX.COM,PHILADELPHIA,PA,YES,NO,YES,YES,YES,YES,YES,NO,YES,YES,YES,NO,YES,NO,NO,YES,YES,NO,NO,YES,NO,YES,YES,YES,NO,NO,Details,https://www.transflo.net/locations/,(All)
TRANSFLO CSXT,MEBRAHT_MICHAEL@CSX.COM,RALEIGH,NC,YES,NO,YES,YES,YES,YES,YES,NO,YES,YES,YES,NO,YES,NO,NO,YES,YES,NO,NO,YES,NO,YES,YES,YES,NO,NO,Details,https://www.transflo.net/locations/,(All)
TRANSFLO CSXT,MEBRAHT_MICHAEL@CSX.COM,RICHMOND,VA,YES,NO,YES,YES,YES,YES,YES,NO,YES,YES,YES,NO,YES,NO,NO,YES,YES,NO,NO,YES,NO,YES,YES,YES,NO,NO,Details,https://www.transflo.net/locations/,(All)
TRANSFLO CSXT,MEBRAHT_MICHAEL@CSX.COM,WESTBOROUGH,MA,YES,NO,YES,YES,YES,YES,YES,NO,YES,YES,YES,NO,YES,NO,NO,YES,YES,NO,NO,YES,NO,YES,YES,YES,NO,NO,Details,https://www.transflo.net/locations/,(All)
TRANSFLO CSXT,MEBRAHT_MICHAEL@CSX.COM,WILMINGTON,DE,YES,NO,YES,YES,YES,YES,YES,NO,YES,YES,YES,NO,YES,NO,NO,YES,YES,NO,NO,YES,NO,YES,YES,YES,NO,NO,Details,https://www.transflo.net/locations/,(All)
TRANSFLO CSXT,MELISSA_HENSEL@CSX.COM,AUGUSTA,GA,YES,NO,YES,YES,YES,YES,YES,NO,YES,YES,YES,NO,YES,NO,NO,YES,YES,NO,NO,YES,NO,YES,YES,YES,NO,NO,Details,https://www.transflo.net/locations/,(All)
TRANSFLO CSXT,MELISSA_HENSEL@CSX.COM,BIRMINGHAM,AL,YES,NO,YES,YES,YES,YES,YES,NO,YES,YES,YES,NO,YES,NO,NO,YES,YES,NO,NO,YES,NO,YES,YES,YES,NO,NO,Details,https://www.transflo.net/locations/,(All)
TRANSFLO CSXT,MELISSA_HENSEL@CSX.COM,CHARLESTON,SC,YES,NO,YES,YES,YES,YES,YES,NO,YES,YES,YES,NO,YES,NO,NO,YES,YES,NO,NO,YES,NO,YES,YES,YES,NO,NO,Details,https://www.transflo.net/locations/,(All)
TRANSFLO CSXT,MELISSA_HENSEL@CSX.COM,FORT LAUDERDALE,FL,YES,NO,YES,YES,YES,YES,YES,NO,YES,YES,YES,NO,YES,NO,NO,YES,YES,NO,NO,YES,NO,YES,YES,YES,NO,NO,Details,https://www.transflo.net/locations/,(All)
TRANSFLO CSXT,MELISSA_HENSEL@CSX.COM,GREENVILLE,SC,YES,NO,YES,YES,YES,YES,YES,NO,YES,YES,YES,NO,YES,NO,NO,YES,YES,NO,NO,YES,NO,YES,YES,YES,NO,NO,Details,https://www.transflo.net/locations/,(All)
TRANSFLO CSXT,MELISSA_HENSEL@CSX.COM,JACKSONVILLE,FL,YES,NO,YES,YES,YES,YES,YES,NO,YES,YES,YES,NO,YES,NO,NO,YES,YES,NO,NO,YES,NO,YES,YES,YES,NO,NO,Details,https://www.transflo.net/locations/,(All)
TRANSFLO CSXT,MELISSA_HENSEL@CSX.COM,MONTGOMERY,AL,YES,NO,YES,YES,YES,YES,YES,NO,YES,YES,YES,NO,YES,NO,NO,YES,YES,NO,NO,YES,NO,YES,YES,YES,NO,NO,Details,https://www.transflo.net/locations/,(All)
TRANSFLO CSXT,MELISSA_HENSEL@CSX.COM,NEW ORLEANS,LA,YES,NO,YES,YES,YES,YES,YES,NO,YES,YES,YES,NO,YES,NO,NO,YES,YES,NO,NO,YES,NO,YES,YES,YES,NO,NO,Details,https://www.transflo.net/locations/,(All)
TRANSFLO CSXT,MELISSA_HENSEL@CSX.COM,SANFORD,FL,YES,NO,YES,YES,YES,YES,YES,NO,YES,YES,YES,NO,YES,NO,NO,YES,YES,NO,NO,YES,NO,YES,YES,YES,NO,NO,Details,https://www.transflo.net/locations/,(All)
TRANSFLO CSXT,MELISSA_HENSEL@CSX.COM,TAMPA,FL,YES,NO,YES,YES,YES,YES,YES,NO,YES,YES,YES,NO,YES,NO,NO,YES,YES,NO,NO,YES,NO,YES,YES,YES,NO,NO,Details,https://www.transflo.net/locations/,(All)
TRANSLOAD SOLUTIONS LLC,www.transloadsolutionsca.com/contactusteal.jpg,STOCKTON,CA,NO,NO,NO,NO,YES,YES,YES,YES,YES,NO,YES,NO,YES,NO,NO,NO,YES,NO,NO,YES,NO,NO,YES,YES,YES,NO,Details,"https://www.google.com/maps/place/743+W+Anderson+St,+Stockton,+CA+95206/@37.9415708,-121.3003305,284m/data=!3m1!1e3!4m5!3m4!1s0x8090128dcc0b8dcb:0x361b4aa62a7c384d!8m2!3d37.9412671!4d-121.299515",(All)
TRANSPORT BESSETTE & BOUDREAU INC,INFO@B-B.CA,SAINT-HYACINTHE,PQ,YES,NO,YES,YES,YES,YES,NO,NO,YES,YES,YES,NO,YES,NO,NO,YES,YES,NO,NO,YES,NO,YES,YES,YES,YES,NO,Details,http://www.b-b.ca/en/our-terminals/,(All)
TRANSPORT BESSETTE & BOUDREAU INC,INFO@B-B.CA,VAL-JOLI,PQ,YES,NO,YES,YES,YES,YES,NO,NO,YES,YES,YES,NO,YES,NO,NO,YES,YES,NO,NO,YES,NO,YES,YES,YES,YES,NO,Details,http://www.b-b.ca/en/our-terminals/,(All)
TRANSPORTATION PARTNERS & LOGISTIC LLC,JCLARK@TPANDL.COM,BISHOP,TX,NO,NO,NO,NO,NO,NO,NO,NO,NO,NO,NO,YES,NO,NO,NO,NO,NO,NO,NO,NO,NO,NO,NO,NO,NO,NO,Details,https://tpandl.com/industries-served/#locations,(All)
TRANSPORTATION PARTNERS & LOGISTIC LLC,JCLARK@TPANDL.COM,ENID,OK,NO,NO,NO,NO,NO,NO,NO,NO,NO,NO,NO,YES,NO,NO,NO,NO,NO,NO,NO,NO,NO,NO,NO,NO,NO,NO,Details,https://tpandl.com/industries-served/#locations,(All)
TRANSPORTATION PARTNERS & LOGISTIC LLC,JCLARK@TPANDL.COM,GARDEN CITY,KS,NO,NO,NO,NO,NO,NO,NO,NO,NO,NO,NO,YES,NO,NO,NO,NO,NO,NO,NO,NO,NO,NO,NO,NO,NO,NO,Details,https://tpandl.com/industries-served/#locations,(All)
TRANSPORTATION PARTNERS & LOGISTIC LLC,JCLARK@TPANDL.COM,GRAND FORKS,ND,NO,NO,NO,NO,NO,NO,NO,NO,NO,NO,NO,YES,NO,NO,NO,NO,NO,NO,NO,NO,NO,NO,NO,NO,NO,NO,Details,https://tpandl.com/industries-served/#locations,(All)
TRANSRAIL NORTH AMERICA,RFISCHER@GWRR.COM,WELLSBORO,PA,NO,NO,NO,NO,NO,NO,NO,NO,NO,NO,NO,NO,NO,NO,NO,NO,NO,NO,NO,NO,NO,NO,NO,NO,NO,NO,Details,https://www.gwrr.com/customers/transload?radius=300&state=PA&railroad=undefined,(All)
TRIMAC INC,INFO@TRIMAC.COM,FAIRBURN,GA,YES,NO,YES,YES,NO,NO,NO,NO,NO,YES,YES,NO,YES,NO,NO,YES,NO,NO,NO,YES,NO,YES,YES,YES,YES,YES,Details,https://www.trimac.com/customers/bulk-transportation-services,(All)
TRIMAC INC,INFO@TRIMAC.COM,MEMPHIS,TN,YES,NO,YES,YES,NO,NO,NO,NO,NO,YES,YES,NO,YES,NO,NO,YES,NO,NO,NO,YES,NO,YES,YES,YES,YES,YES,Details,https://www.trimac.com/customers/bulk-transportation-services,(All)
TRIPAK INC,GGARCIA@TTSI.COM,TACOMA,WA,NO,NO,NO,NO,NO,NO,NO,NO,NO,NO,NO,NO,NO,NO,NO,NO,NO,NO,NO,NO,NO,NO,NO,NO,NO,NO,Details,https://ttsi.com/services/intermodal-drayage-warehousing/warehousing/,(All)
TRISTAR FLC INC,PETER@TRISTARPNW.COM,FONTANA,CA,NO,NO,NO,NO,NO,NO,NO,YES,NO,NO,NO,NO,NO,NO,NO,NO,NO,NO,NO,NO,NO,NO,NO,NO,NO,NO,Details,http://www.tristarpnw.com/locations.html,(All)
TRISTAR FLC INC,PETER@TRISTARPNW.COM,VANCOUVER,WA,NO,NO,NO,NO,NO,NO,NO,YES,NO,NO,NO,NO,NO,NO,NO,NO,NO,NO,NO,NO,NO,NO,NO,NO,NO,NO,Details,http://www.tristarpnw.com/locations.html,(All)
TRUCK-RAIL HANDLING INC,CASTILLO@QATP-TRH.COM,EL PASO,TX,YES,NO,YES,YES,YES,YES,NO,NO,NO,YES,YES,NO,YES,NO,NO,YES,NO,NO,NO,YES,NO,NO,YES,YES,NO,NO,Details,https://qatp-trh.com/services/,(All)
TRUCK-RAIL HANDLING INC,CASTILLO@QATP-TRH.COM,LUBBOCK,TX,YES,NO,YES,YES,YES,YES,NO,NO,NO,YES,YES,NO,YES,YES,NO,YES,NO,NO,YES,YES,YES,NO,YES,YES,YES,YES,Details,https://qatp-trh.com/services/,(All)
TRUCK-RAIL HANDLING INC,CASTILLO@QATP-TRH.COM,SALT LAKE CITY,UT,YES,NO,YES,YES,YES,YES,NO,NO,NO,YES,YES,NO,YES,NO,NO,NO,NO,NO,NO,NO,NO,YES,NO,YES,NO,NO,Details,https://qatp-trh.com/services/,(All)
TRUCK-RAIL HANDLING INC,CASTILLO@QATP-TRH.COM,TACOMA,WA,YES,NO,YES,YES,YES,YES,NO,NO,NO,YES,YES,NO,YES,YES,NO,YES,NO,NO,YES,YES,YES,NO,YES,YES,YES,YES,Details,https://qatp-trh.com/services/,(All)
TUBULAR TRANSPORT & LOGISTICS,WWW.LINKEDIN.COM/IN/CESARMARTINEZ3,BAKERSFIELD,CA,NO,NO,NO,NO,NO,NO,NO,NO,NO,NO,NO,YES,NO,NO,NO,NO,NO,NO,NO,NO,NO,NO,NO,NO,NO,NO,Details,https://tubulartransport.com/locations/,(All)
TUBULAR TRANSPORT & LOGISTICS,WWW.LINKEDIN.COM/IN/CESARMARTINEZ3,BISMARCK,ND,NO,NO,NO,NO,NO,NO,NO,NO,NO,NO,NO,YES,NO,NO,NO,NO,NO,NO,NO,NO,NO,NO,NO,NO,NO,NO,Details,https://tubulartransport.com/locations/,(All)
TUBULAR TRANSPORT & LOGISTICS,WWW.LINKEDIN.COM/IN/CESARMARTINEZ3,HOBBS,NM,NO,NO,NO,NO,NO,NO,NO,NO,NO,NO,NO,YES,NO,NO,NO,NO,NO,NO,NO,NO,NO,NO,NO,NO,NO,NO,Details,https://tubulartransport.com/locations/,(All)
TUBULAR TRANSPORT & LOGISTICS,WWW.LINKEDIN.COM/IN/CESARMARTINEZ3,RIFLE,CO,NO,NO,NO,NO,NO,NO,NO,NO,NO,NO,NO,YES,NO,NO,NO,NO,NO,NO,NO,NO,NO,NO,NO,NO,NO,NO,Details,https://tubulartransport.com/locations/,(All)
TWIN CITIES & WESTERN RAILROAD,RPALM@TCWR.COM,GLENCOE,MN,NO,NO,NO,NO,NO,NO,NO,NO,NO,NO,NO,NO,NO,NO,NO,NO,NO,NO,NO,NO,NO,NO,NO,NO,NO,NO,Details,https://tcwr.net/customers/non-rail-served/,(All)
UNIVAR CANADA,INFO@UNIVARSOLUTIONS.COM,EDMONTON,AB,YES,NO,YES,YES,NO,NO,NO,NO,NO,YES,NO,NO,YES,YES,YES,NO,NO,NO,YES,YES,YES,NO,YES,YES,YES,NO,Details,https://www.univarsolutions.com/services/,(All)
UNIVAR CANADA,INFO@UNIVARSOLUTIONS.COM,STURGEON COUNTY,AB,YES,NO,YES,YES,NO,NO,NO,NO,NO,YES,NO,NO,YES,YES,YES,NO,NO,NO,NO,YES,YES,NO,YES,YES,YES,NO,Details,https://www.univarsolutions.com/services/,(All)
UNIVERSAL RELOAD & DISTRIBUTION,GARTH.SEARCY@SEARCYTRUCKING.COM,WINNIPEG,MB,NO,NO,NO,NO,NO,NO,NO,YES,NO,NO,NO,NO,NO,NO,NO,NO,NO,NO,NO,NO,NO,NO,NO,NO,NO,NO,Details,http://www.universalreload.com/index.php/services,(All)
VAN WERT TERMINAL LLC,WWW.LINKEDIN.COM/IN/RUSS-MILLER-05942986,VAN WERT,OH,NO,NO,NO,YES,NO,NO,NO,YES,YES,YES,NO,YES,YES,NO,NO,NO,YES,NO,NO,YES,YES,NO,NO,YES,YES,NO,Details,"https://www.google.com/maps/place/9630+Hoaglin+Center+Rd,+Van+Wert,+OH+45891/@40.8651956,-84.5186942,397m/data=!3m1!1e3!4m5!3m4!1s0x883e69814275ed81:0xa65dbe4114cbf9f3!8m2!3d40.8652615!4d-84.5178609",(All)
VAN-G LOGISTICS,www.vanglogistics.com/contact/#contact_form_928,FOWLER,CA,YES,NO,YES,YES,YES,YES,NO,NO,YES,YES,YES,NO,YES,NO,NO,YES,YES,NO,NO,YES,NO,YES,YES,YES,NO,NO,Details,http://www.vanglogistics.com/service/transloading/,(All)
VAN-G LOGISTICS,www.vanglogistics.com/contact/#contact_form_928,LATHROP,CA,YES,NO,YES,YES,YES,YES,NO,NO,YES,YES,YES,NO,YES,NO,NO,YES,YES,NO,NO,YES,NO,YES,YES,YES,NO,NO,Details,http://www.vanglogistics.com/service/transloading/,(All)
VAN-G LOGISTICS,www.vanglogistics.com/contact/#contact_form_928,SELMA,CA,YES,NO,YES,YES,YES,YES,NO,NO,YES,YES,YES,NO,YES,NO,NO,YES,YES,NO,NO,YES,NO,YES,YES,YES,NO,NO,Details,http://www.vanglogistics.com/service/transloading/,(All)
VENEZIA TRANSPORT,WWW.LINKEDIN.COM/IN/ANDY-PAUL-A91284B,BETHLEHEM,PA,NO,YES,YES,YES,YES,YES,NO,NO,YES,YES,NO,NO,YES,NO,NO,YES,YES,NO,NO,YES,NO,NO,YES,YES,NO,NO,Details,https://www.veneziainc.com/our-locations.html,(All)
VENEZIA TRANSPORT,WWW.LINKEDIN.COM/IN/ANDY-PAUL-A91284B,SOUTH PLAINFIELD,NJ,NO,YES,YES,YES,YES,YES,NO,NO,YES,YES,NO,NO,YES,NO,NO,YES,YES,NO,NO,YES,NO,NO,YES,YES,NO,NO,Details,https://www.veneziainc.com/our-locations.html,(All)
VENTURA TRANSFER CO,BKEEGAN@VENTURATRANSFER.COM,COMMERCE,CA,YES,NO,YES,YES,NO,NO,NO,NO,YES,YES,YES,NO,YES,NO,NO,YES,YES,NO,NO,YES,NO,YES,YES,YES,YES,NO,Details,http://www.venturatransfercompany.com/facilities/,(All)
VENTURA TRANSFER CO,BKEEGAN@VENTURATRANSFER.COM,EL CENTRO,CA,YES,NO,YES,YES,NO,NO,NO,NO,YES,YES,YES,NO,YES,NO,NO,YES,YES,NO,NO,YES,NO,YES,YES,YES,YES,NO,Details,http://www.venturatransfercompany.com/facilities/,(All)
VENTURA TRANSFER CO,BKEEGAN@VENTURATRANSFER.COM,LONG BEACH,CA,YES,NO,YES,YES,NO,NO,NO,NO,YES,YES,YES,NO,YES,NO,NO,YES,YES,NO,NO,YES,NO,YES,YES,YES,YES,NO,Details,http://www.venturatransfercompany.com/facilities/,(All)
VENTURA TRANSFER CO,BKEEGAN@VENTURATRANSFER.COM,PHOENIX,AZ,YES,NO,YES,YES,NO,NO,NO,NO,YES,YES,YES,NO,YES,NO,NO,YES,YES,NO,NO,YES,NO,YES,YES,YES,YES,NO,Details,http://www.venturatransfercompany.com/facilities/,(All)
VENTURA TRANSFER CO,BKEEGAN@VENTURATRANSFER.COM,WILMINGTON,CA,YES,NO,YES,YES,NO,NO,NO,NO,YES,YES,YES,NO,YES,NO,NO,YES,YES,NO,NO,YES,NO,YES,YES,YES,YES,NO,Details,http://www.venturatransfercompany.com/facilities/,(All)
VERMONT RAILWAY,JMATTSEN@VRS.US.COM,SHELBURNE,VT,NO,NO,NO,NO,NO,NO,NO,NO,NO,NO,NO,NO,NO,NO,NO,NO,NO,NO,NO,NO,NO,NO,NO,NO,NO,NO,Details,http://www.vrs.us.com/vrs_connect/vrs_conn_shelburne.html,(All)
WALLOOMSAC METAL RECYCLING,RDESROSIER@VRS.US.COM,WALLOOMSAC,NY,NO,NO,NO,NO,NO,NO,NO,NO,NO,NO,NO,NO,NO,NO,NO,NO,NO,NO,NO,NO,NO,NO,NO,NO,NO,NO,Details,http://www.vermontrailway.com/vrs_connect/vrs_conn_walloomsac.html,(All)
WAREHOUSE SPECIALISTS LLC,INFO@WSINC.COM,PORTLAND,OR,NO,NO,NO,NO,NO,NO,NO,NO,NO,NO,NO,NO,NO,NO,NO,NO,NO,NO,NO,NO,NO,NO,NO,NO,NO,NO,Details,https://www.wsinc.com/locations/portland-or-chemical/,(All)
WATCO TERMINAL & PORT SERVICES,MMASSOGLIA@WATCOCOMPANIES.COM,AMORY,MS,NO,NO,NO,NO,NO,NO,NO,YES,YES,NO,NO,YES,NO,NO,NO,NO,YES,NO,NO,NO,NO,NO,NO,YES,NO,NO,Details,https://www.watcocompanies.com/services/terminal-services/,(All)
WATCO TERMINAL & PORT SERVICES,MMASSOGLIA@WATCOCOMPANIES.COM,AVONDALE,PA,NO,NO,NO,NO,NO,NO,NO,NO,NO,NO,NO,NO,NO,NO,NO,NO,NO,NO,NO,NO,NO,NO,NO,NO,NO,NO,Details,https://www.watcocompanies.com/services/terminal-services/,(All)
WATCO TERMINAL & PORT SERVICES,MMASSOGLIA@WATCOCOMPANIES.COM,BLYTHESVILLE,AR,NO,NO,NO,YES,NO,NO,NO,NO,YES,YES,NO,YES,NO,NO,NO,NO,YES,NO,NO,YES,YES,NO,YES,YES,NO,NO,Details,https://www.watcocompanies.com/services/terminal-services/,(All)
WATCO TERMINAL & PORT SERVICES,MMASSOGLIA@WATCOCOMPANIES.COM,BURLEY,ID,NO,NO,NO,NO,YES,NO,NO,NO,NO,NO,NO,NO,NO,NO,NO,NO,NO,NO,NO,NO,NO,NO,YES,NO,NO,NO,Details,https://www.watcocompanies.com/services/terminal-services/,(All)
WATCO TERMINAL & PORT SERVICES,MMASSOGLIA@WATCOCOMPANIES.COM,CATOOSA,OK,NO,NO,NO,NO,NO,NO,NO,NO,NO,NO,NO,NO,NO,NO,NO,NO,NO,NO,NO,NO,NO,NO,NO,NO,NO,NO,Details,https://www.watcocompanies.com/services/terminal-services/,(All)
WATCO TERMINAL & PORT SERVICES,MMASSOGLIA@WATCOCOMPANIES.COM,CHICAGO,IL,NO,NO,NO,NO,NO,NO,YES,NO,YES,NO,NO,YES,NO,NO,NO,NO,YES,NO,NO,NO,NO,NO,YES,YES,NO,NO,Details,https://www.watcocompanies.com/services/terminal-services/,(All)
WATCO TERMINAL & PORT SERVICES,MMASSOGLIA@WATCOCOMPANIES.COM,CHICAGO HEIGHTS,IL,NO,NO,NO,NO,NO,NO,NO,YES,NO,NO,NO,YES,NO,NO,NO,NO,NO,NO,NO,NO,NO,NO,NO,NO,NO,NO,Details,https://www.watcocompanies.com/services/terminal-services/,(All)
WATCO TERMINAL & PORT SERVICES,MMASSOGLIA@WATCOCOMPANIES.COM,CINCINNATI,OH,NO,NO,NO,NO,NO,NO,YES,NO,YES,NO,NO,NO,NO,NO,NO,NO,YES,NO,NO,NO,NO,NO,NO,NO,NO,NO,Details,https://www.watcocompanies.com/services/terminal-services/,(All)
WATCO TERMINAL & PORT SERVICES,MMASSOGLIA@WATCOCOMPANIES.COM,CINCINNATI,OH,NO,NO,YES,YES,NO,NO,NO,NO,YES,YES,NO,NO,YES,NO,NO,NO,YES,NO,NO,YES,YES,NO,YES,YES,YES,NO,Details,https://www.watcocompanies.com/services/terminal-services/,(All)
WATCO TERMINAL & PORT SERVICES,MMASSOGLIA@WATCOCOMPANIES.COM,COUNCIL BLUFFS,IA,NO,NO,NO,YES,YES,YES,NO,YES,YES,YES,NO,YES,YES,NO,NO,NO,YES,NO,NO,YES,NO,NO,YES,YES,NO,NO,Details,https://www.watcocompanies.com/services/terminal-services/,(All)
WATCO TERMINAL & PORT SERVICES,MMASSOGLIA@WATCOCOMPANIES.COM,DALLAS,TX,NO,NO,NO,NO,NO,NO,NO,YES,NO,NO,NO,YES,NO,NO,NO,NO,NO,NO,NO,NO,NO,NO,NO,NO,NO,NO,Details,https://www.watcocompanies.com/services/terminal-services/,(All)
WATCO TERMINAL & PORT SERVICES,MMASSOGLIA@WATCOCOMPANIES.COM,DECATUR,AL,NO,NO,NO,NO,NO,NO,NO,NO,NO,NO,NO,NO,NO,NO,NO,NO,NO,NO,NO,NO,NO,NO,NO,NO,NO,NO,Details,https://www.watcocompanies.com/services/terminal-services/,(All)
WATCO TERMINAL & PORT SERVICES,MMASSOGLIA@WATCOCOMPANIES.COM,DORE,ND,NO,NO,YES,YES,NO,NO,YES,NO,NO,YES,NO,YES,NO,NO,NO,NO,YES,NO,NO,YES,NO,NO,NO,YES,NO,NO,Details,https://www.watcocompanies.com/services/terminal-services/,(All)
WATCO TERMINAL & PORT SERVICES,MMASSOGLIA@WATCOCOMPANIES.COM,FAIRVIEW,MT,NO,NO,NO,NO,NO,NO,YES,NO,YES,NO,NO,NO,NO,NO,NO,NO,YES,NO,NO,NO,NO,NO,NO,NO,NO,NO,Details,https://www.watcocompanies.com/services/terminal-services/,(All)
WATCO TERMINAL & PORT SERVICES,MMASSOGLIA@WATCOCOMPANIES.COM,GALENA PARK,TX,NO,NO,NO,NO,NO,NO,YES,NO,YES,NO,NO,NO,NO,NO,NO,NO,YES,NO,NO,NO,NO,NO,NO,NO,NO,NO,Details,https://www.watcocompanies.com/services/terminal-services/,(All)
WATCO TERMINAL & PORT SERVICES,MMASSOGLIA@WATCOCOMPANIES.COM,GLENDALE,AZ,NO,NO,NO,YES,NO,NO,NO,YES,NO,YES,NO,YES,YES,NO,NO,NO,NO,NO,NO,YES,NO,NO,YES,NO,NO,NO,Details,https://www.watcocompanies.com/services/terminal-services/,(All)
WATCO TERMINAL & PORT SERVICES,MMASSOGLIA@WATCOCOMPANIES.COM,HOUSTON,TX,NO,NO,NO,NO,NO,NO,YES,NO,YES,NO,NO,NO,NO,NO,NO,NO,YES,NO,NO,NO,NO,NO,NO,NO,NO,NO,Details,https://www.watcocompanies.com/services/terminal-services/,(All)
WATCO TERMINAL & PORT SERVICES,MMASSOGLIA@WATCOCOMPANIES.COM,HOUSTON,TX,NO,NO,YES,YES,NO,NO,YES,NO,YES,YES,NO,YES,YES,NO,NO,NO,YES,NO,NO,YES,NO,NO,YES,YES,NO,NO,Details,https://www.watcocompanies.com/services/terminal-services/,(All)
WATCO TERMINAL & PORT SERVICES,MMASSOGLIA@WATCOCOMPANIES.COM,JEFFERSONVILLE,IN,NO,NO,NO,NO,NO,NO,YES,NO,YES,NO,NO,NO,NO,NO,NO,NO,YES,NO,NO,NO,NO,NO,NO,NO,NO,NO,Details,https://www.watcocompanies.com/services/terminal-services/,(All)
WATCO TERMINAL & PORT SERVICES,MMASSOGLIA@WATCOCOMPANIES.COM,MADISON,WI,NO,NO,NO,NO,NO,NO,NO,NO,YES,NO,NO,NO,NO,NO,NO,NO,YES,NO,NO,NO,NO,NO,NO,NO,NO,NO,Details,https://www.watcocompanies.com/services/terminal-services/,(All)
WATCO TERMINAL & PORT SERVICES,MMASSOGLIA@WATCOCOMPANIES.COM,MIDDLEPORT,OH,NO,NO,NO,NO,NO,NO,NO,NO,YES,NO,NO,NO,NO,NO,NO,NO,YES,NO,NO,NO,NO,NO,NO,NO,NO,NO,Details,https://www.watcocompanies.com/services/terminal-services/,(All)
WATCO TERMINAL & PORT SERVICES,MMASSOGLIA@WATCOCOMPANIES.COM,MULGA,AL,NO,NO,NO,NO,NO,NO,NO,NO,NO,NO,NO,NO,NO,NO,NO,NO,NO,NO,NO,NO,NO,NO,NO,NO,NO,NO,Details,https://www.watcocompanies.com/services/terminal-services/,(All)
WATCO TERMINAL & PORT SERVICES,MMASSOGLIA@WATCOCOMPANIES.COM,NITRO,WV,NO,NO,NO,NO,NO,NO,NO,NO,YES,NO,NO,NO,NO,NO,NO,NO,YES,NO,NO,NO,NO,NO,NO,NO,NO,NO,Details,https://www.watcocompanies.com/services/terminal-services/,(All)
WATCO TERMINAL & PORT SERVICES,MMASSOGLIA@WATCOCOMPANIES.COM,OKLAHOMA CITY,OK,NO,NO,YES,YES,YES,YES,YES,NO,YES,YES,YES,NO,YES,NO,NO,NO,YES,NO,NO,YES,NO,YES,YES,YES,NO,NO,Details,https://www.watcocompanies.com/services/terminal-services/,(All)
WATCO TERMINAL & PORT SERVICES,MMASSOGLIA@WATCOCOMPANIES.COM,OMAHA,NE,NO,NO,YES,YES,YES,YES,YES,YES,YES,YES,YES,YES,YES,NO,NO,NO,YES,NO,NO,YES,NO,YES,YES,YES,NO,NO,Details,https://www.watcocompanies.com/services/terminal-services/,(All)
WATCO TERMINAL & PORT SERVICES,MMASSOGLIA@WATCOCOMPANIES.COM,OSHKOSH,WI,NO,NO,NO,NO,NO,NO,YES,NO,YES,NO,NO,NO,NO,NO,NO,NO,YES,NO,NO,NO,NO,NO,NO,NO,NO,NO,Details,https://www.watcocompanies.com/services/terminal-services/,(All)
WATCO TERMINAL & PORT SERVICES,MMASSOGLIA@WATCOCOMPANIES.COM,OSHKOSH,WI,NO,NO,YES,NO,NO,NO,NO,NO,YES,NO,NO,YES,NO,NO,NO,NO,YES,NO,NO,NO,NO,NO,YES,NO,NO,NO,Details,https://www.watcocompanies.com/services/terminal-services/,(All)
WATCO TERMINAL & PORT SERVICES,MMASSOGLIA@WATCOCOMPANIES.COM,PECOS,TX,NO,NO,NO,NO,NO,NO,YES,NO,NO,NO,NO,NO,NO,NO,NO,NO,NO,NO,NO,NO,NO,NO,NO,NO,NO,NO,Details,https://www.watcocompanies.com/services/terminal-services/,(All)
WATCO TERMINAL & PORT SERVICES,MMASSOGLIA@WATCOCOMPANIES.COM,PECOS,TX,NO,NO,NO,NO,NO,NO,YES,NO,YES,NO,NO,NO,NO,NO,NO,NO,YES,NO,NO,NO,NO,NO,NO,NO,NO,NO,Details,https://www.watcocompanies.com/services/terminal-services/,(All)
WATCO TERMINAL & PORT SERVICES,MMASSOGLIA@WATCOCOMPANIES.COM,PHOENIX,AZ,NO,NO,NO,NO,NO,YES,NO,NO,NO,NO,NO,NO,YES,NO,NO,NO,NO,NO,NO,YES,NO,NO,YES,NO,YES,NO,Details,https://www.watcocompanies.com/services/terminal-services/,(All)
WATCO TERMINAL & PORT SERVICES,MMASSOGLIA@WATCOCOMPANIES.COM,PINE BLUFF,AR,NO,NO,NO,NO,NO,NO,YES,NO,YES,NO,NO,NO,NO,NO,NO,NO,YES,NO,NO,NO,NO,NO,NO,NO,NO,NO,Details,https://www.watcocompanies.com/services/terminal-services/,(All)
WATCO TERMINAL & PORT SERVICES,MMASSOGLIA@WATCOCOMPANIES.COM,PITTSBURG,KS,NO,NO,NO,NO,NO,NO,NO,NO,NO,NO,NO,NO,NO,NO,NO,NO,NO,NO,NO,NO,NO,NO,NO,NO,NO,NO,Details,https://www.watcocompanies.com/services/terminal-services/,(All)
WATCO TERMINAL & PORT SERVICES,MMASSOGLIA@WATCOCOMPANIES.COM,ROCKFORD,IL,NO,NO,NO,NO,NO,NO,NO,NO,NO,NO,NO,NO,NO,NO,NO,NO,NO,NO,NO,NO,NO,NO,NO,NO,NO,NO,Details,https://www.watcocompanies.com/services/terminal-services/,(All)
WATCO TERMINAL & PORT SERVICES,MMASSOGLIA@WATCOCOMPANIES.COM,SAN LUIS POTOSI,SL,NO,NO,NO,YES,NO,NO,NO,NO,NO,NO,NO,NO,YES,NO,NO,NO,NO,NO,NO,YES,NO,NO,YES,YES,NO,NO,Details,https://www.watcocompanies.com/services/terminal-services/,(All)
WATCO TERMINAL & PORT SERVICES,MMASSOGLIA@WATCOCOMPANIES.COM,SAUGET,IL,NO,NO,NO,YES,NO,NO,NO,NO,YES,NO,NO,NO,NO,NO,NO,NO,YES,NO,NO,YES,NO,NO,YES,YES,NO,NO,Details,https://www.watcocompanies.com/services/terminal-services/,(All)
WATCO TERMINAL & PORT SERVICES,MMASSOGLIA@WATCOCOMPANIES.COM,ST LOUIS,MO,NO,NO,NO,NO,NO,NO,NO,NO,NO,NO,NO,NO,NO,NO,NO,NO,NO,NO,NO,NO,NO,NO,NO,NO,NO,NO,Details,https://www.watcocompanies.com/services/terminal-services/,(All)
WATCO TERMINAL & PORT SERVICES,MMASSOGLIA@WATCOCOMPANIES.COM,ST LOUIS,MO,NO,NO,NO,NO,NO,NO,NO,YES,NO,NO,NO,YES,NO,NO,NO,NO,NO,NO,NO,NO,NO,NO,NO,NO,NO,NO,Details,https://www.watcocompanies.com/services/terminal-services/,(All)
WATCO TERMINAL & PORT SERVICES,MMASSOGLIA@WATCOCOMPANIES.COM,ST LOUIS,MO,NO,NO,NO,NO,NO,NO,YES,NO,YES,NO,NO,NO,NO,NO,NO,NO,YES,NO,NO,NO,NO,NO,NO,NO,NO,NO,Details,https://www.watcocompanies.com/services/terminal-services/,(All)
WATCO TERMINAL & PORT SERVICES,MMASSOGLIA@WATCOCOMPANIES.COM,STOCKTON,CA,NO,NO,YES,NO,NO,NO,NO,NO,NO,NO,YES,NO,NO,NO,NO,NO,YES,NO,NO,NO,NO,NO,NO,NO,NO,NO,Details,https://www.watcocompanies.com/services/terminal-services/,(All)
WATCO TERMINAL & PORT SERVICES,MMASSOGLIA@WATCOCOMPANIES.COM,STROUD,OK,NO,NO,NO,NO,NO,NO,NO,NO,NO,NO,NO,YES,NO,NO,NO,NO,NO,NO,NO,NO,NO,NO,NO,NO,NO,NO,Details,https://www.watcocompanies.com/services/terminal-services/,(All)
WATCO TERMINAL & PORT SERVICES,MMASSOGLIA@WATCOCOMPANIES.COM,STROUD,OK,NO,NO,NO,NO,NO,NO,YES,NO,YES,NO,NO,NO,NO,NO,NO,NO,YES,NO,NO,NO,NO,NO,NO,NO,NO,NO,Details,https://www.watcocompanies.com/services/terminal-services/,(All)
WATCO TERMINAL & PORT SERVICES,MMASSOGLIA@WATCOCOMPANIES.COM,TRIUMPH,IL,NO,NO,NO,NO,NO,NO,YES,NO,YES,NO,NO,NO,NO,NO,NO,NO,YES,NO,NO,NO,NO,NO,NO,NO,NO,NO,Details,https://www.watcocompanies.com/services/terminal-services/,(All)
WATCO TERMINAL & PORT SERVICES,MMASSOGLIA@WATCOCOMPANIES.COM,WATERLOO,IA,NO,NO,NO,NO,NO,NO,NO,NO,NO,NO,NO,YES,NO,NO,NO,NO,NO,NO,NO,NO,NO,NO,NO,NO,NO,NO,Details,https://www.watcocompanies.com/services/terminal-services/,(All)
WE PACK LOGISTICS,INFO@WEPACK.COM,MALVERN,AR,NO,NO,NO,NO,NO,NO,NO,NO,NO,NO,NO,NO,NO,NO,NO,NO,NO,NO,NO,NO,NO,NO,NO,NO,NO,NO,Details,https://www.wepack.com/what-we-do#transload-services,(All)
WE PACK LOGISTICS,INFO@WEPACK.COM,MONTICELLO,AR,NO,NO,NO,NO,NO,NO,NO,YES,NO,NO,NO,NO,NO,NO,NO,NO,NO,NO,NO,NO,NO,NO,NO,NO,NO,NO,Details,https://www.wepack.com/what-we-do#transload-services,(All)
WE PACK LOGISTICS,INFO@WEPACK.COM,NORTH LITTLE ROCK,AR,NO,NO,NO,NO,NO,NO,NO,NO,NO,NO,NO,NO,NO,NO,NO,NO,NO,NO,NO,NO,NO,NO,NO,NO,NO,NO,Details,https://www.wepack.com/what-we-do#transload-services,(All)
WE PACK LOGISTICS,INFO@WEPACK.COM,PARIS,TX,NO,NO,NO,NO,NO,NO,NO,NO,NO,NO,NO,NO,NO,NO,NO,NO,NO,NO,NO,NO,NO,NO,NO,NO,NO,NO,Details,https://www.wepack.com/what-we-do#transload-services,(All)
WEBER DISTRIBUTION WAREHOUSES,INFO@WEBERLOGISTICS.COM,SAN DIEGO,CA,NO,NO,NO,NO,NO,NO,NO,NO,NO,NO,NO,NO,NO,NO,NO,NO,NO,NO,NO,NO,NO,NO,NO,NO,NO,NO,Details,https://www.weberlogistics.com/locations/san-diego-warehouse,(All)
WEST MEMPHIS TRANSLOAD,INFO@JAG-TRANSPORT.COM,TENARK,AR,NO,NO,NO,NO,NO,NO,NO,NO,NO,NO,NO,NO,NO,NO,NO,NO,NO,NO,NO,NO,NO,NO,NO,NO,NO,NO,Details,https://jag-transport.com/locations/,(All)
WESTRAN SERVICES,,NEW WESTMINSTER,BC,NO,NO,NO,NO,NO,NO,NO,NO,NO,NO,NO,NO,NO,NO,NO,NO,NO,NO,NO,NO,NO,NO,NO,NO,NO,NO,Details,"https://www.google.com/maps/place/Westran+Services+Ltd/@49.2309215,-122.8821665,15z/data=!4m5!3m4!1s0x0:0x398ec0840805a4d5!8m2!3d49.2309215!4d-122.8821665",(All)
WESTRAN SERVICES,,SURREY,BC,NO,NO,NO,NO,NO,NO,NO,NO,NO,NO,NO,NO,NO,NO,NO,NO,NO,NO,NO,NO,NO,NO,NO,NO,NO,NO,Details,"https://www.google.com/maps/place/Timberland+Rd,+Surrey,+BC,+Canada/@49.1930287,-122.9011995,816m/data=!3m1!1e3!4m5!3m4!1s0x5485d81506b284cf:0xf42d1aa953c31b37!8m2!3d49.1955814!4d-122.8983022",(All)
WYMORE TRANSFER CO,INFO@WYMORETRANSFER.COM,CLACKAMAS,OR,NO,NO,YES,YES,NO,YES,NO,NO,NO,YES,YES,NO,YES,YES,NO,YES,NO,NO,YES,YES,NO,YES,YES,YES,YES,YES,Details,https://www.wymoretransfer.com/services/transloading/,(All)
YORK RAIL LOGISTICS,JRUDMAN@GWRR.COM,YORK,PA,NO,NO,NO,YES,YES,YES,NO,NO,NO,NO,YES,NO,YES,YES,YES,YES,YES,NO,NO,YES,NO,NO,YES,YES,NO,NO,Details,https://www.gwrr.com/railroads/north_america/york_railway#m_tab-one-panel,(All)