Name,Location Note,Email,Phone,City,ST,Acids,Asphalt,Chemicals (Dry),Chemicals (Liq),Foods (Dry),Foods (Liq),Frac Sand,Lumber,Minerals,Petroleum Products,Plastics (Dry),Steel,Air Compressor,Auger,Blending Meters,Blower,Bulk Conveyor,Gravity (Trestle),Hot Water Heating,Liquid Pumps,Liquid Storage Tanks,Portable Vacuum,Sampling Services,Scale,Steam Heating,Tank Trailer Cleaning,Railcar Storage,Website,Website Flag,Tier,Source,Maps Status,Confidence
& Distribution Systems,,,,NAPERVILLE,IL,UNKNOWN,UNKNOWN,UNKNOWN,UNKNOWN,UNKNOWN,UNKNOWN,UNKNOWN,UNKNOWN,UNKNOWN,UNKNOWN,UNKNOWN,UNKNOWN,UNKNOWN,UNKNOWN,UNKNOWN,UNKNOWN,UNKNOWN,UNKNOWN,UNKNOWN,UNKNOWN,UNKNOWN,UNKNOWN,UNKNOWN,UNKNOWN,UNKNOWN,UNKNOWN,unknown,,,listed,bnsf-premier-flipbook,,
& Logistics Co.,,,,SHATTUCK,OK,UNKNOWN,UNKNOWN,UNKNOWN,UNKNOWN,UNKNOWN,UNKNOWN,UNKNOWN,UNKNOWN,UNKNOWN,UNKNOWN,UNKNOWN,UNKNOWN,UNKNOWN,UNKNOWN,UNKNOWN,UNKNOWN,UNKNOWN,UNKNOWN,UNKNOWN,UNKNOWN,UNKNOWN,UNKNOWN,UNKNOWN,UNKNOWN,UNKNOWN,UNKNOWN,unknown,,,listed,bnsf-premier-flipbook,,
225 Rail Terminal,,,,PASADENA,TX,UNKNOWN,UNKNOWN,UNKNOWN,UNKNOWN,UNKNOWN,UNKNOWN,UNKNOWN,UNKNOWN,UNKNOWN,UNKNOWN,UNKNOWN,UNKNOWN,UNKNOWN,UNKNOWN,UNKNOWN,UNKNOWN,UNKNOWN,UNKNOWN,UNKNOWN,UNKNOWN,UNKNOWN,UNKNOWN,UNKNOWN,UNKNOWN,UNKNOWN,UNKNOWN,unknown,https://225rail.com/,,listed,rebulk-directory (PTRA BNSF UP CPKC),,
4C Transloaders,on Northwest Oklahoma Railroad,,,WOODWARD,OK,UNKNOWN,UNKNOWN,UNKNOWN,UNKNOWN,UNKNOWN,UNKNOWN,UNKNOWN,UNKNOWN,UNKNOWN,UNKNOWN,UNKNOWN,UNKNOWN,UNKNOWN,UNKNOWN,UNKNOWN,UNKNOWN,UNKNOWN,UNKNOWN,UNKNOWN,UNKNOWN,UNKNOWN,UNKNOWN,UNKNOWN,UNKNOWN,UNKNOWN,UNKNOWN,unknown,https://www.noklrailroad.com/transloading-services/,,listed,rebulk-directory (BNSF Northwest Ok),,
a DANA Company,,,,SAINT LOUIS,MO,UNKNOWN,UNKNOWN,UNKNOWN,UNKNOWN,UNKNOWN,UNKNOWN,UNKNOWN,UNKNOWN,UNKNOWN,UNKNOWN,UNKNOWN,UNKNOWN,UNKNOWN,UNKNOWN,UNKNOWN,UNKNOWN,UNKNOWN,UNKNOWN,UNKNOWN,UNKNOWN,UNKNOWN,UNKNOWN,UNKNOWN,UNKNOWN,UNKNOWN,UNKNOWN,unknown,,,listed,bnsf-premier-flipbook,,
A Duie Pyle Inc,,cs@aduiepyle.com,(413) 564-8170,WESTFIELD,MA,NO,NO,NO,NO,NO,NO,NO,NO,NO,NO,NO,NO,NO,NO,NO,NO,NO,NO,NO,NO,NO,NO,NO,NO,NO,NO,unknown,https://aduiepyle.com/,,verified,swl-internal,OPERATIONAL,high
A Duie Pyle Inc,,cs@aduiepyle.com,(610) 857-9222,PARKESBURG,PA,NO,NO,NO,NO,NO,NO,NO,NO,NO,NO,NO,NO,NO,NO,NO,NO,NO,NO,NO,NO,NO,NO,NO,NO,NO,NO,unknown,https://aduiepyle.com/,,verified,swl-internal,OPERATIONAL,high
A&G Transport Inc. / A&G Warehouse LLC,CBP Type 3 Bonded Warehouse,,,OAKLAND,CA,UNKNOWN,UNKNOWN,UNKNOWN,UNKNOWN,UNKNOWN,UNKNOWN,UNKNOWN,UNKNOWN,UNKNOWN,UNKNOWN,UNKNOWN,UNKNOWN,UNKNOWN,UNKNOWN,UNKNOWN,UNKNOWN,UNKNOWN,UNKNOWN,UNKNOWN,UNKNOWN,UNKNOWN,UNKNOWN,UNKNOWN,UNKNOWN,UNKNOWN,UNKNOWN,unknown,https://www.agtransportinc.com/,,listed,rebulk-directory,,
A&R Bulk Pak Incorporated,,,,ELIZABETH,NJ,UNKNOWN,UNKNOWN,UNKNOWN,UNKNOWN,UNKNOWN,UNKNOWN,UNKNOWN,UNKNOWN,UNKNOWN,UNKNOWN,UNKNOWN,UNKNOWN,UNKNOWN,UNKNOWN,UNKNOWN,UNKNOWN,UNKNOWN,UNKNOWN,UNKNOWN,UNKNOWN,UNKNOWN,UNKNOWN,UNKNOWN,UNKNOWN,UNKNOWN,UNKNOWN,unknown,https://www.arbulkpak.com,,listed,rebulk-directory (NS),,
A&R Transport Inc,,mhogan@artransport.com,,ANAHEIM,CA,NO,NO,NO,NO,NO,NO,NO,NO,NO,NO,YES,NO,NO,NO,NO,YES,NO,NO,NO,NO,NO,NO,YES,YES,NO,NO,unknown,https://ardoingitright.com/,,verified,swl-internal,NOT_FOUND,low
A&R Transport Inc,,mhogan@artransport.com,(909) 329-6885,BUENA PARK,CA,NO,NO,NO,NO,NO,NO,NO,NO,NO,NO,YES,NO,NO,NO,NO,NO,NO,NO,NO,NO,NO,NO,YES,YES,NO,NO,unknown,https://ardoingitright.com/,,verified,swl-internal,OPERATIONAL,high
A&R Transport Inc,,mhogan@artransport.com,,CARMENITA,CA,NO,NO,NO,NO,NO,NO,NO,NO,NO,NO,YES,NO,NO,NO,NO,YES,NO,NO,NO,NO,NO,NO,YES,YES,NO,NO,unknown,https://ardoingitright.com/,,verified,swl-internal,OPERATIONAL,high
A&R Transport Inc,,mhogan@artransport.com,,PARAMOUNT,CA,NO,NO,NO,NO,NO,NO,NO,NO,NO,NO,YES,NO,NO,NO,NO,NO,NO,NO,NO,NO,NO,NO,YES,YES,NO,NO,unknown,https://ardoingitright.com/,,review,swl-internal,CLOSED_TEMPORARILY,high
A&R Transport Inc,,mhogan@artransport.com,,SAN BERNARDINO,CA,NO,NO,NO,NO,NO,NO,NO,NO,NO,NO,YES,NO,NO,NO,NO,NO,NO,NO,NO,NO,NO,NO,YES,YES,NO,NO,unknown,https://ardoingitright.com/,,verified,swl-internal,NOT_FOUND,none
A&R Transport Inc,,mhogan@artransport.com,,SANTA FE SPRINGS,CA,NO,NO,NO,NO,NO,NO,NO,NO,NO,NO,YES,NO,NO,NO,NO,NO,NO,NO,NO,NO,NO,NO,YES,YES,NO,NO,unknown,https://www.anrmoving.com/,,verified,swl-internal,OPERATIONAL,medium
A&R Transport Inc,,mhogan@artransport.com,,STOCKTON,CA,NO,NO,NO,NO,NO,NO,NO,NO,NO,NO,YES,NO,NO,NO,NO,NO,NO,NO,NO,NO,NO,NO,YES,YES,NO,NO,unknown,https://safer.fmcsa.dot.gov/query.asp?searchtype=ANY&query_type=queryCarrierSnapshot&query_param=USDOT&query_string=2834404,,verified,swl-internal,OPERATIONAL,high
A&R Transport Inc,,mhogan@artransport.com,,VALLA,CA,NO,NO,NO,NO,NO,NO,NO,NO,NO,NO,YES,NO,NO,NO,NO,YES,NO,NO,NO,NO,NO,NO,YES,YES,NO,NO,unknown,http://www.ardoingitright.com/,,verified,swl-internal,OPERATIONAL,high
A&R Transport Inc,,mhogan@artransport.com,,VINA VISTA,CA,NO,NO,NO,NO,NO,NO,NO,NO,NO,NO,YES,NO,NO,NO,NO,YES,NO,NO,NO,NO,NO,NO,YES,YES,NO,NO,unknown,https://ardoingitright.com/,,verified,swl-internal,NOT_FOUND,none
A&R Transport Inc,,mhogan@artransport.com,,ACKERMAN,GA,NO,NO,NO,NO,NO,NO,NO,NO,NO,NO,YES,NO,NO,NO,NO,YES,NO,NO,NO,NO,NO,NO,YES,YES,NO,NO,unknown,https://ardoingitright.com/,,verified,swl-internal,NOT_FOUND,low
A&R Transport Inc,,mhogan@artransport.com,,FULCO,GA,NO,NO,NO,NO,NO,NO,NO,NO,NO,NO,YES,NO,NO,NO,NO,YES,NO,NO,NO,NO,NO,NO,YES,YES,NO,NO,unknown,https://ardoingitright.com/,,verified,swl-internal,NOT_FOUND,none
A&R Transport Inc,,mhogan@artransport.com,(404) 761-2111,UNION CITY,GA,NO,NO,NO,NO,NO,NO,NO,NO,NO,NO,YES,NO,NO,NO,NO,YES,NO,NO,NO,NO,NO,NO,YES,YES,NO,NO,unknown,https://ardoingitright.com/,,verified,swl-internal,OPERATIONAL,high
A&R Transport Inc,,mhogan@artransport.com,(800) 542-8058,EAST MORRIS,IL,NO,NO,NO,NO,NO,NO,NO,NO,NO,NO,YES,NO,NO,NO,NO,YES,NO,NO,NO,NO,NO,NO,YES,YES,NO,NO,unknown,http://www.artransport.com/,,verified,swl-internal,OPERATIONAL,medium
A&R Transport Inc,,mhogan@artransport.com,(812) 256-5413,CHARLESTOWN,IN,NO,NO,NO,NO,NO,NO,NO,NO,NO,NO,YES,NO,NO,NO,NO,YES,NO,NO,NO,NO,NO,NO,YES,YES,NO,NO,unknown,https://ardoingitright.com/,,verified,swl-internal,OPERATIONAL,high
A&R Transport Inc,,mhogan@artransport.com,,BATON ROUGE,LA,NO,NO,NO,NO,NO,NO,NO,NO,NO,NO,YES,NO,NO,NO,NO,YES,NO,NO,NO,NO,NO,NO,YES,YES,NO,NO,unknown,https://ardoingitright.com/,,verified,swl-internal,NOT_FOUND,low
A&R Transport Inc,,mhogan@artransport.com,,WARE,MA,NO,NO,NO,NO,NO,NO,NO,NO,NO,NO,YES,NO,NO,NO,NO,YES,NO,NO,NO,NO,NO,NO,YES,YES,NO,NO,unknown,https://ardoingitright.com/,,verified,swl-internal,NOT_FOUND,low
A&R Transport Inc,,mhogan@artransport.com,,WORCHESTER,MA,NO,NO,NO,NO,NO,NO,NO,NO,NO,NO,YES,NO,NO,NO,NO,YES,NO,NO,NO,NO,NO,NO,YES,YES,NO,NO,unknown,https://ardoingitright.com/,,verified,swl-internal,NOT_FOUND,none
A&R Transport Inc,,mhogan@artransport.com,,ST CLAIR,MI,NO,NO,NO,NO,NO,NO,NO,NO,NO,NO,YES,NO,NO,NO,NO,YES,NO,NO,NO,NO,NO,NO,YES,YES,NO,NO,unknown,https://ardoingitright.com/,,verified,swl-internal,OPERATIONAL,medium
A&R Transport Inc,,mhogan@artransport.com,(502) 269-2065,PORT BIENVILLE,MS,NO,NO,NO,NO,NO,NO,NO,NO,NO,NO,YES,NO,NO,NO,NO,YES,NO,NO,NO,NO,NO,NO,YES,YES,NO,NO,unknown,https://ardoingitright.com/,,verified,swl-internal,OPERATIONAL,high
A&R Transport Inc,,mhogan@artransport.com,(704) 399-8670,CHARLOTTE,NC,NO,NO,NO,NO,NO,NO,NO,NO,NO,NO,YES,NO,NO,NO,NO,YES,NO,NO,NO,NO,NO,NO,YES,YES,NO,NO,unknown,https://ardoingitright.com/,,verified,swl-internal,OPERATIONAL,medium
A&R Transport Inc,,mhogan@artransport.com,,AVENEL,NJ,NO,NO,NO,NO,NO,NO,NO,NO,NO,NO,YES,NO,NO,NO,NO,YES,NO,NO,NO,NO,NO,NO,YES,YES,NO,NO,unknown,https://ardoingitright.com/,,verified,swl-internal,NOT_FOUND,none
A&R Transport Inc,,mhogan@artransport.com,,ELIZABETH,NJ,NO,NO,NO,NO,NO,NO,NO,NO,NO,NO,YES,NO,NO,NO,NO,YES,NO,NO,NO,NO,NO,NO,YES,YES,NO,NO,unknown,https://ardoingitright.com/,,verified,swl-internal,NOT_FOUND,low
A&R Transport Inc,,mhogan@artransport.com,(215) 339-5021,PHILADELPHIA,PA,NO,NO,NO,NO,NO,NO,NO,NO,NO,NO,YES,NO,NO,NO,NO,YES,NO,NO,NO,NO,NO,NO,YES,YES,NO,NO,unknown,http://www.ardoingitright.com/,,verified,swl-internal,OPERATIONAL,medium
A&R Transport Inc,,mhogan@artransport.com,,MIDDLETON,SC,NO,NO,NO,NO,NO,NO,NO,NO,NO,NO,YES,NO,NO,NO,NO,YES,NO,NO,NO,NO,NO,NO,YES,YES,NO,NO,unknown,https://ardoingitright.com/,,verified,swl-internal,NOT_FOUND,low
A&R Transport Inc,,mhogan@artransport.com,,JACKSON,TN,NO,NO,NO,NO,NO,NO,NO,NO,NO,NO,YES,NO,NO,NO,NO,YES,NO,NO,NO,NO,NO,NO,YES,YES,NO,NO,unknown,https://ardoingitright.com/,,verified,swl-internal,NOT_FOUND,low
A&R Transport Inc,,mhogan@artransport.com,(817) 378-9995,FORT WORTH,TX,NO,NO,NO,NO,NO,NO,NO,NO,NO,NO,YES,NO,NO,NO,NO,YES,NO,NO,NO,NO,NO,NO,YES,YES,NO,NO,unknown,http://www.artransport.com/,,verified,swl-internal,OPERATIONAL,high
A&R Transport Inc,,mhogan@artransport.com,,CHESAPEAKE,VA,NO,NO,NO,NO,NO,NO,NO,NO,NO,NO,YES,NO,NO,NO,NO,YES,NO,NO,NO,NO,NO,NO,YES,YES,NO,NO,unknown,https://ardoingitright.com/,,verified,swl-internal,OPERATIONAL,medium
A&R Transport Inc,,mhogan@artransport.com,(757) 393-7860,PORTSMOUTH,VA,NO,NO,NO,NO,NO,NO,NO,NO,NO,NO,YES,NO,NO,NO,NO,YES,NO,NO,NO,NO,NO,NO,YES,YES,NO,NO,unknown,https://ardoingitright.com/,,verified,swl-internal,OPERATIONAL,medium
A&R Transport Inc,,mhogan@artransport.com,(304) 420-9099,PARKERSBURG,WV,NO,NO,NO,NO,NO,NO,NO,NO,NO,NO,YES,NO,NO,NO,NO,YES,NO,NO,NO,NO,NO,NO,YES,YES,NO,NO,unknown,https://ardoingitright.com/,,verified,swl-internal,OPERATIONAL,medium
A-1 Inventory Management,,,,UMATILLA,OR,UNKNOWN,UNKNOWN,UNKNOWN,UNKNOWN,UNKNOWN,UNKNOWN,UNKNOWN,UNKNOWN,UNKNOWN,UNKNOWN,UNKNOWN,UNKNOWN,UNKNOWN,UNKNOWN,UNKNOWN,UNKNOWN,UNKNOWN,UNKNOWN,UNKNOWN,UNKNOWN,UNKNOWN,UNKNOWN,UNKNOWN,UNKNOWN,UNKNOWN,UNKNOWN,unknown,https://www.a1invmang.com/,,listed,rebulk-directory (UP),,
A. Anastasio & Sons Trucking Rail Reload,,,,NEW HAVEN,CT,UNKNOWN,UNKNOWN,UNKNOWN,UNKNOWN,UNKNOWN,UNKNOWN,UNKNOWN,UNKNOWN,UNKNOWN,UNKNOWN,UNKNOWN,UNKNOWN,UNKNOWN,UNKNOWN,UNKNOWN,UNKNOWN,UNKNOWN,UNKNOWN,UNKNOWN,UNKNOWN,UNKNOWN,UNKNOWN,UNKNOWN,UNKNOWN,UNKNOWN,UNKNOWN,unknown,https://anastasiotrucking.com/,,listed,rebulk-directory (CSX),,
ABDW Logistics,,,,KENOSHA,WI,UNKNOWN,UNKNOWN,UNKNOWN,UNKNOWN,UNKNOWN,UNKNOWN,UNKNOWN,UNKNOWN,UNKNOWN,UNKNOWN,UNKNOWN,UNKNOWN,UNKNOWN,UNKNOWN,UNKNOWN,UNKNOWN,UNKNOWN,UNKNOWN,UNKNOWN,UNKNOWN,UNKNOWN,UNKNOWN,UNKNOWN,UNKNOWN,UNKNOWN,UNKNOWN,unknown,https://shipabdw.com/,,listed,rebulk-directory (CPKC),,
Aberdeen & Rockfish Raeford Transload,,,,RAEFORD,NC,UNKNOWN,UNKNOWN,UNKNOWN,UNKNOWN,UNKNOWN,UNKNOWN,UNKNOWN,UNKNOWN,UNKNOWN,UNKNOWN,UNKNOWN,UNKNOWN,UNKNOWN,UNKNOWN,UNKNOWN,UNKNOWN,UNKNOWN,UNKNOWN,UNKNOWN,UNKNOWN,UNKNOWN,UNKNOWN,UNKNOWN,UNKNOWN,UNKNOWN,UNKNOWN,unknown,https://aberdeen-rockfish.com/freight-services/,,listed,rebulk-directory (Aberdeen & Rockfish Railroad (AR)),,
Aberdeen Carolina & Western Railway,,info@acwr.com,(910) 974-4219,CANDOR,NC,NO,NO,NO,NO,NO,NO,NO,NO,NO,NO,NO,NO,NO,NO,NO,NO,NO,NO,NO,NO,NO,NO,NO,NO,NO,NO,unknown,http://www.acwr.com/,,verified,swl-internal,OPERATIONAL,high
AC&J Carson Transload,,,,CARSON,OH,UNKNOWN,UNKNOWN,UNKNOWN,UNKNOWN,UNKNOWN,UNKNOWN,UNKNOWN,UNKNOWN,UNKNOWN,UNKNOWN,UNKNOWN,UNKNOWN,UNKNOWN,UNKNOWN,UNKNOWN,UNKNOWN,UNKNOWN,UNKNOWN,UNKNOWN,UNKNOWN,UNKNOWN,UNKNOWN,UNKNOWN,UNKNOWN,UNKNOWN,UNKNOWN,unknown,https://wp.acjrailroad.com/,,listed,"rebulk-directory (Ashtabula, Carson & Jefferson Railroad (ACJR))",,
AC&J Jefferson Transload,,,,JEFFERSON,OH,UNKNOWN,UNKNOWN,UNKNOWN,UNKNOWN,UNKNOWN,UNKNOWN,UNKNOWN,UNKNOWN,UNKNOWN,UNKNOWN,UNKNOWN,UNKNOWN,UNKNOWN,UNKNOWN,UNKNOWN,UNKNOWN,UNKNOWN,UNKNOWN,UNKNOWN,UNKNOWN,UNKNOWN,UNKNOWN,UNKNOWN,UNKNOWN,UNKNOWN,UNKNOWN,unknown,https://wp.acjrailroad.com/,,listed,"rebulk-directory (Ashtabula, Carson & Jefferson Railroad (ACJR))",,
Access World USA Baltimore,,,,BALTIMORE,MD,UNKNOWN,UNKNOWN,UNKNOWN,UNKNOWN,UNKNOWN,UNKNOWN,UNKNOWN,UNKNOWN,UNKNOWN,UNKNOWN,UNKNOWN,UNKNOWN,UNKNOWN,UNKNOWN,UNKNOWN,UNKNOWN,UNKNOWN,UNKNOWN,UNKNOWN,UNKNOWN,UNKNOWN,UNKNOWN,UNKNOWN,UNKNOWN,UNKNOWN,UNKNOWN,unknown,https://www.accessworld.com/locations/north-america/,,listed,rebulk-directory (Tradepoint Rail (TPR) CSX NS),,
Access World Usa LLC,,,,NEW ORLEANS,LA,UNKNOWN,UNKNOWN,UNKNOWN,UNKNOWN,UNKNOWN,UNKNOWN,UNKNOWN,UNKNOWN,UNKNOWN,UNKNOWN,UNKNOWN,UNKNOWN,UNKNOWN,UNKNOWN,UNKNOWN,UNKNOWN,UNKNOWN,UNKNOWN,UNKNOWN,UNKNOWN,UNKNOWN,UNKNOWN,UNKNOWN,UNKNOWN,UNKNOWN,UNKNOWN,unknown,,,listed,rebulk-directory (BNSF),,
Access World Usa LLC,,,,BAYTOWN,TX,UNKNOWN,UNKNOWN,UNKNOWN,UNKNOWN,UNKNOWN,UNKNOWN,UNKNOWN,UNKNOWN,UNKNOWN,UNKNOWN,UNKNOWN,UNKNOWN,UNKNOWN,UNKNOWN,UNKNOWN,UNKNOWN,UNKNOWN,UNKNOWN,UNKNOWN,UNKNOWN,UNKNOWN,UNKNOWN,UNKNOWN,UNKNOWN,UNKNOWN,UNKNOWN,unknown,,,listed,rebulk-directory (BNSF),,
Ace Warehouse & Logistics,,info@acewlt.com,,MIAMI,FL,NO,NO,NO,NO,NO,NO,NO,NO,NO,NO,NO,NO,NO,NO,NO,NO,NO,NO,NO,NO,NO,NO,NO,NO,NO,NO,unknown,http://www.acewlt.com/,,verified,swl-internal,NOT_FOUND,low
Ace Warehouse & Logistics,,info@acewlt.com,(732) 248-1515,BURLINGTON,NJ,NO,NO,NO,NO,NO,NO,NO,NO,NO,NO,NO,NO,NO,NO,NO,NO,NO,NO,NO,NO,NO,NO,NO,NO,NO,NO,unknown,http://www.aceworldclass.com/,,verified,swl-internal,OPERATIONAL,medium
Ace Warehouse & Logistics,,info@acewlt.com,,CHESTER,PA,NO,NO,NO,NO,NO,NO,NO,NO,NO,NO,NO,NO,NO,NO,NO,NO,NO,NO,NO,NO,NO,NO,NO,NO,NO,NO,unknown,http://www.acewlt.com/,,verified,swl-internal,NOT_FOUND,low
Ace Warehouse & Logistics,,info@acewlt.com,,CORNWELLS HEIGHTS,PA,NO,NO,NO,NO,NO,NO,NO,NO,NO,NO,NO,NO,NO,NO,NO,NO,NO,NO,NO,NO,NO,NO,NO,NO,NO,NO,unknown,http://www.acewlt.com/,,verified,swl-internal,NOT_FOUND,none
ACME Distribution Center,Rail-Served Warehouse,,,AURORA,CO,UNKNOWN,UNKNOWN,UNKNOWN,UNKNOWN,UNKNOWN,UNKNOWN,UNKNOWN,UNKNOWN,UNKNOWN,UNKNOWN,UNKNOWN,UNKNOWN,UNKNOWN,UNKNOWN,UNKNOWN,UNKNOWN,UNKNOWN,UNKNOWN,UNKNOWN,UNKNOWN,UNKNOWN,UNKNOWN,UNKNOWN,UNKNOWN,UNKNOWN,UNKNOWN,unknown,https://acmedistribution.com/,,listed,rebulk-directory (UP),,
ACWR Transload/Megawood,Megawood Transload Yard and Storage,,,MT GILEAD,NC,UNKNOWN,UNKNOWN,UNKNOWN,UNKNOWN,UNKNOWN,UNKNOWN,UNKNOWN,UNKNOWN,UNKNOWN,UNKNOWN,UNKNOWN,UNKNOWN,UNKNOWN,UNKNOWN,UNKNOWN,UNKNOWN,UNKNOWN,UNKNOWN,UNKNOWN,UNKNOWN,UNKNOWN,UNKNOWN,UNKNOWN,UNKNOWN,UNKNOWN,UNKNOWN,unknown,https://www.acwr.com/transloading/,,listed,rebulk-directory (Aberdeen Carolina & Western Railway (ACWR)),,
Adams Brothers,,,,ZANESVILLE,OH,UNKNOWN,UNKNOWN,UNKNOWN,UNKNOWN,UNKNOWN,UNKNOWN,UNKNOWN,UNKNOWN,UNKNOWN,UNKNOWN,UNKNOWN,UNKNOWN,UNKNOWN,UNKNOWN,UNKNOWN,UNKNOWN,UNKNOWN,UNKNOWN,UNKNOWN,UNKNOWN,UNKNOWN,UNKNOWN,UNKNOWN,UNKNOWN,UNKNOWN,UNKNOWN,unknown,https://www.adamsbrosconcrete.com/,,listed,rebulk-directory (CUOH G&W),,
Adams Industries,,sales@adamsii.com,(800) 525-6958,SIDNEY,NE,NO,NO,YES,NO,YES,NO,YES,NO,YES,NO,NO,YES,NO,YES,NO,NO,YES,NO,NO,NO,NO,NO,YES,YES,NO,NO,unknown,http://www.adamsii.com/,,verified,swl-internal,OPERATIONAL,high
Addington Properties,,,,ELIZABETHTOWN,KY,UNKNOWN,UNKNOWN,UNKNOWN,UNKNOWN,UNKNOWN,UNKNOWN,UNKNOWN,UNKNOWN,UNKNOWN,UNKNOWN,UNKNOWN,UNKNOWN,UNKNOWN,UNKNOWN,UNKNOWN,UNKNOWN,UNKNOWN,UNKNOWN,UNKNOWN,UNKNOWN,UNKNOWN,UNKNOWN,UNKNOWN,UNKNOWN,UNKNOWN,UNKNOWN,unknown,,,listed,rebulk-directory (PAL),,
ADM Riverport Memphis,,,,MEMPHIS,TN,UNKNOWN,UNKNOWN,UNKNOWN,UNKNOWN,UNKNOWN,UNKNOWN,UNKNOWN,UNKNOWN,UNKNOWN,UNKNOWN,UNKNOWN,UNKNOWN,UNKNOWN,UNKNOWN,UNKNOWN,UNKNOWN,UNKNOWN,UNKNOWN,UNKNOWN,UNKNOWN,UNKNOWN,UNKNOWN,UNKNOWN,UNKNOWN,UNKNOWN,UNKNOWN,unknown,https://www.adm.com/,,listed,rebulk-directory (CN),,
ADM Terminal Service,,john.dougherty@adm.com,(563) 259-9559,CAMANCHE,IA,NO,NO,NO,NO,YES,NO,NO,NO,NO,NO,NO,NO,NO,YES,NO,NO,YES,NO,NO,NO,NO,NO,YES,YES,NO,NO,unknown,https://www.adm.com/products-services/adm-logistics/terminal-services/camanche,dead_link,verified,swl-internal,OPERATIONAL,medium
ADM Terminal Service,,john.dougherty@adm.com,,CLINTON,IA,NO,NO,NO,NO,YES,NO,NO,NO,NO,NO,NO,NO,NO,YES,NO,NO,YES,NO,NO,NO,NO,NO,YES,YES,NO,NO,unknown,https://www.adm.com/products-services/adm-logistics/terminal-services/clinton,dead_link,verified,swl-internal,NOT_FOUND,low
ADM Terminal Service,,pat.henry@adm.com,,MARSEILLES,IL,NO,NO,NO,NO,YES,NO,NO,NO,NO,NO,NO,NO,NO,YES,NO,NO,YES,NO,NO,NO,NO,NO,YES,YES,NO,NO,unknown,https://www.adm.com/products-services/adm-logistics/terminal-services/ottawa,dead_link,verified,swl-internal,NOT_FOUND,low
ADM Terminal Service,,brett.madison@adm.com,,PEORIA,IL,NO,NO,NO,NO,YES,NO,NO,NO,NO,NO,NO,NO,NO,YES,NO,NO,YES,NO,NO,NO,NO,NO,YES,YES,NO,NO,unknown,https://www.adm.com/products-services/adm-logistics/terminal-services/crevecoeur,dead_link,verified,swl-internal,NOT_FOUND,low
ADM Terminal Service,,matthew.strokebrand@adm.com,(812) 424-3581,EVANSVILLE,IN,NO,NO,NO,NO,YES,NO,NO,NO,NO,NO,NO,NO,NO,YES,NO,NO,YES,NO,NO,NO,NO,NO,YES,YES,NO,NO,unknown,https://admadvantage.com/contact-us/?location=Evansville~Indiana,,verified,swl-internal,OPERATIONAL,medium
ADP Express Compton Transload,,,,COMPTON,CA,UNKNOWN,UNKNOWN,UNKNOWN,UNKNOWN,UNKNOWN,UNKNOWN,UNKNOWN,UNKNOWN,UNKNOWN,UNKNOWN,UNKNOWN,UNKNOWN,UNKNOWN,UNKNOWN,UNKNOWN,UNKNOWN,UNKNOWN,UNKNOWN,UNKNOWN,UNKNOWN,UNKNOWN,UNKNOWN,UNKNOWN,UNKNOWN,UNKNOWN,UNKNOWN,unknown,,,listed,rebulk-directory (BNSF UP),,
Adrian & Blissfield Railroad Adrian Transload,,,,ADRIAN,MI,UNKNOWN,UNKNOWN,UNKNOWN,UNKNOWN,UNKNOWN,UNKNOWN,UNKNOWN,UNKNOWN,UNKNOWN,UNKNOWN,UNKNOWN,UNKNOWN,UNKNOWN,UNKNOWN,UNKNOWN,UNKNOWN,UNKNOWN,UNKNOWN,UNKNOWN,UNKNOWN,UNKNOWN,UNKNOWN,UNKNOWN,UNKNOWN,UNKNOWN,UNKNOWN,unknown,https://abrailroad.com/railroads/adbf/,,listed,rebulk-directory (Adrian and Blissfield Railroad (ADBF)),,
Advanced Logistics & Distribution,,sales@advancedlogistics.com,(916) 920-9200,MCCLELLAN PARK,CA,NO,NO,NO,NO,YES,YES,NO,YES,NO,YES,NO,YES,NO,NO,NO,NO,NO,NO,NO,NO,NO,YES,NO,NO,NO,NO,unknown,https://advancedlogistics.com/,,verified,swl-internal,OPERATIONAL,high
Advanced Logistics & Distribution,,sales@advancedlogistics.com,(916) 920-9200,ROGERS,CA,NO,NO,NO,NO,YES,YES,NO,YES,NO,YES,NO,YES,NO,NO,NO,NO,NO,NO,NO,NO,NO,YES,NO,NO,NO,NO,unknown,https://advancedlogistics.com/,,verified,swl-internal,OPERATIONAL,high
Affton Terminal Services,,info@afftontrucking.com,,KANSAS CITY,MO,NO,NO,YES,NO,YES,NO,NO,NO,YES,NO,YES,NO,NO,YES,NO,YES,YES,NO,NO,NO,NO,NO,YES,YES,NO,NO,unknown,http://www.afftontrucking.com/,,verified,swl-internal,NOT_FOUND,low
Affton Terminal Services,,info@afftontrucking.com,(314) 388-9700,ST LOUIS,MO,NO,NO,YES,NO,YES,NO,NO,NO,YES,NO,YES,NO,NO,YES,NO,YES,YES,NO,NO,NO,NO,NO,YES,YES,NO,NO,unknown,http://www.afftontrucking.com/,,verified,swl-internal,OPERATIONAL,medium
Aggregate Transload,,,,NEWTOWN,PA,UNKNOWN,UNKNOWN,UNKNOWN,UNKNOWN,UNKNOWN,UNKNOWN,UNKNOWN,UNKNOWN,UNKNOWN,UNKNOWN,UNKNOWN,UNKNOWN,UNKNOWN,UNKNOWN,UNKNOWN,UNKNOWN,UNKNOWN,UNKNOWN,UNKNOWN,UNKNOWN,UNKNOWN,UNKNOWN,UNKNOWN,UNKNOWN,UNKNOWN,UNKNOWN,unknown,https://www.newhoperailroad.com/,,listed,rebulk-directory (New Hope & Ivyland Railroad CSX),,
Agretech Rail Terminal,,,,WORCESTER,MA,UNKNOWN,UNKNOWN,UNKNOWN,UNKNOWN,UNKNOWN,UNKNOWN,UNKNOWN,UNKNOWN,UNKNOWN,UNKNOWN,UNKNOWN,UNKNOWN,UNKNOWN,UNKNOWN,UNKNOWN,UNKNOWN,UNKNOWN,UNKNOWN,UNKNOWN,UNKNOWN,UNKNOWN,UNKNOWN,UNKNOWN,UNKNOWN,UNKNOWN,UNKNOWN,unknown,https://agretechcorp.com/logistics/rail-operations/,,listed,rebulk-directory (Providence and Worcester Railroad (PW)),,
Agri-Move Systems Inc / C.B. Constantini Ltd,,,,LETHBRIDGE,AB,UNKNOWN,UNKNOWN,UNKNOWN,UNKNOWN,UNKNOWN,UNKNOWN,UNKNOWN,UNKNOWN,UNKNOWN,UNKNOWN,UNKNOWN,UNKNOWN,UNKNOWN,UNKNOWN,UNKNOWN,UNKNOWN,UNKNOWN,UNKNOWN,UNKNOWN,UNKNOWN,UNKNOWN,UNKNOWN,UNKNOWN,UNKNOWN,UNKNOWN,UNKNOWN,unknown,,,listed,bulktransporter,,
Agridyne LLC,,social@mix30.com,,PEKIN,IL,NO,NO,NO,NO,YES,NO,NO,NO,NO,NO,NO,NO,NO,YES,NO,NO,YES,NO,NO,NO,NO,NO,YES,YES,NO,NO,unknown,https://www.mix30.com/,,verified,swl-internal,NOT_FOUND,none
Agridyne LLC,,social@mix30.com,,HOLCOMB,KS,NO,NO,NO,NO,YES,NO,NO,NO,NO,NO,NO,NO,NO,YES,NO,NO,YES,NO,NO,NO,NO,NO,YES,YES,NO,NO,unknown,https://www.mix30.com/,,verified,swl-internal,NOT_FOUND,low
Agridyne LLC,,social@mix30.com,(402) 874-9553,NEBRASKA CITY,NE,NO,NO,NO,NO,YES,NO,NO,NO,NO,NO,NO,NO,NO,YES,NO,NO,YES,NO,NO,NO,NO,NO,YES,YES,NO,NO,unknown,http://www.mix30.com/,,verified,swl-internal,OPERATIONAL,high
Agridyne LLC,,social@mix30.com,,HEREFORD,TX,NO,NO,NO,NO,YES,NO,NO,NO,NO,NO,NO,NO,NO,YES,NO,NO,YES,NO,NO,NO,NO,NO,YES,YES,NO,NO,unknown,https://www.mix30.com/,,verified,swl-internal,NOT_FOUND,low
AGRIServices of Brunswick,River Terminal,,,BRUNSWICK,MO,UNKNOWN,UNKNOWN,UNKNOWN,UNKNOWN,UNKNOWN,UNKNOWN,UNKNOWN,UNKNOWN,UNKNOWN,UNKNOWN,UNKNOWN,UNKNOWN,UNKNOWN,UNKNOWN,UNKNOWN,UNKNOWN,UNKNOWN,UNKNOWN,UNKNOWN,UNKNOWN,UNKNOWN,UNKNOWN,UNKNOWN,UNKNOWN,UNKNOWN,UNKNOWN,unknown,https://agriservices.com/,,listed,rebulk-directory (NS),,
Agro Merchants Group,,,,DORAVILLE,GA,UNKNOWN,UNKNOWN,UNKNOWN,UNKNOWN,UNKNOWN,UNKNOWN,UNKNOWN,UNKNOWN,UNKNOWN,UNKNOWN,UNKNOWN,UNKNOWN,UNKNOWN,UNKNOWN,UNKNOWN,UNKNOWN,UNKNOWN,UNKNOWN,UNKNOWN,UNKNOWN,UNKNOWN,UNKNOWN,UNKNOWN,UNKNOWN,UNKNOWN,UNKNOWN,unknown,https://www.americold.com/,,listed,rebulk-directory (NS),,
Agro Merchants Group,,,,ROCKMART,GA,UNKNOWN,UNKNOWN,UNKNOWN,UNKNOWN,UNKNOWN,UNKNOWN,UNKNOWN,UNKNOWN,UNKNOWN,UNKNOWN,UNKNOWN,UNKNOWN,UNKNOWN,UNKNOWN,UNKNOWN,UNKNOWN,UNKNOWN,UNKNOWN,UNKNOWN,UNKNOWN,UNKNOWN,UNKNOWN,UNKNOWN,UNKNOWN,UNKNOWN,UNKNOWN,unknown,https://www.americold.com/,,listed,rebulk-directory (NS),,
Aip Logistics,,cring@aiplogistics.com,(419) 738-9211,WAPAKONETA,OH,YES,NO,YES,YES,NO,NO,NO,NO,NO,YES,YES,NO,YES,NO,NO,NO,NO,NO,NO,YES,YES,NO,YES,YES,NO,NO,unknown,https://www.aiplogistics.com/,,verified,swl-internal,OPERATIONAL,high
"Alabama & Tennessee River Railway, LLC (OmniTRAX)",Transload,,,GADSDEN,AL,UNKNOWN,UNKNOWN,UNKNOWN,UNKNOWN,UNKNOWN,UNKNOWN,UNKNOWN,UNKNOWN,UNKNOWN,UNKNOWN,UNKNOWN,UNKNOWN,UNKNOWN,UNKNOWN,UNKNOWN,UNKNOWN,UNKNOWN,UNKNOWN,UNKNOWN,UNKNOWN,UNKNOWN,UNKNOWN,UNKNOWN,UNKNOWN,UNKNOWN,UNKNOWN,unknown,https://omnitrax.com/alabama-tennessee-2/,,listed,rebulk-directory (ATN CSX NS),,
Alabama Interforest Products,,,,EUFAULA,AL,UNKNOWN,UNKNOWN,UNKNOWN,UNKNOWN,UNKNOWN,UNKNOWN,UNKNOWN,UNKNOWN,UNKNOWN,UNKNOWN,UNKNOWN,UNKNOWN,UNKNOWN,UNKNOWN,UNKNOWN,UNKNOWN,UNKNOWN,UNKNOWN,UNKNOWN,UNKNOWN,UNKNOWN,UNKNOWN,UNKNOWN,UNKNOWN,UNKNOWN,UNKNOWN,unknown,https://www.panel.com/locations/,,listed,rebulk-directory (G&W GSWR),,
Alaska Marine Lines Whittier Rail Barge Terminal,,,,WHITTIER,AK,UNKNOWN,UNKNOWN,UNKNOWN,UNKNOWN,UNKNOWN,UNKNOWN,UNKNOWN,UNKNOWN,UNKNOWN,UNKNOWN,UNKNOWN,UNKNOWN,UNKNOWN,UNKNOWN,UNKNOWN,UNKNOWN,UNKNOWN,UNKNOWN,UNKNOWN,UNKNOWN,UNKNOWN,UNKNOWN,UNKNOWN,UNKNOWN,UNKNOWN,UNKNOWN,unknown,https://www.lynden.com/aml/solutions/central-alaska/,,listed,rebulk-directory (ARR),,
Alaska Railroad Seward Freight Dock,,,,SEWARD,AK,UNKNOWN,UNKNOWN,UNKNOWN,UNKNOWN,UNKNOWN,UNKNOWN,UNKNOWN,UNKNOWN,UNKNOWN,UNKNOWN,UNKNOWN,UNKNOWN,UNKNOWN,UNKNOWN,UNKNOWN,UNKNOWN,UNKNOWN,UNKNOWN,UNKNOWN,UNKNOWN,UNKNOWN,UNKNOWN,UNKNOWN,UNKNOWN,UNKNOWN,UNKNOWN,unknown,https://www.seward.com/maritime/dock-facilities/seward-cruise-ship-terminal/,,listed,rebulk-directory (ARR),,
Alaska West Express Fairbanks Rail Transfer Facility,,,,FAIRBANKS,AK,UNKNOWN,UNKNOWN,UNKNOWN,UNKNOWN,UNKNOWN,UNKNOWN,UNKNOWN,UNKNOWN,UNKNOWN,UNKNOWN,UNKNOWN,UNKNOWN,UNKNOWN,UNKNOWN,UNKNOWN,UNKNOWN,UNKNOWN,UNKNOWN,UNKNOWN,UNKNOWN,UNKNOWN,UNKNOWN,UNKNOWN,UNKNOWN,UNKNOWN,UNKNOWN,unknown,https://www.lynden.com/awe/alaska/,,listed,rebulk-directory (ARR),,
Albany & Eastern Railroad,Venell Line East Valley Facility,,,CORVALLIS,OR,UNKNOWN,UNKNOWN,UNKNOWN,UNKNOWN,UNKNOWN,UNKNOWN,UNKNOWN,UNKNOWN,UNKNOWN,UNKNOWN,UNKNOWN,UNKNOWN,UNKNOWN,UNKNOWN,UNKNOWN,UNKNOWN,UNKNOWN,UNKNOWN,UNKNOWN,UNKNOWN,UNKNOWN,UNKNOWN,UNKNOWN,UNKNOWN,UNKNOWN,UNKNOWN,unknown,https://albanyeastern.com/reload-transload/,,listed,rebulk-directory (Albany & Eastern Railroad (AERC)),,
Albany & Eastern Railroad,,,,LEBANON,OR,UNKNOWN,UNKNOWN,UNKNOWN,UNKNOWN,UNKNOWN,UNKNOWN,UNKNOWN,UNKNOWN,UNKNOWN,UNKNOWN,UNKNOWN,UNKNOWN,UNKNOWN,UNKNOWN,UNKNOWN,UNKNOWN,UNKNOWN,UNKNOWN,UNKNOWN,UNKNOWN,UNKNOWN,UNKNOWN,UNKNOWN,UNKNOWN,UNKNOWN,UNKNOWN,unknown,https://albanyeastern.com/,,listed,rebulk-directory (BNSF),,
Albatross Ventures Avonmore Sand Transload,,,,AVONMORE,PA,UNKNOWN,UNKNOWN,UNKNOWN,UNKNOWN,UNKNOWN,UNKNOWN,UNKNOWN,UNKNOWN,UNKNOWN,UNKNOWN,UNKNOWN,UNKNOWN,UNKNOWN,UNKNOWN,UNKNOWN,UNKNOWN,UNKNOWN,UNKNOWN,UNKNOWN,UNKNOWN,UNKNOWN,UNKNOWN,UNKNOWN,UNKNOWN,UNKNOWN,UNKNOWN,unknown,https://www.albatrossventures.net/,,listed,rebulk-directory (NS),,
ALE Transload,Alabama Export Railroad / Mississippi Export Railroad,,,MOBILE,AL,UNKNOWN,UNKNOWN,UNKNOWN,UNKNOWN,UNKNOWN,UNKNOWN,UNKNOWN,UNKNOWN,UNKNOWN,UNKNOWN,UNKNOWN,UNKNOWN,UNKNOWN,UNKNOWN,UNKNOWN,UNKNOWN,UNKNOWN,UNKNOWN,UNKNOWN,UNKNOWN,UNKNOWN,UNKNOWN,UNKNOWN,UNKNOWN,UNKNOWN,UNKNOWN,unknown,https://mserr.com/alerr/,,listed,rebulk-directory (Alabama & Gu Alabama Expo CG Railway CN + 4),,
Alexandria NS TBT,,,,CAMERON,VA,UNKNOWN,UNKNOWN,UNKNOWN,UNKNOWN,UNKNOWN,UNKNOWN,UNKNOWN,UNKNOWN,UNKNOWN,UNKNOWN,UNKNOWN,UNKNOWN,UNKNOWN,UNKNOWN,UNKNOWN,UNKNOWN,UNKNOWN,UNKNOWN,UNKNOWN,UNKNOWN,UNKNOWN,UNKNOWN,UNKNOWN,UNKNOWN,UNKNOWN,UNKNOWN,unknown,https://www.nscorp.com,,listed,rebulk-directory (NS),,
Alfagreen Supreme Transload,,,,MT HOLLY SPRINGS,PA,UNKNOWN,UNKNOWN,UNKNOWN,UNKNOWN,UNKNOWN,UNKNOWN,UNKNOWN,UNKNOWN,UNKNOWN,UNKNOWN,UNKNOWN,UNKNOWN,UNKNOWN,UNKNOWN,UNKNOWN,UNKNOWN,UNKNOWN,UNKNOWN,UNKNOWN,UNKNOWN,UNKNOWN,UNKNOWN,UNKNOWN,UNKNOWN,UNKNOWN,UNKNOWN,unknown,https://www.alfagreensupreme.com,,listed,rebulk-directory (NS),,
"All South Warehouse D/C, Inc.",,,,FOREST PARK,GA,UNKNOWN,UNKNOWN,UNKNOWN,UNKNOWN,UNKNOWN,UNKNOWN,UNKNOWN,UNKNOWN,UNKNOWN,UNKNOWN,UNKNOWN,UNKNOWN,UNKNOWN,UNKNOWN,UNKNOWN,UNKNOWN,UNKNOWN,UNKNOWN,UNKNOWN,UNKNOWN,UNKNOWN,UNKNOWN,UNKNOWN,UNKNOWN,UNKNOWN,UNKNOWN,unknown,https://www.allsouthwarehouse.com,,listed,rebulk-directory (NS),,
Allegheny Petroleum Products,,,,AMBRIDGE,PA,UNKNOWN,UNKNOWN,UNKNOWN,UNKNOWN,UNKNOWN,UNKNOWN,UNKNOWN,UNKNOWN,UNKNOWN,UNKNOWN,UNKNOWN,UNKNOWN,UNKNOWN,UNKNOWN,UNKNOWN,UNKNOWN,UNKNOWN,UNKNOWN,UNKNOWN,UNKNOWN,UNKNOWN,UNKNOWN,UNKNOWN,UNKNOWN,UNKNOWN,UNKNOWN,unknown,https://www.oils.com,,listed,rebulk-directory (NS),,
Allegheny River terminals,,,,NEW KENSINGTON,PA,UNKNOWN,UNKNOWN,UNKNOWN,UNKNOWN,UNKNOWN,UNKNOWN,UNKNOWN,UNKNOWN,UNKNOWN,UNKNOWN,UNKNOWN,UNKNOWN,UNKNOWN,UNKNOWN,UNKNOWN,UNKNOWN,UNKNOWN,UNKNOWN,UNKNOWN,UNKNOWN,UNKNOWN,UNKNOWN,UNKNOWN,UNKNOWN,UNKNOWN,UNKNOWN,unknown,https://www.alleghenyriverterminals.com/,,listed,rebulk-directory (AVR NS),,
Allens Transport Ltd,,dave@allenstransport.ca,+1 780-986-9222,LEDUC,AB,NO,NO,NO,NO,NO,NO,YES,NO,NO,NO,NO,NO,NO,NO,NO,YES,NO,NO,YES,YES,YES,NO,YES,YES,YES,YES,unknown,https://allenstransport.ca/,,verified,swl-internal,OPERATIONAL,high
Alliance Energy Services Berlin Terminal,,,,BERLIN,VT,UNKNOWN,UNKNOWN,UNKNOWN,UNKNOWN,UNKNOWN,UNKNOWN,UNKNOWN,UNKNOWN,UNKNOWN,UNKNOWN,UNKNOWN,UNKNOWN,UNKNOWN,UNKNOWN,UNKNOWN,UNKNOWN,UNKNOWN,UNKNOWN,UNKNOWN,UNKNOWN,UNKNOWN,UNKNOWN,UNKNOWN,UNKNOWN,UNKNOWN,UNKNOWN,unknown,https://www.alliancec3.com/,,listed,rebulk-directory (NECR),,
Alliance Energy Services Westfield Propane Terminal,,,,WESTFIELD,MA,UNKNOWN,UNKNOWN,UNKNOWN,UNKNOWN,UNKNOWN,UNKNOWN,UNKNOWN,UNKNOWN,UNKNOWN,UNKNOWN,UNKNOWN,UNKNOWN,UNKNOWN,UNKNOWN,UNKNOWN,UNKNOWN,UNKNOWN,UNKNOWN,UNKNOWN,UNKNOWN,UNKNOWN,UNKNOWN,UNKNOWN,UNKNOWN,UNKNOWN,UNKNOWN,unknown,https://www.alliancec3.com/alliance-terminals/westfield-ma,,listed,rebulk-directory (Pioneer Valley Railroad (PVRR)),,
Allied Frozen Storage Inc.,,,,MT. MORRIS,NY,UNKNOWN,UNKNOWN,UNKNOWN,UNKNOWN,UNKNOWN,UNKNOWN,UNKNOWN,UNKNOWN,UNKNOWN,UNKNOWN,UNKNOWN,UNKNOWN,UNKNOWN,UNKNOWN,UNKNOWN,UNKNOWN,UNKNOWN,UNKNOWN,UNKNOWN,UNKNOWN,UNKNOWN,UNKNOWN,UNKNOWN,UNKNOWN,UNKNOWN,UNKNOWN,unknown,https://www.onelineage.com/,,listed,rebulk-directory (G&W RSR),,
Alltrans Terminal Companies LLC,,tyler@alltranstc.com,(713) 676-1559,GALENA PARK,TX,NO,NO,NO,NO,NO,NO,NO,NO,NO,NO,NO,YES,NO,NO,NO,NO,NO,NO,NO,NO,NO,NO,NO,NO,NO,NO,unknown,http://www.alltranstc.com/,,verified,swl-internal,OPERATIONAL,high
Alpha Chemical Ltd,,orders@alphachemical.ca,,BEDFORD QUARRY,NS,YES,NO,NO,YES,NO,NO,NO,NO,NO,YES,NO,NO,YES,NO,YES,NO,NO,NO,YES,YES,YES,NO,YES,YES,YES,NO,unknown,https://www.alphachemical.ca/services,dead_domain,review,swl-internal,NOT_FOUND,low
Alpha Technical Services,,pasadena.204@quala.us.com,(832) 328-4176,PASADENA,TX,YES,NO,YES,YES,YES,YES,NO,NO,NO,YES,YES,NO,NO,NO,NO,NO,NO,NO,NO,NO,NO,NO,NO,NO,NO,NO,unknown,http://alpha-tech-service.com/,,verified,swl-internal,OPERATIONAL,high
"Alpine Food Distributing, Inc.",,,,MILWAUKIE,OR,UNKNOWN,UNKNOWN,UNKNOWN,UNKNOWN,UNKNOWN,UNKNOWN,UNKNOWN,UNKNOWN,UNKNOWN,UNKNOWN,UNKNOWN,UNKNOWN,UNKNOWN,UNKNOWN,UNKNOWN,UNKNOWN,UNKNOWN,UNKNOWN,UNKNOWN,UNKNOWN,UNKNOWN,UNKNOWN,UNKNOWN,UNKNOWN,UNKNOWN,UNKNOWN,unknown,https://www.alpinefoods.com/,,listed,rebulk-directory (G&W PNWR),,
Alter River Terminal,,,,DAVENPORT,IA,UNKNOWN,UNKNOWN,UNKNOWN,UNKNOWN,UNKNOWN,UNKNOWN,UNKNOWN,UNKNOWN,UNKNOWN,UNKNOWN,UNKNOWN,UNKNOWN,UNKNOWN,UNKNOWN,UNKNOWN,UNKNOWN,UNKNOWN,UNKNOWN,UNKNOWN,UNKNOWN,UNKNOWN,UNKNOWN,UNKNOWN,UNKNOWN,UNKNOWN,UNKNOWN,unknown,https://www.alterlogistics.com/development-network/,,listed,rebulk-directory (CPKC UP),,
Alter River Terminal St Paul,,tom.streight@alterlogistics.com,(651) 222-2754,SAINT PAUL,MN,NO,NO,NO,NO,NO,NO,YES,YES,YES,NO,NO,YES,NO,NO,NO,NO,NO,NO,NO,NO,NO,NO,NO,NO,NO,NO,unknown,http://alterlogistics.com/,,verified,swl-internal,OPERATIONAL,high
Amarillo Warehouse Inc.,,,,AMARILLO,TX,UNKNOWN,UNKNOWN,UNKNOWN,UNKNOWN,UNKNOWN,UNKNOWN,UNKNOWN,UNKNOWN,UNKNOWN,UNKNOWN,UNKNOWN,UNKNOWN,UNKNOWN,UNKNOWN,UNKNOWN,UNKNOWN,UNKNOWN,UNKNOWN,UNKNOWN,UNKNOWN,UNKNOWN,UNKNOWN,UNKNOWN,UNKNOWN,UNKNOWN,UNKNOWN,unknown,https://www.amarillowarehouse.com/,,listed,rebulk-directory (BNSF),,
Ambassador Services Cocoa Reload Yard,,,,COCOA,FL,UNKNOWN,UNKNOWN,UNKNOWN,UNKNOWN,UNKNOWN,UNKNOWN,UNKNOWN,UNKNOWN,UNKNOWN,UNKNOWN,UNKNOWN,UNKNOWN,UNKNOWN,UNKNOWN,UNKNOWN,UNKNOWN,UNKNOWN,UNKNOWN,UNKNOWN,UNKNOWN,UNKNOWN,UNKNOWN,UNKNOWN,UNKNOWN,UNKNOWN,UNKNOWN,unknown,,,listed,rebulk-directory (Florida East Coast Railway (FEC)),,
Amber Chemical Inc.,,,,BAKERSFIELD,CA,UNKNOWN,UNKNOWN,UNKNOWN,UNKNOWN,UNKNOWN,UNKNOWN,UNKNOWN,UNKNOWN,UNKNOWN,UNKNOWN,UNKNOWN,UNKNOWN,UNKNOWN,UNKNOWN,UNKNOWN,UNKNOWN,UNKNOWN,UNKNOWN,UNKNOWN,UNKNOWN,UNKNOWN,UNKNOWN,UNKNOWN,UNKNOWN,UNKNOWN,UNKNOWN,unknown,https://www.amberchem.com/,,listed,rebulk-directory (G&W SJVR),,
Ambridge Regional Distribution,,info@ambridgeregional.com,(724) 266-4661,AMBRIDGE,PA,NO,NO,NO,NO,NO,NO,NO,NO,NO,NO,NO,YES,NO,NO,NO,NO,NO,NO,NO,NO,NO,NO,NO,NO,NO,NO,unknown,https://ambridgeregional.com/,,verified,swl-internal,OPERATIONAL,high
American Milling,,,,PEKIN,IL,UNKNOWN,UNKNOWN,UNKNOWN,UNKNOWN,UNKNOWN,UNKNOWN,UNKNOWN,UNKNOWN,UNKNOWN,UNKNOWN,UNKNOWN,UNKNOWN,UNKNOWN,UNKNOWN,UNKNOWN,UNKNOWN,UNKNOWN,UNKNOWN,UNKNOWN,UNKNOWN,UNKNOWN,UNKNOWN,UNKNOWN,UNKNOWN,UNKNOWN,UNKNOWN,unknown,,,listed,rebulk-directory (G&W IMRR),,
American Petrolog LLC,,,,VENUS,TX,NO,NO,NO,NO,NO,NO,NO,NO,NO,YES,NO,NO,YES,NO,NO,NO,NO,NO,NO,YES,YES,NO,YES,YES,NO,NO,unknown,https://www.americanpetrolog.com/about/,,verified,swl-internal,NOT_FOUND,low
American Rail Center,,info@americanrailcenter.com,(419) 661-9360,KENTON,OH,NO,NO,NO,NO,NO,NO,NO,NO,NO,NO,NO,NO,NO,NO,NO,NO,NO,NO,NO,NO,NO,NO,NO,NO,NO,NO,unknown,https://www.americanrailcenter.com/,,verified,swl-internal,OPERATIONAL,high
American Rail Center,,info@americanrailcenter.com,,STONY RIDGE,OH,NO,NO,NO,NO,NO,NO,NO,NO,NO,NO,NO,NO,NO,NO,NO,NO,NO,NO,NO,NO,NO,NO,NO,NO,NO,NO,unknown,https://www.americanrailcenter.com/transloading.html,dead_link,verified,swl-internal,OPERATIONAL,high
American Rail Center,,info@americanrailcenter.com,,TOLEDO,OH,NO,NO,NO,NO,NO,NO,NO,NO,NO,NO,NO,NO,NO,NO,NO,NO,NO,NO,NO,NO,NO,NO,NO,NO,NO,NO,unknown,https://www.americanrailcenter.com/transloading.html,dead_link,verified,swl-internal,OPERATIONAL,high
American Rail Center,,info@americanrailcenter.com,,WALBRIDGE,OH,NO,NO,NO,NO,NO,NO,NO,NO,NO,NO,NO,NO,NO,NO,NO,NO,NO,NO,NO,NO,NO,NO,NO,NO,NO,NO,unknown,https://www.americanrailcenter.com/transloading.html,dead_link,verified,swl-internal,NOT_FOUND,none
American Steel Processing,,,,CHIPLEY,FL,UNKNOWN,UNKNOWN,UNKNOWN,UNKNOWN,UNKNOWN,UNKNOWN,UNKNOWN,UNKNOWN,UNKNOWN,UNKNOWN,UNKNOWN,UNKNOWN,UNKNOWN,UNKNOWN,UNKNOWN,UNKNOWN,UNKNOWN,UNKNOWN,UNKNOWN,UNKNOWN,UNKNOWN,UNKNOWN,UNKNOWN,UNKNOWN,UNKNOWN,UNKNOWN,unknown,,,listed,rebulk-directory (Florida Gulf & Atlantic Railroad (FGA)),,
American Transloading Services,,,,BLUE ISLAND,IL,UNKNOWN,UNKNOWN,UNKNOWN,UNKNOWN,UNKNOWN,UNKNOWN,UNKNOWN,UNKNOWN,UNKNOWN,UNKNOWN,UNKNOWN,UNKNOWN,UNKNOWN,UNKNOWN,UNKNOWN,UNKNOWN,UNKNOWN,UNKNOWN,UNKNOWN,UNKNOWN,UNKNOWN,UNKNOWN,UNKNOWN,UNKNOWN,UNKNOWN,UNKNOWN,unknown,https://americantransloading.com/,,listed,rebulk-directory (IHB),,
"American Warehouse, LLC",,,,DENVER,CO,UNKNOWN,UNKNOWN,UNKNOWN,UNKNOWN,UNKNOWN,UNKNOWN,UNKNOWN,UNKNOWN,UNKNOWN,UNKNOWN,UNKNOWN,UNKNOWN,UNKNOWN,UNKNOWN,UNKNOWN,UNKNOWN,UNKNOWN,UNKNOWN,UNKNOWN,UNKNOWN,UNKNOWN,UNKNOWN,UNKNOWN,UNKNOWN,UNKNOWN,UNKNOWN,unknown,,,listed,bnsf-premier-flipbook,,
Americold,,,,FAIRFIELD,OH,UNKNOWN,UNKNOWN,UNKNOWN,UNKNOWN,UNKNOWN,UNKNOWN,UNKNOWN,UNKNOWN,UNKNOWN,UNKNOWN,UNKNOWN,UNKNOWN,UNKNOWN,UNKNOWN,UNKNOWN,UNKNOWN,UNKNOWN,UNKNOWN,UNKNOWN,UNKNOWN,UNKNOWN,UNKNOWN,UNKNOWN,UNKNOWN,UNKNOWN,UNKNOWN,unknown,https://www.americold.com/,,listed,rebulk-directory (CSX),,
Americold,,,,NAPOLEON,OH,UNKNOWN,UNKNOWN,UNKNOWN,UNKNOWN,UNKNOWN,UNKNOWN,UNKNOWN,UNKNOWN,UNKNOWN,UNKNOWN,UNKNOWN,UNKNOWN,UNKNOWN,UNKNOWN,UNKNOWN,UNKNOWN,UNKNOWN,UNKNOWN,UNKNOWN,UNKNOWN,UNKNOWN,UNKNOWN,UNKNOWN,UNKNOWN,UNKNOWN,UNKNOWN,unknown,https://www.americold.com/,,listed,rebulk-directory (Michigan Southern Railroad (MSO)),,
Americold Benson,,,,BENSON,NC,UNKNOWN,UNKNOWN,UNKNOWN,UNKNOWN,UNKNOWN,UNKNOWN,UNKNOWN,UNKNOWN,UNKNOWN,UNKNOWN,UNKNOWN,UNKNOWN,UNKNOWN,UNKNOWN,UNKNOWN,UNKNOWN,UNKNOWN,UNKNOWN,UNKNOWN,UNKNOWN,UNKNOWN,UNKNOWN,UNKNOWN,UNKNOWN,UNKNOWN,UNKNOWN,unknown,https://www.americold.com/facilities/benson/,,listed,rebulk-directory (CSX),,
Americold Goldsboro Commerce,,,,GOLDSBORO,NC,UNKNOWN,UNKNOWN,UNKNOWN,UNKNOWN,UNKNOWN,UNKNOWN,UNKNOWN,UNKNOWN,UNKNOWN,UNKNOWN,UNKNOWN,UNKNOWN,UNKNOWN,UNKNOWN,UNKNOWN,UNKNOWN,UNKNOWN,UNKNOWN,UNKNOWN,UNKNOWN,UNKNOWN,UNKNOWN,UNKNOWN,UNKNOWN,UNKNOWN,UNKNOWN,unknown,https://www.americold.com/facilities/goldsboro-commerce/,,listed,rebulk-directory (NS),,
Americold Logistics,,,,CARTHAGE,MO,UNKNOWN,UNKNOWN,UNKNOWN,UNKNOWN,UNKNOWN,UNKNOWN,UNKNOWN,UNKNOWN,UNKNOWN,UNKNOWN,UNKNOWN,UNKNOWN,UNKNOWN,UNKNOWN,UNKNOWN,UNKNOWN,UNKNOWN,UNKNOWN,UNKNOWN,UNKNOWN,UNKNOWN,UNKNOWN,UNKNOWN,UNKNOWN,UNKNOWN,UNKNOWN,unknown,https://www.americold.com/facilities/carthage/,,listed,rebulk-directory (G&W MNA),,
Americold Logistics,Nordic Cold Storage,,,COLUMBUS,OH,UNKNOWN,UNKNOWN,UNKNOWN,UNKNOWN,UNKNOWN,UNKNOWN,UNKNOWN,UNKNOWN,UNKNOWN,UNKNOWN,UNKNOWN,UNKNOWN,UNKNOWN,UNKNOWN,UNKNOWN,UNKNOWN,UNKNOWN,UNKNOWN,UNKNOWN,UNKNOWN,UNKNOWN,UNKNOWN,UNKNOWN,UNKNOWN,UNKNOWN,UNKNOWN,unknown,https://www.americold.com/facilities/columbus/,,listed,rebulk-directory (NS),,
Americold Logistics LLC,,,,NEWPORT,MN,UNKNOWN,UNKNOWN,UNKNOWN,UNKNOWN,UNKNOWN,UNKNOWN,UNKNOWN,UNKNOWN,UNKNOWN,UNKNOWN,UNKNOWN,UNKNOWN,UNKNOWN,UNKNOWN,UNKNOWN,UNKNOWN,UNKNOWN,UNKNOWN,UNKNOWN,UNKNOWN,UNKNOWN,UNKNOWN,UNKNOWN,UNKNOWN,UNKNOWN,UNKNOWN,unknown,https://www.americold.com/facilities/newport/,,listed,rebulk-directory (BNSF),,
Americold Logistics LLC,,,,FREMONT,NE,UNKNOWN,UNKNOWN,UNKNOWN,UNKNOWN,UNKNOWN,UNKNOWN,UNKNOWN,UNKNOWN,UNKNOWN,UNKNOWN,UNKNOWN,UNKNOWN,UNKNOWN,UNKNOWN,UNKNOWN,UNKNOWN,UNKNOWN,UNKNOWN,UNKNOWN,UNKNOWN,UNKNOWN,UNKNOWN,UNKNOWN,UNKNOWN,UNKNOWN,UNKNOWN,unknown,https://www.americold.com/facilities/fremont/,,listed,rebulk-directory (BNSF),,
Americold Lumberton,,,,LUMBERTON,NC,UNKNOWN,UNKNOWN,UNKNOWN,UNKNOWN,UNKNOWN,UNKNOWN,UNKNOWN,UNKNOWN,UNKNOWN,UNKNOWN,UNKNOWN,UNKNOWN,UNKNOWN,UNKNOWN,UNKNOWN,UNKNOWN,UNKNOWN,UNKNOWN,UNKNOWN,UNKNOWN,UNKNOWN,UNKNOWN,UNKNOWN,UNKNOWN,UNKNOWN,UNKNOWN,unknown,https://www.americold.com/facilities/lumberton/,,listed,rebulk-directory (CSX),,
Amicus Chemical Solutions,,,,DENVER,CO,UNKNOWN,UNKNOWN,UNKNOWN,UNKNOWN,UNKNOWN,UNKNOWN,UNKNOWN,UNKNOWN,UNKNOWN,UNKNOWN,UNKNOWN,UNKNOWN,UNKNOWN,UNKNOWN,UNKNOWN,UNKNOWN,UNKNOWN,UNKNOWN,UNKNOWN,UNKNOWN,UNKNOWN,UNKNOWN,UNKNOWN,UNKNOWN,UNKNOWN,UNKNOWN,unknown,https://amicuscdp.com/,,listed,rebulk-directory (BNSF),,
Amware Distribution Warehouse,,,,CLEVELAND,OH,UNKNOWN,UNKNOWN,UNKNOWN,UNKNOWN,UNKNOWN,UNKNOWN,UNKNOWN,UNKNOWN,UNKNOWN,UNKNOWN,UNKNOWN,UNKNOWN,UNKNOWN,UNKNOWN,UNKNOWN,UNKNOWN,UNKNOWN,UNKNOWN,UNKNOWN,UNKNOWN,UNKNOWN,UNKNOWN,UNKNOWN,UNKNOWN,UNKNOWN,UNKNOWN,unknown,https://amware.com/all-services/distribution-warehousing,,listed,rebulk-directory (NS),,
Anchorage Commercial Carriers Auto Ramp,,,,ANCHORAGE,AK,UNKNOWN,UNKNOWN,UNKNOWN,UNKNOWN,UNKNOWN,UNKNOWN,UNKNOWN,UNKNOWN,UNKNOWN,UNKNOWN,UNKNOWN,UNKNOWN,UNKNOWN,UNKNOWN,UNKNOWN,UNKNOWN,UNKNOWN,UNKNOWN,UNKNOWN,UNKNOWN,UNKNOWN,UNKNOWN,UNKNOWN,UNKNOWN,UNKNOWN,UNKNOWN,unknown,,,listed,rebulk-directory (ARR),,
Ancos Polymer Handling Specialist,,,,DISPUTANTA,VA,UNKNOWN,UNKNOWN,UNKNOWN,UNKNOWN,UNKNOWN,UNKNOWN,UNKNOWN,UNKNOWN,UNKNOWN,UNKNOWN,UNKNOWN,UNKNOWN,UNKNOWN,UNKNOWN,UNKNOWN,UNKNOWN,UNKNOWN,UNKNOWN,UNKNOWN,UNKNOWN,UNKNOWN,UNKNOWN,UNKNOWN,UNKNOWN,UNKNOWN,UNKNOWN,unknown,https://ancosusa.com/,,listed,rebulk-directory (NS),,
Angelina & Neches River Railroad Lufkin Transload,,,,LUFKIN,TX,UNKNOWN,UNKNOWN,UNKNOWN,UNKNOWN,UNKNOWN,UNKNOWN,UNKNOWN,UNKNOWN,UNKNOWN,UNKNOWN,UNKNOWN,UNKNOWN,UNKNOWN,UNKNOWN,UNKNOWN,UNKNOWN,UNKNOWN,UNKNOWN,UNKNOWN,UNKNOWN,UNKNOWN,UNKNOWN,UNKNOWN,UNKNOWN,UNKNOWN,UNKNOWN,unknown,https://www.anrrr.com/,,listed,rebulk-directory (Angelina & Neches River Railroad (ANR) UP),,
Angler Rail Transloading Facility,,,,OHATCHEE,AL,UNKNOWN,UNKNOWN,UNKNOWN,UNKNOWN,UNKNOWN,UNKNOWN,UNKNOWN,UNKNOWN,UNKNOWN,UNKNOWN,UNKNOWN,UNKNOWN,UNKNOWN,UNKNOWN,UNKNOWN,UNKNOWN,UNKNOWN,UNKNOWN,UNKNOWN,UNKNOWN,UNKNOWN,UNKNOWN,UNKNOWN,UNKNOWN,UNKNOWN,UNKNOWN,unknown,https://anglerrail.com/,,listed,rebulk-directory (Alabama & Tennessee River Railway (ATN) CSX NS),,
Ann Arbor Railroad,Team Track,,,TOLEDO,OH,UNKNOWN,UNKNOWN,UNKNOWN,UNKNOWN,UNKNOWN,UNKNOWN,UNKNOWN,UNKNOWN,UNKNOWN,UNKNOWN,UNKNOWN,UNKNOWN,UNKNOWN,UNKNOWN,UNKNOWN,UNKNOWN,UNKNOWN,UNKNOWN,UNKNOWN,UNKNOWN,UNKNOWN,UNKNOWN,UNKNOWN,UNKNOWN,UNKNOWN,UNKNOWN,unknown,https://www.watco.com/service/rail/ann-arbor-railroad-aa/,,listed,rebulk-directory (AA),,
Anthill Cross Docking,Anthill Logistic Inc.,,,DULUTH,GA,UNKNOWN,UNKNOWN,UNKNOWN,UNKNOWN,UNKNOWN,UNKNOWN,UNKNOWN,UNKNOWN,UNKNOWN,UNKNOWN,UNKNOWN,UNKNOWN,UNKNOWN,UNKNOWN,UNKNOWN,UNKNOWN,UNKNOWN,UNKNOWN,UNKNOWN,UNKNOWN,UNKNOWN,UNKNOWN,UNKNOWN,UNKNOWN,UNKNOWN,UNKNOWN,unknown,https://anthillcrossdocking.com/,,listed,rebulk-directory,,
Antioch Rail & Trans Loading,,,,ANTIOCH,CA,NO,NO,NO,NO,NO,NO,NO,NO,NO,NO,NO,NO,NO,NO,NO,NO,NO,NO,NO,NO,NO,NO,NO,NO,NO,NO,unknown,,,verified,swl-internal,NOT_FOUND,low
Apache Railway Snowflake Transload,,,,SNOWFLAKE,AZ,UNKNOWN,UNKNOWN,UNKNOWN,UNKNOWN,UNKNOWN,UNKNOWN,UNKNOWN,UNKNOWN,UNKNOWN,UNKNOWN,UNKNOWN,UNKNOWN,UNKNOWN,UNKNOWN,UNKNOWN,UNKNOWN,UNKNOWN,UNKNOWN,UNKNOWN,UNKNOWN,UNKNOWN,UNKNOWN,UNKNOWN,UNKNOWN,UNKNOWN,UNKNOWN,unknown,https://apacherailway.com/,,listed,rebulk-directory (APA BNSF),,
Ardent Mills / Hinrichs Trading Company Rail-Truck Transfer Station,,,,SHELBY,MT,UNKNOWN,UNKNOWN,UNKNOWN,UNKNOWN,UNKNOWN,UNKNOWN,UNKNOWN,UNKNOWN,UNKNOWN,UNKNOWN,UNKNOWN,UNKNOWN,UNKNOWN,UNKNOWN,UNKNOWN,UNKNOWN,UNKNOWN,UNKNOWN,UNKNOWN,UNKNOWN,UNKNOWN,UNKNOWN,UNKNOWN,UNKNOWN,UNKNOWN,UNKNOWN,unknown,https://ardentumbracocareers.azurewebsites.net/our-facilities/montana/shelby/,,listed,rebulk-directory (BNSF),,
ARI Energy Co LLC,,,,MASSILLON,OH,UNKNOWN,UNKNOWN,UNKNOWN,UNKNOWN,UNKNOWN,UNKNOWN,UNKNOWN,UNKNOWN,UNKNOWN,UNKNOWN,UNKNOWN,UNKNOWN,UNKNOWN,UNKNOWN,UNKNOWN,UNKNOWN,UNKNOWN,UNKNOWN,UNKNOWN,UNKNOWN,UNKNOWN,UNKNOWN,UNKNOWN,UNKNOWN,UNKNOWN,UNKNOWN,unknown,,,listed,rebulk-directory (CSX Norfolk Southern (NS) CN),,
Arizona Eastern Railway Globe Transload Facility,,,,GLOBE,AZ,UNKNOWN,UNKNOWN,UNKNOWN,UNKNOWN,UNKNOWN,UNKNOWN,UNKNOWN,UNKNOWN,UNKNOWN,UNKNOWN,UNKNOWN,UNKNOWN,UNKNOWN,UNKNOWN,UNKNOWN,UNKNOWN,UNKNOWN,UNKNOWN,UNKNOWN,UNKNOWN,UNKNOWN,UNKNOWN,UNKNOWN,UNKNOWN,UNKNOWN,UNKNOWN,unknown,https://www.gwrr.com/railroads/arizona-eastern-railway/,,listed,rebulk-directory (AZER),,
Arkansas Refrigerated Services,,,,FORT SMITH,AR,UNKNOWN,UNKNOWN,UNKNOWN,UNKNOWN,UNKNOWN,UNKNOWN,UNKNOWN,UNKNOWN,UNKNOWN,UNKNOWN,UNKNOWN,UNKNOWN,UNKNOWN,UNKNOWN,UNKNOWN,UNKNOWN,UNKNOWN,UNKNOWN,UNKNOWN,UNKNOWN,UNKNOWN,UNKNOWN,UNKNOWN,UNKNOWN,UNKNOWN,UNKNOWN,unknown,https://arssco.com/,,listed,rebulk-directory (Fort Smith Railroad (FSR) Arkansas & Missouri Railroad (AM) UP BNSF),,
Arkansas Transload,,,,MALVERN,AR,UNKNOWN,UNKNOWN,UNKNOWN,UNKNOWN,UNKNOWN,UNKNOWN,UNKNOWN,UNKNOWN,UNKNOWN,UNKNOWN,UNKNOWN,UNKNOWN,UNKNOWN,UNKNOWN,UNKNOWN,UNKNOWN,UNKNOWN,UNKNOWN,UNKNOWN,UNKNOWN,UNKNOWN,UNKNOWN,UNKNOWN,UNKNOWN,UNKNOWN,UNKNOWN,unknown,https://arkansastransload.com/,,listed,rebulk-directory (AKMD G&W),,
Arkansas-Oklahoma Railroad,Transload,,,HOWE,OK,UNKNOWN,UNKNOWN,UNKNOWN,UNKNOWN,UNKNOWN,UNKNOWN,UNKNOWN,UNKNOWN,UNKNOWN,UNKNOWN,UNKNOWN,UNKNOWN,UNKNOWN,UNKNOWN,UNKNOWN,UNKNOWN,UNKNOWN,UNKNOWN,UNKNOWN,UNKNOWN,UNKNOWN,UNKNOWN,UNKNOWN,UNKNOWN,UNKNOWN,UNKNOWN,unknown,https://aokrr.com/,,listed,rebulk-directory (AOK CPKC),,
Arkansas-Oklahoma Railroad,Transload,,,MCALESTER,OK,UNKNOWN,UNKNOWN,UNKNOWN,UNKNOWN,UNKNOWN,UNKNOWN,UNKNOWN,UNKNOWN,UNKNOWN,UNKNOWN,UNKNOWN,UNKNOWN,UNKNOWN,UNKNOWN,UNKNOWN,UNKNOWN,UNKNOWN,UNKNOWN,UNKNOWN,UNKNOWN,UNKNOWN,UNKNOWN,UNKNOWN,UNKNOWN,UNKNOWN,UNKNOWN,unknown,https://aokrr.com/,,listed,rebulk-directory (AOK UP),,
Arkansas-Oklahoma Railroad,Transload,,,SHAWNEE,OK,UNKNOWN,UNKNOWN,UNKNOWN,UNKNOWN,UNKNOWN,UNKNOWN,UNKNOWN,UNKNOWN,UNKNOWN,UNKNOWN,UNKNOWN,UNKNOWN,UNKNOWN,UNKNOWN,UNKNOWN,UNKNOWN,UNKNOWN,UNKNOWN,UNKNOWN,UNKNOWN,UNKNOWN,UNKNOWN,UNKNOWN,UNKNOWN,UNKNOWN,UNKNOWN,unknown,https://aokrr.com/,,listed,rebulk-directory (AOK BNSF),,
Arm-Dat Inc,,,,KANSAS CITY,MO,YES,NO,NO,YES,NO,NO,NO,NO,NO,YES,NO,NO,YES,NO,YES,NO,NO,NO,NO,YES,NO,NO,YES,YES,NO,NO,unknown,https://www.facebook.com/armdatincorporated/,,verified,swl-internal,NOT_FOUND,low
Arreff Terminals Inc,,info@arreff.com,,PEMBROKE,GA,NO,NO,NO,NO,NO,NO,NO,YES,NO,NO,NO,NO,YES,YES,NO,NO,YES,NO,NO,NO,NO,NO,YES,YES,NO,NO,unknown,http://www.arreff.com/our-services/,,verified,swl-internal,NOT_FOUND,none
Arreff Terminals Inc,,info@arreff.com,(757) 393-6534,PORTSMOUTH,VA,NO,NO,NO,NO,NO,NO,NO,YES,NO,NO,NO,NO,YES,YES,NO,NO,YES,NO,NO,NO,NO,NO,YES,YES,NO,NO,unknown,http://www.arreff.com/,,verified,swl-internal,OPERATIONAL,high
Arro Corporation,,,,HODGKINS,IL,UNKNOWN,UNKNOWN,UNKNOWN,UNKNOWN,UNKNOWN,UNKNOWN,UNKNOWN,UNKNOWN,UNKNOWN,UNKNOWN,UNKNOWN,UNKNOWN,UNKNOWN,UNKNOWN,UNKNOWN,UNKNOWN,UNKNOWN,UNKNOWN,UNKNOWN,UNKNOWN,UNKNOWN,UNKNOWN,UNKNOWN,UNKNOWN,UNKNOWN,UNKNOWN,unknown,https://elementfoodsolutions.com/,,listed,rebulk-directory (BNSF),,
Arrow Cleburne Reload,,,,JOSHUA,TX,UNKNOWN,UNKNOWN,UNKNOWN,UNKNOWN,UNKNOWN,UNKNOWN,UNKNOWN,UNKNOWN,UNKNOWN,UNKNOWN,UNKNOWN,UNKNOWN,UNKNOWN,UNKNOWN,UNKNOWN,UNKNOWN,UNKNOWN,UNKNOWN,UNKNOWN,UNKNOWN,UNKNOWN,UNKNOWN,UNKNOWN,UNKNOWN,UNKNOWN,UNKNOWN,unknown,https://www.arrow.ca/reload/location/cleburne-reload/,,listed,rebulk-directory (FWWR),,
Arrow North Houston Reload,,,,CLEVELAND,TX,UNKNOWN,UNKNOWN,UNKNOWN,UNKNOWN,UNKNOWN,UNKNOWN,UNKNOWN,UNKNOWN,UNKNOWN,UNKNOWN,UNKNOWN,UNKNOWN,UNKNOWN,UNKNOWN,UNKNOWN,UNKNOWN,UNKNOWN,UNKNOWN,UNKNOWN,UNKNOWN,UNKNOWN,UNKNOWN,UNKNOWN,UNKNOWN,UNKNOWN,UNKNOWN,unknown,https://www.arrow.ca/reload/location/north-houston-tx-reload-%F0%9F%86%95/,,listed,rebulk-directory (BNSF),,
Arrow Reload,,,,MONTICELLO,AR,UNKNOWN,UNKNOWN,UNKNOWN,UNKNOWN,UNKNOWN,UNKNOWN,UNKNOWN,UNKNOWN,UNKNOWN,UNKNOWN,UNKNOWN,UNKNOWN,UNKNOWN,UNKNOWN,UNKNOWN,UNKNOWN,UNKNOWN,UNKNOWN,UNKNOWN,UNKNOWN,UNKNOWN,UNKNOWN,UNKNOWN,UNKNOWN,UNKNOWN,UNKNOWN,unknown,https://www.arrow.ca/reload/location/monticello-reload/,,listed,rebulk-directory (AKMD G&W),,
Arrow Reload,,,,EDEN PRAIRIE,MN,UNKNOWN,UNKNOWN,UNKNOWN,UNKNOWN,UNKNOWN,UNKNOWN,UNKNOWN,UNKNOWN,UNKNOWN,UNKNOWN,UNKNOWN,UNKNOWN,UNKNOWN,UNKNOWN,UNKNOWN,UNKNOWN,UNKNOWN,UNKNOWN,UNKNOWN,UNKNOWN,UNKNOWN,UNKNOWN,UNKNOWN,UNKNOWN,UNKNOWN,UNKNOWN,unknown,https://www.arrow.ca/reload/location/minneapolis-reload-%F0%9F%86%95/,,listed,rebulk-directory (BNSF),,
Arrow Reload Systems Inc,,rmagee@arrow.ca,+1 403-236-0299,CALGARY,AB,NO,NO,NO,NO,NO,NO,NO,YES,NO,NO,NO,YES,NO,NO,NO,NO,NO,NO,NO,NO,NO,NO,NO,NO,NO,NO,unknown,http://www.arrow.ca/reload,,verified,swl-internal,OPERATIONAL,high
Arrow Reload Systems Inc,,akyle@arrow.ca,+1 780-435-2869,EDMONTON,AB,NO,NO,NO,NO,NO,NO,NO,YES,NO,NO,NO,YES,NO,NO,NO,NO,NO,NO,NO,NO,NO,NO,NO,NO,NO,NO,unknown,http://reload.arrow.ca/location/edmonton-tfr/,,verified,swl-internal,OPERATIONAL,high
Arrow Reload Systems Inc,,akyle@arrow.ca,+1 780-998-9154,FT SASKATCHEWAN,AB,NO,NO,NO,NO,NO,NO,YES,YES,YES,NO,NO,YES,NO,NO,NO,YES,YES,NO,NO,YES,NO,NO,YES,YES,NO,NO,unknown,https://www.arrow.ca/reload/location/scotford-reload/,,verified,swl-internal,OPERATIONAL,high
Arrow Reload Systems Inc,,sfoster@arrow.ca,+1 780-395-0711,JOSEPHBURG,AB,NO,NO,NO,NO,NO,NO,NO,YES,NO,NO,NO,YES,NO,NO,NO,NO,NO,NO,NO,NO,NO,NO,NO,NO,NO,NO,unknown,http://arrow.ca/,,verified,swl-internal,OPERATIONAL,high
Arrow Reload Systems Inc,,sfoster@arrow.ca,,SCOTFORD,AB,NO,NO,YES,YES,NO,NO,YES,NO,YES,YES,NO,YES,NO,NO,NO,NO,YES,NO,NO,YES,NO,NO,YES,NO,NO,NO,unknown,https://reload.arrow.ca/location/scotford-tfr/,dead_link,review,swl-internal,NOT_FOUND,none
Arrow Reload Systems Inc,,phaynes@arrow.ca,+1 780-464-4640,SHERWOOD PARK,AB,NO,NO,NO,NO,NO,NO,NO,YES,NO,NO,NO,YES,NO,NO,NO,NO,NO,NO,NO,NO,NO,NO,NO,NO,NO,NO,unknown,http://www.arrow.ca/,,verified,swl-internal,OPERATIONAL,high
Arrow Reload Systems Inc,,aconnor@arrow.ca,+1 250-453-9411,ASHCROFT,BC,NO,NO,NO,NO,NO,NO,NO,NO,YES,YES,NO,NO,YES,YES,NO,NO,YES,NO,NO,YES,NO,NO,YES,YES,NO,NO,unknown,https://www.arrow.ca/,,verified,swl-internal,OPERATIONAL,medium
Arrow Reload Systems Inc,,cmcintyre@arrow.ca,+1 604-588-0911,CHILLIWACK,BC,NO,NO,NO,NO,NO,NO,NO,YES,NO,NO,NO,YES,NO,NO,NO,NO,NO,NO,NO,NO,NO,NO,NO,NO,NO,NO,unknown,https://reload.arrow.ca/,,verified,swl-internal,OPERATIONAL,high
Arrow Reload Systems Inc,,elarnder@arrow.ca,+1 250-682-4728,KAMLOOPS,BC,NO,NO,YES,NO,NO,NO,NO,YES,NO,NO,NO,NO,NO,NO,NO,NO,YES,NO,NO,NO,NO,NO,YES,NO,NO,NO,unknown,https://www.arrow.ca/reload,,verified,swl-internal,OPERATIONAL,high
Arrow Reload Systems Inc,,jmosher@arrow.ca,+1 778-626-2508,PORT COQUITLAM,BC,NO,NO,NO,NO,NO,NO,NO,YES,NO,NO,NO,YES,NO,NO,NO,NO,NO,NO,NO,NO,NO,NO,NO,NO,NO,NO,unknown,https://www.arrow.ca/reload,,verified,swl-internal,OPERATIONAL,high
Arrow Reload Systems Inc,,aconnor@arrow.ca,+1 250-425-2209,SPARWOOD,BC,NO,NO,NO,NO,NO,NO,NO,NO,YES,NO,NO,YES,NO,NO,NO,NO,YES,NO,NO,NO,NO,NO,NO,YES,NO,NO,unknown,https://reload.arrow.ca/location/sparwood-tfr/,dead_link,verified,swl-internal,OPERATIONAL,high
Arrow Reload Systems Inc,,sgaines@arrow.ca,(317) 636-2387,INDIANAPOLIS,IN,NO,NO,YES,YES,NO,NO,NO,YES,YES,YES,NO,YES,NO,NO,NO,NO,YES,NO,NO,YES,NO,NO,NO,NO,NO,NO,unknown,http://www.arrow.ca/reload,,verified,swl-internal,OPERATIONAL,medium
Arrow Reload Systems Inc,,sgaines@arrow.ca,,ODON,IN,NO,NO,NO,NO,NO,NO,NO,YES,NO,NO,NO,NO,NO,NO,NO,NO,NO,NO,NO,NO,NO,NO,NO,NO,NO,NO,unknown,https://reload.arrow.ca/location/odon-tfr/,dead_link,review,swl-internal,NOT_FOUND,low
Arrow Reload Systems Inc,,mdavis@arrow.ca,,HENDERSON,NV,NO,NO,YES,YES,NO,NO,NO,YES,NO,YES,NO,YES,YES,NO,NO,NO,YES,NO,NO,YES,NO,NO,NO,NO,NO,NO,unknown,https://reload.arrow.ca/location/las-vegas-tfr/,dead_link,verified,swl-internal,NOT_FOUND,low
Arrow Reload Systems Inc,,dtoews@arrow.ca,+1 807-227-2777,VERMILION BAY,ON,NO,NO,NO,NO,NO,NO,NO,YES,NO,NO,NO,NO,NO,NO,NO,NO,NO,NO,NO,NO,NO,NO,NO,NO,NO,NO,unknown,https://www.arrow.ca/reload/,,verified,swl-internal,OPERATIONAL,high
Arrow Reload Systems Inc,,jkent@arrow.ca,,PORTLAND,OR,NO,NO,NO,NO,YES,YES,YES,YES,YES,NO,YES,YES,NO,NO,NO,NO,NO,NO,NO,NO,NO,NO,NO,NO,NO,NO,unknown,https://reload.arrow.ca/location/portland-tfr/,dead_link,review,swl-internal,NOT_FOUND,low
Arrow Reload Systems Inc,,rdellecurti@arrow.ca,+1 306-800-1244,SASKATOON TFR,SK,NO,NO,NO,NO,NO,NO,YES,YES,YES,NO,NO,YES,NO,NO,NO,NO,YES,NO,NO,NO,NO,NO,YES,YES,NO,NO,unknown,https://www.arrow.ca/reload/,,verified,swl-internal,OPERATIONAL,high
Arrow Reload Systems Inc,,bgrisham@arrow.ca,(817) 662-7123,DALLAS MILLER YARD,TX,NO,NO,NO,NO,NO,NO,NO,YES,NO,NO,NO,YES,NO,NO,NO,NO,NO,NO,NO,NO,NO,NO,NO,NO,NO,NO,unknown,http://arrow.ca/reload/,,verified,swl-internal,OPERATIONAL,high
Arrow Reload Systems Vernon Reload,,,,VERNON,CA,UNKNOWN,UNKNOWN,UNKNOWN,UNKNOWN,UNKNOWN,UNKNOWN,UNKNOWN,UNKNOWN,UNKNOWN,UNKNOWN,UNKNOWN,UNKNOWN,UNKNOWN,UNKNOWN,UNKNOWN,UNKNOWN,UNKNOWN,UNKNOWN,UNKNOWN,UNKNOWN,UNKNOWN,UNKNOWN,UNKNOWN,UNKNOWN,UNKNOWN,UNKNOWN,unknown,https://www.arrow.ca/,,listed,rebulk-directory (BNSF),,
Arrowhead Environmental Partners Ayer Transload Facility,,,,AYER,MA,UNKNOWN,UNKNOWN,UNKNOWN,UNKNOWN,UNKNOWN,UNKNOWN,UNKNOWN,UNKNOWN,UNKNOWN,UNKNOWN,UNKNOWN,UNKNOWN,UNKNOWN,UNKNOWN,UNKNOWN,UNKNOWN,UNKNOWN,UNKNOWN,UNKNOWN,UNKNOWN,UNKNOWN,UNKNOWN,UNKNOWN,UNKNOWN,UNKNOWN,UNKNOWN,unknown,https://www.arrowheadlandfill.com/,,listed,rebulk-directory (Berkshire & Eastern Railroad (B&E)),,
Asheboro Tie Yards,,,,BEAR CREEK,NC,UNKNOWN,UNKNOWN,UNKNOWN,UNKNOWN,UNKNOWN,UNKNOWN,UNKNOWN,UNKNOWN,UNKNOWN,UNKNOWN,UNKNOWN,UNKNOWN,UNKNOWN,UNKNOWN,UNKNOWN,UNKNOWN,UNKNOWN,UNKNOWN,UNKNOWN,UNKNOWN,UNKNOWN,UNKNOWN,UNKNOWN,UNKNOWN,UNKNOWN,UNKNOWN,unknown,,,listed,rebulk-directory (NS),,
Ashely Transload,,,,ASHLEY,IN,UNKNOWN,UNKNOWN,UNKNOWN,UNKNOWN,UNKNOWN,UNKNOWN,UNKNOWN,UNKNOWN,UNKNOWN,UNKNOWN,UNKNOWN,UNKNOWN,UNKNOWN,UNKNOWN,UNKNOWN,UNKNOWN,UNKNOWN,UNKNOWN,UNKNOWN,UNKNOWN,UNKNOWN,UNKNOWN,UNKNOWN,UNKNOWN,UNKNOWN,UNKNOWN,unknown,https://inerailroad.com,,listed,rebulk-directory (IN NS),,
Ashland Cold Storage,,,,CHICAGO,IL,UNKNOWN,UNKNOWN,UNKNOWN,UNKNOWN,UNKNOWN,UNKNOWN,UNKNOWN,UNKNOWN,UNKNOWN,UNKNOWN,UNKNOWN,UNKNOWN,UNKNOWN,UNKNOWN,UNKNOWN,UNKNOWN,UNKNOWN,UNKNOWN,UNKNOWN,UNKNOWN,UNKNOWN,UNKNOWN,UNKNOWN,UNKNOWN,UNKNOWN,UNKNOWN,unknown,,,listed,rebulk-directory (BNSF),,
Ashtabula Industrial Park Transload,,,,ASHTABULA,OH,UNKNOWN,UNKNOWN,UNKNOWN,UNKNOWN,UNKNOWN,UNKNOWN,UNKNOWN,UNKNOWN,UNKNOWN,UNKNOWN,UNKNOWN,UNKNOWN,UNKNOWN,UNKNOWN,UNKNOWN,UNKNOWN,UNKNOWN,UNKNOWN,UNKNOWN,UNKNOWN,UNKNOWN,UNKNOWN,UNKNOWN,UNKNOWN,UNKNOWN,UNKNOWN,unknown,https://ashtabulaindustrialpark.com/,,listed,rebulk-directory (CSX),,
Ashwood Yard - HYDRA,,,,COLUMBIA,TN,UNKNOWN,UNKNOWN,UNKNOWN,UNKNOWN,UNKNOWN,UNKNOWN,UNKNOWN,UNKNOWN,UNKNOWN,UNKNOWN,UNKNOWN,UNKNOWN,UNKNOWN,UNKNOWN,UNKNOWN,UNKNOWN,UNKNOWN,UNKNOWN,UNKNOWN,UNKNOWN,UNKNOWN,UNKNOWN,UNKNOWN,UNKNOWN,UNKNOWN,UNKNOWN,unknown,https://patriotrail.com,,listed,rebulk-directory (TSRR CSX),,
Asphalt Express Enterprises Rail Terminal,,,,ARDMORE,OK,UNKNOWN,UNKNOWN,UNKNOWN,UNKNOWN,UNKNOWN,UNKNOWN,UNKNOWN,UNKNOWN,UNKNOWN,UNKNOWN,UNKNOWN,UNKNOWN,UNKNOWN,UNKNOWN,UNKNOWN,UNKNOWN,UNKNOWN,UNKNOWN,UNKNOWN,UNKNOWN,UNKNOWN,UNKNOWN,UNKNOWN,UNKNOWN,UNKNOWN,UNKNOWN,unknown,https://www.asphaltexpress.net/,,listed,rebulk-directory (BNSF),,
Asphalt Operating Services of Chicago,,,,CHICAGO,IL,UNKNOWN,UNKNOWN,UNKNOWN,UNKNOWN,UNKNOWN,UNKNOWN,UNKNOWN,UNKNOWN,UNKNOWN,UNKNOWN,UNKNOWN,UNKNOWN,UNKNOWN,UNKNOWN,UNKNOWN,UNKNOWN,UNKNOWN,UNKNOWN,UNKNOWN,UNKNOWN,UNKNOWN,UNKNOWN,UNKNOWN,UNKNOWN,UNKNOWN,UNKNOWN,unknown,https://www.aoschicago.net/,,listed,rebulk-directory (CRL),,
Associated Asphalt,,dfuerst@associatedasphalt.com,(336) 294-0025,WINSTON-SALEM,NC,NO,YES,NO,NO,NO,NO,NO,NO,NO,YES,NO,NO,YES,NO,NO,NO,NO,NO,NO,YES,NO,NO,NO,NO,YES,NO,unknown,https://associatedasphalt.com/,,verified,swl-internal,OPERATIONAL,high
Associated Terminals New Orleans Bulk Terminal,,,,NEW ORLEANS,LA,UNKNOWN,UNKNOWN,UNKNOWN,UNKNOWN,UNKNOWN,UNKNOWN,UNKNOWN,UNKNOWN,UNKNOWN,UNKNOWN,UNKNOWN,UNKNOWN,UNKNOWN,UNKNOWN,UNKNOWN,UNKNOWN,UNKNOWN,UNKNOWN,UNKNOWN,UNKNOWN,UNKNOWN,UNKNOWN,UNKNOWN,UNKNOWN,UNKNOWN,UNKNOWN,unknown,https://www.associatedterminals.com/locations/new-orleans-bulk-terminal/,,listed,rebulk-directory (CSX),,
"Associated Terminals, LLC.",,,,ARABI,LA,UNKNOWN,UNKNOWN,UNKNOWN,UNKNOWN,UNKNOWN,UNKNOWN,UNKNOWN,UNKNOWN,UNKNOWN,UNKNOWN,UNKNOWN,UNKNOWN,UNKNOWN,UNKNOWN,UNKNOWN,UNKNOWN,UNKNOWN,UNKNOWN,UNKNOWN,UNKNOWN,UNKNOWN,UNKNOWN,UNKNOWN,UNKNOWN,UNKNOWN,UNKNOWN,unknown,https://www.associatedterminals.com/,,listed,rebulk-directory (NS),,
ASW Global,,,,MOGADORE,OH,UNKNOWN,UNKNOWN,UNKNOWN,UNKNOWN,UNKNOWN,UNKNOWN,UNKNOWN,UNKNOWN,UNKNOWN,UNKNOWN,UNKNOWN,UNKNOWN,UNKNOWN,UNKNOWN,UNKNOWN,UNKNOWN,UNKNOWN,UNKNOWN,UNKNOWN,UNKNOWN,UNKNOWN,UNKNOWN,UNKNOWN,UNKNOWN,UNKNOWN,UNKNOWN,unknown,https://www.aswglobal.com,,listed,rebulk-directory (NS W&LE),,
Atlanta Metro Lumber & Reload,,amr@atlmetroreload.com,(770) 967-7772,OAKWOOD,GA,NO,NO,NO,NO,NO,NO,NO,YES,NO,NO,NO,NO,NO,NO,NO,NO,NO,NO,NO,NO,NO,NO,NO,NO,NO,NO,unknown,http://www.atlmetroreload.com/,,verified,swl-internal,OPERATIONAL,high
ATOM Rail Winnsboro Transload Facility,,,,WINNSBORO,SC,UNKNOWN,UNKNOWN,UNKNOWN,UNKNOWN,UNKNOWN,UNKNOWN,UNKNOWN,UNKNOWN,UNKNOWN,UNKNOWN,UNKNOWN,UNKNOWN,UNKNOWN,UNKNOWN,UNKNOWN,UNKNOWN,UNKNOWN,UNKNOWN,UNKNOWN,UNKNOWN,UNKNOWN,UNKNOWN,UNKNOWN,UNKNOWN,UNKNOWN,UNKNOWN,unknown,https://www.atomrail.com/,,listed,rebulk-directory (NS),,
Atw Choice Terminals,,twilhelmy@gwrr.com,,SANFORD,NC,NO,NO,NO,NO,NO,NO,NO,NO,NO,NO,NO,NO,NO,NO,NO,NO,NO,NO,NO,NO,NO,NO,NO,NO,NO,NO,unknown,https://www.gwrr.com/customers/transload?radius=300&state=NA&railroad=ATW,,verified,swl-internal,NOT_FOUND,low
Augusta NS TBT,,,,AUGUSTA,GA,UNKNOWN,UNKNOWN,UNKNOWN,UNKNOWN,UNKNOWN,UNKNOWN,UNKNOWN,UNKNOWN,UNKNOWN,UNKNOWN,UNKNOWN,UNKNOWN,UNKNOWN,UNKNOWN,UNKNOWN,UNKNOWN,UNKNOWN,UNKNOWN,UNKNOWN,UNKNOWN,UNKNOWN,UNKNOWN,UNKNOWN,UNKNOWN,UNKNOWN,UNKNOWN,unknown,https://www.nscorp.com,,listed,rebulk-directory (NS),,
Auto Warehousing Company,,,,TACOMA,WA,UNKNOWN,UNKNOWN,UNKNOWN,UNKNOWN,UNKNOWN,UNKNOWN,UNKNOWN,UNKNOWN,UNKNOWN,UNKNOWN,UNKNOWN,UNKNOWN,UNKNOWN,UNKNOWN,UNKNOWN,UNKNOWN,UNKNOWN,UNKNOWN,UNKNOWN,UNKNOWN,UNKNOWN,UNKNOWN,UNKNOWN,UNKNOWN,UNKNOWN,UNKNOWN,unknown,https://www.autowc.com/,,listed,rebulk-directory (Tacoma Rail (TMBL) BNSF UP),,
AutoMOBILE International Terminal,,,,MOBILE,AL,UNKNOWN,UNKNOWN,UNKNOWN,UNKNOWN,UNKNOWN,UNKNOWN,UNKNOWN,UNKNOWN,UNKNOWN,UNKNOWN,UNKNOWN,UNKNOWN,UNKNOWN,UNKNOWN,UNKNOWN,UNKNOWN,UNKNOWN,UNKNOWN,UNKNOWN,UNKNOWN,UNKNOWN,UNKNOWN,UNKNOWN,UNKNOWN,UNKNOWN,UNKNOWN,unknown,https://automobileterminal.com/,,listed,rebulk-directory (Terminal Railway Alabama State Docks (TASD)),,
AutoPort / Trans Cargo Railhead,,,,NEW CASTLE,DE,UNKNOWN,UNKNOWN,UNKNOWN,UNKNOWN,UNKNOWN,UNKNOWN,UNKNOWN,UNKNOWN,UNKNOWN,UNKNOWN,UNKNOWN,UNKNOWN,UNKNOWN,UNKNOWN,UNKNOWN,UNKNOWN,UNKNOWN,UNKNOWN,UNKNOWN,UNKNOWN,UNKNOWN,UNKNOWN,UNKNOWN,UNKNOWN,UNKNOWN,UNKNOWN,unknown,https://www.autoportinc.com/,,listed,rebulk-directory (NS),,
Avalon Team Track,,,,WILMINGTON,CA,UNKNOWN,UNKNOWN,UNKNOWN,UNKNOWN,UNKNOWN,UNKNOWN,UNKNOWN,UNKNOWN,UNKNOWN,UNKNOWN,UNKNOWN,UNKNOWN,UNKNOWN,UNKNOWN,UNKNOWN,UNKNOWN,UNKNOWN,UNKNOWN,UNKNOWN,UNKNOWN,UNKNOWN,UNKNOWN,UNKNOWN,UNKNOWN,UNKNOWN,UNKNOWN,unknown,https://www.anacostia.com/our-companies/phl/,,listed,rebulk-directory (PHL BNSF UP),,
Avr,Glenwood Transload,,,PITTSBURGH,PA,UNKNOWN,UNKNOWN,UNKNOWN,UNKNOWN,UNKNOWN,UNKNOWN,UNKNOWN,UNKNOWN,UNKNOWN,UNKNOWN,UNKNOWN,UNKNOWN,UNKNOWN,UNKNOWN,UNKNOWN,UNKNOWN,UNKNOWN,UNKNOWN,UNKNOWN,UNKNOWN,UNKNOWN,UNKNOWN,UNKNOWN,UNKNOWN,UNKNOWN,UNKNOWN,unknown,https://www.carloadexpress.com/,,listed,rebulk-directory (AVR NS),,
Axis Warehouse,,info@axiswarehouse.com,(630) 496-4876,ELK GROVE VILLAGE,IL,NO,NO,NO,NO,NO,NO,NO,NO,NO,NO,NO,NO,NO,NO,NO,NO,NO,NO,NO,NO,NO,NO,NO,NO,NO,NO,unknown,https://www.axiswarehouse.com/,,verified,swl-internal,OPERATIONAL,high
B&D Warehouse,,,,GREEN BAY,WI,UNKNOWN,UNKNOWN,UNKNOWN,UNKNOWN,UNKNOWN,UNKNOWN,UNKNOWN,UNKNOWN,UNKNOWN,UNKNOWN,UNKNOWN,UNKNOWN,UNKNOWN,UNKNOWN,UNKNOWN,UNKNOWN,UNKNOWN,UNKNOWN,UNKNOWN,UNKNOWN,UNKNOWN,UNKNOWN,UNKNOWN,UNKNOWN,UNKNOWN,UNKNOWN,unknown,https://www.bdwarehouse.com/,,listed,rebulk-directory (CN),,
B&E Storage and Transfer,,,,BALTIMORE,MD,UNKNOWN,UNKNOWN,UNKNOWN,UNKNOWN,UNKNOWN,UNKNOWN,UNKNOWN,UNKNOWN,UNKNOWN,UNKNOWN,UNKNOWN,UNKNOWN,UNKNOWN,UNKNOWN,UNKNOWN,UNKNOWN,UNKNOWN,UNKNOWN,UNKNOWN,UNKNOWN,UNKNOWN,UNKNOWN,UNKNOWN,UNKNOWN,UNKNOWN,UNKNOWN,unknown,https://bnestorage.com/,,listed,rebulk-directory (CSX NS),,
B&J Group Inc,,sales@bandjgroup.com,(215) 666-4110,MORRISVILLE,PA,YES,NO,YES,YES,YES,YES,NO,NO,NO,YES,NO,NO,YES,NO,YES,NO,NO,NO,YES,YES,YES,NO,YES,YES,YES,NO,unknown,http://www.bandjgroup.com/,,verified,swl-internal,OPERATIONAL,high
B&L Transload and Warehousing,,,,NEW AUBURN,WI,UNKNOWN,UNKNOWN,UNKNOWN,UNKNOWN,UNKNOWN,UNKNOWN,UNKNOWN,UNKNOWN,UNKNOWN,UNKNOWN,UNKNOWN,UNKNOWN,UNKNOWN,UNKNOWN,UNKNOWN,UNKNOWN,UNKNOWN,UNKNOWN,UNKNOWN,UNKNOWN,UNKNOWN,UNKNOWN,UNKNOWN,UNKNOWN,UNKNOWN,UNKNOWN,unknown,https://www.bandltransload.com/,,listed,rebulk-directory (Wisconsin Northern Railroad (PGR)),,
B-H Transfer Co,,rrowe@b-htransfer.com,(256) 245-3166,SYLACUAGA,AL,NO,NO,YES,NO,NO,NO,NO,NO,YES,NO,NO,NO,NO,NO,NO,NO,NO,NO,NO,NO,NO,NO,NO,NO,NO,YES,unknown,https://www.b-htransfer.com/,,verified,swl-internal,OPERATIONAL,high
B-H Transfer Co,,twilhelmy@gwrr.com,,TALLADEGA,AL,NO,NO,NO,NO,NO,NO,NO,NO,NO,NO,NO,NO,NO,NO,NO,NO,NO,NO,NO,NO,NO,NO,NO,NO,NO,NO,unknown,https://www.gwrr.com/railroads/north_america/eastern_alabama_railway#m_tab-one-panel,dead_link,verified,swl-internal,NOT_FOUND,none
B-H Transfer Co,,rrowe@b-htransfer.com,(478) 552-5119,SANDERSVILLE,GA,NO,NO,YES,YES,NO,NO,NO,NO,YES,NO,NO,NO,YES,NO,NO,YES,YES,NO,NO,YES,NO,NO,YES,YES,NO,YES,unknown,http://b-htransfer.com/,,verified,swl-internal,OPERATIONAL,high
Baker Transfer & Storage Co,,bakerco@bakertransfer.com,(406) 245-3147,BILLINGS,MT,NO,NO,NO,NO,NO,NO,NO,NO,NO,NO,NO,NO,NO,NO,NO,NO,NO,NO,NO,NO,NO,NO,NO,NO,NO,NO,unknown,http://bakertransfer.com/,,verified,swl-internal,OPERATIONAL,high
Bakersfield QDC,,,,BAKERSFIELD,CA,UNKNOWN,UNKNOWN,UNKNOWN,UNKNOWN,UNKNOWN,UNKNOWN,UNKNOWN,UNKNOWN,UNKNOWN,UNKNOWN,UNKNOWN,UNKNOWN,UNKNOWN,UNKNOWN,UNKNOWN,UNKNOWN,UNKNOWN,UNKNOWN,UNKNOWN,UNKNOWN,UNKNOWN,UNKNOWN,UNKNOWN,UNKNOWN,UNKNOWN,UNKNOWN,unknown,https://www.bakersfieldqdc.com/,,listed,rebulk-directory (BNSF);bnsf-premier-flipbook,,
"Bakken Transload, LLC",,bmosby@railoil.com,(701) 755-3477,ROSS,ND,NO,NO,YES,YES,NO,NO,YES,YES,YES,YES,YES,YES,YES,YES,NO,NO,YES,NO,NO,YES,NO,NO,YES,NO,NO,NO,unknown,-,dead_domain,verified,swl-internal,OPERATIONAL,high
Baltimore NS TBT,,,,BALTIMORE CANTON,MD,UNKNOWN,UNKNOWN,UNKNOWN,UNKNOWN,UNKNOWN,UNKNOWN,UNKNOWN,UNKNOWN,UNKNOWN,UNKNOWN,UNKNOWN,UNKNOWN,UNKNOWN,UNKNOWN,UNKNOWN,UNKNOWN,UNKNOWN,UNKNOWN,UNKNOWN,UNKNOWN,UNKNOWN,UNKNOWN,UNKNOWN,UNKNOWN,UNKNOWN,UNKNOWN,unknown,https://www.nscorp.com,,listed,rebulk-directory (NS),,
Barrett Trucking,,joe@barretttruckingco.com,(802) 863-1311,BURLINGTON,VT,NO,NO,YES,NO,NO,NO,NO,NO,YES,NO,NO,YES,NO,YES,NO,NO,YES,NO,NO,NO,NO,NO,YES,NO,NO,NO,unknown,http://www.barretttruckingco.com/,,verified,swl-internal,OPERATIONAL,high
Base Inc,,,,TULSA,OK,NO,NO,NO,YES,NO,YES,NO,NO,NO,NO,NO,NO,NO,NO,NO,NO,NO,NO,NO,NO,NO,NO,NO,NO,YES,NO,unknown,https://www.linkedin.com/company/base-transportation/about/,,verified,swl-internal,NOT_FOUND,low
Baton Rouge Southern Railroad Transload,,,,BATON ROUGE,LA,UNKNOWN,UNKNOWN,UNKNOWN,UNKNOWN,UNKNOWN,UNKNOWN,UNKNOWN,UNKNOWN,UNKNOWN,UNKNOWN,UNKNOWN,UNKNOWN,UNKNOWN,UNKNOWN,UNKNOWN,UNKNOWN,UNKNOWN,UNKNOWN,UNKNOWN,UNKNOWN,UNKNOWN,UNKNOWN,UNKNOWN,UNKNOWN,UNKNOWN,UNKNOWN,unknown,https://www.watco.com/service/rail/baton-rouge-southern-railroad-brs/,,listed,rebulk-directory (BRS CPKC),,
Bayl Choice Terminals,,donnie.mason@gwrr.com,,PANAMA CITY,FL,NO,NO,NO,NO,NO,NO,NO,NO,NO,NO,NO,NO,NO,NO,NO,NO,NO,NO,NO,NO,NO,NO,NO,NO,NO,NO,unknown,https://www.gwrr.com/customers/transload?radius=300&state=NA&railroad=BAYL,,verified,swl-internal,NOT_FOUND,low
Bayshore Recycling Corporation,Eco-Complex,,,KEASBEY,NJ,UNKNOWN,UNKNOWN,UNKNOWN,UNKNOWN,UNKNOWN,UNKNOWN,UNKNOWN,UNKNOWN,UNKNOWN,UNKNOWN,UNKNOWN,UNKNOWN,UNKNOWN,UNKNOWN,UNKNOWN,UNKNOWN,UNKNOWN,UNKNOWN,UNKNOWN,UNKNOWN,UNKNOWN,UNKNOWN,UNKNOWN,UNKNOWN,UNKNOWN,UNKNOWN,unknown,https://www.bayshorerecycling.com/,,listed,rebulk-directory (Raritan Central Railway (RCRY)),,
Bcwc LLC,,,,GOODMAN,MO,UNKNOWN,UNKNOWN,UNKNOWN,UNKNOWN,UNKNOWN,UNKNOWN,UNKNOWN,UNKNOWN,UNKNOWN,UNKNOWN,UNKNOWN,UNKNOWN,UNKNOWN,UNKNOWN,UNKNOWN,UNKNOWN,UNKNOWN,UNKNOWN,UNKNOWN,UNKNOWN,UNKNOWN,UNKNOWN,UNKNOWN,UNKNOWN,UNKNOWN,UNKNOWN,unknown,,,listed,rebulk-directory (CPKC),,
Bean Co.,,,,AGUILA,AZ,UNKNOWN,UNKNOWN,UNKNOWN,UNKNOWN,UNKNOWN,UNKNOWN,UNKNOWN,UNKNOWN,UNKNOWN,UNKNOWN,UNKNOWN,UNKNOWN,UNKNOWN,UNKNOWN,UNKNOWN,UNKNOWN,UNKNOWN,UNKNOWN,UNKNOWN,UNKNOWN,UNKNOWN,UNKNOWN,UNKNOWN,UNKNOWN,UNKNOWN,UNKNOWN,unknown,,,listed,rebulk-directory (ARZC G&W),,
Bean Co.,,,,SALOME,AZ,UNKNOWN,UNKNOWN,UNKNOWN,UNKNOWN,UNKNOWN,UNKNOWN,UNKNOWN,UNKNOWN,UNKNOWN,UNKNOWN,UNKNOWN,UNKNOWN,UNKNOWN,UNKNOWN,UNKNOWN,UNKNOWN,UNKNOWN,UNKNOWN,UNKNOWN,UNKNOWN,UNKNOWN,UNKNOWN,UNKNOWN,UNKNOWN,UNKNOWN,UNKNOWN,unknown,,,listed,rebulk-directory (ARZC G&W),,
Bear Truss,,,,ST. LOUIS,MI,UNKNOWN,UNKNOWN,UNKNOWN,UNKNOWN,UNKNOWN,UNKNOWN,UNKNOWN,UNKNOWN,UNKNOWN,UNKNOWN,UNKNOWN,UNKNOWN,UNKNOWN,UNKNOWN,UNKNOWN,UNKNOWN,UNKNOWN,UNKNOWN,UNKNOWN,UNKNOWN,UNKNOWN,UNKNOWN,UNKNOWN,UNKNOWN,UNKNOWN,UNKNOWN,unknown,https://beartruss.net/,,listed,rebulk-directory (G&W MMRR),,
Beaver Lake Industrial Park,Top Rail Solutions,,,PINEVILLE,LA,UNKNOWN,UNKNOWN,UNKNOWN,UNKNOWN,UNKNOWN,UNKNOWN,UNKNOWN,UNKNOWN,UNKNOWN,UNKNOWN,UNKNOWN,UNKNOWN,UNKNOWN,UNKNOWN,UNKNOWN,UNKNOWN,UNKNOWN,UNKNOWN,UNKNOWN,UNKNOWN,UNKNOWN,UNKNOWN,UNKNOWN,UNKNOWN,UNKNOWN,UNKNOWN,unknown,https://www.trsrail.com/,,listed,rebulk-directory (CPKC),,
Becker Warehouse and Reload,,,,BECKER,MN,UNKNOWN,UNKNOWN,UNKNOWN,UNKNOWN,UNKNOWN,UNKNOWN,UNKNOWN,UNKNOWN,UNKNOWN,UNKNOWN,UNKNOWN,UNKNOWN,UNKNOWN,UNKNOWN,UNKNOWN,UNKNOWN,UNKNOWN,UNKNOWN,UNKNOWN,UNKNOWN,UNKNOWN,UNKNOWN,UNKNOWN,UNKNOWN,UNKNOWN,UNKNOWN,unknown,https://warehouseandreload.com/,,listed,rebulk-directory (BNSF),,
Belle Fourche Transload,,,,BELLE FOURCHE,SD,UNKNOWN,UNKNOWN,UNKNOWN,UNKNOWN,UNKNOWN,UNKNOWN,UNKNOWN,UNKNOWN,UNKNOWN,UNKNOWN,UNKNOWN,UNKNOWN,UNKNOWN,UNKNOWN,UNKNOWN,UNKNOWN,UNKNOWN,UNKNOWN,UNKNOWN,UNKNOWN,UNKNOWN,UNKNOWN,UNKNOWN,UNKNOWN,UNKNOWN,UNKNOWN,unknown,https://bfdcsd.com/industrial/,,listed,rebulk-directory (G&W RCPE),,
Benchmark River & Rail Terminals LLC,,sales@jrjnet.com,(513) 326-3500,CINCINNATI,OH,NO,NO,NO,NO,NO,NO,NO,NO,YES,NO,NO,NO,NO,NO,NO,NO,YES,NO,NO,NO,NO,NO,NO,YES,NO,NO,unknown,https://www.benchmarkterminals.com/,,verified,swl-internal,OPERATIONAL,high
Bengal Warehousing,,,,LINFIELD,PA,UNKNOWN,UNKNOWN,UNKNOWN,UNKNOWN,UNKNOWN,UNKNOWN,UNKNOWN,UNKNOWN,UNKNOWN,UNKNOWN,UNKNOWN,UNKNOWN,UNKNOWN,UNKNOWN,UNKNOWN,UNKNOWN,UNKNOWN,UNKNOWN,UNKNOWN,UNKNOWN,UNKNOWN,UNKNOWN,UNKNOWN,UNKNOWN,UNKNOWN,UNKNOWN,unknown,https://bengalgrp.com/,,listed,rebulk-directory (NS),,
Benlin Warehouse,,,,BUFFALO,NY,UNKNOWN,UNKNOWN,UNKNOWN,UNKNOWN,UNKNOWN,UNKNOWN,UNKNOWN,UNKNOWN,UNKNOWN,UNKNOWN,UNKNOWN,UNKNOWN,UNKNOWN,UNKNOWN,UNKNOWN,UNKNOWN,UNKNOWN,UNKNOWN,UNKNOWN,UNKNOWN,UNKNOWN,UNKNOWN,UNKNOWN,UNKNOWN,UNKNOWN,UNKNOWN,unknown,https://www.benlin.com/home.php,,listed,rebulk-directory (NS),,
Bessie Junction,,,,ADAMSVILLE,AL,UNKNOWN,UNKNOWN,UNKNOWN,UNKNOWN,UNKNOWN,UNKNOWN,UNKNOWN,UNKNOWN,UNKNOWN,UNKNOWN,UNKNOWN,UNKNOWN,UNKNOWN,UNKNOWN,UNKNOWN,UNKNOWN,UNKNOWN,UNKNOWN,UNKNOWN,UNKNOWN,UNKNOWN,UNKNOWN,UNKNOWN,UNKNOWN,UNKNOWN,UNKNOWN,unknown,https://www.bondindustries.com,,listed,rebulk-directory (BNSF CSX NS),,
Best Logistics Inc,,info@bestlogistics.net,(209) 931-5849,PORT OF STOCKTON,CA,NO,NO,NO,NO,YES,NO,NO,NO,NO,NO,NO,NO,NO,NO,NO,NO,NO,NO,NO,NO,NO,NO,NO,NO,NO,NO,unknown,https://www.bestlogistics.net/,,verified,swl-internal,OPERATIONAL,high
Better Boxing Company,,,,NEW ORLEANS,LA,UNKNOWN,UNKNOWN,UNKNOWN,UNKNOWN,UNKNOWN,UNKNOWN,UNKNOWN,UNKNOWN,UNKNOWN,UNKNOWN,UNKNOWN,UNKNOWN,UNKNOWN,UNKNOWN,UNKNOWN,UNKNOWN,UNKNOWN,UNKNOWN,UNKNOWN,UNKNOWN,UNKNOWN,UNKNOWN,UNKNOWN,UNKNOWN,UNKNOWN,UNKNOWN,unknown,https://betterboxingcompany.com/,,listed,rebulk-directory (NOPB),,
Bi-State Storage,,info@yourga.com,(724) 981-3100,WHEATLAND,PA,NO,NO,NO,NO,NO,NO,NO,NO,NO,NO,NO,YES,NO,NO,NO,NO,NO,NO,NO,NO,NO,NO,NO,NO,NO,NO,unknown,https://www.yourga.com/services2.html,,verified,swl-internal,OPERATIONAL,high
Big Soo Terminal,,,,SIOUX CITY,IA,UNKNOWN,UNKNOWN,UNKNOWN,UNKNOWN,UNKNOWN,UNKNOWN,UNKNOWN,UNKNOWN,UNKNOWN,UNKNOWN,UNKNOWN,UNKNOWN,UNKNOWN,UNKNOWN,UNKNOWN,UNKNOWN,UNKNOWN,UNKNOWN,UNKNOWN,UNKNOWN,UNKNOWN,UNKNOWN,UNKNOWN,UNKNOWN,UNKNOWN,UNKNOWN,unknown,https://www.bigsoo.com/,,listed,rebulk-directory (UP),,
Bighorn Divide & Wyoming Railroad,,,(307) 876-2624,SHOSHONI,WY,NO,NO,YES,NO,NO,NO,YES,YES,YES,NO,NO,YES,NO,NO,NO,NO,YES,NO,NO,NO,NO,NO,NO,YES,NO,NO,unknown,http://www.bdwrail.com/,,verified,swl-internal,OPERATIONAL,high
Binghamton NS TBT,,,,BEVIER STREET,NY,UNKNOWN,UNKNOWN,UNKNOWN,UNKNOWN,UNKNOWN,UNKNOWN,UNKNOWN,UNKNOWN,UNKNOWN,UNKNOWN,UNKNOWN,UNKNOWN,UNKNOWN,UNKNOWN,UNKNOWN,UNKNOWN,UNKNOWN,UNKNOWN,UNKNOWN,UNKNOWN,UNKNOWN,UNKNOWN,UNKNOWN,UNKNOWN,UNKNOWN,UNKNOWN,unknown,https://www.nscorp.com,,listed,rebulk-directory (NS),,
Black Gold Terminals,,,,SHREVEPORT,LA,UNKNOWN,UNKNOWN,UNKNOWN,UNKNOWN,UNKNOWN,UNKNOWN,UNKNOWN,UNKNOWN,UNKNOWN,UNKNOWN,UNKNOWN,UNKNOWN,UNKNOWN,UNKNOWN,UNKNOWN,UNKNOWN,UNKNOWN,UNKNOWN,UNKNOWN,UNKNOWN,UNKNOWN,UNKNOWN,UNKNOWN,UNKNOWN,UNKNOWN,UNKNOWN,unknown,https://www.blacklandsrailroad.com/transloading,,listed,rebulk-directory (Union Pacific (UP)),,
Black Gold Terminals,,info@blacklandsrailroad.com,,ODESSA,TX,NO,NO,NO,NO,NO,NO,YES,NO,YES,NO,NO,NO,NO,NO,NO,NO,YES,NO,NO,NO,NO,NO,NO,NO,NO,NO,unknown,https://www.blacklandsrailroad.com/transloading,,verified,swl-internal,NOT_FOUND,low
Black Hills Trucking,Casper Terminal,,,EVANSVILLE,WY,UNKNOWN,UNKNOWN,UNKNOWN,UNKNOWN,UNKNOWN,UNKNOWN,UNKNOWN,UNKNOWN,UNKNOWN,UNKNOWN,UNKNOWN,UNKNOWN,UNKNOWN,UNKNOWN,UNKNOWN,UNKNOWN,UNKNOWN,UNKNOWN,UNKNOWN,UNKNOWN,UNKNOWN,UNKNOWN,UNKNOWN,UNKNOWN,UNKNOWN,UNKNOWN,unknown,https://blackhillstrucking.com/,,listed,rebulk-directory (BNSF),,
Black Hills Trucking,Terminal,,,GILLETTE,WY,UNKNOWN,UNKNOWN,UNKNOWN,UNKNOWN,UNKNOWN,UNKNOWN,UNKNOWN,UNKNOWN,UNKNOWN,UNKNOWN,UNKNOWN,UNKNOWN,UNKNOWN,UNKNOWN,UNKNOWN,UNKNOWN,UNKNOWN,UNKNOWN,UNKNOWN,UNKNOWN,UNKNOWN,UNKNOWN,UNKNOWN,UNKNOWN,UNKNOWN,UNKNOWN,unknown,https://blackhillstrucking.com/,,listed,rebulk-directory (BNSF),,
Black River & Western Corporation,,,,RINGOES,NJ,UNKNOWN,UNKNOWN,UNKNOWN,UNKNOWN,UNKNOWN,UNKNOWN,UNKNOWN,UNKNOWN,UNKNOWN,UNKNOWN,UNKNOWN,UNKNOWN,UNKNOWN,UNKNOWN,UNKNOWN,UNKNOWN,UNKNOWN,UNKNOWN,UNKNOWN,UNKNOWN,UNKNOWN,UNKNOWN,UNKNOWN,UNKNOWN,UNKNOWN,UNKNOWN,unknown,https://www.bdrry.com,,listed,rebulk-directory (BRW NS),,
Blackwell Consolidation,,,,CENTRAL POINT,OR,UNKNOWN,UNKNOWN,UNKNOWN,UNKNOWN,UNKNOWN,UNKNOWN,UNKNOWN,UNKNOWN,UNKNOWN,UNKNOWN,UNKNOWN,UNKNOWN,UNKNOWN,UNKNOWN,UNKNOWN,UNKNOWN,UNKNOWN,UNKNOWN,UNKNOWN,UNKNOWN,UNKNOWN,UNKNOWN,UNKNOWN,UNKNOWN,UNKNOWN,UNKNOWN,unknown,https://blackwellfreight.com/,,listed,rebulk-directory (CORP G&W),,
Bluelinx Corp,,,,YULEE,FL,UNKNOWN,UNKNOWN,UNKNOWN,UNKNOWN,UNKNOWN,UNKNOWN,UNKNOWN,UNKNOWN,UNKNOWN,UNKNOWN,UNKNOWN,UNKNOWN,UNKNOWN,UNKNOWN,UNKNOWN,UNKNOWN,UNKNOWN,UNKNOWN,UNKNOWN,UNKNOWN,UNKNOWN,UNKNOWN,UNKNOWN,UNKNOWN,UNKNOWN,UNKNOWN,unknown,https://bluelinxco.com/,,listed,rebulk-directory (FCRD G&W),,
Bluelinx Corporation,,,,KANSAS CITY,MO,UNKNOWN,UNKNOWN,UNKNOWN,UNKNOWN,UNKNOWN,UNKNOWN,UNKNOWN,UNKNOWN,UNKNOWN,UNKNOWN,UNKNOWN,UNKNOWN,UNKNOWN,UNKNOWN,UNKNOWN,UNKNOWN,UNKNOWN,UNKNOWN,UNKNOWN,UNKNOWN,UNKNOWN,UNKNOWN,UNKNOWN,UNKNOWN,UNKNOWN,UNKNOWN,unknown,https://bluelinxco.com/,,listed,rebulk-directory (BNSF),,
BNSF Dayton's Bluff Vehicle Facility,,,,SAINT PAUL,MN,UNKNOWN,UNKNOWN,UNKNOWN,UNKNOWN,UNKNOWN,UNKNOWN,UNKNOWN,UNKNOWN,UNKNOWN,UNKNOWN,UNKNOWN,UNKNOWN,UNKNOWN,UNKNOWN,UNKNOWN,UNKNOWN,UNKNOWN,UNKNOWN,UNKNOWN,UNKNOWN,UNKNOWN,UNKNOWN,UNKNOWN,UNKNOWN,UNKNOWN,UNKNOWN,unknown,https://www.bnsf.com/ship-with-bnsf/support-services/facility-listings.page,,listed,rebulk-directory (BNSF),,
BNSF Dilworth Vehicle Facility,,,,DILWORTH,MN,UNKNOWN,UNKNOWN,UNKNOWN,UNKNOWN,UNKNOWN,UNKNOWN,UNKNOWN,UNKNOWN,UNKNOWN,UNKNOWN,UNKNOWN,UNKNOWN,UNKNOWN,UNKNOWN,UNKNOWN,UNKNOWN,UNKNOWN,UNKNOWN,UNKNOWN,UNKNOWN,UNKNOWN,UNKNOWN,UNKNOWN,UNKNOWN,UNKNOWN,UNKNOWN,unknown,https://www.bnsf.com/ship-with-bnsf/support-services/facility-listings.page,,listed,rebulk-directory (BNSF),,
BNSF Logistics,,,,PLAINVIEW,TX,UNKNOWN,UNKNOWN,UNKNOWN,UNKNOWN,UNKNOWN,UNKNOWN,UNKNOWN,UNKNOWN,UNKNOWN,UNKNOWN,UNKNOWN,UNKNOWN,UNKNOWN,UNKNOWN,UNKNOWN,UNKNOWN,UNKNOWN,UNKNOWN,UNKNOWN,UNKNOWN,UNKNOWN,UNKNOWN,UNKNOWN,UNKNOWN,UNKNOWN,UNKNOWN,unknown,https://www.bnsflogistics.com/gallery/plainview-texas/,,listed,rebulk-directory (BNSF),,
BNSF QDC Sparks,,,,SPARKS,NV,UNKNOWN,UNKNOWN,UNKNOWN,UNKNOWN,UNKNOWN,UNKNOWN,UNKNOWN,UNKNOWN,UNKNOWN,UNKNOWN,UNKNOWN,UNKNOWN,UNKNOWN,UNKNOWN,UNKNOWN,UNKNOWN,UNKNOWN,UNKNOWN,UNKNOWN,UNKNOWN,UNKNOWN,UNKNOWN,UNKNOWN,UNKNOWN,UNKNOWN,UNKNOWN,unknown,,,listed,bnsf-premier-flipbook,,
Borden & Remington Fall River Terminal,,,,FALL RIVER,MA,UNKNOWN,UNKNOWN,UNKNOWN,UNKNOWN,UNKNOWN,UNKNOWN,UNKNOWN,UNKNOWN,UNKNOWN,UNKNOWN,UNKNOWN,UNKNOWN,UNKNOWN,UNKNOWN,UNKNOWN,UNKNOWN,UNKNOWN,UNKNOWN,UNKNOWN,UNKNOWN,UNKNOWN,UNKNOWN,UNKNOWN,UNKNOWN,UNKNOWN,UNKNOWN,unknown,https://www.boremco.com/,,listed,rebulk-directory (Massachusetts Coastal Railroad (MC)),,
Boston Road Recycling Rail Facility,,,,WILBRAHAM,MA,UNKNOWN,UNKNOWN,UNKNOWN,UNKNOWN,UNKNOWN,UNKNOWN,UNKNOWN,UNKNOWN,UNKNOWN,UNKNOWN,UNKNOWN,UNKNOWN,UNKNOWN,UNKNOWN,UNKNOWN,UNKNOWN,UNKNOWN,UNKNOWN,UNKNOWN,UNKNOWN,UNKNOWN,UNKNOWN,UNKNOWN,UNKNOWN,UNKNOWN,UNKNOWN,unknown,https://www.wm.com/,,listed,rebulk-directory (CSX),,
Branch Warehouse,,,,LAFAYETTE,LA,UNKNOWN,UNKNOWN,UNKNOWN,UNKNOWN,UNKNOWN,UNKNOWN,UNKNOWN,UNKNOWN,UNKNOWN,UNKNOWN,UNKNOWN,UNKNOWN,UNKNOWN,UNKNOWN,UNKNOWN,UNKNOWN,UNKNOWN,UNKNOWN,UNKNOWN,UNKNOWN,UNKNOWN,UNKNOWN,UNKNOWN,UNKNOWN,UNKNOWN,UNKNOWN,unknown,,,listed,rebulk-directory (G&W LDRR),,
Branch Warehousing & Distribution Center,,,,LAFAYETTE,LA,UNKNOWN,UNKNOWN,UNKNOWN,UNKNOWN,UNKNOWN,UNKNOWN,UNKNOWN,UNKNOWN,UNKNOWN,UNKNOWN,UNKNOWN,UNKNOWN,UNKNOWN,UNKNOWN,UNKNOWN,UNKNOWN,UNKNOWN,UNKNOWN,UNKNOWN,UNKNOWN,UNKNOWN,UNKNOWN,UNKNOWN,UNKNOWN,UNKNOWN,UNKNOWN,unknown,,,listed,rebulk-directory (BNSF),,
Brent-Wood Products Inc.,,,,HESPERIA,CA,UNKNOWN,UNKNOWN,UNKNOWN,UNKNOWN,UNKNOWN,UNKNOWN,UNKNOWN,UNKNOWN,UNKNOWN,UNKNOWN,UNKNOWN,UNKNOWN,UNKNOWN,UNKNOWN,UNKNOWN,UNKNOWN,UNKNOWN,UNKNOWN,UNKNOWN,UNKNOWN,UNKNOWN,UNKNOWN,UNKNOWN,UNKNOWN,UNKNOWN,UNKNOWN,unknown,https://www.brent-wood.com/,,listed,rebulk-directory (BNSF),,
Bridger Pipeline East Fairview Sand Transloading Facility,,,,EAST FAIRVIEW,ND,UNKNOWN,UNKNOWN,UNKNOWN,UNKNOWN,UNKNOWN,UNKNOWN,UNKNOWN,UNKNOWN,UNKNOWN,UNKNOWN,UNKNOWN,UNKNOWN,UNKNOWN,UNKNOWN,UNKNOWN,UNKNOWN,UNKNOWN,UNKNOWN,UNKNOWN,UNKNOWN,UNKNOWN,UNKNOWN,UNKNOWN,UNKNOWN,UNKNOWN,UNKNOWN,unknown,https://bridgerpipeline.com/,,listed,rebulk-directory (BNSF Yellowstone Valley Railroad (YSVR)),,
Brink Farms,,,,MUSKEGON,MI,UNKNOWN,UNKNOWN,UNKNOWN,UNKNOWN,UNKNOWN,UNKNOWN,UNKNOWN,UNKNOWN,UNKNOWN,UNKNOWN,UNKNOWN,UNKNOWN,UNKNOWN,UNKNOWN,UNKNOWN,UNKNOWN,UNKNOWN,UNKNOWN,UNKNOWN,UNKNOWN,UNKNOWN,UNKNOWN,UNKNOWN,UNKNOWN,UNKNOWN,UNKNOWN,unknown,https://brinkcompanies.com/terminals/,,listed,rebulk-directory (G&W MS),,
Brink Railroad Trans-Load,Terminal,,,BRIDGMAN,MI,UNKNOWN,UNKNOWN,UNKNOWN,UNKNOWN,UNKNOWN,UNKNOWN,UNKNOWN,UNKNOWN,UNKNOWN,UNKNOWN,UNKNOWN,UNKNOWN,UNKNOWN,UNKNOWN,UNKNOWN,UNKNOWN,UNKNOWN,UNKNOWN,UNKNOWN,UNKNOWN,UNKNOWN,UNKNOWN,UNKNOWN,UNKNOWN,UNKNOWN,UNKNOWN,unknown,https://brinkcompanies.com/bridgman-terminal/,,listed,rebulk-directory (CSX),,
Brink Railroad Trans-Load,,,,GRAND RAPIDS,MI,UNKNOWN,UNKNOWN,UNKNOWN,UNKNOWN,UNKNOWN,UNKNOWN,UNKNOWN,UNKNOWN,UNKNOWN,UNKNOWN,UNKNOWN,UNKNOWN,UNKNOWN,UNKNOWN,UNKNOWN,UNKNOWN,UNKNOWN,UNKNOWN,UNKNOWN,UNKNOWN,UNKNOWN,UNKNOWN,UNKNOWN,UNKNOWN,UNKNOWN,UNKNOWN,unknown,https://brinkcompanies.com/brink-railroad-transload/,,listed,rebulk-directory (Grand Elk Railroad (GDLK)),,
Brite Reload,,,,LUBBOCK,TX,UNKNOWN,UNKNOWN,UNKNOWN,UNKNOWN,UNKNOWN,UNKNOWN,UNKNOWN,UNKNOWN,UNKNOWN,UNKNOWN,UNKNOWN,UNKNOWN,UNKNOWN,UNKNOWN,UNKNOWN,UNKNOWN,UNKNOWN,UNKNOWN,UNKNOWN,UNKNOWN,UNKNOWN,UNKNOWN,UNKNOWN,UNKNOWN,UNKNOWN,UNKNOWN,unknown,,,listed,rebulk-directory (BNSF),,
Broadway Marine Terminal,,,,CAMDEN,NJ,UNKNOWN,UNKNOWN,UNKNOWN,UNKNOWN,UNKNOWN,UNKNOWN,UNKNOWN,UNKNOWN,UNKNOWN,UNKNOWN,UNKNOWN,UNKNOWN,UNKNOWN,UNKNOWN,UNKNOWN,UNKNOWN,UNKNOWN,UNKNOWN,UNKNOWN,UNKNOWN,UNKNOWN,UNKNOWN,UNKNOWN,UNKNOWN,UNKNOWN,UNKNOWN,unknown,https://www.southjerseyport.com/facilities/broadway-terminal/,,listed,rebulk-directory (Conrail Shared Assets Operations (CSAO) CSX NS),,
Broco Energy Haverhill Rail Terminals,,,,HAVERHILL,MA,UNKNOWN,UNKNOWN,UNKNOWN,UNKNOWN,UNKNOWN,UNKNOWN,UNKNOWN,UNKNOWN,UNKNOWN,UNKNOWN,UNKNOWN,UNKNOWN,UNKNOWN,UNKNOWN,UNKNOWN,UNKNOWN,UNKNOWN,UNKNOWN,UNKNOWN,UNKNOWN,UNKNOWN,UNKNOWN,UNKNOWN,UNKNOWN,UNKNOWN,UNKNOWN,unknown,https://www.brocoenergy.com/,,listed,rebulk-directory (CSX),,
Brokers Logistics Ltd,,info@brokerslogistics.com,(915) 778-7751,ANTHONY,TX,NO,NO,NO,NO,NO,NO,NO,NO,NO,NO,NO,NO,NO,NO,NO,NO,NO,NO,NO,NO,NO,NO,NO,NO,NO,NO,unknown,https://brokerslogistics.com/,,verified,swl-internal,OPERATIONAL,high
Brokers Logistics Ltd,,info@brokerslogistics.com,(915) 778-7751,ASHLEY,TX,NO,NO,NO,NO,NO,NO,NO,NO,NO,NO,NO,NO,NO,NO,NO,NO,NO,NO,NO,NO,NO,NO,NO,NO,NO,NO,unknown,https://brokerslogistics.com/,,verified,swl-internal,OPERATIONAL,high
Bronco Road Rail Terminal,,,,CORPUS CHRISTI,TX,UNKNOWN,UNKNOWN,UNKNOWN,UNKNOWN,UNKNOWN,UNKNOWN,UNKNOWN,UNKNOWN,UNKNOWN,UNKNOWN,UNKNOWN,UNKNOWN,UNKNOWN,UNKNOWN,UNKNOWN,UNKNOWN,UNKNOWN,UNKNOWN,UNKNOWN,UNKNOWN,UNKNOWN,UNKNOWN,UNKNOWN,UNKNOWN,UNKNOWN,UNKNOWN,unknown,,,listed,rebulk-directory (CPKC),,
Brookhaven Rail Terminal,,brtinfo@brookhavenrail.com,(631) 366-8437,SILLS,NY,NO,NO,NO,NO,YES,YES,NO,YES,YES,YES,YES,YES,YES,NO,NO,NO,YES,NO,NO,NO,NO,NO,NO,YES,NO,NO,unknown,http://www.brookhavenrailterminal.com/,dead_link,verified,swl-internal,OPERATIONAL,high
Brown Distribution Centers Inc.,,,,LADSON,SC,UNKNOWN,UNKNOWN,UNKNOWN,UNKNOWN,UNKNOWN,UNKNOWN,UNKNOWN,UNKNOWN,UNKNOWN,UNKNOWN,UNKNOWN,UNKNOWN,UNKNOWN,UNKNOWN,UNKNOWN,UNKNOWN,UNKNOWN,UNKNOWN,UNKNOWN,UNKNOWN,UNKNOWN,UNKNOWN,UNKNOWN,UNKNOWN,UNKNOWN,UNKNOWN,unknown,https://www.rogers-brown.com,,listed,rebulk-directory (NS),,
Brownsville Gulfside Warehouse,,,,BROWNSVILLE,TX,UNKNOWN,UNKNOWN,UNKNOWN,UNKNOWN,UNKNOWN,UNKNOWN,UNKNOWN,UNKNOWN,UNKNOWN,UNKNOWN,UNKNOWN,UNKNOWN,UNKNOWN,UNKNOWN,UNKNOWN,UNKNOWN,UNKNOWN,UNKNOWN,UNKNOWN,UNKNOWN,UNKNOWN,UNKNOWN,UNKNOWN,UNKNOWN,UNKNOWN,UNKNOWN,unknown,,,listed,rebulk-directory (BNSF),,
Bruce Oakley Inc,,joakley@bruceoakley.com,(501) 945-0875,NORTH LITTLE ROCK,AR,NO,NO,YES,NO,YES,NO,NO,NO,YES,NO,YES,NO,NO,NO,NO,NO,YES,NO,NO,NO,NO,NO,NO,YES,NO,YES,unknown,http://bruceoakley.com/,,verified,swl-internal,OPERATIONAL,high
Bruce Oakley Ottawa Terminal,,,,OTTAWA,IL,UNKNOWN,UNKNOWN,UNKNOWN,UNKNOWN,UNKNOWN,UNKNOWN,UNKNOWN,UNKNOWN,UNKNOWN,UNKNOWN,UNKNOWN,UNKNOWN,UNKNOWN,UNKNOWN,UNKNOWN,UNKNOWN,UNKNOWN,UNKNOWN,UNKNOWN,UNKNOWN,UNKNOWN,UNKNOWN,UNKNOWN,UNKNOWN,UNKNOWN,UNKNOWN,unknown,https://bruceoakley.com/divisions/river-ports/ottawa/,,listed,rebulk-directory (CSX),,
Brunk LLC,,larry.berkwski@brunkus.com,,GOSHEN,IN,NO,NO,NO,NO,NO,NO,NO,NO,NO,NO,YES,NO,NO,NO,NO,YES,NO,NO,NO,NO,NO,NO,YES,YES,NO,NO,unknown,https://brunkus.com/,,verified,swl-internal,NOT_FOUND,low
Brunk LLC,,larry.berkwski@brunkus.com,,BLOOMINGTON,MN,NO,NO,NO,NO,NO,NO,NO,NO,NO,NO,YES,NO,NO,NO,NO,YES,NO,NO,NO,NO,NO,NO,YES,YES,NO,NO,unknown,https://brunkus.com/,,verified,swl-internal,NOT_FOUND,low
Buckeye East Chicago Terminal,,,,EAST CHICAGO,IN,UNKNOWN,UNKNOWN,UNKNOWN,UNKNOWN,UNKNOWN,UNKNOWN,UNKNOWN,UNKNOWN,UNKNOWN,UNKNOWN,UNKNOWN,UNKNOWN,UNKNOWN,UNKNOWN,UNKNOWN,UNKNOWN,UNKNOWN,UNKNOWN,UNKNOWN,UNKNOWN,UNKNOWN,UNKNOWN,UNKNOWN,UNKNOWN,UNKNOWN,UNKNOWN,unknown,https://www.buckeye.com/what-we-do/pipelines-terminals,,listed,rebulk-directory (IHB),,
Buckeye Hammond Terminal,,,,HAMMOND,IN,UNKNOWN,UNKNOWN,UNKNOWN,UNKNOWN,UNKNOWN,UNKNOWN,UNKNOWN,UNKNOWN,UNKNOWN,UNKNOWN,UNKNOWN,UNKNOWN,UNKNOWN,UNKNOWN,UNKNOWN,UNKNOWN,UNKNOWN,UNKNOWN,UNKNOWN,UNKNOWN,UNKNOWN,UNKNOWN,UNKNOWN,UNKNOWN,UNKNOWN,UNKNOWN,unknown,https://www.buckeye.com/what-we-do/pipelines-terminals,,listed,rebulk-directory (IHB),,
Buckeye Perth Amboy Terminal,,,,PERTH AMBOY,NJ,UNKNOWN,UNKNOWN,UNKNOWN,UNKNOWN,UNKNOWN,UNKNOWN,UNKNOWN,UNKNOWN,UNKNOWN,UNKNOWN,UNKNOWN,UNKNOWN,UNKNOWN,UNKNOWN,UNKNOWN,UNKNOWN,UNKNOWN,UNKNOWN,UNKNOWN,UNKNOWN,UNKNOWN,UNKNOWN,UNKNOWN,UNKNOWN,UNKNOWN,UNKNOWN,unknown,https://www.buckeye.com/what-we-do/pipelines-terminals,,listed,rebulk-directory (Conrail Shared Assets Operations (CSAO) CSX NS),,
Buckeye Port Reading Terminal,,,,PORT READING,NJ,UNKNOWN,UNKNOWN,UNKNOWN,UNKNOWN,UNKNOWN,UNKNOWN,UNKNOWN,UNKNOWN,UNKNOWN,UNKNOWN,UNKNOWN,UNKNOWN,UNKNOWN,UNKNOWN,UNKNOWN,UNKNOWN,UNKNOWN,UNKNOWN,UNKNOWN,UNKNOWN,UNKNOWN,UNKNOWN,UNKNOWN,UNKNOWN,UNKNOWN,UNKNOWN,unknown,https://www.buckeye.com/what-we-do/pipelines-terminals,,listed,rebulk-directory (Conrail Shared Assets Operations (CSAO) CSX NS),,
Buckeye Reload LLC,,thetransloadgroup@gmail.com,,FOSTORIA,OH,NO,NO,NO,NO,NO,NO,NO,NO,NO,NO,NO,NO,NO,NO,NO,NO,NO,NO,NO,NO,NO,NO,NO,NO,NO,NO,unknown,https://www.transloadgroup.com/,,verified,swl-internal,NOT_FOUND,low
Buckeye Transfer,,lstoneburner@buckeyetransfer.com,(330) 719-0375,COLUMBIANA,OH,NO,NO,YES,YES,YES,YES,YES,NO,YES,YES,YES,NO,YES,NO,NO,YES,YES,NO,NO,YES,NO,YES,YES,YES,YES,NO,unknown,https://buckeye-transfer.business.site/?utm_source=gmb&utm_medium=referral#details,dead_link,verified,swl-internal,OPERATIONAL,high
Buckingham Branch Alpha Yard Transload Site,,,,DILLWYN,VA,UNKNOWN,UNKNOWN,UNKNOWN,UNKNOWN,UNKNOWN,UNKNOWN,UNKNOWN,UNKNOWN,UNKNOWN,UNKNOWN,UNKNOWN,UNKNOWN,UNKNOWN,UNKNOWN,UNKNOWN,UNKNOWN,UNKNOWN,UNKNOWN,UNKNOWN,UNKNOWN,UNKNOWN,UNKNOWN,UNKNOWN,UNKNOWN,UNKNOWN,UNKNOWN,unknown,https://buckinghambranch.com/site-location/alpha-yard-transload-site-buckingham-county-bb-buckingham-division/,,listed,rebulk-directory (Buckingham Branch Railroad (BB)),,
Buckingham Branch Buckingham Yard Transload Site,,,,DILLWYN,VA,UNKNOWN,UNKNOWN,UNKNOWN,UNKNOWN,UNKNOWN,UNKNOWN,UNKNOWN,UNKNOWN,UNKNOWN,UNKNOWN,UNKNOWN,UNKNOWN,UNKNOWN,UNKNOWN,UNKNOWN,UNKNOWN,UNKNOWN,UNKNOWN,UNKNOWN,UNKNOWN,UNKNOWN,UNKNOWN,UNKNOWN,UNKNOWN,UNKNOWN,UNKNOWN,unknown,https://buckinghambranch.com/site-location/buckingham-yard-transload-site-buckingham-county-bb-buckingham-division/,,listed,rebulk-directory (Buckingham Branch Railroad (BB)),,
Buckingham Branch Fishersville Transload,,,,FISHERSVILLE,VA,UNKNOWN,UNKNOWN,UNKNOWN,UNKNOWN,UNKNOWN,UNKNOWN,UNKNOWN,UNKNOWN,UNKNOWN,UNKNOWN,UNKNOWN,UNKNOWN,UNKNOWN,UNKNOWN,UNKNOWN,UNKNOWN,UNKNOWN,UNKNOWN,UNKNOWN,UNKNOWN,UNKNOWN,UNKNOWN,UNKNOWN,UNKNOWN,UNKNOWN,UNKNOWN,unknown,https://www.buckinghambranch.com,,listed,rebulk-directory (BB NS),,
Buckingham Branch Keysville Transfer and Storage,,,,KEYSVILLE,VA,UNKNOWN,UNKNOWN,UNKNOWN,UNKNOWN,UNKNOWN,UNKNOWN,UNKNOWN,UNKNOWN,UNKNOWN,UNKNOWN,UNKNOWN,UNKNOWN,UNKNOWN,UNKNOWN,UNKNOWN,UNKNOWN,UNKNOWN,UNKNOWN,UNKNOWN,UNKNOWN,UNKNOWN,UNKNOWN,UNKNOWN,UNKNOWN,UNKNOWN,UNKNOWN,unknown,https://www.buckinghambranch.com,,listed,rebulk-directory (BB NS),,
Buckingham Branch Orange Transload Site,,,,ORANGE,VA,UNKNOWN,UNKNOWN,UNKNOWN,UNKNOWN,UNKNOWN,UNKNOWN,UNKNOWN,UNKNOWN,UNKNOWN,UNKNOWN,UNKNOWN,UNKNOWN,UNKNOWN,UNKNOWN,UNKNOWN,UNKNOWN,UNKNOWN,UNKNOWN,UNKNOWN,UNKNOWN,UNKNOWN,UNKNOWN,UNKNOWN,UNKNOWN,UNKNOWN,UNKNOWN,unknown,https://buckinghambranch.com/site-location/orange-transload-site-orange-county-buckingham-branch-rr-richmond-alleghany-division/,,listed,rebulk-directory (Buckingham Branch Railroad (BB)),,
Buckingham Branch Railroad,,,,DOSWELL,VA,UNKNOWN,UNKNOWN,UNKNOWN,UNKNOWN,UNKNOWN,UNKNOWN,UNKNOWN,UNKNOWN,UNKNOWN,UNKNOWN,UNKNOWN,UNKNOWN,UNKNOWN,UNKNOWN,UNKNOWN,UNKNOWN,UNKNOWN,UNKNOWN,UNKNOWN,UNKNOWN,UNKNOWN,UNKNOWN,UNKNOWN,UNKNOWN,UNKNOWN,UNKNOWN,unknown,https://www.buckinghambranch.com,,listed,rebulk-directory (BB NS),,
Buffalo NS TBT,,,,BUFFALO BISON,NY,UNKNOWN,UNKNOWN,UNKNOWN,UNKNOWN,UNKNOWN,UNKNOWN,UNKNOWN,UNKNOWN,UNKNOWN,UNKNOWN,UNKNOWN,UNKNOWN,UNKNOWN,UNKNOWN,UNKNOWN,UNKNOWN,UNKNOWN,UNKNOWN,UNKNOWN,UNKNOWN,UNKNOWN,UNKNOWN,UNKNOWN,UNKNOWN,UNKNOWN,UNKNOWN,unknown,https://www.nscorp.com,,listed,rebulk-directory (NS),,
Bulk Logistics Inc.,,,,MILWAUKEE,WI,UNKNOWN,UNKNOWN,UNKNOWN,UNKNOWN,UNKNOWN,UNKNOWN,UNKNOWN,UNKNOWN,UNKNOWN,UNKNOWN,UNKNOWN,UNKNOWN,UNKNOWN,UNKNOWN,UNKNOWN,UNKNOWN,UNKNOWN,UNKNOWN,UNKNOWN,UNKNOWN,UNKNOWN,UNKNOWN,UNKNOWN,UNKNOWN,UNKNOWN,UNKNOWN,unknown,https://www.tankstar.com/history/bulk-logistics/,,listed,rebulk-directory (CPKC),,
Bulk Plus Logistics,,,,FAIRBURN,GA,UNKNOWN,UNKNOWN,UNKNOWN,UNKNOWN,UNKNOWN,UNKNOWN,UNKNOWN,UNKNOWN,UNKNOWN,UNKNOWN,UNKNOWN,UNKNOWN,UNKNOWN,UNKNOWN,UNKNOWN,UNKNOWN,UNKNOWN,UNKNOWN,UNKNOWN,UNKNOWN,UNKNOWN,UNKNOWN,UNKNOWN,UNKNOWN,UNKNOWN,UNKNOWN,unknown,https://www.bulkplus.com/,,listed,rebulk-directory,,
Bulk Transfer LLC,,info@bulktransfertx.com,(432) 553-7171,MONAHANS,TX,NO,NO,NO,NO,NO,NO,YES,NO,NO,NO,NO,NO,NO,NO,NO,NO,YES,NO,NO,NO,NO,NO,NO,YES,NO,NO,unknown,https://www.bulktransfertx.com/contact/,,verified,swl-internal,OPERATIONAL,high
Bulk Transfer LLC,,info@bulktransfertx.com,(432) 553-7171,SEAGRAVES,TX,NO,NO,NO,NO,NO,NO,YES,NO,NO,NO,NO,NO,NO,NO,NO,NO,YES,NO,NO,NO,NO,NO,NO,YES,NO,NO,unknown,http://bulktransfertx.com/,,verified,swl-internal,OPERATIONAL,high
Bulk Transport Co,,sales@btcbulk.com,,LINCOLN,AL,YES,NO,YES,YES,YES,YES,YES,NO,YES,YES,NO,NO,YES,NO,NO,YES,YES,NO,NO,YES,NO,NO,YES,YES,NO,YES,unknown,https://btcbulk.com/,,verified,swl-internal,NOT_FOUND,low
Bulk Transport Co,,sales@btcbulk.com,,LITTLE ROCK,AR,YES,NO,YES,YES,YES,YES,YES,NO,YES,YES,NO,NO,YES,NO,NO,YES,YES,NO,NO,YES,NO,NO,YES,YES,NO,YES,unknown,https://btcbulk.com/,,verified,swl-internal,OPERATIONAL,high
Bulk Transportation Co,,sales@bulk-dti.com,,BUCKEYE,AZ,NO,NO,YES,YES,NO,NO,NO,NO,NO,YES,NO,NO,YES,NO,NO,YES,YES,NO,NO,YES,NO,NO,YES,YES,NO,NO,unknown,,,verified,swl-internal,NOT_FOUND,low
Bulk Transportation Co,,sales@bulk-dti.com,(209) 466-0481,STOCKTON,CA,NO,NO,YES,YES,NO,NO,NO,NO,NO,YES,NO,NO,YES,NO,NO,YES,YES,NO,NO,YES,NO,NO,YES,YES,NO,NO,unknown,,,verified,swl-internal,OPERATIONAL,high
Bulk Transportation Co,,sales@bulk-dti.com,(503) 283-5684,NORTH PORTLAND,OR,NO,NO,YES,YES,NO,NO,NO,NO,NO,YES,NO,NO,YES,NO,NO,YES,YES,NO,NO,YES,NO,NO,YES,YES,NO,NO,unknown,,,verified,swl-internal,OPERATIONAL,high
Bulkmatic,,,,BARNESVILLE,GA,UNKNOWN,UNKNOWN,UNKNOWN,UNKNOWN,UNKNOWN,UNKNOWN,UNKNOWN,UNKNOWN,UNKNOWN,UNKNOWN,UNKNOWN,UNKNOWN,UNKNOWN,UNKNOWN,UNKNOWN,UNKNOWN,UNKNOWN,UNKNOWN,UNKNOWN,UNKNOWN,UNKNOWN,UNKNOWN,UNKNOWN,UNKNOWN,UNKNOWN,UNKNOWN,unknown,https://www.bulkmatic.com/service/transloading,,listed,rebulk-directory,,
Bulkmatic,,,,DORAVILLE,GA,UNKNOWN,UNKNOWN,UNKNOWN,UNKNOWN,UNKNOWN,UNKNOWN,UNKNOWN,UNKNOWN,UNKNOWN,UNKNOWN,UNKNOWN,UNKNOWN,UNKNOWN,UNKNOWN,UNKNOWN,UNKNOWN,UNKNOWN,UNKNOWN,UNKNOWN,UNKNOWN,UNKNOWN,UNKNOWN,UNKNOWN,UNKNOWN,UNKNOWN,UNKNOWN,unknown,https://www.bulkmatic.com/service/transloading,,listed,rebulk-directory,,
Bulkmatic,,,,DULUTH,GA,UNKNOWN,UNKNOWN,UNKNOWN,UNKNOWN,UNKNOWN,UNKNOWN,UNKNOWN,UNKNOWN,UNKNOWN,UNKNOWN,UNKNOWN,UNKNOWN,UNKNOWN,UNKNOWN,UNKNOWN,UNKNOWN,UNKNOWN,UNKNOWN,UNKNOWN,UNKNOWN,UNKNOWN,UNKNOWN,UNKNOWN,UNKNOWN,UNKNOWN,UNKNOWN,unknown,https://www.bulkmatic.com/service/transloading,,listed,rebulk-directory,,
Bulkmatic,,,,GRIFFIN,GA,UNKNOWN,UNKNOWN,UNKNOWN,UNKNOWN,UNKNOWN,UNKNOWN,UNKNOWN,UNKNOWN,UNKNOWN,UNKNOWN,UNKNOWN,UNKNOWN,UNKNOWN,UNKNOWN,UNKNOWN,UNKNOWN,UNKNOWN,UNKNOWN,UNKNOWN,UNKNOWN,UNKNOWN,UNKNOWN,UNKNOWN,UNKNOWN,UNKNOWN,UNKNOWN,unknown,https://www.bulkmatic.com/service/transloading,,listed,rebulk-directory,,
Bulkmatic,,,,LAFAYETTE,GA,UNKNOWN,UNKNOWN,UNKNOWN,UNKNOWN,UNKNOWN,UNKNOWN,UNKNOWN,UNKNOWN,UNKNOWN,UNKNOWN,UNKNOWN,UNKNOWN,UNKNOWN,UNKNOWN,UNKNOWN,UNKNOWN,UNKNOWN,UNKNOWN,UNKNOWN,UNKNOWN,UNKNOWN,UNKNOWN,UNKNOWN,UNKNOWN,UNKNOWN,UNKNOWN,unknown,https://www.bulkmatic.com/service/transloading,,listed,rebulk-directory,,
Bulkmatic,,,,NORCROSS,GA,UNKNOWN,UNKNOWN,UNKNOWN,UNKNOWN,UNKNOWN,UNKNOWN,UNKNOWN,UNKNOWN,UNKNOWN,UNKNOWN,UNKNOWN,UNKNOWN,UNKNOWN,UNKNOWN,UNKNOWN,UNKNOWN,UNKNOWN,UNKNOWN,UNKNOWN,UNKNOWN,UNKNOWN,UNKNOWN,UNKNOWN,UNKNOWN,UNKNOWN,UNKNOWN,unknown,https://www.bulkmatic.com/service/transloading,,listed,rebulk-directory,,
Bulkmatic,,,,WEST HARRISON,IN,UNKNOWN,UNKNOWN,UNKNOWN,UNKNOWN,UNKNOWN,UNKNOWN,UNKNOWN,UNKNOWN,UNKNOWN,UNKNOWN,UNKNOWN,UNKNOWN,UNKNOWN,UNKNOWN,UNKNOWN,UNKNOWN,UNKNOWN,UNKNOWN,UNKNOWN,UNKNOWN,UNKNOWN,UNKNOWN,UNKNOWN,UNKNOWN,UNKNOWN,UNKNOWN,unknown,https://www.bulkmatic.com/service/transloading,,listed,rebulk-directory,,
Bulkmatic,,,,HOPKINSVILLE,KY,UNKNOWN,UNKNOWN,UNKNOWN,UNKNOWN,UNKNOWN,UNKNOWN,UNKNOWN,UNKNOWN,UNKNOWN,UNKNOWN,UNKNOWN,UNKNOWN,UNKNOWN,UNKNOWN,UNKNOWN,UNKNOWN,UNKNOWN,UNKNOWN,UNKNOWN,UNKNOWN,UNKNOWN,UNKNOWN,UNKNOWN,UNKNOWN,UNKNOWN,UNKNOWN,unknown,https://www.bulkmatic.com/service/transloading,,listed,rebulk-directory (Paducah & Louisville Railway (PAL)),,
Bulkmatic,,,,PRINCETON,KY,UNKNOWN,UNKNOWN,UNKNOWN,UNKNOWN,UNKNOWN,UNKNOWN,UNKNOWN,UNKNOWN,UNKNOWN,UNKNOWN,UNKNOWN,UNKNOWN,UNKNOWN,UNKNOWN,UNKNOWN,UNKNOWN,UNKNOWN,UNKNOWN,UNKNOWN,UNKNOWN,UNKNOWN,UNKNOWN,UNKNOWN,UNKNOWN,UNKNOWN,UNKNOWN,unknown,https://www.bulkmatic.com/service/transloading,,listed,rebulk-directory (Paducah & Louisville Railway (PAL)),,
Bulkmatic,,,,CANTON,MI,UNKNOWN,UNKNOWN,UNKNOWN,UNKNOWN,UNKNOWN,UNKNOWN,UNKNOWN,UNKNOWN,UNKNOWN,UNKNOWN,UNKNOWN,UNKNOWN,UNKNOWN,UNKNOWN,UNKNOWN,UNKNOWN,UNKNOWN,UNKNOWN,UNKNOWN,UNKNOWN,UNKNOWN,UNKNOWN,UNKNOWN,UNKNOWN,UNKNOWN,UNKNOWN,unknown,https://www.bulkmatic.com/service/transloading,,listed,rebulk-directory,,
Bulkmatic,,,,TAYLOR,MI,UNKNOWN,UNKNOWN,UNKNOWN,UNKNOWN,UNKNOWN,UNKNOWN,UNKNOWN,UNKNOWN,UNKNOWN,UNKNOWN,UNKNOWN,UNKNOWN,UNKNOWN,UNKNOWN,UNKNOWN,UNKNOWN,UNKNOWN,UNKNOWN,UNKNOWN,UNKNOWN,UNKNOWN,UNKNOWN,UNKNOWN,UNKNOWN,UNKNOWN,UNKNOWN,unknown,https://www.bulkmatic.com/service/transloading,,listed,rebulk-directory,,
Bulkmatic,,,,SOUTH SIOUX CITY,NE,UNKNOWN,UNKNOWN,UNKNOWN,UNKNOWN,UNKNOWN,UNKNOWN,UNKNOWN,UNKNOWN,UNKNOWN,UNKNOWN,UNKNOWN,UNKNOWN,UNKNOWN,UNKNOWN,UNKNOWN,UNKNOWN,UNKNOWN,UNKNOWN,UNKNOWN,UNKNOWN,UNKNOWN,UNKNOWN,UNKNOWN,UNKNOWN,UNKNOWN,UNKNOWN,unknown,https://www.bulkmatic.com/service/transloading,,listed,rebulk-directory,,
Bulkmatic,,,,CHESTER,SC,UNKNOWN,UNKNOWN,UNKNOWN,UNKNOWN,UNKNOWN,UNKNOWN,UNKNOWN,UNKNOWN,UNKNOWN,UNKNOWN,UNKNOWN,UNKNOWN,UNKNOWN,UNKNOWN,UNKNOWN,UNKNOWN,UNKNOWN,UNKNOWN,UNKNOWN,UNKNOWN,UNKNOWN,UNKNOWN,UNKNOWN,UNKNOWN,UNKNOWN,UNKNOWN,unknown,https://www.bulkmatic.com/service/transloading,,listed,rebulk-directory,,
Bulkmatic,,,,GASTON,SC,UNKNOWN,UNKNOWN,UNKNOWN,UNKNOWN,UNKNOWN,UNKNOWN,UNKNOWN,UNKNOWN,UNKNOWN,UNKNOWN,UNKNOWN,UNKNOWN,UNKNOWN,UNKNOWN,UNKNOWN,UNKNOWN,UNKNOWN,UNKNOWN,UNKNOWN,UNKNOWN,UNKNOWN,UNKNOWN,UNKNOWN,UNKNOWN,UNKNOWN,UNKNOWN,unknown,https://www.bulkmatic.com/service/transloading,,listed,rebulk-directory,,
Bulkmatic,,,,CLINTON,TN,UNKNOWN,UNKNOWN,UNKNOWN,UNKNOWN,UNKNOWN,UNKNOWN,UNKNOWN,UNKNOWN,UNKNOWN,UNKNOWN,UNKNOWN,UNKNOWN,UNKNOWN,UNKNOWN,UNKNOWN,UNKNOWN,UNKNOWN,UNKNOWN,UNKNOWN,UNKNOWN,UNKNOWN,UNKNOWN,UNKNOWN,UNKNOWN,UNKNOWN,UNKNOWN,unknown,https://www.bulkmatic.com/service/transloading,,listed,rebulk-directory,,
Bulkmatic - Philadelphia,,,,RIDLEY PARK,PA,UNKNOWN,UNKNOWN,UNKNOWN,UNKNOWN,UNKNOWN,UNKNOWN,UNKNOWN,UNKNOWN,UNKNOWN,UNKNOWN,UNKNOWN,UNKNOWN,UNKNOWN,UNKNOWN,UNKNOWN,UNKNOWN,UNKNOWN,UNKNOWN,UNKNOWN,UNKNOWN,UNKNOWN,UNKNOWN,UNKNOWN,UNKNOWN,UNKNOWN,UNKNOWN,unknown,https://www.bulkmatic.com/service/transloading,,listed,rebulk-directory,,
Bulkmatic - Saint Joseph,,,,ST JOSEPH,MO,UNKNOWN,UNKNOWN,UNKNOWN,UNKNOWN,UNKNOWN,UNKNOWN,UNKNOWN,UNKNOWN,UNKNOWN,UNKNOWN,UNKNOWN,UNKNOWN,UNKNOWN,UNKNOWN,UNKNOWN,UNKNOWN,UNKNOWN,UNKNOWN,UNKNOWN,UNKNOWN,UNKNOWN,UNKNOWN,UNKNOWN,UNKNOWN,UNKNOWN,UNKNOWN,unknown,https://www.bulkmatic.com/service/transloading,,listed,rebulk-directory,,
Bulkmatic De Mexico,,jbingham@bulkmatic.com,,MEXICALI,BJ,YES,NO,YES,YES,YES,YES,NO,NO,YES,YES,YES,NO,YES,NO,NO,YES,YES,NO,NO,YES,NO,YES,YES,YES,NO,NO,unknown,https://www.bulkmatic.com/dry-bulk-transloading/,dead_link,review,swl-internal,NOT_FOUND,low
Bulkmatic De Mexico,,jbingham@bulkmatic.com,,MACLOVIO HERRERA,EM,YES,NO,YES,YES,YES,YES,NO,NO,YES,YES,YES,NO,YES,NO,NO,YES,YES,NO,NO,YES,NO,YES,YES,YES,NO,NO,unknown,https://www.bulkmatic.com/dry-bulk-transloading/,dead_link,review,swl-internal,NOT_FOUND,low
Bulkmatic De Mexico,,jbingham@bulkmatic.com,,TLALNEPANTLA,EM,YES,NO,YES,YES,YES,YES,NO,NO,YES,YES,YES,NO,YES,NO,NO,YES,YES,NO,NO,YES,NO,YES,YES,YES,NO,NO,unknown,https://www.bulkmatic.com/dry-bulk-transloading/,dead_link,review,swl-internal,NOT_FOUND,low
Bulkmatic De Mexico,,jbingham@bulkmatic.com,,TOLUCA,EM,YES,NO,YES,YES,YES,YES,NO,NO,YES,YES,YES,NO,YES,NO,NO,YES,YES,NO,NO,YES,NO,YES,YES,YES,NO,NO,unknown,https://www.bulkmatic.com/dry-bulk-transloading/,dead_link,review,swl-internal,NOT_FOUND,none
Bulkmatic De Mexico,,jbingham@bulkmatic.com,,ATITALAQUIA,HG,YES,NO,YES,YES,YES,YES,NO,NO,YES,YES,YES,NO,YES,NO,NO,YES,YES,NO,NO,YES,NO,YES,YES,YES,NO,NO,unknown,https://www.bulkmatic.com/dry-bulk-transloading/,dead_link,review,swl-internal,NOT_FOUND,low
Bulkmatic De Mexico,,jbingham@bulkmatic.com,,TULA,HG,YES,NO,YES,YES,YES,YES,NO,NO,YES,YES,YES,NO,YES,NO,NO,YES,YES,NO,NO,YES,NO,YES,YES,YES,NO,NO,unknown,https://www.bulkmatic.com/dry-bulk-transloading/,dead_link,review,swl-internal,NOT_FOUND,none
Bulkmatic De Mexico,,jbingham@bulkmatic.com,,GUADALAJARA,JA,YES,NO,YES,YES,YES,YES,NO,NO,YES,YES,YES,NO,YES,NO,NO,YES,YES,NO,NO,YES,NO,YES,YES,YES,NO,NO,unknown,https://www.bulkmatic.com/dry-bulk-transloading/,dead_link,review,swl-internal,NOT_FOUND,low
Bulkmatic De Mexico,,jbingham@bulkmatic.com,,SALINAS VICTORIA,NL,YES,NO,YES,YES,YES,YES,NO,NO,YES,YES,YES,NO,YES,NO,NO,YES,YES,NO,NO,YES,NO,YES,YES,YES,NO,NO,unknown,https://www.bulkmatic.com/dry-bulk-transloading/,dead_link,review,swl-internal,NOT_FOUND,low
Bulkmatic De Mexico,,jbingham@bulkmatic.com,,SAN PEDRO GARZA GARCIA,NL,YES,NO,YES,YES,YES,YES,NO,NO,YES,YES,YES,NO,YES,NO,NO,YES,YES,NO,NO,YES,NO,YES,YES,YES,NO,NO,unknown,https://www.bulkmatic.com/dry-bulk-transloading/,dead_link,review,swl-internal,NOT_FOUND,low
Bulkmatic De Mexico,,jbingham@bulkmatic.com,,VILLA DE GARCIA,NL,YES,NO,YES,YES,YES,YES,NO,NO,YES,YES,YES,NO,YES,NO,NO,YES,YES,NO,NO,YES,NO,YES,YES,YES,NO,NO,unknown,https://www.bulkmatic.com/dry-bulk-transloading/,dead_link,review,swl-internal,NOT_FOUND,low
Bulkmatic De Mexico,,jbingham@bulkmatic.com,,AHORCADO,QA,YES,NO,YES,YES,YES,YES,NO,NO,YES,YES,YES,NO,YES,NO,NO,YES,YES,NO,NO,YES,NO,YES,YES,YES,NO,NO,unknown,https://www.bulkmatic.com/dry-bulk-transloading/,dead_link,review,swl-internal,NOT_FOUND,low
Bulkmatic De Mexico,,jbingham@bulkmatic.com,,QUERETARO,QA,YES,NO,YES,YES,YES,YES,NO,NO,YES,YES,YES,NO,YES,NO,NO,YES,YES,NO,NO,YES,NO,YES,YES,YES,NO,NO,unknown,https://www.bulkmatic.com/dry-bulk-transloading/,dead_link,review,swl-internal,NOT_FOUND,low
Bulkmatic De Mexico,,jbingham@bulkmatic.com,,SAN LUIS POTOSI,SL,YES,NO,YES,YES,YES,YES,NO,NO,YES,YES,YES,NO,YES,NO,NO,YES,YES,NO,NO,YES,NO,YES,YES,YES,NO,NO,unknown,https://www.bulkmatic.com/dry-bulk-transloading/,dead_link,review,swl-internal,NOT_FOUND,low
Bulkmatic De Mexico,,jbingham@bulkmatic.com,,HERMOSILLO,SO,YES,NO,YES,YES,YES,YES,NO,NO,YES,YES,YES,NO,YES,NO,NO,YES,YES,NO,NO,YES,NO,YES,YES,YES,NO,NO,unknown,https://www.bulkmatic.com/dry-bulk-transloading/,dead_link,review,swl-internal,NOT_FOUND,low
Bulkmatic LLC,,,,WINSTON-SALEM,NC,UNKNOWN,UNKNOWN,UNKNOWN,UNKNOWN,UNKNOWN,UNKNOWN,UNKNOWN,UNKNOWN,UNKNOWN,UNKNOWN,UNKNOWN,UNKNOWN,UNKNOWN,UNKNOWN,UNKNOWN,UNKNOWN,UNKNOWN,UNKNOWN,UNKNOWN,UNKNOWN,UNKNOWN,UNKNOWN,UNKNOWN,UNKNOWN,UNKNOWN,UNKNOWN,unknown,https://www.bulkmatic.com/,,listed,rebulk-directory,,
Bulkmatic Transport Co,,jbingham@bulkmatic.com,(813) 242-6771,BUSCH,FL,YES,NO,YES,YES,YES,YES,NO,NO,YES,YES,YES,NO,YES,NO,NO,YES,YES,NO,NO,YES,NO,YES,YES,YES,NO,NO,unknown,https://www.bulkmatic.com/,,verified,swl-internal,OPERATIONAL,high
Bulkmatic Transport Co,,jbingham@bulkmatic.com,,COUNCIL BLUFFS,IA,YES,NO,YES,YES,YES,YES,NO,NO,YES,YES,YES,NO,YES,NO,NO,YES,YES,NO,NO,YES,NO,YES,YES,YES,NO,NO,unknown,https://www.bulkmatic.com/,,verified,swl-internal,OPERATIONAL,high
Bulkmatic Transport Co,,jbingham@bulkmatic.com,(708) 758-0730,CHICAGO HEIGHTS,IL,YES,NO,YES,YES,YES,YES,NO,NO,YES,YES,YES,NO,YES,NO,NO,YES,YES,NO,NO,YES,NO,YES,YES,YES,NO,NO,unknown,https://www.bulkmatic.com/,,verified,swl-internal,OPERATIONAL,high
Bulkmatic Transport Co,,jbingham@bulkmatic.com,(708) 579-1761,HODGKINS,IL,YES,NO,YES,YES,YES,YES,NO,NO,YES,YES,YES,NO,YES,NO,NO,YES,YES,NO,NO,YES,NO,YES,YES,YES,NO,NO,unknown,https://www.bulkmatic.com/,,verified,swl-internal,OPERATIONAL,high
Bulkmatic Transport Co,,jbingham@bulkmatic.com,,LAFAYETTE,IN,YES,NO,YES,YES,YES,YES,NO,NO,YES,YES,YES,NO,YES,NO,NO,YES,YES,NO,NO,YES,NO,YES,YES,YES,NO,NO,unknown,https://www.bulkmatic.com/dry-bulk-transloading/,dead_link,verified,swl-internal,NOT_FOUND,low
Bulkmatic Transport Co,,jbingham@bulkmatic.com,,NORTH BERGEN,NJ,YES,NO,YES,YES,YES,YES,NO,NO,YES,YES,YES,NO,YES,NO,NO,YES,YES,NO,NO,YES,NO,YES,YES,YES,NO,NO,unknown,https://www.bulkmatic.com/dry-bulk-transloading/,dead_link,review,swl-internal,NOT_FOUND,low
Bulkmatic Transport Co,,jbingham@bulkmatic.com,,PATERSON,NJ,YES,NO,YES,YES,YES,YES,NO,NO,YES,YES,YES,NO,YES,NO,NO,YES,YES,NO,NO,YES,NO,YES,YES,YES,NO,NO,unknown,https://www.bulkmatic.com/dry-bulk-transloading/,dead_link,review,swl-internal,NOT_FOUND,low
Bulkmatic Transport Co,,jbingham@bulkmatic.com,,BRONX,NY,YES,NO,YES,YES,YES,YES,NO,NO,YES,YES,YES,NO,YES,NO,NO,YES,YES,NO,NO,YES,NO,YES,YES,YES,NO,NO,unknown,https://www.bulkmatic.com/dry-bulk-transloading/,dead_link,verified,swl-internal,NOT_FOUND,low
Bulkmatic Transport Co,,jbingham@bulkmatic.com,(614) 497-2372,BELPRE,OH,YES,NO,YES,YES,YES,YES,NO,NO,YES,YES,YES,NO,YES,NO,NO,YES,YES,NO,NO,YES,NO,YES,YES,YES,NO,NO,unknown,https://www.bulkmatic.com/,,verified,swl-internal,OPERATIONAL,high
Bulkmatic Transport Co,,jbingham@bulkmatic.com,(610) 253-7171,BETHLEHEM,PA,YES,NO,YES,YES,YES,YES,NO,NO,YES,YES,YES,NO,YES,NO,NO,YES,YES,NO,NO,YES,NO,YES,YES,YES,NO,NO,unknown,https://www.bulkmatic.com/,,verified,swl-internal,OPERATIONAL,high
Bulkmatic Transport Co,,jbingham@bulkmatic.com,(610) 253-7171,MORRISVILLE,PA,YES,NO,YES,YES,YES,YES,NO,NO,YES,YES,YES,NO,YES,NO,NO,YES,YES,NO,NO,YES,NO,YES,YES,YES,NO,NO,unknown,https://www.bulkmatic.com/,,verified,swl-internal,OPERATIONAL,high
Bulkmatic Transport Co,,jbingham@bulkmatic.com,,PHILADELPHIA,PA,YES,NO,YES,YES,YES,YES,NO,NO,YES,YES,YES,NO,YES,NO,NO,YES,YES,NO,NO,YES,NO,YES,YES,YES,NO,NO,unknown,https://www.bulkmatic.com/dry-bulk-transloading/,dead_link,verified,swl-internal,NOT_FOUND,low
Bulkmatic Transport Co,,jbingham@bulkmatic.com,(570) 323-3716,WILLIAMSPORT,PA,YES,NO,YES,YES,YES,YES,NO,NO,YES,YES,YES,NO,YES,NO,NO,YES,YES,NO,NO,YES,NO,YES,YES,YES,NO,NO,unknown,https://www.bulkmatic.com/,,verified,swl-internal,OPERATIONAL,high
Bulkmatic Transport Co,,jbingham@bulkmatic.com,,FORT WORTH,TX,YES,NO,YES,YES,YES,YES,NO,NO,YES,YES,YES,NO,YES,NO,NO,YES,YES,NO,NO,YES,NO,YES,YES,YES,NO,NO,unknown,https://www.bulkmatic.com/dry-bulk-transloading/,dead_link,verified,swl-internal,NOT_FOUND,none
Burkhart Enterprises Inc.,,,,KNOXVILLE,TN,UNKNOWN,UNKNOWN,UNKNOWN,UNKNOWN,UNKNOWN,UNKNOWN,UNKNOWN,UNKNOWN,UNKNOWN,UNKNOWN,UNKNOWN,UNKNOWN,UNKNOWN,UNKNOWN,UNKNOWN,UNKNOWN,UNKNOWN,UNKNOWN,UNKNOWN,UNKNOWN,UNKNOWN,UNKNOWN,UNKNOWN,UNKNOWN,UNKNOWN,UNKNOWN,unknown,https://www.burkhartenterprises.com,,listed,rebulk-directory (NS),,
Burlington Junction Railway,,,,QUINCY,IL,UNKNOWN,UNKNOWN,UNKNOWN,UNKNOWN,UNKNOWN,UNKNOWN,UNKNOWN,UNKNOWN,UNKNOWN,UNKNOWN,UNKNOWN,UNKNOWN,UNKNOWN,UNKNOWN,UNKNOWN,UNKNOWN,UNKNOWN,UNKNOWN,UNKNOWN,UNKNOWN,UNKNOWN,UNKNOWN,UNKNOWN,UNKNOWN,UNKNOWN,UNKNOWN,unknown,https://bjryrail.com/,,listed,rebulk-directory (BNSF),,
Burlington Junction Transload,,transload@bjryrail.com,(319) 753-6157,BURLINGTON,IA,NO,NO,YES,YES,YES,YES,NO,YES,YES,YES,YES,YES,YES,NO,NO,NO,YES,NO,NO,YES,NO,NO,YES,YES,NO,NO,unknown,https://bjryrail.com/,,verified,swl-internal,OPERATIONAL,high
Burlington Junction Transload,,transload@bjryrail.com,,LE MARS,IA,NO,NO,YES,YES,YES,YES,NO,YES,YES,YES,YES,YES,YES,NO,NO,NO,YES,NO,NO,YES,NO,NO,YES,YES,NO,NO,unknown,http://www.bjryrail.com/TransloadContacts.html,dead_link,verified,swl-internal,OPERATIONAL,high
Burlington Junction Transload,,transload@bjryrail.com,(319) 753-6157,VALLEY PARK,MO,NO,NO,YES,YES,YES,YES,NO,YES,YES,YES,YES,YES,YES,NO,NO,NO,YES,NO,NO,YES,NO,NO,YES,YES,NO,NO,unknown,http://www.bjryrail.com/,,verified,swl-internal,OPERATIONAL,high
Busch Farms Ltd,,,,BELVIDERE,IL,UNKNOWN,UNKNOWN,UNKNOWN,UNKNOWN,UNKNOWN,UNKNOWN,UNKNOWN,UNKNOWN,UNKNOWN,UNKNOWN,UNKNOWN,UNKNOWN,UNKNOWN,UNKNOWN,UNKNOWN,UNKNOWN,UNKNOWN,UNKNOWN,UNKNOWN,UNKNOWN,UNKNOWN,UNKNOWN,UNKNOWN,UNKNOWN,UNKNOWN,UNKNOWN,unknown,https://www.buschfarms.com/,,listed,rebulk-directory (UP),,
Butler Intermodal Terminal,,,,SHELL ROCK,IA,UNKNOWN,UNKNOWN,UNKNOWN,UNKNOWN,UNKNOWN,UNKNOWN,UNKNOWN,UNKNOWN,UNKNOWN,UNKNOWN,UNKNOWN,UNKNOWN,UNKNOWN,UNKNOWN,UNKNOWN,UNKNOWN,UNKNOWN,UNKNOWN,UNKNOWN,UNKNOWN,UNKNOWN,UNKNOWN,UNKNOWN,UNKNOWN,UNKNOWN,UNKNOWN,unknown,https://www.valorvictoria.com/private-terminals,,listed,rebulk-directory (IANR UP),,
BWC Terminals,,,,CHICKASAW,AL,UNKNOWN,UNKNOWN,UNKNOWN,UNKNOWN,UNKNOWN,UNKNOWN,UNKNOWN,UNKNOWN,UNKNOWN,UNKNOWN,UNKNOWN,UNKNOWN,UNKNOWN,UNKNOWN,UNKNOWN,UNKNOWN,UNKNOWN,UNKNOWN,UNKNOWN,UNKNOWN,UNKNOWN,UNKNOWN,UNKNOWN,UNKNOWN,UNKNOWN,UNKNOWN,unknown,https://bwcterminals.com/locations/chickasaw-al/,,listed,rebulk-directory (Terminal Railway Alabama State Docks (TASD)),,
Bwc Terminals,,,,SIOUX CITY,IA,UNKNOWN,UNKNOWN,UNKNOWN,UNKNOWN,UNKNOWN,UNKNOWN,UNKNOWN,UNKNOWN,UNKNOWN,UNKNOWN,UNKNOWN,UNKNOWN,UNKNOWN,UNKNOWN,UNKNOWN,UNKNOWN,UNKNOWN,UNKNOWN,UNKNOWN,UNKNOWN,UNKNOWN,UNKNOWN,UNKNOWN,UNKNOWN,UNKNOWN,UNKNOWN,unknown,https://bwcterminals.com/locations/sioux-city-ia/,,listed,rebulk-directory (BNSF),,
BWC Terminals,Gretna Terminal,,,HARVEY,LA,UNKNOWN,UNKNOWN,UNKNOWN,UNKNOWN,UNKNOWN,UNKNOWN,UNKNOWN,UNKNOWN,UNKNOWN,UNKNOWN,UNKNOWN,UNKNOWN,UNKNOWN,UNKNOWN,UNKNOWN,UNKNOWN,UNKNOWN,UNKNOWN,UNKNOWN,UNKNOWN,UNKNOWN,UNKNOWN,UNKNOWN,UNKNOWN,UNKNOWN,UNKNOWN,unknown,https://bwcterminals.com/locations/gretna-la/,,listed,rebulk-directory (NOGC),,
BWC Terminals,Terminal,,,HARVEY,LA,UNKNOWN,UNKNOWN,UNKNOWN,UNKNOWN,UNKNOWN,UNKNOWN,UNKNOWN,UNKNOWN,UNKNOWN,UNKNOWN,UNKNOWN,UNKNOWN,UNKNOWN,UNKNOWN,UNKNOWN,UNKNOWN,UNKNOWN,UNKNOWN,UNKNOWN,UNKNOWN,UNKNOWN,UNKNOWN,UNKNOWN,UNKNOWN,UNKNOWN,UNKNOWN,unknown,https://bwcterminals.com/locations/harvey-la/,,listed,rebulk-directory (NOGC),,
BWC Terminals,Terminal,,,PORT ALLEN,LA,UNKNOWN,UNKNOWN,UNKNOWN,UNKNOWN,UNKNOWN,UNKNOWN,UNKNOWN,UNKNOWN,UNKNOWN,UNKNOWN,UNKNOWN,UNKNOWN,UNKNOWN,UNKNOWN,UNKNOWN,UNKNOWN,UNKNOWN,UNKNOWN,UNKNOWN,UNKNOWN,UNKNOWN,UNKNOWN,UNKNOWN,UNKNOWN,UNKNOWN,UNKNOWN,unknown,https://bwcterminals.com/locations/port-allen-la/,,listed,rebulk-directory (UP),,
BWC Terminals,Terminal,,,WESTWEGO,LA,UNKNOWN,UNKNOWN,UNKNOWN,UNKNOWN,UNKNOWN,UNKNOWN,UNKNOWN,UNKNOWN,UNKNOWN,UNKNOWN,UNKNOWN,UNKNOWN,UNKNOWN,UNKNOWN,UNKNOWN,UNKNOWN,UNKNOWN,UNKNOWN,UNKNOWN,UNKNOWN,UNKNOWN,UNKNOWN,UNKNOWN,UNKNOWN,UNKNOWN,UNKNOWN,unknown,https://bwcterminals.com/locations/westwego-la/,,listed,rebulk-directory (NOGC),,
BWC Terminals Grays Harbor,,,,HOQUIAM,WA,UNKNOWN,UNKNOWN,UNKNOWN,UNKNOWN,UNKNOWN,UNKNOWN,UNKNOWN,UNKNOWN,UNKNOWN,UNKNOWN,UNKNOWN,UNKNOWN,UNKNOWN,UNKNOWN,UNKNOWN,UNKNOWN,UNKNOWN,UNKNOWN,UNKNOWN,UNKNOWN,UNKNOWN,UNKNOWN,UNKNOWN,UNKNOWN,UNKNOWN,UNKNOWN,unknown,https://bwcterminals.com/locations/grays-harbor-wa/,,listed,rebulk-directory (Puget Sound & Pacific Railroad (PSAP) BNSF UP),,
BWC Terminals Jacksonville,,,,JACKSONVILLE,FL,UNKNOWN,UNKNOWN,UNKNOWN,UNKNOWN,UNKNOWN,UNKNOWN,UNKNOWN,UNKNOWN,UNKNOWN,UNKNOWN,UNKNOWN,UNKNOWN,UNKNOWN,UNKNOWN,UNKNOWN,UNKNOWN,UNKNOWN,UNKNOWN,UNKNOWN,UNKNOWN,UNKNOWN,UNKNOWN,UNKNOWN,UNKNOWN,UNKNOWN,UNKNOWN,unknown,https://bwcterminals.com/,,listed,rebulk-directory (CSX NS),,
BWP Transport,Terminal,,,SAINT CLAIR,MI,UNKNOWN,UNKNOWN,UNKNOWN,UNKNOWN,UNKNOWN,UNKNOWN,UNKNOWN,UNKNOWN,UNKNOWN,UNKNOWN,UNKNOWN,UNKNOWN,UNKNOWN,UNKNOWN,UNKNOWN,UNKNOWN,UNKNOWN,UNKNOWN,UNKNOWN,UNKNOWN,UNKNOWN,UNKNOWN,UNKNOWN,UNKNOWN,UNKNOWN,UNKNOWN,unknown,https://bwptransport.weebly.com/,,listed,rebulk-directory (CSX),,
C & C Transloads,,info@cctransload.com,(318) 562-6101,SHREVEPORT,LA,NO,NO,NO,NO,NO,NO,NO,NO,NO,NO,NO,NO,NO,NO,NO,NO,NO,NO,NO,NO,NO,NO,NO,NO,NO,NO,unknown,https://cctransload.com/locations/,dead_domain,verified,swl-internal,OPERATIONAL,medium
C & C Transloads,,krisclark82@cctransload.com,,COTULLA,TX,NO,NO,NO,NO,NO,NO,NO,NO,NO,NO,NO,NO,NO,NO,NO,NO,NO,NO,NO,NO,NO,NO,NO,NO,NO,NO,unknown,https://cctransload.com/locations/,dead_domain,verified,swl-internal,NOT_FOUND,low
C C Lounsbury Inc.,,,,SOUTH WINDHAM,CT,UNKNOWN,UNKNOWN,UNKNOWN,UNKNOWN,UNKNOWN,UNKNOWN,UNKNOWN,UNKNOWN,UNKNOWN,UNKNOWN,UNKNOWN,UNKNOWN,UNKNOWN,UNKNOWN,UNKNOWN,UNKNOWN,UNKNOWN,UNKNOWN,UNKNOWN,UNKNOWN,UNKNOWN,UNKNOWN,UNKNOWN,UNKNOWN,UNKNOWN,UNKNOWN,unknown,,,listed,rebulk-directory (G&W NECR),,
C&C Bulk Liquid Transfer Inc,,dmendex@ccbulkliquid.com,(904) 356-5320 ext. 7003,JACKSONVILLE,FL,NO,NO,NO,NO,YES,YES,NO,NO,NO,NO,NO,NO,YES,NO,NO,NO,NO,NO,NO,YES,NO,NO,YES,YES,YES,YES,unknown,http://www.ccbulkliquid.com/,,verified,swl-internal,OPERATIONAL,high
CA Joseph Company,,,,IRONDALE,OH,UNKNOWN,UNKNOWN,UNKNOWN,UNKNOWN,UNKNOWN,UNKNOWN,UNKNOWN,UNKNOWN,UNKNOWN,UNKNOWN,UNKNOWN,UNKNOWN,UNKNOWN,UNKNOWN,UNKNOWN,UNKNOWN,UNKNOWN,UNKNOWN,UNKNOWN,UNKNOWN,UNKNOWN,UNKNOWN,UNKNOWN,UNKNOWN,UNKNOWN,UNKNOWN,unknown,https://Cajoseph.com,,listed,rebulk-directory (NS),,
CA Perry and Son,,,,EDENTON,NC,UNKNOWN,UNKNOWN,UNKNOWN,UNKNOWN,UNKNOWN,UNKNOWN,UNKNOWN,UNKNOWN,UNKNOWN,UNKNOWN,UNKNOWN,UNKNOWN,UNKNOWN,UNKNOWN,UNKNOWN,UNKNOWN,UNKNOWN,UNKNOWN,UNKNOWN,UNKNOWN,UNKNOWN,UNKNOWN,UNKNOWN,UNKNOWN,UNKNOWN,UNKNOWN,unknown,https://www.caperryandson.com/,,listed,rebulk-directory (CA G&W),,
Caine Warehousing Ltd,,,,REESEVILLE,WI,UNKNOWN,UNKNOWN,UNKNOWN,UNKNOWN,UNKNOWN,UNKNOWN,UNKNOWN,UNKNOWN,UNKNOWN,UNKNOWN,UNKNOWN,UNKNOWN,UNKNOWN,UNKNOWN,UNKNOWN,UNKNOWN,UNKNOWN,UNKNOWN,UNKNOWN,UNKNOWN,UNKNOWN,UNKNOWN,UNKNOWN,UNKNOWN,UNKNOWN,UNKNOWN,unknown,https://cainewarehousing.com/,,listed,rebulk-directory (CPKC),,
Calcot Ltd.,,,,BAKERSFIELD,CA,UNKNOWN,UNKNOWN,UNKNOWN,UNKNOWN,UNKNOWN,UNKNOWN,UNKNOWN,UNKNOWN,UNKNOWN,UNKNOWN,UNKNOWN,UNKNOWN,UNKNOWN,UNKNOWN,UNKNOWN,UNKNOWN,UNKNOWN,UNKNOWN,UNKNOWN,UNKNOWN,UNKNOWN,UNKNOWN,UNKNOWN,UNKNOWN,UNKNOWN,UNKNOWN,unknown,https://calcot.com/,,listed,rebulk-directory (G&W SJVR),,
California Freight Modesto Warehouse,,,,MODESTO,CA,UNKNOWN,UNKNOWN,UNKNOWN,UNKNOWN,UNKNOWN,UNKNOWN,UNKNOWN,UNKNOWN,UNKNOWN,UNKNOWN,UNKNOWN,UNKNOWN,UNKNOWN,UNKNOWN,UNKNOWN,UNKNOWN,UNKNOWN,UNKNOWN,UNKNOWN,UNKNOWN,UNKNOWN,UNKNOWN,UNKNOWN,UNKNOWN,UNKNOWN,UNKNOWN,unknown,https://www.calfreight.com/,,listed,rebulk-directory (BNSF UP),,
CalJet 53rd Avenue Terminal,,,,PHOENIX,AZ,UNKNOWN,UNKNOWN,UNKNOWN,UNKNOWN,UNKNOWN,UNKNOWN,UNKNOWN,UNKNOWN,UNKNOWN,UNKNOWN,UNKNOWN,UNKNOWN,UNKNOWN,UNKNOWN,UNKNOWN,UNKNOWN,UNKNOWN,UNKNOWN,UNKNOWN,UNKNOWN,UNKNOWN,UNKNOWN,UNKNOWN,UNKNOWN,UNKNOWN,UNKNOWN,unknown,https://www.caljet.com/,,listed,rebulk-directory (UP),,
CalJet Monroe I Terminal,,,,PHOENIX,AZ,UNKNOWN,UNKNOWN,UNKNOWN,UNKNOWN,UNKNOWN,UNKNOWN,UNKNOWN,UNKNOWN,UNKNOWN,UNKNOWN,UNKNOWN,UNKNOWN,UNKNOWN,UNKNOWN,UNKNOWN,UNKNOWN,UNKNOWN,UNKNOWN,UNKNOWN,UNKNOWN,UNKNOWN,UNKNOWN,UNKNOWN,UNKNOWN,UNKNOWN,UNKNOWN,unknown,https://www.caljet.com/,,listed,rebulk-directory (UP),,
Cam II Warehouse Inc.,,,,MUSCATINE,IA,UNKNOWN,UNKNOWN,UNKNOWN,UNKNOWN,UNKNOWN,UNKNOWN,UNKNOWN,UNKNOWN,UNKNOWN,UNKNOWN,UNKNOWN,UNKNOWN,UNKNOWN,UNKNOWN,UNKNOWN,UNKNOWN,UNKNOWN,UNKNOWN,UNKNOWN,UNKNOWN,UNKNOWN,UNKNOWN,UNKNOWN,UNKNOWN,UNKNOWN,UNKNOWN,unknown,https://www.camiiwarehouse.com/,,listed,rebulk-directory (CPKC),,
Camden & Southern Railroad / South Arkansas Intermodal Park,,,,CAMDEN,AR,UNKNOWN,UNKNOWN,UNKNOWN,UNKNOWN,UNKNOWN,UNKNOWN,UNKNOWN,UNKNOWN,UNKNOWN,UNKNOWN,UNKNOWN,UNKNOWN,UNKNOWN,UNKNOWN,UNKNOWN,UNKNOWN,UNKNOWN,UNKNOWN,UNKNOWN,UNKNOWN,UNKNOWN,UNKNOWN,UNKNOWN,UNKNOWN,UNKNOWN,UNKNOWN,unknown,https://omnitrax.com/,,listed,rebulk-directory (Camden & Southern Railroad (CSR)),,
Camp Chase Railway,Transload Siding,,,LILLY CHAPEL,OH,UNKNOWN,UNKNOWN,UNKNOWN,UNKNOWN,UNKNOWN,UNKNOWN,UNKNOWN,UNKNOWN,UNKNOWN,UNKNOWN,UNKNOWN,UNKNOWN,UNKNOWN,UNKNOWN,UNKNOWN,UNKNOWN,UNKNOWN,UNKNOWN,UNKNOWN,UNKNOWN,UNKNOWN,UNKNOWN,UNKNOWN,UNKNOWN,UNKNOWN,UNKNOWN,unknown,https://pinsly.com/railroads/camp-chase-railroad/,,listed,rebulk-directory (Camp Chase Railroad (CAMY)),,
Can-Am Trading & Logistics LLC,,,,NIANTIC-FITCHVILLE,CT,UNKNOWN,UNKNOWN,UNKNOWN,UNKNOWN,UNKNOWN,UNKNOWN,UNKNOWN,UNKNOWN,UNKNOWN,UNKNOWN,UNKNOWN,UNKNOWN,UNKNOWN,UNKNOWN,UNKNOWN,UNKNOWN,UNKNOWN,UNKNOWN,UNKNOWN,UNKNOWN,UNKNOWN,UNKNOWN,UNKNOWN,UNKNOWN,UNKNOWN,UNKNOWN,unknown,,,listed,rebulk-directory (G&W NECR),,
Cando Channelview Terminal,,,,CHANNELVIEW,TX,UNKNOWN,UNKNOWN,UNKNOWN,UNKNOWN,UNKNOWN,UNKNOWN,UNKNOWN,UNKNOWN,UNKNOWN,UNKNOWN,UNKNOWN,UNKNOWN,UNKNOWN,UNKNOWN,UNKNOWN,UNKNOWN,UNKNOWN,UNKNOWN,UNKNOWN,UNKNOWN,UNKNOWN,UNKNOWN,UNKNOWN,UNKNOWN,UNKNOWN,UNKNOWN,unknown,https://www.candorail.com/channelviewterminal/,,listed,rebulk-directory (PTRA BNSF UP CPKC),,
Cando Rail & Terminals,Denver/Irondale Transload,,,HENDERSON,CO,UNKNOWN,UNKNOWN,UNKNOWN,UNKNOWN,UNKNOWN,UNKNOWN,UNKNOWN,UNKNOWN,UNKNOWN,UNKNOWN,UNKNOWN,UNKNOWN,UNKNOWN,UNKNOWN,UNKNOWN,UNKNOWN,UNKNOWN,UNKNOWN,UNKNOWN,UNKNOWN,UNKNOWN,UNKNOWN,UNKNOWN,UNKNOWN,UNKNOWN,UNKNOWN,unknown,https://www.candorail.com/terminals/,,listed,rebulk-directory (BNSF),,
Cando Rail & Terminals,Transload,,,RIFLE,CO,UNKNOWN,UNKNOWN,UNKNOWN,UNKNOWN,UNKNOWN,UNKNOWN,UNKNOWN,UNKNOWN,UNKNOWN,UNKNOWN,UNKNOWN,UNKNOWN,UNKNOWN,UNKNOWN,UNKNOWN,UNKNOWN,UNKNOWN,UNKNOWN,UNKNOWN,UNKNOWN,UNKNOWN,UNKNOWN,UNKNOWN,UNKNOWN,UNKNOWN,UNKNOWN,unknown,https://www.candorail.com/terminals/,,listed,rebulk-directory (UP),,
Cando Rail Services Ltd,,sales@candorail.com,(866) 989-5310,KAMLOOPS,BC,NO,NO,NO,NO,NO,NO,YES,NO,YES,NO,NO,NO,NO,NO,NO,NO,YES,NO,NO,NO,NO,NO,YES,YES,NO,NO,unknown,http://www.compaxcomputers.com/,,verified,swl-internal,OPERATIONAL,medium
Cando Rail Services Ltd,,sales@candorail.com,(866) 989-5310,BRANDON,MB,NO,NO,NO,NO,NO,NO,YES,NO,YES,NO,NO,NO,NO,NO,NO,NO,YES,NO,NO,NO,NO,NO,YES,YES,NO,NO,unknown,https://www.candorail.com/,,verified,swl-internal,OPERATIONAL,medium
Cando Rail Services Ltd,,sales@candorail.com,,HORNBY,ON,NO,NO,NO,NO,NO,NO,YES,NO,YES,NO,NO,NO,NO,NO,NO,NO,YES,NO,NO,NO,NO,NO,YES,YES,NO,NO,unknown,https://www.candorail.com/terminal-transload-services/,dead_link,review,swl-internal,NOT_FOUND,low
Caney Fork & Western Railroad Transload,,,,MCMINNVILLE,TN,UNKNOWN,UNKNOWN,UNKNOWN,UNKNOWN,UNKNOWN,UNKNOWN,UNKNOWN,UNKNOWN,UNKNOWN,UNKNOWN,UNKNOWN,UNKNOWN,UNKNOWN,UNKNOWN,UNKNOWN,UNKNOWN,UNKNOWN,UNKNOWN,UNKNOWN,UNKNOWN,UNKNOWN,UNKNOWN,UNKNOWN,UNKNOWN,UNKNOWN,UNKNOWN,unknown,https://ironhorseresources.com/caney-fork-western-railroad/,,listed,rebulk-directory (CFWR CSX),,
Cannon Falls Transload,,,,CANNON FALLS,MN,UNKNOWN,UNKNOWN,UNKNOWN,UNKNOWN,UNKNOWN,UNKNOWN,UNKNOWN,UNKNOWN,UNKNOWN,UNKNOWN,UNKNOWN,UNKNOWN,UNKNOWN,UNKNOWN,UNKNOWN,UNKNOWN,UNKNOWN,UNKNOWN,UNKNOWN,UNKNOWN,UNKNOWN,UNKNOWN,UNKNOWN,UNKNOWN,UNKNOWN,UNKNOWN,unknown,https://progressiverail.com/rrcvrc/cvrc.html,,listed,rebulk-directory (Cannon Valley Railroad (CVRC)),,
Capacity Warehouse Distribution Center,,,,MELVINDALE,MI,UNKNOWN,UNKNOWN,UNKNOWN,UNKNOWN,UNKNOWN,UNKNOWN,UNKNOWN,UNKNOWN,UNKNOWN,UNKNOWN,UNKNOWN,UNKNOWN,UNKNOWN,UNKNOWN,UNKNOWN,UNKNOWN,UNKNOWN,UNKNOWN,UNKNOWN,UNKNOWN,UNKNOWN,UNKNOWN,UNKNOWN,UNKNOWN,UNKNOWN,UNKNOWN,unknown,https://capacitytransport.com/capacity-warehouse/,,listed,rebulk-directory (NS),,
Cape And Son,,info@capeandson.com,(325) 455-3525,SWEETWATER,TX,NO,NO,NO,NO,YES,NO,NO,NO,NO,NO,NO,NO,NO,NO,NO,NO,YES,NO,NO,NO,NO,NO,NO,NO,NO,NO,unknown,https://www.capeandson.com/,,verified,swl-internal,OPERATIONAL,high
Cape Fear Bonded Warehouse,,,,WILMINGTON,NC,UNKNOWN,UNKNOWN,UNKNOWN,UNKNOWN,UNKNOWN,UNKNOWN,UNKNOWN,UNKNOWN,UNKNOWN,UNKNOWN,UNKNOWN,UNKNOWN,UNKNOWN,UNKNOWN,UNKNOWN,UNKNOWN,UNKNOWN,UNKNOWN,UNKNOWN,UNKNOWN,UNKNOWN,UNKNOWN,UNKNOWN,UNKNOWN,UNKNOWN,UNKNOWN,unknown,https://capefearbondedwarehouse.com/,,listed,rebulk-directory (Wilmington Terminal Railroad (WTRY) CSX),,
Capital Area Rail Terminal,,,,JEFFERSON CITY,MO,UNKNOWN,UNKNOWN,UNKNOWN,UNKNOWN,UNKNOWN,UNKNOWN,UNKNOWN,UNKNOWN,UNKNOWN,UNKNOWN,UNKNOWN,UNKNOWN,UNKNOWN,UNKNOWN,UNKNOWN,UNKNOWN,UNKNOWN,UNKNOWN,UNKNOWN,UNKNOWN,UNKNOWN,UNKNOWN,UNKNOWN,UNKNOWN,UNKNOWN,UNKNOWN,unknown,https://capitalteams.com/capital-area-rail-terminal/,,listed,rebulk-directory (UP),,
Capital City Reload,,,,COLUMBUS,OH,UNKNOWN,UNKNOWN,UNKNOWN,UNKNOWN,UNKNOWN,UNKNOWN,UNKNOWN,UNKNOWN,UNKNOWN,UNKNOWN,UNKNOWN,UNKNOWN,UNKNOWN,UNKNOWN,UNKNOWN,UNKNOWN,UNKNOWN,UNKNOWN,UNKNOWN,UNKNOWN,UNKNOWN,UNKNOWN,UNKNOWN,UNKNOWN,UNKNOWN,UNKNOWN,unknown,https://capitalcityreload.com/,,listed,rebulk-directory (NS),,
Capital Railroad Contracting,Transloading Hub,,,PARK HILLS,MO,UNKNOWN,UNKNOWN,UNKNOWN,UNKNOWN,UNKNOWN,UNKNOWN,UNKNOWN,UNKNOWN,UNKNOWN,UNKNOWN,UNKNOWN,UNKNOWN,UNKNOWN,UNKNOWN,UNKNOWN,UNKNOWN,UNKNOWN,UNKNOWN,UNKNOWN,UNKNOWN,UNKNOWN,UNKNOWN,UNKNOWN,UNKNOWN,UNKNOWN,UNKNOWN,unknown,https://capitalrailroad.com/,,listed,rebulk-directory (UP via MLC Bismarck Rail Line),,
Capitol Express & Warehousing,,,,JESSUP,MD,UNKNOWN,UNKNOWN,UNKNOWN,UNKNOWN,UNKNOWN,UNKNOWN,UNKNOWN,UNKNOWN,UNKNOWN,UNKNOWN,UNKNOWN,UNKNOWN,UNKNOWN,UNKNOWN,UNKNOWN,UNKNOWN,UNKNOWN,UNKNOWN,UNKNOWN,UNKNOWN,UNKNOWN,UNKNOWN,UNKNOWN,UNKNOWN,UNKNOWN,UNKNOWN,unknown,https://capitolexpress.com/,,listed,rebulk-directory (CSX),,
Capitol Warehousing,Midway Road,,,MENASHA,WI,UNKNOWN,UNKNOWN,UNKNOWN,UNKNOWN,UNKNOWN,UNKNOWN,UNKNOWN,UNKNOWN,UNKNOWN,UNKNOWN,UNKNOWN,UNKNOWN,UNKNOWN,UNKNOWN,UNKNOWN,UNKNOWN,UNKNOWN,UNKNOWN,UNKNOWN,UNKNOWN,UNKNOWN,UNKNOWN,UNKNOWN,UNKNOWN,UNKNOWN,UNKNOWN,unknown,https://capitolwhse.com/midway/,,listed,rebulk-directory (CN),,
Capitol Warehousing Corp,,,,WINDSOR,WI,UNKNOWN,UNKNOWN,UNKNOWN,UNKNOWN,UNKNOWN,UNKNOWN,UNKNOWN,UNKNOWN,UNKNOWN,UNKNOWN,UNKNOWN,UNKNOWN,UNKNOWN,UNKNOWN,UNKNOWN,UNKNOWN,UNKNOWN,UNKNOWN,UNKNOWN,UNKNOWN,UNKNOWN,UNKNOWN,UNKNOWN,UNKNOWN,UNKNOWN,UNKNOWN,unknown,https://capitolwhse.com/,,listed,rebulk-directory (CPKC),,
Cargoflo (Euro Asia),,sales@cn.ca,,CONCORD,ON,NO,NO,NO,NO,NO,NO,NO,YES,YES,NO,NO,YES,NO,NO,NO,NO,YES,NO,NO,NO,NO,NO,NO,NO,NO,NO,unknown,https://www.cn.ca/en/our-services/supply-chain-services/transload-and-distribution/,dead_link,review,swl-internal,NOT_FOUND,none
Cargoways Logistics,,,,SUFFOLK,VA,UNKNOWN,UNKNOWN,UNKNOWN,UNKNOWN,UNKNOWN,UNKNOWN,UNKNOWN,UNKNOWN,UNKNOWN,UNKNOWN,UNKNOWN,UNKNOWN,UNKNOWN,UNKNOWN,UNKNOWN,UNKNOWN,UNKNOWN,UNKNOWN,UNKNOWN,UNKNOWN,UNKNOWN,UNKNOWN,UNKNOWN,UNKNOWN,UNKNOWN,UNKNOWN,unknown,https://www.cargowayslogistics.com,,listed,rebulk-directory (NS),,
Carlile Transportation Systems,,,,TACOMA,WA,UNKNOWN,UNKNOWN,UNKNOWN,UNKNOWN,UNKNOWN,UNKNOWN,UNKNOWN,UNKNOWN,UNKNOWN,UNKNOWN,UNKNOWN,UNKNOWN,UNKNOWN,UNKNOWN,UNKNOWN,UNKNOWN,UNKNOWN,UNKNOWN,UNKNOWN,UNKNOWN,UNKNOWN,UNKNOWN,UNKNOWN,UNKNOWN,UNKNOWN,UNKNOWN,unknown,https://www.carlile.biz/,,listed,rebulk-directory (Tacoma Rail (TMBL) BNSF UP),,
Carload Connection,,dfellon@progressiverail.com,,CENTERVILLE,IA,YES,NO,YES,YES,YES,YES,YES,YES,YES,YES,YES,YES,YES,NO,NO,YES,YES,NO,NO,YES,NO,NO,YES,YES,YES,NO,unknown,https://www.progressiverail.com/rrpgr/lakeville.html,,verified,swl-internal,NOT_FOUND,low
Carload Connection,,dfellon@progressiverail.com,,EMERY,IA,YES,NO,YES,YES,YES,YES,YES,YES,YES,YES,YES,YES,YES,NO,NO,YES,YES,NO,NO,YES,NO,NO,YES,YES,YES,NO,unknown,https://www.progressiverail.com/rrpgr/lakeville.html,,verified,swl-internal,NOT_FOUND,low
Carload Connection,,dfellon@progressiverail.com,,MASON CITY,IA,YES,NO,YES,YES,YES,YES,YES,YES,YES,YES,YES,YES,YES,NO,NO,YES,YES,NO,NO,YES,NO,NO,YES,YES,YES,NO,unknown,https://www.progressiverail.com/rrpgr/lakeville.html,,verified,swl-internal,NOT_FOUND,low
Carload Connection,,dfellon@progressiverail.com,,MORAVIA,IA,YES,NO,YES,YES,YES,YES,YES,YES,YES,YES,YES,YES,YES,NO,NO,YES,YES,NO,NO,YES,NO,NO,YES,YES,YES,NO,unknown,https://www.progressiverail.com/rrpgr/lakeville.html,,verified,swl-internal,NOT_FOUND,low
Carload Connection,,dfellon@progressiverail.com,,ELK GROVE VILLAGE,IL,YES,NO,YES,YES,YES,YES,YES,YES,YES,YES,YES,YES,YES,NO,NO,YES,YES,NO,NO,YES,NO,NO,YES,YES,YES,NO,unknown,https://www.progressiverail.com/rrpgr/lakeville.html,,verified,swl-internal,NOT_FOUND,low
Carload Connection,,dfellon@progressiverail.com,,BLOOMINGTON,MN,YES,NO,YES,YES,YES,YES,YES,YES,YES,YES,YES,YES,YES,NO,NO,YES,YES,NO,NO,YES,NO,NO,YES,YES,YES,NO,unknown,https://www.progressiverail.com/rrpgr/lakeville.html,,verified,swl-internal,NOT_FOUND,none
Carload Connection,,dfellon@progressiverail.com,,CANNON FALLS,MN,YES,NO,YES,YES,YES,YES,YES,YES,YES,YES,YES,YES,YES,NO,NO,YES,YES,NO,NO,YES,NO,NO,YES,YES,YES,NO,unknown,https://www.progressiverail.com/rrpgr/lakeville.html,,verified,swl-internal,NOT_FOUND,low
Carload Connection,,dfellon@progressiverail.com,,LAKEVILLE,MN,YES,NO,YES,YES,YES,YES,YES,YES,YES,YES,YES,YES,YES,NO,NO,YES,YES,NO,NO,YES,NO,NO,YES,YES,YES,NO,unknown,https://www.progressiverail.com/rrpgr/lakeville.html,,verified,swl-internal,NOT_FOUND,none
Carload Connection,,dfellon@progressiverail.com,,RANDOLPH,MN,YES,NO,YES,YES,YES,YES,YES,YES,YES,YES,YES,YES,YES,NO,NO,YES,YES,NO,NO,YES,NO,NO,YES,YES,YES,NO,unknown,https://www.progressiverail.com/rrpgr/lakeville.html,,verified,swl-internal,NOT_FOUND,none
Carload Connection,,dfellon@progressiverail.com,,ST LOUIS,MO,NO,NO,NO,NO,NO,NO,NO,NO,NO,NO,NO,NO,NO,NO,NO,NO,NO,NO,NO,NO,NO,NO,NO,NO,NO,NO,unknown,https://www.progressiverail.com/rrpgr/lakeville.html,,verified,swl-internal,NOT_FOUND,low
Carload Connection,,dfellon@progressiverail.com,,UNION,MO,YES,NO,YES,YES,YES,YES,YES,YES,YES,YES,YES,YES,YES,NO,NO,YES,YES,NO,NO,YES,NO,NO,YES,YES,YES,NO,unknown,https://www.progressiverail.com/rrpgr/lakeville.html,,verified,swl-internal,NOT_FOUND,none
Carload Connection,,dfellon@progressiverail.com,,GASTONIA,NC,YES,NO,YES,YES,YES,YES,YES,YES,YES,YES,YES,YES,YES,NO,NO,YES,YES,NO,NO,YES,NO,NO,YES,YES,YES,NO,unknown,https://www.progressiverail.com/rrpgr/lakeville.html,,verified,swl-internal,NOT_FOUND,low
Carload Connection,,dfellon@progressiverail.com,,NORMA,WI,YES,NO,YES,YES,YES,YES,YES,YES,YES,YES,YES,YES,YES,NO,NO,YES,YES,NO,NO,YES,NO,NO,YES,YES,YES,NO,unknown,https://www.progressiverail.com/rrpgr/lakeville.html,,verified,swl-internal,NOT_FOUND,low
Carolina Gypsum LLC,,,,CHESTER,SC,UNKNOWN,UNKNOWN,UNKNOWN,UNKNOWN,UNKNOWN,UNKNOWN,UNKNOWN,UNKNOWN,UNKNOWN,UNKNOWN,UNKNOWN,UNKNOWN,UNKNOWN,UNKNOWN,UNKNOWN,UNKNOWN,UNKNOWN,UNKNOWN,UNKNOWN,UNKNOWN,UNKNOWN,UNKNOWN,UNKNOWN,UNKNOWN,UNKNOWN,UNKNOWN,unknown,https://Carolinagypsum.com,,listed,rebulk-directory (LC NS),,
Carolina Marine Terminal (Relay Terminals) - operated by Savage,,,,WILMINGTON,NC,UNKNOWN,UNKNOWN,UNKNOWN,UNKNOWN,UNKNOWN,UNKNOWN,UNKNOWN,UNKNOWN,UNKNOWN,UNKNOWN,UNKNOWN,UNKNOWN,UNKNOWN,UNKNOWN,UNKNOWN,UNKNOWN,UNKNOWN,UNKNOWN,UNKNOWN,UNKNOWN,UNKNOWN,UNKNOWN,UNKNOWN,UNKNOWN,UNKNOWN,UNKNOWN,unknown,https://carolinamarineterminal.com/,,listed,rebulk-directory,,
Carolina Public Warehouse Incorporated,,,,WINSTON-SALEM,NC,UNKNOWN,UNKNOWN,UNKNOWN,UNKNOWN,UNKNOWN,UNKNOWN,UNKNOWN,UNKNOWN,UNKNOWN,UNKNOWN,UNKNOWN,UNKNOWN,UNKNOWN,UNKNOWN,UNKNOWN,UNKNOWN,UNKNOWN,UNKNOWN,UNKNOWN,UNKNOWN,UNKNOWN,UNKNOWN,UNKNOWN,UNKNOWN,UNKNOWN,UNKNOWN,unknown,https://www.carolinapublicwhse.com,,listed,rebulk-directory (NS),,
Carolinas Reload,,inquiries@carolinareload.com,(704) 694-3333,WADESBORO,NC,NO,NO,NO,NO,NO,NO,NO,YES,NO,NO,NO,NO,NO,NO,NO,NO,NO,NO,NO,NO,NO,NO,NO,NO,NO,NO,unknown,https://www.carolinasreload.com/,,verified,swl-internal,OPERATIONAL,high
Carry Transit,,fprentiss@superior-carriers.com,,GRIFFIN,FL,NO,NO,NO,NO,YES,YES,NO,NO,NO,NO,NO,NO,YES,NO,NO,NO,NO,NO,NO,YES,NO,YES,YES,YES,YES,NO,unknown,https://carrytransit.com/services#transloading,,verified,swl-internal,NOT_FOUND,none
Carry Transit,,fprentiss@superior-carriers.com,,ORLANDO,FL,NO,NO,NO,NO,YES,YES,NO,NO,NO,NO,NO,NO,YES,NO,NO,NO,NO,NO,NO,YES,NO,YES,YES,YES,YES,NO,unknown,https://carrytransit.com/services#transloading,,verified,swl-internal,NOT_FOUND,low
Carry Transit,,fprentiss@superior-carriers.com,,ARGO,IL,NO,NO,NO,NO,YES,YES,NO,NO,NO,NO,NO,NO,YES,NO,NO,NO,NO,NO,NO,YES,NO,YES,YES,YES,YES,NO,unknown,https://carrytransit.com/services#transloading,,verified,swl-internal,OPERATIONAL,medium
Carry Transit,,fprentiss@superior-carriers.com,(877) 436-4331,FRANKLIN PARK,IL,NO,NO,NO,NO,YES,YES,NO,NO,NO,NO,NO,NO,YES,NO,NO,NO,NO,NO,NO,YES,NO,YES,YES,YES,YES,NO,unknown,http://carrytransit.com/,,verified,swl-internal,OPERATIONAL,high
Carry Transit,,fprentiss@superior-carriers.com,(201) 337-3358,OAKLAND,NJ,NO,NO,NO,NO,YES,YES,NO,NO,NO,NO,NO,NO,YES,NO,NO,NO,NO,NO,NO,YES,NO,YES,YES,YES,YES,NO,unknown,https://www.carrytransit.com/services/carry-locations/detail/oakland-nj,,verified,swl-internal,OPERATIONAL,high
Carry Transit,,fprentiss@superior-carriers.com,(901) 946-2510,MEMPHIS,TN,NO,NO,NO,NO,YES,YES,NO,NO,NO,NO,NO,NO,YES,NO,NO,NO,NO,NO,NO,YES,NO,YES,YES,YES,YES,NO,unknown,https://www.carrytransit.com/services/carry-locations/detail/memphis-tn,,verified,swl-internal,OPERATIONAL,high
Carry Transit,,fprentiss@superior-carriers.com,(817) 640-5334,CLEBURNE,TX,NO,NO,NO,NO,YES,YES,NO,NO,NO,NO,NO,NO,YES,NO,NO,NO,NO,NO,NO,YES,NO,YES,YES,YES,YES,NO,unknown,https://www.carrytransit.com/,,verified,swl-internal,OPERATIONAL,high
Carry Transit,,fprentiss@superior-carriers.com,,GRAND PRAIRE,TX,NO,NO,NO,NO,YES,YES,NO,NO,NO,NO,NO,NO,YES,NO,NO,NO,NO,NO,NO,YES,NO,YES,YES,YES,YES,NO,unknown,https://carrytransit.com/services#transloading,,verified,swl-internal,NOT_FOUND,none
Carry Transit,,fprentiss@superior-carriers.com,,MOCKINGBIRD,TX,NO,NO,NO,NO,YES,YES,NO,NO,NO,NO,NO,NO,YES,NO,NO,NO,NO,NO,NO,YES,NO,YES,YES,YES,YES,NO,unknown,https://carrytransit.com/services#transloading,,verified,swl-internal,NOT_FOUND,low
Carson Oil Company,,,,EUGENE,OR,UNKNOWN,UNKNOWN,UNKNOWN,UNKNOWN,UNKNOWN,UNKNOWN,UNKNOWN,UNKNOWN,UNKNOWN,UNKNOWN,UNKNOWN,UNKNOWN,UNKNOWN,UNKNOWN,UNKNOWN,UNKNOWN,UNKNOWN,UNKNOWN,UNKNOWN,UNKNOWN,UNKNOWN,UNKNOWN,UNKNOWN,UNKNOWN,UNKNOWN,UNKNOWN,unknown,https://carsonteam.com/locations/eugene/,,listed,rebulk-directory (G&W PNWR),,
Carson Oil Company,,,,PORTLAND,OR,UNKNOWN,UNKNOWN,UNKNOWN,UNKNOWN,UNKNOWN,UNKNOWN,UNKNOWN,UNKNOWN,UNKNOWN,UNKNOWN,UNKNOWN,UNKNOWN,UNKNOWN,UNKNOWN,UNKNOWN,UNKNOWN,UNKNOWN,UNKNOWN,UNKNOWN,UNKNOWN,UNKNOWN,UNKNOWN,UNKNOWN,UNKNOWN,UNKNOWN,UNKNOWN,unknown,https://carsonteam.com/locations/portland/,,listed,rebulk-directory (G&W PNWR),,
Cartersville Elevator Inc.,,,,MASON CITY,IA,UNKNOWN,UNKNOWN,UNKNOWN,UNKNOWN,UNKNOWN,UNKNOWN,UNKNOWN,UNKNOWN,UNKNOWN,UNKNOWN,UNKNOWN,UNKNOWN,UNKNOWN,UNKNOWN,UNKNOWN,UNKNOWN,UNKNOWN,UNKNOWN,UNKNOWN,UNKNOWN,UNKNOWN,UNKNOWN,UNKNOWN,UNKNOWN,UNKNOWN,UNKNOWN,unknown,https://ggecorn.com/,,listed,rebulk-directory (CPKC),,
Carver Maritime Charleston,,,,NORTH CHARLESTON,SC,UNKNOWN,UNKNOWN,UNKNOWN,UNKNOWN,UNKNOWN,UNKNOWN,UNKNOWN,UNKNOWN,UNKNOWN,UNKNOWN,UNKNOWN,UNKNOWN,UNKNOWN,UNKNOWN,UNKNOWN,UNKNOWN,UNKNOWN,UNKNOWN,UNKNOWN,UNKNOWN,UNKNOWN,UNKNOWN,UNKNOWN,UNKNOWN,UNKNOWN,UNKNOWN,unknown,https://www.carvercompanies.com/carver-maritime-charleston/,,listed,rebulk-directory (CSX NS),,
Cascade Warehouse,,swc@cascadewarehouse.com,(909) 825-5760,COLTON,CA,NO,NO,NO,NO,NO,NO,NO,YES,NO,NO,NO,YES,NO,NO,NO,NO,NO,NO,NO,NO,NO,NO,NO,NO,NO,NO,unknown,https://www.louplogistics.com/,,verified,swl-internal,OPERATIONAL,high
Cascade Warehouse,,swc@cascadewarehouse.com,,JUNCTON CITY,OR,NO,NO,NO,NO,NO,NO,NO,YES,NO,NO,NO,YES,NO,NO,NO,NO,NO,NO,NO,NO,NO,NO,NO,NO,NO,NO,unknown,http://www.cascadewarehouse.com/,,verified,swl-internal,NOT_FOUND,low
Cascade Warehouse,,swc@cascadewarehouse.com,,SALEM,OR,NO,NO,NO,NO,NO,NO,NO,YES,NO,NO,NO,YES,NO,NO,NO,NO,NO,NO,NO,NO,NO,NO,NO,NO,NO,NO,unknown,http://www.cascadewarehouse.com/,,verified,swl-internal,NOT_FOUND,low
Cascade Warehouse,,swc@cascadewarehouse.com,,CHEHALIS,WA,NO,NO,NO,NO,NO,NO,NO,YES,NO,NO,NO,YES,NO,NO,NO,NO,NO,NO,NO,NO,NO,NO,NO,NO,NO,NO,unknown,http://www.cascadewarehouse.com/,,verified,swl-internal,NOT_FOUND,low
CAST Transportation,Transload,,,HENDERSON,CO,UNKNOWN,UNKNOWN,UNKNOWN,UNKNOWN,UNKNOWN,UNKNOWN,UNKNOWN,UNKNOWN,UNKNOWN,UNKNOWN,UNKNOWN,UNKNOWN,UNKNOWN,UNKNOWN,UNKNOWN,UNKNOWN,UNKNOWN,UNKNOWN,UNKNOWN,UNKNOWN,UNKNOWN,UNKNOWN,UNKNOWN,UNKNOWN,UNKNOWN,UNKNOWN,unknown,https://www.casttrans.com/,,listed,rebulk-directory (BNSF),,
Cast Transportation Inc,,,,HENDERSON,CO,UNKNOWN,UNKNOWN,UNKNOWN,UNKNOWN,UNKNOWN,UNKNOWN,UNKNOWN,UNKNOWN,UNKNOWN,UNKNOWN,UNKNOWN,UNKNOWN,UNKNOWN,UNKNOWN,UNKNOWN,UNKNOWN,UNKNOWN,UNKNOWN,UNKNOWN,UNKNOWN,UNKNOWN,UNKNOWN,UNKNOWN,UNKNOWN,UNKNOWN,UNKNOWN,unknown,,,listed,bnsf-premier-flipbook,,
Castlen Steel Transloading Facility,,,,OWENSBORO,KY,UNKNOWN,UNKNOWN,UNKNOWN,UNKNOWN,UNKNOWN,UNKNOWN,UNKNOWN,UNKNOWN,UNKNOWN,UNKNOWN,UNKNOWN,UNKNOWN,UNKNOWN,UNKNOWN,UNKNOWN,UNKNOWN,UNKNOWN,UNKNOWN,UNKNOWN,UNKNOWN,UNKNOWN,UNKNOWN,UNKNOWN,UNKNOWN,UNKNOWN,UNKNOWN,unknown,https://www.castlensteel.com/transloading-facility/,,listed,rebulk-directory (CSX),,
Catch-Up Logistics Davenport,,,,DAVENPORT,IA,UNKNOWN,UNKNOWN,UNKNOWN,UNKNOWN,UNKNOWN,UNKNOWN,UNKNOWN,UNKNOWN,UNKNOWN,UNKNOWN,UNKNOWN,UNKNOWN,UNKNOWN,UNKNOWN,UNKNOWN,UNKNOWN,UNKNOWN,UNKNOWN,UNKNOWN,UNKNOWN,UNKNOWN,UNKNOWN,UNKNOWN,UNKNOWN,UNKNOWN,UNKNOWN,unknown,https://www.catchuplogistics.com/davenport,,listed,rebulk-directory (CPKC),,
Cellmark,,,,ORANGEBURG,SC,UNKNOWN,UNKNOWN,UNKNOWN,UNKNOWN,UNKNOWN,UNKNOWN,UNKNOWN,UNKNOWN,UNKNOWN,UNKNOWN,UNKNOWN,UNKNOWN,UNKNOWN,UNKNOWN,UNKNOWN,UNKNOWN,UNKNOWN,UNKNOWN,UNKNOWN,UNKNOWN,UNKNOWN,UNKNOWN,UNKNOWN,UNKNOWN,UNKNOWN,UNKNOWN,unknown,https://www.cellmark.com,,listed,rebulk-directory (NS),,
Celta Chem,,pat@celtachem.com,(314) 882-0039,GRANITE CITY,IL,YES,NO,YES,YES,NO,NO,NO,NO,NO,YES,NO,NO,YES,NO,YES,NO,YES,NO,YES,YES,YES,NO,YES,YES,YES,YES,unknown,http://www.celtachem.com/,,verified,swl-internal,OPERATIONAL,high
Center Point Terminal Chickasaw,,,,CHICKASAW,AL,UNKNOWN,UNKNOWN,UNKNOWN,UNKNOWN,UNKNOWN,UNKNOWN,UNKNOWN,UNKNOWN,UNKNOWN,UNKNOWN,UNKNOWN,UNKNOWN,UNKNOWN,UNKNOWN,UNKNOWN,UNKNOWN,UNKNOWN,UNKNOWN,UNKNOWN,UNKNOWN,UNKNOWN,UNKNOWN,UNKNOWN,UNKNOWN,UNKNOWN,UNKNOWN,unknown,https://apexoil.com/location/chickasaw-al/,,listed,rebulk-directory (Terminal Railway Alabama State Docks (TASD)),,
Central Kentucky Distribution,,,,VINE GROVE,KY,UNKNOWN,UNKNOWN,UNKNOWN,UNKNOWN,UNKNOWN,UNKNOWN,UNKNOWN,UNKNOWN,UNKNOWN,UNKNOWN,UNKNOWN,UNKNOWN,UNKNOWN,UNKNOWN,UNKNOWN,UNKNOWN,UNKNOWN,UNKNOWN,UNKNOWN,UNKNOWN,UNKNOWN,UNKNOWN,UNKNOWN,UNKNOWN,UNKNOWN,UNKNOWN,unknown,https://ckdistribution.com/,,listed,rebulk-directory (PAL),,
Central Logistics Services,,info@clshastings.com,(402) 461-3775,HASTINGS,NE,NO,NO,NO,NO,NO,NO,NO,NO,NO,NO,NO,NO,NO,NO,NO,NO,NO,NO,NO,NO,NO,NO,NO,NO,NO,NO,unknown,https://www.clshastings.com/,,verified,swl-internal,OPERATIONAL,high
Central Ohio Logistics Center,,,,JEFFERSONVILLE,OH,UNKNOWN,UNKNOWN,UNKNOWN,UNKNOWN,UNKNOWN,UNKNOWN,UNKNOWN,UNKNOWN,UNKNOWN,UNKNOWN,UNKNOWN,UNKNOWN,UNKNOWN,UNKNOWN,UNKNOWN,UNKNOWN,UNKNOWN,UNKNOWN,UNKNOWN,UNKNOWN,UNKNOWN,UNKNOWN,UNKNOWN,UNKNOWN,UNKNOWN,UNKNOWN,unknown,,,listed,rebulk-directory (Indiana & Ohio Railway (IORY)),,
Central Ohio Warehouse Co,,,,SHELBY,OH,UNKNOWN,UNKNOWN,UNKNOWN,UNKNOWN,UNKNOWN,UNKNOWN,UNKNOWN,UNKNOWN,UNKNOWN,UNKNOWN,UNKNOWN,UNKNOWN,UNKNOWN,UNKNOWN,UNKNOWN,UNKNOWN,UNKNOWN,UNKNOWN,UNKNOWN,UNKNOWN,UNKNOWN,UNKNOWN,UNKNOWN,UNKNOWN,UNKNOWN,UNKNOWN,unknown,https://centralohiowarehouse.com/,,listed,rebulk-directory (ASRY NS),,
Central Trans Load,,info@everettrailroad.com,,CHAMBERSBURG,PA,NO,NO,YES,YES,YES,YES,YES,NO,YES,YES,YES,NO,YES,NO,NO,NO,YES,NO,NO,YES,NO,NO,YES,YES,NO,NO,unknown,https://everettrailroad.com/freight-services/transload-sites/,,verified,swl-internal,NOT_FOUND,low
Central Valley AG Group,Rail/Container Transload,,,OAKLAND,CA,UNKNOWN,UNKNOWN,UNKNOWN,UNKNOWN,UNKNOWN,UNKNOWN,UNKNOWN,UNKNOWN,UNKNOWN,UNKNOWN,UNKNOWN,UNKNOWN,UNKNOWN,UNKNOWN,UNKNOWN,UNKNOWN,UNKNOWN,UNKNOWN,UNKNOWN,UNKNOWN,UNKNOWN,UNKNOWN,UNKNOWN,UNKNOWN,UNKNOWN,UNKNOWN,unknown,https://www.cv-ag.com/,,listed,rebulk-directory (BNSF UP),,
Central Valley AG Transport,,sales@cv-ag.com,(209) 869-1721,EAST MODESTO,CA,NO,NO,NO,NO,YES,NO,YES,NO,YES,NO,NO,NO,NO,NO,NO,NO,YES,NO,NO,NO,NO,NO,YES,YES,NO,NO,unknown,http://www.cv-ag.com/,,verified,swl-internal,OPERATIONAL,medium
Central Valley AG Transport,,sales@cv-ag.com,(209) 869-1721,MODESTO,CA,NO,NO,NO,NO,YES,NO,YES,NO,YES,NO,NO,NO,NO,NO,NO,NO,YES,NO,NO,NO,NO,NO,YES,YES,NO,NO,unknown,http://www.cv-ag.com/,,verified,swl-internal,OPERATIONAL,high
Central Valley AG Transport,,sales@cv-ag.com,(888) 343-0323,NORTH BEND,NE,NO,NO,NO,NO,YES,NO,YES,NO,YES,NO,NO,NO,NO,NO,NO,NO,YES,NO,NO,NO,NO,NO,YES,YES,NO,NO,unknown,http://www.cvacoop.com/,,verified,swl-internal,OPERATIONAL,high
Central Valley AG Transport,,sales@cv-ag.com,(402) 678-2251,SAINT EDWARD,NE,NO,NO,NO,NO,YES,NO,NO,NO,YES,NO,NO,NO,NO,NO,NO,NO,YES,NO,NO,NO,NO,NO,YES,YES,NO,NO,unknown,https://www.cvacoop.com/,,verified,swl-internal,OPERATIONAL,high
Central Warehouse,,,,SAGINAW,MI,UNKNOWN,UNKNOWN,UNKNOWN,UNKNOWN,UNKNOWN,UNKNOWN,UNKNOWN,UNKNOWN,UNKNOWN,UNKNOWN,UNKNOWN,UNKNOWN,UNKNOWN,UNKNOWN,UNKNOWN,UNKNOWN,UNKNOWN,UNKNOWN,UNKNOWN,UNKNOWN,UNKNOWN,UNKNOWN,UNKNOWN,UNKNOWN,UNKNOWN,UNKNOWN,unknown,https://totaldistribution.com/michigan-warehouse-locations/,,listed,rebulk-directory (G&W HESR),,
Central Warehouse Operations,,,,MIDLAND,MI,UNKNOWN,UNKNOWN,UNKNOWN,UNKNOWN,UNKNOWN,UNKNOWN,UNKNOWN,UNKNOWN,UNKNOWN,UNKNOWN,UNKNOWN,UNKNOWN,UNKNOWN,UNKNOWN,UNKNOWN,UNKNOWN,UNKNOWN,UNKNOWN,UNKNOWN,UNKNOWN,UNKNOWN,UNKNOWN,UNKNOWN,UNKNOWN,UNKNOWN,UNKNOWN,unknown,https://totaldistribution.com/michigan-warehouse-locations/,,listed,rebulk-directory (Huron and Eastern Railway (HESR)),,
Central Washington Corn Processors Richland Grain Transload,,,,RICHLAND,WA,UNKNOWN,UNKNOWN,UNKNOWN,UNKNOWN,UNKNOWN,UNKNOWN,UNKNOWN,UNKNOWN,UNKNOWN,UNKNOWN,UNKNOWN,UNKNOWN,UNKNOWN,UNKNOWN,UNKNOWN,UNKNOWN,UNKNOWN,UNKNOWN,UNKNOWN,UNKNOWN,UNKNOWN,UNKNOWN,UNKNOWN,UNKNOWN,UNKNOWN,UNKNOWN,unknown,https://www.cw-cp.com/,,listed,rebulk-directory (Columbia Rail BNSF UP),,
Central Washington Railroad,CWA,,,YAKIMA,WA,UNKNOWN,UNKNOWN,UNKNOWN,UNKNOWN,UNKNOWN,UNKNOWN,UNKNOWN,UNKNOWN,UNKNOWN,UNKNOWN,UNKNOWN,UNKNOWN,UNKNOWN,UNKNOWN,UNKNOWN,UNKNOWN,UNKNOWN,UNKNOWN,UNKNOWN,UNKNOWN,UNKNOWN,UNKNOWN,UNKNOWN,UNKNOWN,UNKNOWN,UNKNOWN,unknown,https://jag-transport.com/,,listed,rebulk-directory (BNSF CWA),,
Ceres Global,,,,DULUTH,MN,UNKNOWN,UNKNOWN,UNKNOWN,UNKNOWN,UNKNOWN,UNKNOWN,UNKNOWN,UNKNOWN,UNKNOWN,UNKNOWN,UNKNOWN,UNKNOWN,UNKNOWN,UNKNOWN,UNKNOWN,UNKNOWN,UNKNOWN,UNKNOWN,UNKNOWN,UNKNOWN,UNKNOWN,UNKNOWN,UNKNOWN,UNKNOWN,UNKNOWN,UNKNOWN,unknown,https://bartlettco.com/locations/mn/duluth/,,listed,rebulk-directory (BNSF),,
Ceres Northgate Terminal,,,,NORTHGATE,ND,UNKNOWN,UNKNOWN,UNKNOWN,UNKNOWN,UNKNOWN,UNKNOWN,UNKNOWN,UNKNOWN,UNKNOWN,UNKNOWN,UNKNOWN,UNKNOWN,UNKNOWN,UNKNOWN,UNKNOWN,UNKNOWN,UNKNOWN,UNKNOWN,UNKNOWN,UNKNOWN,UNKNOWN,UNKNOWN,UNKNOWN,UNKNOWN,UNKNOWN,UNKNOWN,unknown,,,listed,bnsf-premier-flipbook,,
CG Railway Mobile Rail Ferry Terminal,,,,MOBILE,AL,UNKNOWN,UNKNOWN,UNKNOWN,UNKNOWN,UNKNOWN,UNKNOWN,UNKNOWN,UNKNOWN,UNKNOWN,UNKNOWN,UNKNOWN,UNKNOWN,UNKNOWN,UNKNOWN,UNKNOWN,UNKNOWN,UNKNOWN,UNKNOWN,UNKNOWN,UNKNOWN,UNKNOWN,UNKNOWN,UNKNOWN,UNKNOWN,UNKNOWN,UNKNOWN,unknown,https://www.cgrailway.co/,,listed,rebulk-directory (CG Railway (CGR) Terminal Railway Alabama State Docks (TASD)),,
Cgb Enterprises,,info@cgb.com,,ENID,OK,NO,NO,NO,NO,NO,NO,NO,NO,NO,NO,NO,NO,NO,NO,NO,NO,YES,NO,NO,NO,NO,NO,NO,NO,NO,NO,unknown,https://www.cgb.com/,,verified,swl-internal,NOT_FOUND,low
Cgb Enterprises,,info@cgb.com,,SHATTUCK,OK,NO,NO,NO,NO,NO,NO,NO,NO,NO,NO,NO,NO,NO,NO,NO,NO,YES,NO,NO,NO,NO,NO,NO,NO,NO,NO,unknown,https://www.cgb.com/,,verified,swl-internal,NOT_FOUND,low
CGB Naples,,,,NAPLES,IL,UNKNOWN,UNKNOWN,UNKNOWN,UNKNOWN,UNKNOWN,UNKNOWN,UNKNOWN,UNKNOWN,UNKNOWN,UNKNOWN,UNKNOWN,UNKNOWN,UNKNOWN,UNKNOWN,UNKNOWN,UNKNOWN,UNKNOWN,UNKNOWN,UNKNOWN,UNKNOWN,UNKNOWN,UNKNOWN,UNKNOWN,UNKNOWN,UNKNOWN,UNKNOWN,unknown,https://www.ctconline.com,,listed,rebulk-directory (NS),,
Charlotte NS TBT,,,,CHARLOTTE,NC,UNKNOWN,UNKNOWN,UNKNOWN,UNKNOWN,UNKNOWN,UNKNOWN,UNKNOWN,UNKNOWN,UNKNOWN,UNKNOWN,UNKNOWN,UNKNOWN,UNKNOWN,UNKNOWN,UNKNOWN,UNKNOWN,UNKNOWN,UNKNOWN,UNKNOWN,UNKNOWN,UNKNOWN,UNKNOWN,UNKNOWN,UNKNOWN,UNKNOWN,UNKNOWN,unknown,https://www.nscorp.com,,listed,rebulk-directory (NS),,
"Charlotte Western Railroad, LLC",Jaguar Transport Holdings,,,GASTONIA,NC,UNKNOWN,UNKNOWN,UNKNOWN,UNKNOWN,UNKNOWN,UNKNOWN,UNKNOWN,UNKNOWN,UNKNOWN,UNKNOWN,UNKNOWN,UNKNOWN,UNKNOWN,UNKNOWN,UNKNOWN,UNKNOWN,UNKNOWN,UNKNOWN,UNKNOWN,UNKNOWN,UNKNOWN,UNKNOWN,UNKNOWN,UNKNOWN,UNKNOWN,UNKNOWN,unknown,https://jag-transport.com/charlotte-western-railroad/,,listed,rebulk-directory (CSX Charlotte We NS),,
Chattanooga NS TBT,,,,C. T. TOWER,TN,UNKNOWN,UNKNOWN,UNKNOWN,UNKNOWN,UNKNOWN,UNKNOWN,UNKNOWN,UNKNOWN,UNKNOWN,UNKNOWN,UNKNOWN,UNKNOWN,UNKNOWN,UNKNOWN,UNKNOWN,UNKNOWN,UNKNOWN,UNKNOWN,UNKNOWN,UNKNOWN,UNKNOWN,UNKNOWN,UNKNOWN,UNKNOWN,UNKNOWN,UNKNOWN,unknown,https://www.nscorp.com,,listed,rebulk-directory (NS),,
Chem-Way Corporation,,,,CHARLOTTE,NC,UNKNOWN,UNKNOWN,UNKNOWN,UNKNOWN,UNKNOWN,UNKNOWN,UNKNOWN,UNKNOWN,UNKNOWN,UNKNOWN,UNKNOWN,UNKNOWN,UNKNOWN,UNKNOWN,UNKNOWN,UNKNOWN,UNKNOWN,UNKNOWN,UNKNOWN,UNKNOWN,UNKNOWN,UNKNOWN,UNKNOWN,UNKNOWN,UNKNOWN,UNKNOWN,unknown,https://CHEMWAY.COM,,listed,rebulk-directory (NS),,
ChemFlo North America Transloading,,,,EMMETT,ID,UNKNOWN,UNKNOWN,UNKNOWN,UNKNOWN,UNKNOWN,UNKNOWN,UNKNOWN,UNKNOWN,UNKNOWN,UNKNOWN,UNKNOWN,UNKNOWN,UNKNOWN,UNKNOWN,UNKNOWN,UNKNOWN,UNKNOWN,UNKNOWN,UNKNOWN,UNKNOWN,UNKNOWN,UNKNOWN,UNKNOWN,UNKNOWN,UNKNOWN,UNKNOWN,unknown,https://chemflo.net/,,listed,rebulk-directory (INPR),,
Chemical South Transport,,info@chemicalsouth.com,(912) 966-1000,SAVANNAH,GA,NO,NO,NO,YES,NO,NO,NO,NO,NO,YES,NO,NO,YES,NO,YES,NO,NO,NO,NO,YES,NO,NO,YES,YES,NO,NO,unknown,http://www.chemicalsouthtransport.com/,,verified,swl-internal,OPERATIONAL,high
Chemical Transfer Co,,www.linkedin.com/in/bill-stark-7a24072a,(209) 466-3554,STOCKTON,CA,YES,NO,NO,YES,NO,NO,NO,NO,NO,NO,NO,NO,YES,NO,NO,NO,NO,NO,NO,YES,NO,NO,YES,NO,YES,NO,unknown,"https://www.google.com/maps/place/Chemical+Transfer+Co/@37.9182428,-121.2795849,123m/data=!3m1!1e3!4m13!1m7!3m6!1s0x809013240b316ef3:0xd47f9fc43d41778e!2s3105+El+Dorado+St,+Stockton,+CA+95206!3b1!8m2!3d37.9181922!4d-121.2796245!3m4!1s0x809013240c57ab0b:0x34c6ffd82f79129f!8m2!3d37.9182958!4d-121.2793013",,verified,swl-internal,OPERATIONAL,high
Chemicals Inc,,info@chemicalsinc.com,(979) 244-0100,BAY CITY,TX,YES,NO,NO,YES,NO,NO,NO,NO,NO,YES,NO,NO,YES,NO,YES,NO,NO,NO,NO,YES,YES,NO,YES,NO,YES,NO,unknown,http://www.chemicalsinc.com/,,verified,swl-internal,OPERATIONAL,high
Chempak International Inc,,info@chempak.net,,LA PORTE,IN,NO,NO,YES,YES,NO,NO,NO,NO,NO,YES,NO,NO,YES,NO,NO,YES,NO,NO,NO,YES,NO,NO,NO,YES,YES,NO,unknown,http://www.chempak.net/RailTransfer.asp,,verified,swl-internal,NOT_FOUND,low
Chempak International Inc,,info@chempak.net,(610) 521-7474,ESSINGTON,PA,YES,NO,YES,YES,NO,NO,NO,NO,NO,YES,NO,NO,YES,NO,YES,NO,NO,NO,NO,YES,NO,NO,YES,NO,YES,NO,unknown,http://www.chempak.net/,,verified,swl-internal,OPERATIONAL,high
Chempak International Inc,,info@chempak.net,(864) 269-4785,GREENVILLE,SC,NO,NO,YES,YES,NO,NO,NO,NO,NO,YES,NO,NO,YES,NO,NO,YES,NO,NO,NO,YES,NO,NO,NO,YES,YES,NO,unknown,http://www.chempakinternational.net/,,verified,swl-internal,OPERATIONAL,medium
Chempak International Inc,,info@chempak.net,,SPENCE,TX,YES,NO,YES,YES,NO,NO,NO,NO,NO,YES,NO,NO,YES,NO,YES,NO,NO,NO,NO,YES,NO,NO,YES,NO,YES,NO,unknown,http://www.chempak.net/RailTransfer.asp,,verified,swl-internal,NOT_FOUND,none
Chemserve Terminal of Wilmington,,,,WILMINGTON,NC,UNKNOWN,UNKNOWN,UNKNOWN,UNKNOWN,UNKNOWN,UNKNOWN,UNKNOWN,UNKNOWN,UNKNOWN,UNKNOWN,UNKNOWN,UNKNOWN,UNKNOWN,UNKNOWN,UNKNOWN,UNKNOWN,UNKNOWN,UNKNOWN,UNKNOWN,UNKNOWN,UNKNOWN,UNKNOWN,UNKNOWN,UNKNOWN,UNKNOWN,UNKNOWN,unknown,http://www.chemserveterminal.com/,,listed,rebulk-directory (WTRY CSX),,
Chesapeake & Delaware,Transload,,,FLEMINGTON,NJ,UNKNOWN,UNKNOWN,UNKNOWN,UNKNOWN,UNKNOWN,UNKNOWN,UNKNOWN,UNKNOWN,UNKNOWN,UNKNOWN,UNKNOWN,UNKNOWN,UNKNOWN,UNKNOWN,UNKNOWN,UNKNOWN,UNKNOWN,UNKNOWN,UNKNOWN,UNKNOWN,UNKNOWN,UNKNOWN,UNKNOWN,UNKNOWN,UNKNOWN,UNKNOWN,unknown,https://www.cadrailroads.com/services,,listed,rebulk-directory (Black River & Western Railroad (BRW)),,
Chesapeake & Delaware,Transload,,,PORT MURRAY,NJ,UNKNOWN,UNKNOWN,UNKNOWN,UNKNOWN,UNKNOWN,UNKNOWN,UNKNOWN,UNKNOWN,UNKNOWN,UNKNOWN,UNKNOWN,UNKNOWN,UNKNOWN,UNKNOWN,UNKNOWN,UNKNOWN,UNKNOWN,UNKNOWN,UNKNOWN,UNKNOWN,UNKNOWN,UNKNOWN,UNKNOWN,UNKNOWN,UNKNOWN,UNKNOWN,unknown,https://www.cadrailroads.com/services,,listed,rebulk-directory (Dover & Delaware River Railroad (DD)),,
Chesapeake & Delaware,Transload,,,TOTOWA,NJ,UNKNOWN,UNKNOWN,UNKNOWN,UNKNOWN,UNKNOWN,UNKNOWN,UNKNOWN,UNKNOWN,UNKNOWN,UNKNOWN,UNKNOWN,UNKNOWN,UNKNOWN,UNKNOWN,UNKNOWN,UNKNOWN,UNKNOWN,UNKNOWN,UNKNOWN,UNKNOWN,UNKNOWN,UNKNOWN,UNKNOWN,UNKNOWN,UNKNOWN,UNKNOWN,unknown,https://www.cadrailroads.com/services,,listed,rebulk-directory (Dover & Delaware River Railroad (DD)),,
Chesapeake & Delaware,Transload,,,WASHINGTON,NJ,UNKNOWN,UNKNOWN,UNKNOWN,UNKNOWN,UNKNOWN,UNKNOWN,UNKNOWN,UNKNOWN,UNKNOWN,UNKNOWN,UNKNOWN,UNKNOWN,UNKNOWN,UNKNOWN,UNKNOWN,UNKNOWN,UNKNOWN,UNKNOWN,UNKNOWN,UNKNOWN,UNKNOWN,UNKNOWN,UNKNOWN,UNKNOWN,UNKNOWN,UNKNOWN,unknown,https://www.cadrailroads.com/services,,listed,rebulk-directory (Dover & Delaware River Railroad (DD)),,
Chesapeake NS TBT,,,,CHESAPEAKE,VA,UNKNOWN,UNKNOWN,UNKNOWN,UNKNOWN,UNKNOWN,UNKNOWN,UNKNOWN,UNKNOWN,UNKNOWN,UNKNOWN,UNKNOWN,UNKNOWN,UNKNOWN,UNKNOWN,UNKNOWN,UNKNOWN,UNKNOWN,UNKNOWN,UNKNOWN,UNKNOWN,UNKNOWN,UNKNOWN,UNKNOWN,UNKNOWN,UNKNOWN,UNKNOWN,unknown,https://www.nscorp.com,,listed,rebulk-directory (NS),,
Chester Rock Transload Track,,,,CHESTER,SC,UNKNOWN,UNKNOWN,UNKNOWN,UNKNOWN,UNKNOWN,UNKNOWN,UNKNOWN,UNKNOWN,UNKNOWN,UNKNOWN,UNKNOWN,UNKNOWN,UNKNOWN,UNKNOWN,UNKNOWN,UNKNOWN,UNKNOWN,UNKNOWN,UNKNOWN,UNKNOWN,UNKNOWN,UNKNOWN,UNKNOWN,UNKNOWN,UNKNOWN,UNKNOWN,unknown,https://gulfandohio.com/l-c,,listed,rebulk-directory (Lancaster & Chester Railroad (LC) CSX NS),,
"Chicago Rail Link, LLC (OmniTRAX)",Multi-Commodity Transload Terminal,,,CHICAGO,IL,UNKNOWN,UNKNOWN,UNKNOWN,UNKNOWN,UNKNOWN,UNKNOWN,UNKNOWN,UNKNOWN,UNKNOWN,UNKNOWN,UNKNOWN,UNKNOWN,UNKNOWN,UNKNOWN,UNKNOWN,UNKNOWN,UNKNOWN,UNKNOWN,UNKNOWN,UNKNOWN,UNKNOWN,UNKNOWN,UNKNOWN,UNKNOWN,UNKNOWN,UNKNOWN,unknown,https://omnitrax.com/chicago-rail-link-2/,,listed,rebulk-directory (CRL connections),,
Choice Terminal,Ohio,,,CINCINNATI,OH,UNKNOWN,UNKNOWN,UNKNOWN,UNKNOWN,UNKNOWN,UNKNOWN,UNKNOWN,UNKNOWN,UNKNOWN,UNKNOWN,UNKNOWN,UNKNOWN,UNKNOWN,UNKNOWN,UNKNOWN,UNKNOWN,UNKNOWN,UNKNOWN,UNKNOWN,UNKNOWN,UNKNOWN,UNKNOWN,UNKNOWN,UNKNOWN,UNKNOWN,UNKNOWN,unknown,,,listed,rebulk-directory (G&W IORY),,
Cicada New Town Terminal LLC,,,,NEW TOWN,ND,UNKNOWN,UNKNOWN,UNKNOWN,UNKNOWN,UNKNOWN,UNKNOWN,UNKNOWN,UNKNOWN,UNKNOWN,UNKNOWN,UNKNOWN,UNKNOWN,UNKNOWN,UNKNOWN,UNKNOWN,UNKNOWN,UNKNOWN,UNKNOWN,UNKNOWN,UNKNOWN,UNKNOWN,UNKNOWN,UNKNOWN,UNKNOWN,UNKNOWN,UNKNOWN,unknown,https://www.cicadalogistics.co/,,listed,rebulk-directory (CPKC),,
CIG Logistics,Loving Terminal,,,CARLSBAD,NM,UNKNOWN,UNKNOWN,UNKNOWN,UNKNOWN,UNKNOWN,UNKNOWN,UNKNOWN,UNKNOWN,UNKNOWN,UNKNOWN,UNKNOWN,UNKNOWN,UNKNOWN,UNKNOWN,UNKNOWN,UNKNOWN,UNKNOWN,UNKNOWN,UNKNOWN,UNKNOWN,UNKNOWN,UNKNOWN,UNKNOWN,UNKNOWN,UNKNOWN,UNKNOWN,unknown,https://www.ciglogistics.com/locations,,listed,rebulk-directory (BNSF),,
CIG Logistics,Terminal,,,JAL,NM,UNKNOWN,UNKNOWN,UNKNOWN,UNKNOWN,UNKNOWN,UNKNOWN,UNKNOWN,UNKNOWN,UNKNOWN,UNKNOWN,UNKNOWN,UNKNOWN,UNKNOWN,UNKNOWN,UNKNOWN,UNKNOWN,UNKNOWN,UNKNOWN,UNKNOWN,UNKNOWN,UNKNOWN,UNKNOWN,UNKNOWN,UNKNOWN,UNKNOWN,UNKNOWN,unknown,https://www.ciglogistics.com/locations,,listed,rebulk-directory (Texas & New Mexico Railway (TXN) UP),,
CIG Logistics,,,,BINGHAMTON,NY,UNKNOWN,UNKNOWN,UNKNOWN,UNKNOWN,UNKNOWN,UNKNOWN,UNKNOWN,UNKNOWN,UNKNOWN,UNKNOWN,UNKNOWN,UNKNOWN,UNKNOWN,UNKNOWN,UNKNOWN,UNKNOWN,UNKNOWN,UNKNOWN,UNKNOWN,UNKNOWN,UNKNOWN,UNKNOWN,UNKNOWN,UNKNOWN,UNKNOWN,UNKNOWN,unknown,https://ciglogistics.com/locations/,,listed,rebulk-directory (NS),,
CIG Logistics,,,,ARDMORE,OK,UNKNOWN,UNKNOWN,UNKNOWN,UNKNOWN,UNKNOWN,UNKNOWN,UNKNOWN,UNKNOWN,UNKNOWN,UNKNOWN,UNKNOWN,UNKNOWN,UNKNOWN,UNKNOWN,UNKNOWN,UNKNOWN,UNKNOWN,UNKNOWN,UNKNOWN,UNKNOWN,UNKNOWN,UNKNOWN,UNKNOWN,UNKNOWN,UNKNOWN,UNKNOWN,unknown,https://www.ciglogistics.com/,,listed,rebulk-directory (BNSF),,
Cig Logistics Services,,bross@ciglogistics.com,,LUBBOCK,TX,NO,NO,NO,NO,NO,NO,YES,NO,NO,NO,NO,NO,NO,NO,NO,NO,NO,NO,NO,NO,NO,NO,NO,YES,NO,NO,unknown,https://ciglogistics.com/wp-content/uploads/2020/01/Lubbock.pdf,,verified,swl-internal,OPERATIONAL,high
Cig Logistics Services,,bross@ciglogistics.com,(817) 768-6391,NAVASOTA,TX,NO,NO,NO,NO,NO,NO,YES,NO,NO,NO,NO,NO,NO,NO,NO,NO,NO,NO,NO,NO,NO,NO,NO,YES,NO,NO,unknown,http://ciglogistics.com/,,verified,swl-internal,OPERATIONAL,high
Cig Logistics Services,,jwilliams@ciglogistics.com,,SAN ANTONIO,TX,NO,NO,NO,NO,NO,NO,YES,NO,NO,NO,NO,NO,NO,NO,NO,NO,NO,NO,NO,NO,NO,NO,NO,YES,NO,NO,unknown,https://ciglogistics.com/wp-content/uploads/2020/01/San-Antonio.pdf,,verified,swl-internal,NOT_FOUND,low
Cig Logistics Services,,bross@ciglogistics.com,(806) 786-3214,SLATON,TX,NO,NO,NO,NO,NO,NO,YES,NO,NO,NO,NO,NO,NO,NO,NO,NO,NO,NO,NO,NO,NO,NO,NO,YES,NO,NO,unknown,http://ciglogistics.com/,,verified,swl-internal,OPERATIONAL,medium
Cig Logistics Services,,awarnick@ciglogistics.com,(210) 417-7288,WITCO,TX,NO,NO,NO,NO,NO,NO,YES,NO,NO,NO,NO,NO,NO,NO,NO,NO,NO,NO,NO,NO,NO,NO,NO,YES,NO,NO,unknown,http://www.ciglogistics.com/,,verified,swl-internal,OPERATIONAL,high
Cimarron Valley Railroad (CVR),Jaguar Transport Holdings,,,SATANTA,KS,UNKNOWN,UNKNOWN,UNKNOWN,UNKNOWN,UNKNOWN,UNKNOWN,UNKNOWN,UNKNOWN,UNKNOWN,UNKNOWN,UNKNOWN,UNKNOWN,UNKNOWN,UNKNOWN,UNKNOWN,UNKNOWN,UNKNOWN,UNKNOWN,UNKNOWN,UNKNOWN,UNKNOWN,UNKNOWN,UNKNOWN,UNKNOWN,UNKNOWN,UNKNOWN,unknown,https://jag-transport.com/cimarron-valley-railroad/,,listed,rebulk-directory (Cimarron Val),,
Cincinnati Barge & Rail Terminal LLC,,jstewart@barge2rail.com,(513) 721-1707,CINCINNATI,OH,NO,NO,NO,NO,NO,NO,NO,NO,YES,NO,NO,YES,NO,NO,NO,NO,YES,NO,NO,NO,NO,NO,NO,NO,NO,NO,unknown,https://www.barge2rail.com/,,verified,swl-internal,OPERATIONAL,high
Cincinnati Eastern Railroad,Roundbottom Transload,,,MILFORD,OH,UNKNOWN,UNKNOWN,UNKNOWN,UNKNOWN,UNKNOWN,UNKNOWN,UNKNOWN,UNKNOWN,UNKNOWN,UNKNOWN,UNKNOWN,UNKNOWN,UNKNOWN,UNKNOWN,UNKNOWN,UNKNOWN,UNKNOWN,UNKNOWN,UNKNOWN,UNKNOWN,UNKNOWN,UNKNOWN,UNKNOWN,UNKNOWN,UNKNOWN,UNKNOWN,unknown,,,listed,rebulk-directory (Cincinnati Eastern Railroad (CCET)),,
CITGO/Sunoco Baltimore Petroleum Terminal,,,,BALTIMORE,MD,UNKNOWN,UNKNOWN,UNKNOWN,UNKNOWN,UNKNOWN,UNKNOWN,UNKNOWN,UNKNOWN,UNKNOWN,UNKNOWN,UNKNOWN,UNKNOWN,UNKNOWN,UNKNOWN,UNKNOWN,UNKNOWN,UNKNOWN,UNKNOWN,UNKNOWN,UNKNOWN,UNKNOWN,UNKNOWN,UNKNOWN,UNKNOWN,UNKNOWN,UNKNOWN,unknown,https://www.citgo.com/what-we-do/terminals-and-pipelines/,,listed,rebulk-directory (CSX),,
Citi-Cargo & Storage,,,,EAGAN,MN,UNKNOWN,UNKNOWN,UNKNOWN,UNKNOWN,UNKNOWN,UNKNOWN,UNKNOWN,UNKNOWN,UNKNOWN,UNKNOWN,UNKNOWN,UNKNOWN,UNKNOWN,UNKNOWN,UNKNOWN,UNKNOWN,UNKNOWN,UNKNOWN,UNKNOWN,UNKNOWN,UNKNOWN,UNKNOWN,UNKNOWN,UNKNOWN,UNKNOWN,UNKNOWN,unknown,https://citi-cargo.com/minnesota-warehousing-locations/,,listed,rebulk-directory (CPKC PGR),,
City Of Rochelle Railroad,,,,ROCHELLE,IL,UNKNOWN,UNKNOWN,UNKNOWN,UNKNOWN,UNKNOWN,UNKNOWN,UNKNOWN,UNKNOWN,UNKNOWN,UNKNOWN,UNKNOWN,UNKNOWN,UNKNOWN,UNKNOWN,UNKNOWN,UNKNOWN,UNKNOWN,UNKNOWN,UNKNOWN,UNKNOWN,UNKNOWN,UNKNOWN,UNKNOWN,UNKNOWN,UNKNOWN,UNKNOWN,unknown,https://www.rochelletransload.com/,,listed,rebulk-directory (BNSF),,
City of Washington Team Track Facility,,,,WASHINGTON,MO,UNKNOWN,UNKNOWN,UNKNOWN,UNKNOWN,UNKNOWN,UNKNOWN,UNKNOWN,UNKNOWN,UNKNOWN,UNKNOWN,UNKNOWN,UNKNOWN,UNKNOWN,UNKNOWN,UNKNOWN,UNKNOWN,UNKNOWN,UNKNOWN,UNKNOWN,UNKNOWN,UNKNOWN,UNKNOWN,UNKNOWN,UNKNOWN,UNKNOWN,UNKNOWN,unknown,https://www.washmo.gov/o/washmoworks/page/rail-spur-team-track,,listed,rebulk-directory (UP),,
CJB Industries,,,,VALDOSTA,GA,UNKNOWN,UNKNOWN,UNKNOWN,UNKNOWN,UNKNOWN,UNKNOWN,UNKNOWN,UNKNOWN,UNKNOWN,UNKNOWN,UNKNOWN,UNKNOWN,UNKNOWN,UNKNOWN,UNKNOWN,UNKNOWN,UNKNOWN,UNKNOWN,UNKNOWN,UNKNOWN,UNKNOWN,UNKNOWN,UNKNOWN,UNKNOWN,UNKNOWN,UNKNOWN,unknown,https://cjbindustries.com/contact/,,listed,rebulk-directory (G&W VR),,
Clare NS TBT,,,,CLARE,OH,UNKNOWN,UNKNOWN,UNKNOWN,UNKNOWN,UNKNOWN,UNKNOWN,UNKNOWN,UNKNOWN,UNKNOWN,UNKNOWN,UNKNOWN,UNKNOWN,UNKNOWN,UNKNOWN,UNKNOWN,UNKNOWN,UNKNOWN,UNKNOWN,UNKNOWN,UNKNOWN,UNKNOWN,UNKNOWN,UNKNOWN,UNKNOWN,UNKNOWN,UNKNOWN,unknown,https://www.nscorp.com,,listed,rebulk-directory (NS),,
Clausen Warehousing,,,,CLINTON,IA,UNKNOWN,UNKNOWN,UNKNOWN,UNKNOWN,UNKNOWN,UNKNOWN,UNKNOWN,UNKNOWN,UNKNOWN,UNKNOWN,UNKNOWN,UNKNOWN,UNKNOWN,UNKNOWN,UNKNOWN,UNKNOWN,UNKNOWN,UNKNOWN,UNKNOWN,UNKNOWN,UNKNOWN,UNKNOWN,UNKNOWN,UNKNOWN,UNKNOWN,UNKNOWN,unknown,https://www.clausenco.net/,,listed,rebulk-directory (Union Pacific (UP)),,
Claysburg Transload Facility,,,,CLAYSBURG,PA,UNKNOWN,UNKNOWN,UNKNOWN,UNKNOWN,UNKNOWN,UNKNOWN,UNKNOWN,UNKNOWN,UNKNOWN,UNKNOWN,UNKNOWN,UNKNOWN,UNKNOWN,UNKNOWN,UNKNOWN,UNKNOWN,UNKNOWN,UNKNOWN,UNKNOWN,UNKNOWN,UNKNOWN,UNKNOWN,UNKNOWN,UNKNOWN,UNKNOWN,UNKNOWN,unknown,https://everettrailroad.com/freight-info/,,listed,rebulk-directory (EV NS),,
Clean Harbors Burton Rail-to-Truck Transfer Operation,,,,BURTON,MI,UNKNOWN,UNKNOWN,UNKNOWN,UNKNOWN,UNKNOWN,UNKNOWN,UNKNOWN,UNKNOWN,UNKNOWN,UNKNOWN,UNKNOWN,UNKNOWN,UNKNOWN,UNKNOWN,UNKNOWN,UNKNOWN,UNKNOWN,UNKNOWN,UNKNOWN,UNKNOWN,UNKNOWN,UNKNOWN,UNKNOWN,UNKNOWN,UNKNOWN,UNKNOWN,unknown,https://www.cleanharbors.com/location/burton-rail-to-truck-transfer-operation,,listed,rebulk-directory (Lake State Railway (LSRC)),,
Clean Harbors Environmental Services Inc,,strongoskyj@cleanharbors.com,(810) 715-2700,NORTH FLINT,MI,YES,NO,YES,YES,NO,NO,NO,NO,NO,YES,NO,NO,NO,NO,NO,NO,NO,NO,NO,YES,NO,NO,YES,NO,NO,NO,unknown,https://www.cleanharbors.com/,,verified,swl-internal,OPERATIONAL,high
Clean Harbors San Jose Facility Rail Spur Facility,,,,REDWOOD CITY,CA,UNKNOWN,UNKNOWN,UNKNOWN,UNKNOWN,UNKNOWN,UNKNOWN,UNKNOWN,UNKNOWN,UNKNOWN,UNKNOWN,UNKNOWN,UNKNOWN,UNKNOWN,UNKNOWN,UNKNOWN,UNKNOWN,UNKNOWN,UNKNOWN,UNKNOWN,UNKNOWN,UNKNOWN,UNKNOWN,UNKNOWN,UNKNOWN,UNKNOWN,UNKNOWN,unknown,https://www.cleanharbors.com/location/san-jose-facility-rail-spur-facility,,listed,rebulk-directory (UP),,
Clearwater Transload And Storage Inc.,,,,LEWISTON,ID,UNKNOWN,UNKNOWN,UNKNOWN,UNKNOWN,UNKNOWN,UNKNOWN,UNKNOWN,UNKNOWN,UNKNOWN,UNKNOWN,UNKNOWN,UNKNOWN,UNKNOWN,UNKNOWN,UNKNOWN,UNKNOWN,UNKNOWN,UNKNOWN,UNKNOWN,UNKNOWN,UNKNOWN,UNKNOWN,UNKNOWN,UNKNOWN,UNKNOWN,UNKNOWN,unknown,,,listed,rebulk-directory (BNSF),,
Cleveland Industrial Warehouse Corp.,,,,CLEVELAND,OH,UNKNOWN,UNKNOWN,UNKNOWN,UNKNOWN,UNKNOWN,UNKNOWN,UNKNOWN,UNKNOWN,UNKNOWN,UNKNOWN,UNKNOWN,UNKNOWN,UNKNOWN,UNKNOWN,UNKNOWN,UNKNOWN,UNKNOWN,UNKNOWN,UNKNOWN,UNKNOWN,UNKNOWN,UNKNOWN,UNKNOWN,UNKNOWN,UNKNOWN,UNKNOWN,unknown,http://www.clevelandindustrial.com,,listed,rebulk-directory (NS),,
Clever Transfer LLC Transload,,,,MAUGANSVILLE,MD,UNKNOWN,UNKNOWN,UNKNOWN,UNKNOWN,UNKNOWN,UNKNOWN,UNKNOWN,UNKNOWN,UNKNOWN,UNKNOWN,UNKNOWN,UNKNOWN,UNKNOWN,UNKNOWN,UNKNOWN,UNKNOWN,UNKNOWN,UNKNOWN,UNKNOWN,UNKNOWN,UNKNOWN,UNKNOWN,UNKNOWN,UNKNOWN,UNKNOWN,UNKNOWN,unknown,,,listed,rebulk-directory (NS),,
"Cn Autoport-Brownstown, Mi",,,,WOODHAVEN,MI,UNKNOWN,UNKNOWN,UNKNOWN,UNKNOWN,UNKNOWN,UNKNOWN,UNKNOWN,UNKNOWN,UNKNOWN,UNKNOWN,UNKNOWN,UNKNOWN,UNKNOWN,UNKNOWN,UNKNOWN,UNKNOWN,UNKNOWN,UNKNOWN,UNKNOWN,UNKNOWN,UNKNOWN,UNKNOWN,UNKNOWN,UNKNOWN,UNKNOWN,UNKNOWN,unknown,,,listed,rebulk-directory (CN),,
"Cn Autoport-Dearborn, Mi",,,,DEARBORN,MI,UNKNOWN,UNKNOWN,UNKNOWN,UNKNOWN,UNKNOWN,UNKNOWN,UNKNOWN,UNKNOWN,UNKNOWN,UNKNOWN,UNKNOWN,UNKNOWN,UNKNOWN,UNKNOWN,UNKNOWN,UNKNOWN,UNKNOWN,UNKNOWN,UNKNOWN,UNKNOWN,UNKNOWN,UNKNOWN,UNKNOWN,UNKNOWN,UNKNOWN,UNKNOWN,unknown,,,listed,rebulk-directory (CN),,
"Cn Autoport-Jackson, Ms",,,,JACKSON,MS,UNKNOWN,UNKNOWN,UNKNOWN,UNKNOWN,UNKNOWN,UNKNOWN,UNKNOWN,UNKNOWN,UNKNOWN,UNKNOWN,UNKNOWN,UNKNOWN,UNKNOWN,UNKNOWN,UNKNOWN,UNKNOWN,UNKNOWN,UNKNOWN,UNKNOWN,UNKNOWN,UNKNOWN,UNKNOWN,UNKNOWN,UNKNOWN,UNKNOWN,UNKNOWN,unknown,,,listed,rebulk-directory (CN),,
"Cn Autoport-Lansing, Mi",,,,CHARLOTTE,MI,UNKNOWN,UNKNOWN,UNKNOWN,UNKNOWN,UNKNOWN,UNKNOWN,UNKNOWN,UNKNOWN,UNKNOWN,UNKNOWN,UNKNOWN,UNKNOWN,UNKNOWN,UNKNOWN,UNKNOWN,UNKNOWN,UNKNOWN,UNKNOWN,UNKNOWN,UNKNOWN,UNKNOWN,UNKNOWN,UNKNOWN,UNKNOWN,UNKNOWN,UNKNOWN,unknown,,,listed,rebulk-directory (CN),,
"Cn Autoport-Markham, Il",,,,HARVEY,IL,UNKNOWN,UNKNOWN,UNKNOWN,UNKNOWN,UNKNOWN,UNKNOWN,UNKNOWN,UNKNOWN,UNKNOWN,UNKNOWN,UNKNOWN,UNKNOWN,UNKNOWN,UNKNOWN,UNKNOWN,UNKNOWN,UNKNOWN,UNKNOWN,UNKNOWN,UNKNOWN,UNKNOWN,UNKNOWN,UNKNOWN,UNKNOWN,UNKNOWN,UNKNOWN,unknown,https://www.cn.ca/en/our-services/transload-and-distribution,,listed,rebulk-directory (CN),,
"Cn Autoport-Memphis, Tn",,,,MEMPHIS,TN,UNKNOWN,UNKNOWN,UNKNOWN,UNKNOWN,UNKNOWN,UNKNOWN,UNKNOWN,UNKNOWN,UNKNOWN,UNKNOWN,UNKNOWN,UNKNOWN,UNKNOWN,UNKNOWN,UNKNOWN,UNKNOWN,UNKNOWN,UNKNOWN,UNKNOWN,UNKNOWN,UNKNOWN,UNKNOWN,UNKNOWN,UNKNOWN,UNKNOWN,UNKNOWN,unknown,,,listed,rebulk-directory (CN),,
"Cn Autoport-New Richmond, Wi",,,,NEW RICHMOND,WI,UNKNOWN,UNKNOWN,UNKNOWN,UNKNOWN,UNKNOWN,UNKNOWN,UNKNOWN,UNKNOWN,UNKNOWN,UNKNOWN,UNKNOWN,UNKNOWN,UNKNOWN,UNKNOWN,UNKNOWN,UNKNOWN,UNKNOWN,UNKNOWN,UNKNOWN,UNKNOWN,UNKNOWN,UNKNOWN,UNKNOWN,UNKNOWN,UNKNOWN,UNKNOWN,unknown,https://www.cn.ca/en/your-industry/automotive/,,listed,rebulk-directory (CN),,
CN Cargflo (Mapleleaf Distribution),,sales@cn.ca,(413) 283-2971,PALMER,MA,NO,NO,NO,NO,NO,NO,NO,YES,YES,NO,NO,YES,NO,NO,NO,NO,YES,NO,NO,NO,NO,NO,NO,NO,NO,NO,unknown,https://sulco-lancer.com/about-sulco-lancer-warehousing-logistics/maple-leaf-distribution-services/,,verified,swl-internal,OPERATIONAL,medium
CN Cargloflo (Transx),,sales@cn.ca,(866) 926-7245,MISSISSAUGA,ON,NO,NO,NO,NO,NO,NO,NO,YES,YES,NO,NO,YES,NO,NO,NO,NO,YES,NO,NO,NO,NO,NO,NO,NO,NO,NO,unknown,https://www.cn.ca/en/,,verified,swl-internal,OPERATIONAL,medium
CN Cargloflo (Vip Rail),,sales@cn.ca,+1 519-383-7200,SARNIA,ON,YES,NO,YES,YES,YES,YES,NO,YES,YES,YES,YES,YES,YES,NO,NO,NO,YES,NO,NO,YES,NO,NO,YES,YES,NO,NO,unknown,http://www.viprail.com/,,verified,swl-internal,OPERATIONAL,medium
CN Cargoflo,,sales@cn.ca,,CALGARY,AB,NO,NO,YES,YES,YES,YES,YES,YES,YES,YES,YES,YES,YES,NO,NO,YES,YES,NO,NO,YES,NO,YES,YES,YES,YES,NO,unknown,https://www.cn.ca/en/our-services/supply-chain-services/transload-and-distribution/,dead_link,review,swl-internal,NOT_FOUND,low
CN Cargoflo,,sales@cn.ca,,EDMONTON,AB,NO,NO,NO,NO,NO,NO,NO,NO,NO,NO,NO,NO,NO,NO,NO,NO,NO,NO,NO,NO,NO,NO,NO,NO,NO,NO,unknown,https://www.cn.ca/en/our-services/supply-chain-services/transload-and-distribution/,dead_link,review,swl-internal,NOT_FOUND,none
CN Cargoflo,,sales@cn.ca,,EDSON,AB,NO,NO,YES,YES,YES,YES,YES,YES,YES,YES,YES,NO,YES,NO,NO,YES,YES,NO,NO,YES,NO,YES,YES,YES,YES,NO,unknown,https://www.cn.ca/en/our-services/supply-chain-services/transload-and-distribution/,dead_link,review,swl-internal,NOT_FOUND,low
CN Cargoflo,,sales@cn.ca,,SCOTFORD,AB,YES,NO,YES,YES,NO,NO,NO,YES,YES,YES,NO,YES,NO,NO,NO,YES,YES,NO,NO,YES,NO,NO,YES,YES,YES,NO,unknown,https://www.cn.ca/en/our-services/supply-chain-services/transload-and-distribution/,dead_link,review,swl-internal,NOT_FOUND,low
CN Cargoflo,,sales@cn.ca,,ASHCROFT,BC,NO,NO,YES,YES,YES,YES,YES,NO,YES,YES,YES,NO,YES,NO,NO,YES,YES,NO,NO,YES,NO,YES,YES,YES,YES,NO,unknown,http://www.cn.ca/,,verified,swl-internal,OPERATIONAL,medium
CN Cargoflo,,sales@cn.ca,,NEW WESTMINSTER,BC,NO,NO,NO,NO,NO,NO,NO,YES,YES,NO,NO,YES,NO,NO,NO,NO,NO,NO,NO,NO,NO,NO,NO,YES,NO,NO,unknown,https://www.cn.ca/en/our-services/supply-chain-services/transload-and-distribution/,dead_link,review,swl-internal,NOT_FOUND,low
CN Cargoflo,,sales@cn.ca,,NORTH VANCOUVER,BC,NO,NO,NO,NO,NO,NO,NO,YES,NO,NO,NO,YES,NO,NO,NO,NO,NO,NO,NO,NO,NO,NO,NO,NO,NO,NO,unknown,https://www.cn.ca/en/our-services/supply-chain-services/transload-and-distribution/,dead_link,review,swl-internal,NOT_FOUND,none
CN Cargoflo,,sales@cn.ca,,PRINCE GEORGE,BC,NO,NO,NO,NO,NO,NO,NO,YES,NO,NO,NO,NO,NO,NO,NO,NO,NO,NO,NO,NO,NO,NO,NO,NO,NO,NO,unknown,https://www.cn.ca/en/our-services/supply-chain-services/transload-and-distribution/,dead_link,review,swl-internal,NOT_FOUND,low
CN Cargoflo,,sales@cn.ca,,SURREY,BC,NO,NO,NO,NO,NO,NO,NO,YES,YES,NO,NO,YES,NO,NO,NO,NO,YES,NO,NO,NO,NO,NO,NO,YES,NO,NO,unknown,https://www.cn.ca/en/our-services/supply-chain-services/transload-and-distribution/,dead_link,verified,swl-internal,OPERATIONAL,medium
CN Cargoflo,,sales@cn.ca,,VANCOUVER,BC,NO,NO,YES,YES,YES,YES,NO,NO,YES,YES,YES,NO,YES,NO,NO,YES,YES,NO,NO,YES,NO,YES,YES,YES,YES,NO,unknown,https://www.cn.ca/en/our-services/supply-chain-services/transload-and-distribution/,dead_link,review,swl-internal,NOT_FOUND,none
CN Cargoflo,,sales@cn.ca,,HARVEY,IL,NO,NO,NO,NO,YES,NO,NO,NO,NO,NO,NO,NO,NO,NO,NO,NO,YES,NO,NO,NO,NO,NO,YES,YES,NO,NO,unknown,https://www.cn.ca/en/our-services/supply-chain-services/transload-and-distribution/,dead_link,verified,swl-internal,OPERATIONAL,high
CN Cargoflo,,sales@cn.ca,,MARKHAM,IL,NO,NO,NO,NO,NO,NO,NO,NO,NO,NO,NO,NO,NO,NO,NO,NO,NO,NO,NO,NO,NO,NO,NO,NO,NO,NO,unknown,https://www.cn.ca/en/our-services/supply-chain-services/transload-and-distribution/,dead_link,verified,swl-internal,NOT_FOUND,low
CN Cargoflo,,sales@cn.ca,,WINNIPEG,MB,YES,NO,YES,YES,YES,YES,YES,NO,YES,YES,YES,NO,YES,NO,NO,NO,YES,NO,NO,NO,NO,YES,YES,YES,YES,NO,unknown,https://www.cn.ca/en/our-services/supply-chain-services/transload-and-distribution/,dead_link,review,swl-internal,NOT_FOUND,none
CN Cargoflo,,sales@cn.ca,,WOODNORTH,MB,NO,NO,NO,NO,NO,NO,NO,NO,NO,NO,NO,NO,NO,NO,NO,NO,NO,NO,NO,NO,NO,NO,NO,NO,NO,NO,unknown,https://www.cn.ca/en/our-services/supply-chain-services/transload-and-distribution/,dead_link,review,swl-internal,NOT_FOUND,low
CN Cargoflo,,sales@cn.ca,,DETROIT,MI,NO,NO,NO,NO,NO,NO,NO,YES,NO,NO,NO,NO,NO,NO,NO,NO,NO,NO,NO,NO,NO,NO,NO,NO,NO,NO,unknown,https://www.cn.ca/en/our-services/supply-chain-services/transload-and-distribution/,dead_link,verified,swl-internal,NOT_FOUND,low
CN Cargoflo,,sales@cn.ca,,FLAT ROCK,MI,YES,NO,NO,YES,NO,NO,NO,NO,NO,YES,NO,NO,YES,NO,NO,NO,NO,NO,NO,YES,NO,NO,YES,NO,YES,NO,unknown,https://www.cn.ca/en/our-services/supply-chain-services/transload-and-distribution/,dead_link,verified,swl-internal,OPERATIONAL,high
CN Cargoflo,,sales@cn.ca,(586) 756-9419,WARREN,MI,YES,NO,YES,YES,YES,YES,NO,NO,YES,YES,YES,NO,YES,NO,NO,YES,YES,NO,NO,YES,NO,YES,YES,YES,YES,NO,unknown,https://www.cn.ca/en/our-services/supply-chain-services/transload-and-distribution/,dead_link,verified,swl-internal,OPERATIONAL,high
CN Cargoflo,,sales@cn.ca,,EDMUNSTON,NB,NO,NO,NO,NO,NO,NO,NO,NO,NO,NO,NO,NO,NO,NO,NO,NO,NO,NO,NO,NO,NO,NO,NO,NO,NO,NO,unknown,https://www.cn.ca/en/our-services/supply-chain-services/transload-and-distribution/,dead_link,review,swl-internal,NOT_FOUND,low
CN Cargoflo,,sales@cn.ca,,MONCTON,NB,YES,NO,YES,YES,YES,YES,NO,NO,YES,YES,YES,NO,YES,NO,NO,YES,YES,NO,NO,YES,NO,NO,YES,YES,YES,NO,unknown,https://www.cn.ca/en/our-services/supply-chain-services/transload-and-distribution/,dead_link,review,swl-internal,NOT_FOUND,low
CN Cargoflo,,sales@cn.ca,,SAINT JOHN,NB,YES,NO,YES,YES,YES,YES,NO,NO,YES,YES,YES,NO,YES,NO,NO,YES,YES,NO,NO,YES,NO,NO,YES,YES,YES,NO,unknown,https://www.cn.ca/en/our-services/supply-chain-services/transload-and-distribution/,dead_link,verified,swl-internal,OPERATIONAL,high
CN Cargoflo,,sales@cn.ca,,ATIKOKAN,ON,NO,NO,NO,NO,NO,NO,NO,YES,NO,NO,NO,NO,NO,NO,NO,NO,NO,NO,NO,NO,NO,NO,NO,NO,NO,NO,unknown,https://www.cn.ca/en/our-services/supply-chain-services/transload-and-distribution/,dead_link,review,swl-internal,NOT_FOUND,low
CN Cargoflo,,sales@cn.ca,,CONCORD,ON,YES,NO,YES,YES,YES,YES,NO,NO,YES,YES,YES,NO,YES,NO,NO,YES,YES,NO,NO,YES,NO,YES,YES,YES,YES,YES,unknown,https://www.cn.ca/en/our-services/supply-chain-services/transload-and-distribution/,dead_link,review,swl-internal,NOT_FOUND,none
CN Cargoflo,,sales@cn.ca,,HAMILTON,ON,YES,YES,YES,YES,YES,YES,NO,NO,YES,YES,YES,NO,YES,NO,NO,NO,YES,NO,NO,YES,NO,NO,YES,YES,YES,NO,unknown,https://www.cn.ca/en/our-services/supply-chain-services/transload-and-distribution/,dead_link,verified,swl-internal,OPERATIONAL,medium
CN Cargoflo,,sales@cn.ca,,LONDON EAST,ON,NO,NO,NO,NO,NO,NO,NO,NO,NO,NO,NO,NO,NO,NO,NO,NO,NO,NO,NO,NO,NO,NO,NO,NO,NO,NO,unknown,https://www.cn.ca/en/our-services/supply-chain-services/transload-and-distribution/,dead_link,review,swl-internal,NOT_FOUND,none
CN Cargoflo,,sales@cn.ca,,VICKERS HEIGHTS,ON,YES,NO,YES,YES,YES,YES,YES,YES,YES,YES,YES,YES,YES,NO,NO,YES,YES,NO,NO,NO,NO,YES,YES,YES,NO,NO,unknown,https://www.cn.ca/en/our-services/supply-chain-services/transload-and-distribution/,dead_link,review,swl-internal,NOT_FOUND,low
CN Cargoflo,,sales@cn.ca,,MONTREAL TASCH YARD,PQ,YES,YES,YES,YES,YES,YES,NO,NO,YES,YES,YES,NO,YES,NO,NO,NO,YES,NO,NO,YES,NO,YES,YES,YES,YES,NO,unknown,https://www.cn.ca/en/our-services/supply-chain-services/transload-and-distribution/,dead_link,review,swl-internal,NOT_FOUND,none
CN Cargoflo,,sales@cn.ca,,SAINT-LAURENT,PQ,NO,NO,NO,NO,NO,NO,NO,NO,NO,NO,NO,NO,NO,NO,NO,NO,NO,NO,NO,NO,NO,NO,NO,NO,NO,NO,unknown,https://www.cn.ca/en/our-services/supply-chain-services/transload-and-distribution/,dead_link,review,swl-internal,NOT_FOUND,none
CN Cargoflo,,sales@cn.ca,,BIENFAIT,SK,YES,NO,YES,YES,YES,YES,NO,YES,YES,YES,YES,YES,YES,NO,NO,NO,YES,NO,NO,YES,NO,YES,YES,YES,YES,NO,unknown,https://www.cn.ca/en/our-services/supply-chain-services/transload-and-distribution/,dead_link,review,swl-internal,NOT_FOUND,none
CN Cargoflo,,sales@cn.ca,,NORTH BATTELFORD,SK,NO,NO,NO,NO,NO,NO,NO,YES,NO,NO,NO,NO,NO,NO,NO,NO,NO,NO,NO,NO,NO,NO,NO,NO,NO,NO,unknown,https://www.cn.ca/en/our-services/supply-chain-services/transload-and-distribution/,dead_link,review,swl-internal,NOT_FOUND,low
CN Cargoflo,,sales@cn.ca,,SASKATOON,SK,NO,NO,NO,NO,NO,NO,NO,NO,NO,NO,NO,NO,NO,NO,NO,NO,NO,NO,NO,NO,NO,NO,NO,NO,NO,NO,unknown,http://www.cn.ca/,,verified,swl-internal,OPERATIONAL,medium
CN Cargoflo,,sales@cn.ca,,WILLMAR,SK,NO,NO,NO,NO,NO,NO,NO,NO,NO,NO,NO,NO,NO,NO,NO,NO,NO,NO,NO,NO,NO,NO,NO,NO,NO,NO,unknown,https://www.cn.ca/en/our-services/supply-chain-services/transload-and-distribution/,dead_link,review,swl-internal,NOT_FOUND,none
CN Cargoflo,,sales@cn.ca,,MEMPHIS,TN,YES,YES,YES,YES,YES,YES,NO,YES,YES,YES,YES,YES,YES,NO,NO,YES,YES,NO,NO,NO,NO,YES,YES,YES,NO,NO,unknown,https://www.cn.ca/en/our-services/supply-chain-services/transload-and-distribution/,dead_link,verified,swl-internal,NOT_FOUND,low
CN Cargoflo (Active Warehouse Inc),,sales@cn.ca,+1 780-482-5800,EDMONTON,AB,NO,NO,NO,NO,NO,NO,NO,YES,NO,NO,NO,YES,NO,NO,NO,NO,NO,NO,NO,NO,NO,NO,NO,NO,NO,NO,unknown,http://www.activewarehousing.com/,,verified,swl-internal,OPERATIONAL,medium
CN Cargoflo (Cogema Rail Barge),,sales@cn.ca,,MATANE,PQ,YES,YES,YES,YES,YES,YES,NO,YES,YES,YES,YES,YES,YES,NO,NO,NO,YES,NO,NO,YES,NO,YES,YES,YES,YES,NO,unknown,https://www.cn.ca/en/our-services/supply-chain-services/transload-and-distribution/,dead_link,review,swl-internal,NOT_FOUND,low
CN Cargoflo (Fraser Surrey Docks),,sales@cn.ca,,SURREY,BC,NO,NO,NO,NO,NO,NO,NO,YES,NO,NO,NO,NO,NO,NO,NO,NO,NO,NO,NO,NO,NO,NO,NO,NO,NO,NO,unknown,https://www.dpworld.com/,,verified,swl-internal,OPERATIONAL,high
CN Cargoflo (Kearney Companies),,sales@cn.ca,(504) 831-0266,NEW ORLEANS,LA,YES,YES,YES,YES,YES,YES,NO,YES,YES,YES,YES,YES,YES,NO,NO,NO,YES,NO,NO,NO,NO,YES,YES,YES,NO,NO,unknown,http://www.kearneycompanies.com/,,verified,swl-internal,OPERATIONAL,high
CN Cargoflo (Ray-Mont Logistics),,sales@cn.ca,,MONTREAL,PQ,YES,NO,YES,YES,YES,YES,NO,NO,YES,YES,YES,NO,YES,NO,NO,NO,YES,NO,NO,YES,NO,YES,YES,YES,YES,NO,unknown,https://www.cn.ca/en/our-services/supply-chain-services/transload-and-distribution/,dead_link,review,swl-internal,NOT_FOUND,low
CN Cargoflo (Services Nolitrex),,sales@cn.ca,,QUEBEC,PQ,YES,YES,YES,YES,YES,YES,NO,YES,YES,YES,YES,YES,YES,NO,NO,NO,YES,NO,NO,YES,NO,YES,YES,YES,YES,NO,unknown,https://www.cn.ca/en/our-services/supply-chain-services/transload-and-distribution/,dead_link,review,swl-internal,NOT_FOUND,low
CN Cargoflo (Transx),,sales@cn.ca,,CALGARY,AB,NO,NO,NO,NO,NO,NO,NO,YES,YES,NO,NO,YES,NO,NO,NO,NO,YES,NO,NO,NO,NO,NO,NO,NO,NO,NO,unknown,https://www.cn.ca/en/our-services/supply-chain-services/transload-and-distribution/,dead_link,review,swl-internal,NOT_FOUND,low
CN Cargoflo (Transx),,sales@cn.ca,,EDMONTON,AB,NO,NO,NO,NO,NO,NO,NO,YES,YES,NO,NO,YES,NO,NO,NO,NO,YES,NO,NO,NO,NO,NO,NO,NO,NO,NO,unknown,https://www.cn.ca/en/our-services/supply-chain-services/transload-and-distribution/,dead_link,review,swl-internal,NOT_FOUND,low
CN Cargoflo (Transx),,sales@cn.ca,+1 403-342-0777,RED DEER,AB,NO,NO,YES,NO,NO,NO,NO,YES,YES,NO,NO,YES,NO,NO,NO,NO,YES,NO,NO,NO,NO,NO,NO,YES,NO,NO,unknown,https://transx.com/,,verified,swl-internal,OPERATIONAL,medium
CN Cargoflo (Transx),,sales@cn.ca,(847) 750-1230,ELK GROVE VILLAGE,IL,NO,NO,NO,NO,NO,NO,NO,YES,NO,NO,NO,YES,NO,NO,NO,NO,YES,NO,NO,NO,NO,NO,NO,NO,NO,NO,unknown,http://www.cargopacificlogistics.com/,,verified,swl-internal,OPERATIONAL,medium
CN Cargoflo (Transx),,sales@cn.ca,,WINNIPEG,MB,NO,NO,NO,NO,NO,NO,NO,YES,YES,NO,NO,YES,NO,NO,NO,NO,YES,NO,NO,NO,NO,NO,NO,NO,NO,NO,unknown,https://www.cn.ca/en/our-services/supply-chain-services/transload-and-distribution/,dead_link,review,swl-internal,NOT_FOUND,none
CN Cargoflo (Transx),,sales@cn.ca,,GUELPH,ON,NO,NO,NO,NO,NO,NO,NO,YES,YES,NO,NO,YES,NO,NO,NO,NO,YES,NO,NO,NO,NO,NO,NO,NO,NO,NO,unknown,https://www.cn.ca/en/our-services/supply-chain-services/transload-and-distribution/,dead_link,review,swl-internal,NOT_FOUND,low
CN Cargoflo (Transx),,sales@cn.ca,,VAUDREUIL-DORION,PQ,NO,NO,NO,NO,NO,NO,NO,YES,YES,NO,NO,YES,NO,NO,NO,NO,YES,NO,NO,NO,NO,NO,NO,NO,NO,NO,unknown,https://www.cn.ca/en/our-services/supply-chain-services/transload-and-distribution/,dead_link,review,swl-internal,NOT_FOUND,low
CN Cargoflo (Transx),,sales@cn.ca,+1 306-994-5979,REGINA,SK,NO,NO,NO,NO,NO,NO,NO,YES,YES,NO,NO,YES,NO,NO,NO,NO,YES,NO,NO,NO,NO,NO,NO,NO,NO,NO,unknown,https://www.intermobil.ca/,,verified,swl-internal,OPERATIONAL,medium
CN Cargoflo (Transx),,sales@cn.ca,,SASKATOON,SK,NO,NO,NO,NO,NO,NO,NO,YES,YES,NO,NO,YES,NO,NO,NO,NO,YES,NO,NO,NO,NO,NO,NO,NO,NO,NO,unknown,https://www.cn.ca/en/our-services/supply-chain-services/transload-and-distribution/,dead_link,review,swl-internal,NOT_FOUND,low
CN Cargoflo Warehouse,,sales@cn.ca,,CONCORD,ON,NO,NO,NO,NO,NO,NO,NO,YES,NO,NO,NO,YES,NO,NO,NO,NO,NO,NO,NO,NO,NO,NO,NO,NO,NO,NO,unknown,https://www.cn.ca/en/our-services/supply-chain-services/transload-and-distribution/,dead_link,review,swl-internal,NOT_FOUND,none
CN Distribution Center,,sales@cn.ca,,STE-FOY,PQ,YES,YES,YES,YES,YES,YES,NO,YES,YES,YES,YES,YES,YES,NO,NO,NO,YES,NO,NO,YES,NO,YES,YES,YES,YES,NO,unknown,https://www.cn.ca/en/our-services/supply-chain-services/transload-and-distribution/,dead_link,review,swl-internal,NOT_FOUND,low
CN Distribution Center,,sales@cn.ca,,MEMPHIS,TN,NO,NO,NO,NO,NO,NO,NO,NO,NO,NO,NO,NO,NO,NO,NO,NO,NO,NO,NO,NO,NO,NO,NO,NO,NO,NO,unknown,https://www.cn.ca/en/our-services/supply-chain-services/transload-and-distribution/,dead_link,verified,swl-internal,NOT_FOUND,low
CN Forest Distribution Center,,sales@cn.ca,+1 905-669-3076,CONCORD,ON,NO,NO,NO,NO,NO,NO,NO,YES,NO,NO,NO,NO,NO,NO,NO,NO,NO,NO,NO,NO,NO,NO,NO,NO,NO,NO,unknown,https://www.cn.ca/en/our-services/supply-chain-services/transload-and-distribution/,dead_link,verified,swl-internal,OPERATIONAL,high
CN Metal Distribution Center,,sales@cn.ca,,HAMILTON,ON,NO,NO,NO,NO,NO,NO,NO,NO,YES,NO,NO,YES,NO,NO,NO,NO,NO,NO,NO,NO,NO,NO,NO,NO,NO,NO,unknown,https://www.cn.ca/en/our-services/supply-chain-services/transload-and-distribution/,dead_link,verified,swl-internal,OPERATIONAL,high
CN Metal Distribution Center,,sales@cn.ca,,SASKATOON,SK,NO,NO,NO,NO,NO,NO,NO,NO,YES,NO,NO,YES,NO,NO,NO,NO,YES,NO,NO,NO,NO,NO,NO,NO,NO,NO,unknown,https://www.cn.ca/en/our-services/supply-chain-services/transload-and-distribution/,dead_link,review,swl-internal,NOT_FOUND,none
CN Two Harbors Ore Dock,,,,TWO HARBORS,MN,UNKNOWN,UNKNOWN,UNKNOWN,UNKNOWN,UNKNOWN,UNKNOWN,UNKNOWN,UNKNOWN,UNKNOWN,UNKNOWN,UNKNOWN,UNKNOWN,UNKNOWN,UNKNOWN,UNKNOWN,UNKNOWN,UNKNOWN,UNKNOWN,UNKNOWN,UNKNOWN,UNKNOWN,UNKNOWN,UNKNOWN,UNKNOWN,UNKNOWN,UNKNOWN,unknown,https://www.cn.ca/en/delivering-responsibly/community/network-and-facts/,,listed,rebulk-directory (CN),,
Co-Alliance LLP,,,,REYNOLDS,IN,UNKNOWN,UNKNOWN,UNKNOWN,UNKNOWN,UNKNOWN,UNKNOWN,UNKNOWN,UNKNOWN,UNKNOWN,UNKNOWN,UNKNOWN,UNKNOWN,UNKNOWN,UNKNOWN,UNKNOWN,UNKNOWN,UNKNOWN,UNKNOWN,UNKNOWN,UNKNOWN,UNKNOWN,UNKNOWN,UNKNOWN,UNKNOWN,UNKNOWN,UNKNOWN,unknown,https://www.keystonecoop.com/locations,,listed,rebulk-directory (G&W TPW),,
Coal City Cob Company Inc,,j.knott@cccob.com,,WAXAHACHIE,TX,YES,NO,YES,YES,YES,YES,NO,NO,NO,YES,YES,NO,YES,NO,NO,NO,NO,NO,YES,YES,NO,NO,YES,YES,YES,YES,unknown,http://www.cccob.com/dfwrailyard/index.html,,verified,swl-internal,NOT_FOUND,low
Coastal Cargo,Louisiana Ave Facility,,,NEW ORLEANS,LA,UNKNOWN,UNKNOWN,UNKNOWN,UNKNOWN,UNKNOWN,UNKNOWN,UNKNOWN,UNKNOWN,UNKNOWN,UNKNOWN,UNKNOWN,UNKNOWN,UNKNOWN,UNKNOWN,UNKNOWN,UNKNOWN,UNKNOWN,UNKNOWN,UNKNOWN,UNKNOWN,UNKNOWN,UNKNOWN,UNKNOWN,UNKNOWN,UNKNOWN,UNKNOWN,unknown,https://www.coastalcargogroup.com/,,listed,rebulk-directory (NOPB NS),,
"Coastal Logistics Group, Inc.",,,,GARDEN CITY,GA,UNKNOWN,UNKNOWN,UNKNOWN,UNKNOWN,UNKNOWN,UNKNOWN,UNKNOWN,UNKNOWN,UNKNOWN,UNKNOWN,UNKNOWN,UNKNOWN,UNKNOWN,UNKNOWN,UNKNOWN,UNKNOWN,UNKNOWN,UNKNOWN,UNKNOWN,UNKNOWN,UNKNOWN,UNKNOWN,UNKNOWN,UNKNOWN,UNKNOWN,UNKNOWN,unknown,https://www.clg-inc.com,,listed,rebulk-directory (NS),,
Coastline Chemical,,,,NEW CHURCH,VA,UNKNOWN,UNKNOWN,UNKNOWN,UNKNOWN,UNKNOWN,UNKNOWN,UNKNOWN,UNKNOWN,UNKNOWN,UNKNOWN,UNKNOWN,UNKNOWN,UNKNOWN,UNKNOWN,UNKNOWN,UNKNOWN,UNKNOWN,UNKNOWN,UNKNOWN,UNKNOWN,UNKNOWN,UNKNOWN,UNKNOWN,UNKNOWN,UNKNOWN,UNKNOWN,unknown,https://www.prideantifreeze.com/,,listed,rebulk-directory (DCR NS),,
Cold-Link Logistics Providence,,,,NORTH KINGSTOWN,RI,UNKNOWN,UNKNOWN,UNKNOWN,UNKNOWN,UNKNOWN,UNKNOWN,UNKNOWN,UNKNOWN,UNKNOWN,UNKNOWN,UNKNOWN,UNKNOWN,UNKNOWN,UNKNOWN,UNKNOWN,UNKNOWN,UNKNOWN,UNKNOWN,UNKNOWN,UNKNOWN,UNKNOWN,UNKNOWN,UNKNOWN,UNKNOWN,UNKNOWN,UNKNOWN,unknown,https://cold-linklogistics.com/providence,,listed,rebulk-directory (SVTX PW),,
Cold-Link Logistics Sioux City,,,,SIOUX CITY,IA,UNKNOWN,UNKNOWN,UNKNOWN,UNKNOWN,UNKNOWN,UNKNOWN,UNKNOWN,UNKNOWN,UNKNOWN,UNKNOWN,UNKNOWN,UNKNOWN,UNKNOWN,UNKNOWN,UNKNOWN,UNKNOWN,UNKNOWN,UNKNOWN,UNKNOWN,UNKNOWN,UNKNOWN,UNKNOWN,UNKNOWN,UNKNOWN,UNKNOWN,UNKNOWN,unknown,https://cold-linklogistics.com/siouxcity,,listed,rebulk-directory (UP),,
Coldwater Transload,,,,COLDWATER,MI,UNKNOWN,UNKNOWN,UNKNOWN,UNKNOWN,UNKNOWN,UNKNOWN,UNKNOWN,UNKNOWN,UNKNOWN,UNKNOWN,UNKNOWN,UNKNOWN,UNKNOWN,UNKNOWN,UNKNOWN,UNKNOWN,UNKNOWN,UNKNOWN,UNKNOWN,UNKNOWN,UNKNOWN,UNKNOWN,UNKNOWN,UNKNOWN,UNKNOWN,UNKNOWN,unknown,https://inerailroad.com,,listed,rebulk-directory (IN NS),,
Colebrookdale Railroad,Transload Yard,,,BOYERTOWN,PA,UNKNOWN,UNKNOWN,UNKNOWN,UNKNOWN,UNKNOWN,UNKNOWN,UNKNOWN,UNKNOWN,UNKNOWN,UNKNOWN,UNKNOWN,UNKNOWN,UNKNOWN,UNKNOWN,UNKNOWN,UNKNOWN,UNKNOWN,UNKNOWN,UNKNOWN,UNKNOWN,UNKNOWN,UNKNOWN,UNKNOWN,UNKNOWN,UNKNOWN,UNKNOWN,unknown,https://www.colebrookdalerailroad.com/freight/,,listed,rebulk-directory (EBG NS),,
Colona Transfer,,,,MONACA,PA,UNKNOWN,UNKNOWN,UNKNOWN,UNKNOWN,UNKNOWN,UNKNOWN,UNKNOWN,UNKNOWN,UNKNOWN,UNKNOWN,UNKNOWN,UNKNOWN,UNKNOWN,UNKNOWN,UNKNOWN,UNKNOWN,UNKNOWN,UNKNOWN,UNKNOWN,UNKNOWN,UNKNOWN,UNKNOWN,UNKNOWN,UNKNOWN,UNKNOWN,UNKNOWN,unknown,https://www.colonatransfer.com/,,listed,rebulk-directory (CSX),,
Colonial Terminals Inc,,cdollander@colonialterminals.com,(800) 944-3835,SAVANNAH,GA,YES,NO,YES,YES,NO,NO,NO,NO,NO,YES,NO,NO,YES,NO,YES,NO,NO,YES,NO,YES,YES,NO,YES,YES,YES,NO,unknown,https://colonialterminals.com/?y_source=1_MTc3NDM3OTQtNzE1LWxvY2F0aW9uLndlYnNpdGU%3D,,verified,swl-internal,OPERATIONAL,high
Colonial Terminals Inc,,cdollander@colonialterminals.com,(800) 944-3835,WILMINGTON,NC,YES,NO,YES,YES,NO,NO,NO,NO,NO,YES,NO,NO,YES,NO,YES,NO,NO,YES,NO,YES,YES,NO,YES,YES,YES,NO,unknown,https://colonialterminals.com/terminal-4-cti-nc/?y_source=1_MTc3NDM3OTctNzE1LWxvY2F0aW9uLndlYnNpdGU%3D,,verified,swl-internal,OPERATIONAL,high
Colorado Pacific Rio Grande Railroad,Transload,,,ALAMOSA,CO,UNKNOWN,UNKNOWN,UNKNOWN,UNKNOWN,UNKNOWN,UNKNOWN,UNKNOWN,UNKNOWN,UNKNOWN,UNKNOWN,UNKNOWN,UNKNOWN,UNKNOWN,UNKNOWN,UNKNOWN,UNKNOWN,UNKNOWN,UNKNOWN,UNKNOWN,UNKNOWN,UNKNOWN,UNKNOWN,UNKNOWN,UNKNOWN,UNKNOWN,UNKNOWN,unknown,https://cxrgrr.com/,,listed,rebulk-directory (Colorado Pacific Rio Grande Railroad (CXRG)),,
Colorado Quarries Transload,,,,CAÑON CITY,CO,UNKNOWN,UNKNOWN,UNKNOWN,UNKNOWN,UNKNOWN,UNKNOWN,UNKNOWN,UNKNOWN,UNKNOWN,UNKNOWN,UNKNOWN,UNKNOWN,UNKNOWN,UNKNOWN,UNKNOWN,UNKNOWN,UNKNOWN,UNKNOWN,UNKNOWN,UNKNOWN,UNKNOWN,UNKNOWN,UNKNOWN,UNKNOWN,UNKNOWN,UNKNOWN,unknown,https://www.coloradoquarries.com/,,listed,rebulk-directory (UP),,
COLT Transload,,,,COLUMBIA,MO,UNKNOWN,UNKNOWN,UNKNOWN,UNKNOWN,UNKNOWN,UNKNOWN,UNKNOWN,UNKNOWN,UNKNOWN,UNKNOWN,UNKNOWN,UNKNOWN,UNKNOWN,UNKNOWN,UNKNOWN,UNKNOWN,UNKNOWN,UNKNOWN,UNKNOWN,UNKNOWN,UNKNOWN,UNKNOWN,UNKNOWN,UNKNOWN,UNKNOWN,UNKNOWN,unknown,https://www.COMO.gov/utilities/Columbia-colt-railroad,,listed,rebulk-directory (NS),,
Columbia & Reading Railway Company,,,,COLUMBIA,PA,UNKNOWN,UNKNOWN,UNKNOWN,UNKNOWN,UNKNOWN,UNKNOWN,UNKNOWN,UNKNOWN,UNKNOWN,UNKNOWN,UNKNOWN,UNKNOWN,UNKNOWN,UNKNOWN,UNKNOWN,UNKNOWN,UNKNOWN,UNKNOWN,UNKNOWN,UNKNOWN,UNKNOWN,UNKNOWN,UNKNOWN,UNKNOWN,UNKNOWN,UNKNOWN,unknown,,,listed,rebulk-directory (NS),,
Columbia Basin Railroad / Jaguar Transport,Transload,,,WARDEN,WA,UNKNOWN,UNKNOWN,UNKNOWN,UNKNOWN,UNKNOWN,UNKNOWN,UNKNOWN,UNKNOWN,UNKNOWN,UNKNOWN,UNKNOWN,UNKNOWN,UNKNOWN,UNKNOWN,UNKNOWN,UNKNOWN,UNKNOWN,UNKNOWN,UNKNOWN,UNKNOWN,UNKNOWN,UNKNOWN,UNKNOWN,UNKNOWN,UNKNOWN,UNKNOWN,unknown,https://jag-transport.com/columbia-basin-railroad/,,listed,rebulk-directory (BNSF CBRW),,
Columbia Gardens Reload,,www.columbiagardensreload.ca/company-info.html,+1 250-367-9359,COLUMBIA GARDENS,BC,NO,NO,NO,NO,NO,NO,NO,YES,NO,NO,NO,NO,NO,NO,NO,NO,NO,NO,NO,NO,NO,NO,NO,NO,NO,NO,unknown,http://www.columbiagardensreload.ca/,,verified,swl-internal,OPERATIONAL,high
Columbia NS TBT,,,,KINSLER,SC,UNKNOWN,UNKNOWN,UNKNOWN,UNKNOWN,UNKNOWN,UNKNOWN,UNKNOWN,UNKNOWN,UNKNOWN,UNKNOWN,UNKNOWN,UNKNOWN,UNKNOWN,UNKNOWN,UNKNOWN,UNKNOWN,UNKNOWN,UNKNOWN,UNKNOWN,UNKNOWN,UNKNOWN,UNKNOWN,UNKNOWN,UNKNOWN,UNKNOWN,UNKNOWN,unknown,https://www.nscorp.com,,listed,rebulk-directory (NS),,
Columbus Aggregate Pit,,,,COLUMBUS,IN,UNKNOWN,UNKNOWN,UNKNOWN,UNKNOWN,UNKNOWN,UNKNOWN,UNKNOWN,UNKNOWN,UNKNOWN,UNKNOWN,UNKNOWN,UNKNOWN,UNKNOWN,UNKNOWN,UNKNOWN,UNKNOWN,UNKNOWN,UNKNOWN,UNKNOWN,UNKNOWN,UNKNOWN,UNKNOWN,UNKNOWN,UNKNOWN,UNKNOWN,UNKNOWN,unknown,https://www.anacostia.com/our-companies/lirc/,,listed,rebulk-directory (LIRC),,
Columbus Frebis TBT,,,,COLUMBUS,OH,UNKNOWN,UNKNOWN,UNKNOWN,UNKNOWN,UNKNOWN,UNKNOWN,UNKNOWN,UNKNOWN,UNKNOWN,UNKNOWN,UNKNOWN,UNKNOWN,UNKNOWN,UNKNOWN,UNKNOWN,UNKNOWN,UNKNOWN,UNKNOWN,UNKNOWN,UNKNOWN,UNKNOWN,UNKNOWN,UNKNOWN,UNKNOWN,UNKNOWN,UNKNOWN,unknown,https://www.nscorp.com,,listed,rebulk-directory (NS),,
Comanche Transload & Cold Storage,,,,COMANCHE,TX,UNKNOWN,UNKNOWN,UNKNOWN,UNKNOWN,UNKNOWN,UNKNOWN,UNKNOWN,UNKNOWN,UNKNOWN,UNKNOWN,UNKNOWN,UNKNOWN,UNKNOWN,UNKNOWN,UNKNOWN,UNKNOWN,UNKNOWN,UNKNOWN,UNKNOWN,UNKNOWN,UNKNOWN,UNKNOWN,UNKNOWN,UNKNOWN,UNKNOWN,UNKNOWN,unknown,https://comanchetransloading.com/,,listed,rebulk-directory (BNSF),,
Commercial Transload of Minnesota,,,,NEW BRIGHTON,MN,UNKNOWN,UNKNOWN,UNKNOWN,UNKNOWN,UNKNOWN,UNKNOWN,UNKNOWN,UNKNOWN,UNKNOWN,UNKNOWN,UNKNOWN,UNKNOWN,UNKNOWN,UNKNOWN,UNKNOWN,UNKNOWN,UNKNOWN,UNKNOWN,UNKNOWN,UNKNOWN,UNKNOWN,UNKNOWN,UNKNOWN,UNKNOWN,UNKNOWN,UNKNOWN,unknown,https://regional-rail.com/commercial-transload-of-minnesota-ctm/,,listed,rebulk-directory (MNNR),,
Commercial Transload Of Minnesota Trucklines Inc.,,,,FRIDLEY,MN,UNKNOWN,UNKNOWN,UNKNOWN,UNKNOWN,UNKNOWN,UNKNOWN,UNKNOWN,UNKNOWN,UNKNOWN,UNKNOWN,UNKNOWN,UNKNOWN,UNKNOWN,UNKNOWN,UNKNOWN,UNKNOWN,UNKNOWN,UNKNOWN,UNKNOWN,UNKNOWN,UNKNOWN,UNKNOWN,UNKNOWN,UNKNOWN,UNKNOWN,UNKNOWN,unknown,https://ctm-truck.com/,,listed,rebulk-directory (BNSF),,
Commercial Warehouse & Cartage Incorporated,,,,FORT WAYNE,IN,UNKNOWN,UNKNOWN,UNKNOWN,UNKNOWN,UNKNOWN,UNKNOWN,UNKNOWN,UNKNOWN,UNKNOWN,UNKNOWN,UNKNOWN,UNKNOWN,UNKNOWN,UNKNOWN,UNKNOWN,UNKNOWN,UNKNOWN,UNKNOWN,UNKNOWN,UNKNOWN,UNKNOWN,UNKNOWN,UNKNOWN,UNKNOWN,UNKNOWN,UNKNOWN,unknown,https://www.cwclogon.com,,listed,rebulk-directory (NS),,
"Commodities Plus, Inc.",,,,VANCOUVER,WA,UNKNOWN,UNKNOWN,UNKNOWN,UNKNOWN,UNKNOWN,UNKNOWN,UNKNOWN,UNKNOWN,UNKNOWN,UNKNOWN,UNKNOWN,UNKNOWN,UNKNOWN,UNKNOWN,UNKNOWN,UNKNOWN,UNKNOWN,UNKNOWN,UNKNOWN,UNKNOWN,UNKNOWN,UNKNOWN,UNKNOWN,UNKNOWN,UNKNOWN,UNKNOWN,unknown,https://commoditiesplus.net/,,listed,rebulk-directory (BNSF UP),,
Commonwealth Inc.,Rail-Served Distribution Facility,,,FLORENCE,KY,UNKNOWN,UNKNOWN,UNKNOWN,UNKNOWN,UNKNOWN,UNKNOWN,UNKNOWN,UNKNOWN,UNKNOWN,UNKNOWN,UNKNOWN,UNKNOWN,UNKNOWN,UNKNOWN,UNKNOWN,UNKNOWN,UNKNOWN,UNKNOWN,UNKNOWN,UNKNOWN,UNKNOWN,UNKNOWN,UNKNOWN,UNKNOWN,UNKNOWN,UNKNOWN,unknown,https://www.commonwealthinc.com/,,listed,rebulk-directory (NS),,
Commonwealth Industrial Services Incorporated,,,,HOPEWELL,VA,UNKNOWN,UNKNOWN,UNKNOWN,UNKNOWN,UNKNOWN,UNKNOWN,UNKNOWN,UNKNOWN,UNKNOWN,UNKNOWN,UNKNOWN,UNKNOWN,UNKNOWN,UNKNOWN,UNKNOWN,UNKNOWN,UNKNOWN,UNKNOWN,UNKNOWN,UNKNOWN,UNKNOWN,UNKNOWN,UNKNOWN,UNKNOWN,UNKNOWN,UNKNOWN,unknown,,,listed,rebulk-directory (NS),,
Compass Rail,,,,HAMDEN,OH,UNKNOWN,UNKNOWN,UNKNOWN,UNKNOWN,UNKNOWN,UNKNOWN,UNKNOWN,UNKNOWN,UNKNOWN,UNKNOWN,UNKNOWN,UNKNOWN,UNKNOWN,UNKNOWN,UNKNOWN,UNKNOWN,UNKNOWN,UNKNOWN,UNKNOWN,UNKNOWN,UNKNOWN,UNKNOWN,UNKNOWN,UNKNOWN,UNKNOWN,UNKNOWN,unknown,https://www.compassrail.com/,,listed,rebulk-directory (OSCR),,
Compton Transfer & Storage,,,,BOISE,ID,UNKNOWN,UNKNOWN,UNKNOWN,UNKNOWN,UNKNOWN,UNKNOWN,UNKNOWN,UNKNOWN,UNKNOWN,UNKNOWN,UNKNOWN,UNKNOWN,UNKNOWN,UNKNOWN,UNKNOWN,UNKNOWN,UNKNOWN,UNKNOWN,UNKNOWN,UNKNOWN,UNKNOWN,UNKNOWN,UNKNOWN,UNKNOWN,UNKNOWN,UNKNOWN,unknown,https://www.comptontransfer.com/rail-transloading/,,listed,rebulk-directory (BVRR),,
Conesville Industrial Park,,,,CONESVILLE,OH,UNKNOWN,UNKNOWN,UNKNOWN,UNKNOWN,UNKNOWN,UNKNOWN,UNKNOWN,UNKNOWN,UNKNOWN,UNKNOWN,UNKNOWN,UNKNOWN,UNKNOWN,UNKNOWN,UNKNOWN,UNKNOWN,UNKNOWN,UNKNOWN,UNKNOWN,UNKNOWN,UNKNOWN,UNKNOWN,UNKNOWN,UNKNOWN,UNKNOWN,UNKNOWN,unknown,https://www.ConesvilleIndustrialpark.com,,listed,rebulk-directory (CUOH NS),,
Conrad Yelvington,,,,PANAMA CITY,FL,UNKNOWN,UNKNOWN,UNKNOWN,UNKNOWN,UNKNOWN,UNKNOWN,UNKNOWN,UNKNOWN,UNKNOWN,UNKNOWN,UNKNOWN,UNKNOWN,UNKNOWN,UNKNOWN,UNKNOWN,UNKNOWN,UNKNOWN,UNKNOWN,UNKNOWN,UNKNOWN,UNKNOWN,UNKNOWN,UNKNOWN,UNKNOWN,UNKNOWN,UNKNOWN,unknown,https://cydi.com/,,listed,rebulk-directory (BAYL G&W),,
Consolidated Grain & Barge,,,,VAN BUREN,AR,UNKNOWN,UNKNOWN,UNKNOWN,UNKNOWN,UNKNOWN,UNKNOWN,UNKNOWN,UNKNOWN,UNKNOWN,UNKNOWN,UNKNOWN,UNKNOWN,UNKNOWN,UNKNOWN,UNKNOWN,UNKNOWN,UNKNOWN,UNKNOWN,UNKNOWN,UNKNOWN,UNKNOWN,UNKNOWN,UNKNOWN,UNKNOWN,UNKNOWN,UNKNOWN,unknown,https://cgb.com/find-us/,,listed,rebulk-directory (BNSF),,
Consolidated Grain & Barge,,,,NAPLES,IL,UNKNOWN,UNKNOWN,UNKNOWN,UNKNOWN,UNKNOWN,UNKNOWN,UNKNOWN,UNKNOWN,UNKNOWN,UNKNOWN,UNKNOWN,UNKNOWN,UNKNOWN,UNKNOWN,UNKNOWN,UNKNOWN,UNKNOWN,UNKNOWN,UNKNOWN,UNKNOWN,UNKNOWN,UNKNOWN,UNKNOWN,UNKNOWN,UNKNOWN,UNKNOWN,unknown,https://www.ctlconline.com,,listed,rebulk-directory (NS),,
Consolidated Grain & Barge,Terminal,,,JEFFERSONVILLE,IN,UNKNOWN,UNKNOWN,UNKNOWN,UNKNOWN,UNKNOWN,UNKNOWN,UNKNOWN,UNKNOWN,UNKNOWN,UNKNOWN,UNKNOWN,UNKNOWN,UNKNOWN,UNKNOWN,UNKNOWN,UNKNOWN,UNKNOWN,UNKNOWN,UNKNOWN,UNKNOWN,UNKNOWN,UNKNOWN,UNKNOWN,UNKNOWN,UNKNOWN,UNKNOWN,unknown,https://www.cgb.com/,,listed,rebulk-directory (MG Rail LIRC),,
Consolidated Grain & Barge,,,,SCOTT CITY,MO,UNKNOWN,UNKNOWN,UNKNOWN,UNKNOWN,UNKNOWN,UNKNOWN,UNKNOWN,UNKNOWN,UNKNOWN,UNKNOWN,UNKNOWN,UNKNOWN,UNKNOWN,UNKNOWN,UNKNOWN,UNKNOWN,UNKNOWN,UNKNOWN,UNKNOWN,UNKNOWN,UNKNOWN,UNKNOWN,UNKNOWN,UNKNOWN,UNKNOWN,UNKNOWN,unknown,https://www.cgbgrain.com/,,listed,rebulk-directory (BNSF),,
Consolidated Grain & Barge,,,,NORTH BEND,OH,UNKNOWN,UNKNOWN,UNKNOWN,UNKNOWN,UNKNOWN,UNKNOWN,UNKNOWN,UNKNOWN,UNKNOWN,UNKNOWN,UNKNOWN,UNKNOWN,UNKNOWN,UNKNOWN,UNKNOWN,UNKNOWN,UNKNOWN,UNKNOWN,UNKNOWN,UNKNOWN,UNKNOWN,UNKNOWN,UNKNOWN,UNKNOWN,UNKNOWN,UNKNOWN,unknown,https://ctlconline.com/north-bend/,,listed,rebulk-directory (CIND G&W),,
Consolidated Grain & Barge Co,,,,CLAYTON,IA,UNKNOWN,UNKNOWN,UNKNOWN,UNKNOWN,UNKNOWN,UNKNOWN,UNKNOWN,UNKNOWN,UNKNOWN,UNKNOWN,UNKNOWN,UNKNOWN,UNKNOWN,UNKNOWN,UNKNOWN,UNKNOWN,UNKNOWN,UNKNOWN,UNKNOWN,UNKNOWN,UNKNOWN,UNKNOWN,UNKNOWN,UNKNOWN,UNKNOWN,UNKNOWN,unknown,https://cgb.com/,,listed,rebulk-directory (CPKC),,
Consolidated Terminals and Logistics,Terminal,,,ENID,OK,UNKNOWN,UNKNOWN,UNKNOWN,UNKNOWN,UNKNOWN,UNKNOWN,UNKNOWN,UNKNOWN,UNKNOWN,UNKNOWN,UNKNOWN,UNKNOWN,UNKNOWN,UNKNOWN,UNKNOWN,UNKNOWN,UNKNOWN,UNKNOWN,UNKNOWN,UNKNOWN,UNKNOWN,UNKNOWN,UNKNOWN,UNKNOWN,UNKNOWN,UNKNOWN,unknown,https://ctlconline.com/enid-ok/,,listed,rebulk-directory (BNSF),,
Consolidated Terminals and Logistics,Terminal,,,SHATTUCK,OK,UNKNOWN,UNKNOWN,UNKNOWN,UNKNOWN,UNKNOWN,UNKNOWN,UNKNOWN,UNKNOWN,UNKNOWN,UNKNOWN,UNKNOWN,UNKNOWN,UNKNOWN,UNKNOWN,UNKNOWN,UNKNOWN,UNKNOWN,UNKNOWN,UNKNOWN,UNKNOWN,UNKNOWN,UNKNOWN,UNKNOWN,UNKNOWN,UNKNOWN,UNKNOWN,unknown,https://ctlconline.com/shattuck/,,listed,rebulk-directory (BNSF),,
Construction & Marine Equipment Co. Marine/Rail Terminal,,,,ELIZABETH,NJ,UNKNOWN,UNKNOWN,UNKNOWN,UNKNOWN,UNKNOWN,UNKNOWN,UNKNOWN,UNKNOWN,UNKNOWN,UNKNOWN,UNKNOWN,UNKNOWN,UNKNOWN,UNKNOWN,UNKNOWN,UNKNOWN,UNKNOWN,UNKNOWN,UNKNOWN,UNKNOWN,UNKNOWN,UNKNOWN,UNKNOWN,UNKNOWN,UNKNOWN,UNKNOWN,unknown,https://www.cmeqco.com/,,listed,rebulk-directory (Conrail Shared Assets Operations (CSAO) CSX NS),,
Continental Materials & Polymers Logistics Solutions,,,,SAN DIEGO,CA,UNKNOWN,UNKNOWN,UNKNOWN,UNKNOWN,UNKNOWN,UNKNOWN,UNKNOWN,UNKNOWN,UNKNOWN,UNKNOWN,UNKNOWN,UNKNOWN,UNKNOWN,UNKNOWN,UNKNOWN,UNKNOWN,UNKNOWN,UNKNOWN,UNKNOWN,UNKNOWN,UNKNOWN,UNKNOWN,UNKNOWN,UNKNOWN,UNKNOWN,UNKNOWN,unknown,https://cmp-sd.com/,,listed,rebulk-directory (SDIY BNSF),,
Continental Terminals,,,,CHESAPEAKE,VA,UNKNOWN,UNKNOWN,UNKNOWN,UNKNOWN,UNKNOWN,UNKNOWN,UNKNOWN,UNKNOWN,UNKNOWN,UNKNOWN,UNKNOWN,UNKNOWN,UNKNOWN,UNKNOWN,UNKNOWN,UNKNOWN,UNKNOWN,UNKNOWN,UNKNOWN,UNKNOWN,UNKNOWN,UNKNOWN,UNKNOWN,UNKNOWN,UNKNOWN,UNKNOWN,unknown,https://www.continentalterminals.com,,listed,rebulk-directory (NS),,
Controladora De Terminales Mexico,,www.linkedin.com/javier-soriano-1662a1102,,CELAYA,GJ,NO,NO,YES,NO,YES,YES,NO,NO,NO,NO,YES,YES,NO,NO,NO,YES,YES,NO,NO,NO,NO,YES,YES,YES,NO,NO,unknown,https://www.puertadelnorte.com.mx/about-us/,,verified,swl-internal,NOT_FOUND,low
Controladora De Terminales Mexico,,www.linkedin.com/javier-soriano-1662a1102,,OJO SECO,GJ,NO,NO,YES,NO,YES,YES,NO,NO,NO,NO,YES,YES,NO,NO,NO,YES,YES,NO,NO,NO,NO,YES,YES,YES,NO,NO,unknown,https://www.puertadelnorte.com.mx/about-us/,,verified,swl-internal,NOT_FOUND,low
Controladora De Terminales Mexico,,www.linkedin.com/javier-soriano-1662a1102,,CIUDAD GENERAL ESCOBEDO,NL,NO,NO,YES,NO,YES,YES,NO,NO,NO,NO,YES,YES,NO,NO,NO,YES,YES,NO,NO,NO,NO,YES,YES,YES,NO,NO,unknown,https://www.puertadelnorte.com.mx/about-us/,,verified,swl-internal,NOT_FOUND,low
Controladora De Terminales Mexico,,www.linkedin.com/javier-soriano-1662a1102,,SAN LUIS POTOSI,SL,NO,NO,YES,NO,YES,YES,NO,NO,NO,NO,YES,YES,NO,NO,NO,YES,YES,NO,NO,NO,NO,YES,YES,YES,NO,NO,unknown,https://www.puertadelnorte.com.mx/about-us/,,verified,swl-internal,NOT_FOUND,low
Convent Marine Terminal,,,,CONVENT,LA,UNKNOWN,UNKNOWN,UNKNOWN,UNKNOWN,UNKNOWN,UNKNOWN,UNKNOWN,UNKNOWN,UNKNOWN,UNKNOWN,UNKNOWN,UNKNOWN,UNKNOWN,UNKNOWN,UNKNOWN,UNKNOWN,UNKNOWN,UNKNOWN,UNKNOWN,UNKNOWN,UNKNOWN,UNKNOWN,UNKNOWN,UNKNOWN,UNKNOWN,UNKNOWN,unknown,https://cmt.suncoke.com/,,listed,rebulk-directory (CN),,
Cooper T Smith,,sales@coopertsmith.com,,SQUAMISH,BC,NO,NO,YES,NO,NO,NO,NO,NO,YES,NO,NO,YES,NO,NO,NO,NO,NO,NO,NO,NO,NO,NO,NO,YES,NO,NO,unknown,https://www.coopertsmith.com/international,,verified,swl-internal,NOT_FOUND,low
Cooper T Smith,,sales@coopertsmith.com,,ALTAMIRA,TM,NO,NO,YES,NO,NO,NO,NO,NO,YES,NO,NO,YES,NO,NO,NO,NO,NO,NO,NO,NO,NO,NO,NO,YES,NO,NO,unknown,https://www.coopertsmith.com/international,,verified,swl-internal,NOT_FOUND,low
Cooper/T. Smith,Pig Iron Dock,,,MOBILE,AL,UNKNOWN,UNKNOWN,UNKNOWN,UNKNOWN,UNKNOWN,UNKNOWN,UNKNOWN,UNKNOWN,UNKNOWN,UNKNOWN,UNKNOWN,UNKNOWN,UNKNOWN,UNKNOWN,UNKNOWN,UNKNOWN,UNKNOWN,UNKNOWN,UNKNOWN,UNKNOWN,UNKNOWN,UNKNOWN,UNKNOWN,UNKNOWN,UNKNOWN,UNKNOWN,unknown,https://www.coopertsmith.com/,,listed,rebulk-directory (Terminal Railway Alabama State Docks (TASD)),,
Coopers Plains Transload Site - B&H Rail Corp,"Livonia, Avon & Lakeville RR family",,,COOPERS PLAINS (PAINTED POST),NY,UNKNOWN,UNKNOWN,UNKNOWN,UNKNOWN,UNKNOWN,UNKNOWN,UNKNOWN,UNKNOWN,UNKNOWN,UNKNOWN,UNKNOWN,UNKNOWN,UNKNOWN,UNKNOWN,UNKNOWN,UNKNOWN,UNKNOWN,UNKNOWN,UNKNOWN,UNKNOWN,UNKNOWN,UNKNOWN,UNKNOWN,UNKNOWN,UNKNOWN,UNKNOWN,unknown,https://bhrail.com/development/,,listed,rebulk-directory (B&H Rail Cor Norfolk Sout),,
Cornerstone,,,,COLBY,KS,UNKNOWN,UNKNOWN,UNKNOWN,UNKNOWN,UNKNOWN,UNKNOWN,UNKNOWN,UNKNOWN,UNKNOWN,UNKNOWN,UNKNOWN,UNKNOWN,UNKNOWN,UNKNOWN,UNKNOWN,UNKNOWN,UNKNOWN,UNKNOWN,UNKNOWN,UNKNOWN,UNKNOWN,UNKNOWN,UNKNOWN,UNKNOWN,UNKNOWN,UNKNOWN,unknown,https://www.cornerstone-ag.com/,,listed,rebulk-directory (G&W KYLE),,
Cornhusker Railroad Grand Island Industrial Park,,,,GRAND ISLAND,NE,UNKNOWN,UNKNOWN,UNKNOWN,UNKNOWN,UNKNOWN,UNKNOWN,UNKNOWN,UNKNOWN,UNKNOWN,UNKNOWN,UNKNOWN,UNKNOWN,UNKNOWN,UNKNOWN,UNKNOWN,UNKNOWN,UNKNOWN,UNKNOWN,UNKNOWN,UNKNOWN,UNKNOWN,UNKNOWN,UNKNOWN,UNKNOWN,UNKNOWN,UNKNOWN,unknown,https://www.guardianrail.com/rail-operations/cornhusker-railroad/,,listed,rebulk-directory (CNRR BNSF UP),,
Cottage Grove Automotive Compound,,,,COTTAGE GROVE,MN,UNKNOWN,UNKNOWN,UNKNOWN,UNKNOWN,UNKNOWN,UNKNOWN,UNKNOWN,UNKNOWN,UNKNOWN,UNKNOWN,UNKNOWN,UNKNOWN,UNKNOWN,UNKNOWN,UNKNOWN,UNKNOWN,UNKNOWN,UNKNOWN,UNKNOWN,UNKNOWN,UNKNOWN,UNKNOWN,UNKNOWN,UNKNOWN,UNKNOWN,UNKNOWN,unknown,,,listed,rebulk-directory (CPKC),,
Cotter Merchandise Storage Company,,,,AKRON,OH,UNKNOWN,UNKNOWN,UNKNOWN,UNKNOWN,UNKNOWN,UNKNOWN,UNKNOWN,UNKNOWN,UNKNOWN,UNKNOWN,UNKNOWN,UNKNOWN,UNKNOWN,UNKNOWN,UNKNOWN,UNKNOWN,UNKNOWN,UNKNOWN,UNKNOWN,UNKNOWN,UNKNOWN,UNKNOWN,UNKNOWN,UNKNOWN,UNKNOWN,UNKNOWN,unknown,https://www.cotterwhse.com,,listed,rebulk-directory (AB NS),,
"Cotton Press Warehouse, LLC",,,,MERIDIAN,MS,UNKNOWN,UNKNOWN,UNKNOWN,UNKNOWN,UNKNOWN,UNKNOWN,UNKNOWN,UNKNOWN,UNKNOWN,UNKNOWN,UNKNOWN,UNKNOWN,UNKNOWN,UNKNOWN,UNKNOWN,UNKNOWN,UNKNOWN,UNKNOWN,UNKNOWN,UNKNOWN,UNKNOWN,UNKNOWN,UNKNOWN,UNKNOWN,UNKNOWN,UNKNOWN,unknown,https://cpwarehouses.com/,,listed,rebulk-directory (G&W MNBR),,
County Line Rail,,,,BAYTOWN,TX,UNKNOWN,UNKNOWN,UNKNOWN,UNKNOWN,UNKNOWN,UNKNOWN,UNKNOWN,UNKNOWN,UNKNOWN,UNKNOWN,UNKNOWN,UNKNOWN,UNKNOWN,UNKNOWN,UNKNOWN,UNKNOWN,UNKNOWN,UNKNOWN,UNKNOWN,UNKNOWN,UNKNOWN,UNKNOWN,UNKNOWN,UNKNOWN,UNKNOWN,UNKNOWN,unknown,https://www.clrail.com/county-line-industrial-park,,listed,rebulk-directory (BNSF),,
County Line Rail,,,,SILSBEE,TX,UNKNOWN,UNKNOWN,UNKNOWN,UNKNOWN,UNKNOWN,UNKNOWN,UNKNOWN,UNKNOWN,UNKNOWN,UNKNOWN,UNKNOWN,UNKNOWN,UNKNOWN,UNKNOWN,UNKNOWN,UNKNOWN,UNKNOWN,UNKNOWN,UNKNOWN,UNKNOWN,UNKNOWN,UNKNOWN,UNKNOWN,UNKNOWN,UNKNOWN,UNKNOWN,unknown,https://www.clrail.com/,,listed,rebulk-directory (BNSF),,
County Line Rail Gulf Coast Rail Gateway,,,,ODEM,TX,UNKNOWN,UNKNOWN,UNKNOWN,UNKNOWN,UNKNOWN,UNKNOWN,UNKNOWN,UNKNOWN,UNKNOWN,UNKNOWN,UNKNOWN,UNKNOWN,UNKNOWN,UNKNOWN,UNKNOWN,UNKNOWN,UNKNOWN,UNKNOWN,UNKNOWN,UNKNOWN,UNKNOWN,UNKNOWN,UNKNOWN,UNKNOWN,UNKNOWN,UNKNOWN,unknown,https://countylineindustrialpark.com/,,listed,rebulk-directory (BNSF UP),,
CPKC Shoreham,Stonearch,,,MINNEAPOLIS,MN,UNKNOWN,UNKNOWN,UNKNOWN,UNKNOWN,UNKNOWN,UNKNOWN,UNKNOWN,UNKNOWN,UNKNOWN,UNKNOWN,UNKNOWN,UNKNOWN,UNKNOWN,UNKNOWN,UNKNOWN,UNKNOWN,UNKNOWN,UNKNOWN,UNKNOWN,UNKNOWN,UNKNOWN,UNKNOWN,UNKNOWN,UNKNOWN,UNKNOWN,UNKNOWN,unknown,https://www.stonearchcom.com/,,listed,rebulk-directory (CPKC),,
CPKC Zacha,Warehouse Specialists,,,DALLAS,TX,UNKNOWN,UNKNOWN,UNKNOWN,UNKNOWN,UNKNOWN,UNKNOWN,UNKNOWN,UNKNOWN,UNKNOWN,UNKNOWN,UNKNOWN,UNKNOWN,UNKNOWN,UNKNOWN,UNKNOWN,UNKNOWN,UNKNOWN,UNKNOWN,UNKNOWN,UNKNOWN,UNKNOWN,UNKNOWN,UNKNOWN,UNKNOWN,UNKNOWN,UNKNOWN,unknown,https://www.wsinc.com/locations/dallas-rail-terminal/,,listed,rebulk-directory (CPKC),,
CPT Chicago,Arrow,,,BENSENVILLE,IL,UNKNOWN,UNKNOWN,UNKNOWN,UNKNOWN,UNKNOWN,UNKNOWN,UNKNOWN,UNKNOWN,UNKNOWN,UNKNOWN,UNKNOWN,UNKNOWN,UNKNOWN,UNKNOWN,UNKNOWN,UNKNOWN,UNKNOWN,UNKNOWN,UNKNOWN,UNKNOWN,UNKNOWN,UNKNOWN,UNKNOWN,UNKNOWN,UNKNOWN,UNKNOWN,unknown,,,listed,rebulk-directory (CPKC),,
CRANDIC Wilson Avenue Team Track,,,,CEDAR RAPIDS,IA,UNKNOWN,UNKNOWN,UNKNOWN,UNKNOWN,UNKNOWN,UNKNOWN,UNKNOWN,UNKNOWN,UNKNOWN,UNKNOWN,UNKNOWN,UNKNOWN,UNKNOWN,UNKNOWN,UNKNOWN,UNKNOWN,UNKNOWN,UNKNOWN,UNKNOWN,UNKNOWN,UNKNOWN,UNKNOWN,UNKNOWN,UNKNOWN,UNKNOWN,UNKNOWN,unknown,https://www.travero.com/ourservices/rail-freight-services,,listed,rebulk-directory (Cedar Rapids & Iowa City Railway (CIC)),,
Cresson Transmodal Distribution,,,,CRESSON,TX,UNKNOWN,UNKNOWN,UNKNOWN,UNKNOWN,UNKNOWN,UNKNOWN,UNKNOWN,UNKNOWN,UNKNOWN,UNKNOWN,UNKNOWN,UNKNOWN,UNKNOWN,UNKNOWN,UNKNOWN,UNKNOWN,UNKNOWN,UNKNOWN,UNKNOWN,UNKNOWN,UNKNOWN,UNKNOWN,UNKNOWN,UNKNOWN,UNKNOWN,UNKNOWN,unknown,https://www.fwwr.net/transload-team-track,,listed,rebulk-directory (BNSF),,
CRMS / Erman Corporation,Railcar Hub,,,KANSAS CITY,KS,UNKNOWN,UNKNOWN,UNKNOWN,UNKNOWN,UNKNOWN,UNKNOWN,UNKNOWN,UNKNOWN,UNKNOWN,UNKNOWN,UNKNOWN,UNKNOWN,UNKNOWN,UNKNOWN,UNKNOWN,UNKNOWN,UNKNOWN,UNKNOWN,UNKNOWN,UNKNOWN,UNKNOWN,UNKNOWN,UNKNOWN,UNKNOWN,UNKNOWN,UNKNOWN,unknown,https://crmsrail.com/locations/kansas-city/,,listed,rebulk-directory (BNSF CPKC NS UP),,
CRMS Anderson Transload,,,,ANDERSON,IN,UNKNOWN,UNKNOWN,UNKNOWN,UNKNOWN,UNKNOWN,UNKNOWN,UNKNOWN,UNKNOWN,UNKNOWN,UNKNOWN,UNKNOWN,UNKNOWN,UNKNOWN,UNKNOWN,UNKNOWN,UNKNOWN,UNKNOWN,UNKNOWN,UNKNOWN,UNKNOWN,UNKNOWN,UNKNOWN,UNKNOWN,UNKNOWN,UNKNOWN,UNKNOWN,unknown,https://crmsrail.com/locations/anderson,,listed,rebulk-directory (CIWR CSX),,
Cronimet Terminals,,info@cronimetterminals.com,(724) 378-7410,ALIQUIPPA,PA,YES,YES,YES,NO,NO,NO,YES,YES,YES,NO,YES,YES,YES,NO,NO,NO,NO,NO,NO,NO,NO,NO,YES,YES,NO,NO,unknown,https://cronimetterminals.com/,,verified,swl-internal,OPERATIONAL,high
Crossroads 3pl Solutions,,,,TEMPLE,TX,UNKNOWN,UNKNOWN,UNKNOWN,UNKNOWN,UNKNOWN,UNKNOWN,UNKNOWN,UNKNOWN,UNKNOWN,UNKNOWN,UNKNOWN,UNKNOWN,UNKNOWN,UNKNOWN,UNKNOWN,UNKNOWN,UNKNOWN,UNKNOWN,UNKNOWN,UNKNOWN,UNKNOWN,UNKNOWN,UNKNOWN,UNKNOWN,UNKNOWN,UNKNOWN,unknown,https://crossroads3pl.com/,,listed,rebulk-directory (BNSF),,
Crowley Rail Terminal,,,,CROWLEY,LA,UNKNOWN,UNKNOWN,UNKNOWN,UNKNOWN,UNKNOWN,UNKNOWN,UNKNOWN,UNKNOWN,UNKNOWN,UNKNOWN,UNKNOWN,UNKNOWN,UNKNOWN,UNKNOWN,UNKNOWN,UNKNOWN,UNKNOWN,UNKNOWN,UNKNOWN,UNKNOWN,UNKNOWN,UNKNOWN,UNKNOWN,UNKNOWN,UNKNOWN,UNKNOWN,unknown,https://www.canalcompanies.com/crowley_rail_terminal,,listed,rebulk-directory (UP BNSF Acadiana Railway (AKDN)),,
Crystal Farms,,,,OAKWOOD,GA,UNKNOWN,UNKNOWN,UNKNOWN,UNKNOWN,UNKNOWN,UNKNOWN,UNKNOWN,UNKNOWN,UNKNOWN,UNKNOWN,UNKNOWN,UNKNOWN,UNKNOWN,UNKNOWN,UNKNOWN,UNKNOWN,UNKNOWN,UNKNOWN,UNKNOWN,UNKNOWN,UNKNOWN,UNKNOWN,UNKNOWN,UNKNOWN,UNKNOWN,UNKNOWN,unknown,,,listed,rebulk-directory (NS),,
CSA Port of Mobile Terminal Operations,,,,MOBILE,AL,UNKNOWN,UNKNOWN,UNKNOWN,UNKNOWN,UNKNOWN,UNKNOWN,UNKNOWN,UNKNOWN,UNKNOWN,UNKNOWN,UNKNOWN,UNKNOWN,UNKNOWN,UNKNOWN,UNKNOWN,UNKNOWN,UNKNOWN,UNKNOWN,UNKNOWN,UNKNOWN,UNKNOWN,UNKNOWN,UNKNOWN,UNKNOWN,UNKNOWN,UNKNOWN,unknown,https://www.csaports.com/,,listed,rebulk-directory (Terminal Railway Alabama State Docks (TASD)),,
CSX Curtis Bay Coal Piers,,,,BALTIMORE,MD,UNKNOWN,UNKNOWN,UNKNOWN,UNKNOWN,UNKNOWN,UNKNOWN,UNKNOWN,UNKNOWN,UNKNOWN,UNKNOWN,UNKNOWN,UNKNOWN,UNKNOWN,UNKNOWN,UNKNOWN,UNKNOWN,UNKNOWN,UNKNOWN,UNKNOWN,UNKNOWN,UNKNOWN,UNKNOWN,UNKNOWN,UNKNOWN,UNKNOWN,UNKNOWN,unknown,https://www.csx.com/index.cfm/customers/commodities/coal/services/,,listed,rebulk-directory (CSX),,
CSX Dixiana Automotive Distribution Center,,,,WEST COLUMBIA,SC,UNKNOWN,UNKNOWN,UNKNOWN,UNKNOWN,UNKNOWN,UNKNOWN,UNKNOWN,UNKNOWN,UNKNOWN,UNKNOWN,UNKNOWN,UNKNOWN,UNKNOWN,UNKNOWN,UNKNOWN,UNKNOWN,UNKNOWN,UNKNOWN,UNKNOWN,UNKNOWN,UNKNOWN,UNKNOWN,UNKNOWN,UNKNOWN,UNKNOWN,UNKNOWN,unknown,https://www.csx.com/,,listed,rebulk-directory (CSX),,
CSX TDSI Nashville North Automotive Distribution Center,,,,NASHVILLE,TN,UNKNOWN,UNKNOWN,UNKNOWN,UNKNOWN,UNKNOWN,UNKNOWN,UNKNOWN,UNKNOWN,UNKNOWN,UNKNOWN,UNKNOWN,UNKNOWN,UNKNOWN,UNKNOWN,UNKNOWN,UNKNOWN,UNKNOWN,UNKNOWN,UNKNOWN,UNKNOWN,UNKNOWN,UNKNOWN,UNKNOWN,UNKNOWN,UNKNOWN,UNKNOWN,unknown,https://www.csx.com/index.cfm/customers/value-added-services/product-transloading-and-distribution/total-distribution-services-inc-tdsi/maps-locations/,,listed,rebulk-directory (CSX),,
CSX TDSI New Boston Automotive Transload Terminal,,,,NEW BOSTON,MI,UNKNOWN,UNKNOWN,UNKNOWN,UNKNOWN,UNKNOWN,UNKNOWN,UNKNOWN,UNKNOWN,UNKNOWN,UNKNOWN,UNKNOWN,UNKNOWN,UNKNOWN,UNKNOWN,UNKNOWN,UNKNOWN,UNKNOWN,UNKNOWN,UNKNOWN,UNKNOWN,UNKNOWN,UNKNOWN,UNKNOWN,UNKNOWN,UNKNOWN,UNKNOWN,unknown,https://www.csx.com/,,listed,rebulk-directory (CSX),,
CSX Transflo,,,,FAIRMONT,WV,UNKNOWN,UNKNOWN,UNKNOWN,UNKNOWN,UNKNOWN,UNKNOWN,UNKNOWN,UNKNOWN,UNKNOWN,UNKNOWN,UNKNOWN,UNKNOWN,UNKNOWN,UNKNOWN,UNKNOWN,UNKNOWN,UNKNOWN,UNKNOWN,UNKNOWN,UNKNOWN,UNKNOWN,UNKNOWN,UNKNOWN,UNKNOWN,UNKNOWN,UNKNOWN,unknown,https://transflo.net/locations/west-virginia-fairmont/,,listed,rebulk-directory (CSX),,
Cti Bulk,,dwayne@couturetrucking.com,,BARTON,VT,NO,NO,YES,YES,YES,YES,NO,NO,YES,YES,YES,NO,NO,YES,NO,YES,YES,NO,NO,NO,NO,YES,YES,NO,NO,NO,unknown,http://www.couturetrucking.com/cgi/base.cgi?home,,verified,swl-internal,NOT_FOUND,low
Cti Bulk,,dwayne@couturetrucking.com,,LYNDONVILLE,VT,NO,NO,YES,YES,YES,YES,NO,NO,YES,YES,YES,NO,NO,YES,NO,YES,YES,NO,NO,NO,NO,YES,YES,NO,NO,NO,unknown,http://www.couturetrucking.com/cgi/base.cgi?home,,verified,swl-internal,NOT_FOUND,low
CTLC Mound City,,,,MOUND CITY,IL,UNKNOWN,UNKNOWN,UNKNOWN,UNKNOWN,UNKNOWN,UNKNOWN,UNKNOWN,UNKNOWN,UNKNOWN,UNKNOWN,UNKNOWN,UNKNOWN,UNKNOWN,UNKNOWN,UNKNOWN,UNKNOWN,UNKNOWN,UNKNOWN,UNKNOWN,UNKNOWN,UNKNOWN,UNKNOWN,UNKNOWN,UNKNOWN,UNKNOWN,UNKNOWN,unknown,https://www.ctlconline.com/,,listed,rebulk-directory (CN),,
CTLC Mount Vernon Terminal,,,,MOUNT VERNON,IN,UNKNOWN,UNKNOWN,UNKNOWN,UNKNOWN,UNKNOWN,UNKNOWN,UNKNOWN,UNKNOWN,UNKNOWN,UNKNOWN,UNKNOWN,UNKNOWN,UNKNOWN,UNKNOWN,UNKNOWN,UNKNOWN,UNKNOWN,UNKNOWN,UNKNOWN,UNKNOWN,UNKNOWN,UNKNOWN,UNKNOWN,UNKNOWN,UNKNOWN,UNKNOWN,unknown,https://ctlconline.com/mount-vernon-in/,,listed,rebulk-directory (Mount Vernon Railroad (MVR) EVWR),,
Ctran Rail Yard,,,,CASPER,WY,UNKNOWN,UNKNOWN,UNKNOWN,UNKNOWN,UNKNOWN,UNKNOWN,UNKNOWN,UNKNOWN,UNKNOWN,UNKNOWN,UNKNOWN,UNKNOWN,UNKNOWN,UNKNOWN,UNKNOWN,UNKNOWN,UNKNOWN,UNKNOWN,UNKNOWN,UNKNOWN,UNKNOWN,UNKNOWN,UNKNOWN,UNKNOWN,UNKNOWN,UNKNOWN,unknown,https://bdwrail.com/locations/,,listed,rebulk-directory (BNSF);bnsf-premier-flipbook,,
Cts,,,,CITY OF INDUSTRY,CA,UNKNOWN,UNKNOWN,UNKNOWN,UNKNOWN,UNKNOWN,UNKNOWN,UNKNOWN,UNKNOWN,UNKNOWN,UNKNOWN,UNKNOWN,UNKNOWN,UNKNOWN,UNKNOWN,UNKNOWN,UNKNOWN,UNKNOWN,UNKNOWN,UNKNOWN,UNKNOWN,UNKNOWN,UNKNOWN,UNKNOWN,UNKNOWN,UNKNOWN,UNKNOWN,unknown,,,listed,commtrex-public,,
CTS Logistics,Rail-Served Transload,,,WICHITA,KS,UNKNOWN,UNKNOWN,UNKNOWN,UNKNOWN,UNKNOWN,UNKNOWN,UNKNOWN,UNKNOWN,UNKNOWN,UNKNOWN,UNKNOWN,UNKNOWN,UNKNOWN,UNKNOWN,UNKNOWN,UNKNOWN,UNKNOWN,UNKNOWN,UNKNOWN,UNKNOWN,UNKNOWN,UNKNOWN,UNKNOWN,UNKNOWN,UNKNOWN,UNKNOWN,unknown,https://ctsco.com/,,listed,rebulk-directory (BNSF),,
CTW Logistics (Consolidated Transfer & Warehouse),Taney Street Transload Facility,,,NORTH KANSAS CITY,MO,UNKNOWN,UNKNOWN,UNKNOWN,UNKNOWN,UNKNOWN,UNKNOWN,UNKNOWN,UNKNOWN,UNKNOWN,UNKNOWN,UNKNOWN,UNKNOWN,UNKNOWN,UNKNOWN,UNKNOWN,UNKNOWN,UNKNOWN,UNKNOWN,UNKNOWN,UNKNOWN,UNKNOWN,UNKNOWN,UNKNOWN,UNKNOWN,UNKNOWN,UNKNOWN,unknown,https://www.ctwlogistics.com/transload,,listed,rebulk-directory (BNSF Kansas City Union Pacifi),,
Cuba Food-Grade Transload Site,,,,CUBA,NY,UNKNOWN,UNKNOWN,UNKNOWN,UNKNOWN,UNKNOWN,UNKNOWN,UNKNOWN,UNKNOWN,UNKNOWN,UNKNOWN,UNKNOWN,UNKNOWN,UNKNOWN,UNKNOWN,UNKNOWN,UNKNOWN,UNKNOWN,UNKNOWN,UNKNOWN,UNKNOWN,UNKNOWN,UNKNOWN,UNKNOWN,UNKNOWN,UNKNOWN,UNKNOWN,unknown,https://wnyprr.com/development/,,listed,rebulk-directory (Western New York & Pennsylvania Railroad (WNYP)),,
Curtis Industrial Park LLC,,,,BALLSTON SPA,NY,UNKNOWN,UNKNOWN,UNKNOWN,UNKNOWN,UNKNOWN,UNKNOWN,UNKNOWN,UNKNOWN,UNKNOWN,UNKNOWN,UNKNOWN,UNKNOWN,UNKNOWN,UNKNOWN,UNKNOWN,UNKNOWN,UNKNOWN,UNKNOWN,UNKNOWN,UNKNOWN,UNKNOWN,UNKNOWN,UNKNOWN,UNKNOWN,UNKNOWN,UNKNOWN,unknown,,,listed,rebulk-directory (CPKC),,
Custom Form Transportation,,,,GARLAND,TX,UNKNOWN,UNKNOWN,UNKNOWN,UNKNOWN,UNKNOWN,UNKNOWN,UNKNOWN,UNKNOWN,UNKNOWN,UNKNOWN,UNKNOWN,UNKNOWN,UNKNOWN,UNKNOWN,UNKNOWN,UNKNOWN,UNKNOWN,UNKNOWN,UNKNOWN,UNKNOWN,UNKNOWN,UNKNOWN,UNKNOWN,UNKNOWN,UNKNOWN,UNKNOWN,unknown,https://whitestarlogistics.com/,,listed,rebulk-directory (DGNO G&W),,
D & M Distribution Service,,,,OKLAHOMA CITY,OK,UNKNOWN,UNKNOWN,UNKNOWN,UNKNOWN,UNKNOWN,UNKNOWN,UNKNOWN,UNKNOWN,UNKNOWN,UNKNOWN,UNKNOWN,UNKNOWN,UNKNOWN,UNKNOWN,UNKNOWN,UNKNOWN,UNKNOWN,UNKNOWN,UNKNOWN,UNKNOWN,UNKNOWN,UNKNOWN,UNKNOWN,UNKNOWN,UNKNOWN,UNKNOWN,unknown,https://dmdsinc.com/,,listed,rebulk-directory (BNSF),,
D&D Ingredients,,,,DELPHOS,OH,UNKNOWN,UNKNOWN,UNKNOWN,UNKNOWN,UNKNOWN,UNKNOWN,UNKNOWN,UNKNOWN,UNKNOWN,UNKNOWN,UNKNOWN,UNKNOWN,UNKNOWN,UNKNOWN,UNKNOWN,UNKNOWN,UNKNOWN,UNKNOWN,UNKNOWN,UNKNOWN,UNKNOWN,UNKNOWN,UNKNOWN,UNKNOWN,UNKNOWN,UNKNOWN,unknown,https://ddingredient.com/,,listed,"rebulk-directory (Chicago, Fort Wayne & Eastern Railroad (CFER))",,
D&M Reload,,,,MASPETH,NY,UNKNOWN,UNKNOWN,UNKNOWN,UNKNOWN,UNKNOWN,UNKNOWN,UNKNOWN,UNKNOWN,UNKNOWN,UNKNOWN,UNKNOWN,UNKNOWN,UNKNOWN,UNKNOWN,UNKNOWN,UNKNOWN,UNKNOWN,UNKNOWN,UNKNOWN,UNKNOWN,UNKNOWN,UNKNOWN,UNKNOWN,UNKNOWN,UNKNOWN,UNKNOWN,unknown,https://dmlumber.com/,,listed,rebulk-directory (New York & Atlantic Railway (NYA)),,
D&S Warehousing Inc.,,,,NEWARK,DE,UNKNOWN,UNKNOWN,UNKNOWN,UNKNOWN,UNKNOWN,UNKNOWN,UNKNOWN,UNKNOWN,UNKNOWN,UNKNOWN,UNKNOWN,UNKNOWN,UNKNOWN,UNKNOWN,UNKNOWN,UNKNOWN,UNKNOWN,UNKNOWN,UNKNOWN,UNKNOWN,UNKNOWN,UNKNOWN,UNKNOWN,UNKNOWN,UNKNOWN,UNKNOWN,unknown,https://www.wedistribute.com,,listed,rebulk-directory (NS),,
Dakota Gold Transfer Plaza LLC,,,,PLAZA,ND,UNKNOWN,UNKNOWN,UNKNOWN,UNKNOWN,UNKNOWN,UNKNOWN,UNKNOWN,UNKNOWN,UNKNOWN,UNKNOWN,UNKNOWN,UNKNOWN,UNKNOWN,UNKNOWN,UNKNOWN,UNKNOWN,UNKNOWN,UNKNOWN,UNKNOWN,UNKNOWN,UNKNOWN,UNKNOWN,UNKNOWN,UNKNOWN,UNKNOWN,UNKNOWN,unknown,https://dakotagoldtransfer.com/,,listed,rebulk-directory (CPKC),,
Dalton NS TBT,,,,DALTON,GA,UNKNOWN,UNKNOWN,UNKNOWN,UNKNOWN,UNKNOWN,UNKNOWN,UNKNOWN,UNKNOWN,UNKNOWN,UNKNOWN,UNKNOWN,UNKNOWN,UNKNOWN,UNKNOWN,UNKNOWN,UNKNOWN,UNKNOWN,UNKNOWN,UNKNOWN,UNKNOWN,UNKNOWN,UNKNOWN,UNKNOWN,UNKNOWN,UNKNOWN,UNKNOWN,unknown,https://www.nscorp.com,,listed,rebulk-directory (NS),,
Dameo Trucking and Distribution,,,,BRIDGEWATER,NJ,UNKNOWN,UNKNOWN,UNKNOWN,UNKNOWN,UNKNOWN,UNKNOWN,UNKNOWN,UNKNOWN,UNKNOWN,UNKNOWN,UNKNOWN,UNKNOWN,UNKNOWN,UNKNOWN,UNKNOWN,UNKNOWN,UNKNOWN,UNKNOWN,UNKNOWN,UNKNOWN,UNKNOWN,UNKNOWN,UNKNOWN,UNKNOWN,UNKNOWN,UNKNOWN,unknown,https://www.danacompanies.com/,,listed,rebulk-directory (NS),,
Dana Transport,Cypress Yard Plastics Transload,,,KANSAS CITY,KS,UNKNOWN,UNKNOWN,UNKNOWN,UNKNOWN,UNKNOWN,UNKNOWN,UNKNOWN,UNKNOWN,UNKNOWN,UNKNOWN,UNKNOWN,UNKNOWN,UNKNOWN,UNKNOWN,UNKNOWN,UNKNOWN,UNKNOWN,UNKNOWN,UNKNOWN,UNKNOWN,UNKNOWN,UNKNOWN,UNKNOWN,UNKNOWN,UNKNOWN,UNKNOWN,unknown,https://www.danacompanies.com/Locations/Terminal/?BUSLOC_ID=3980324,,listed,rebulk-directory (UP),,
Dana Transport Oxford Transload,,,,OXFORD,MA,UNKNOWN,UNKNOWN,UNKNOWN,UNKNOWN,UNKNOWN,UNKNOWN,UNKNOWN,UNKNOWN,UNKNOWN,UNKNOWN,UNKNOWN,UNKNOWN,UNKNOWN,UNKNOWN,UNKNOWN,UNKNOWN,UNKNOWN,UNKNOWN,UNKNOWN,UNKNOWN,UNKNOWN,UNKNOWN,UNKNOWN,UNKNOWN,UNKNOWN,UNKNOWN,unknown,https://www.danatransport.com/,,listed,rebulk-directory (Providence & Worcester Railroad (PW)),,
Dardanelle and Russellville Railroad Transload,,,,RUSSELLVILLE,AR,UNKNOWN,UNKNOWN,UNKNOWN,UNKNOWN,UNKNOWN,UNKNOWN,UNKNOWN,UNKNOWN,UNKNOWN,UNKNOWN,UNKNOWN,UNKNOWN,UNKNOWN,UNKNOWN,UNKNOWN,UNKNOWN,UNKNOWN,UNKNOWN,UNKNOWN,UNKNOWN,UNKNOWN,UNKNOWN,UNKNOWN,UNKNOWN,UNKNOWN,UNKNOWN,unknown,https://omnitrax.com/,,listed,rebulk-directory (Dardanelle and Russellville Railroad (DR)),,
Dave Evans Transport,,,(715) 392-2211,SUPERIOR EAST END,WI,NO,NO,YES,NO,NO,NO,YES,NO,YES,NO,YES,NO,YES,NO,NO,YES,YES,NO,NO,NO,NO,NO,YES,NO,NO,YES,unknown,https://daveevanstransports.com/,,verified,swl-internal,OPERATIONAL,high
Davenport Industrial Railroad (DIR) Transload Center,,,,DAVENPORT,IA,UNKNOWN,UNKNOWN,UNKNOWN,UNKNOWN,UNKNOWN,UNKNOWN,UNKNOWN,UNKNOWN,UNKNOWN,UNKNOWN,UNKNOWN,UNKNOWN,UNKNOWN,UNKNOWN,UNKNOWN,UNKNOWN,UNKNOWN,UNKNOWN,UNKNOWN,UNKNOWN,UNKNOWN,UNKNOWN,UNKNOWN,UNKNOWN,UNKNOWN,UNKNOWN,unknown,https://davenportrail.com/transloading-services,,listed,rebulk-directory (CPKC DIR),,
Daviess County Shell Building and Cross Dock/Transload Facility,,,,WASHINGTON,IN,UNKNOWN,UNKNOWN,UNKNOWN,UNKNOWN,UNKNOWN,UNKNOWN,UNKNOWN,UNKNOWN,UNKNOWN,UNKNOWN,UNKNOWN,UNKNOWN,UNKNOWN,UNKNOWN,UNKNOWN,UNKNOWN,UNKNOWN,UNKNOWN,UNKNOWN,UNKNOWN,UNKNOWN,UNKNOWN,UNKNOWN,UNKNOWN,UNKNOWN,UNKNOWN,unknown,https://developdaviess.com/,,listed,rebulk-directory (CSX),,
"DC Warehouse, LLC",,,,BIRMINGHAM,AL,UNKNOWN,UNKNOWN,UNKNOWN,UNKNOWN,UNKNOWN,UNKNOWN,UNKNOWN,UNKNOWN,UNKNOWN,UNKNOWN,UNKNOWN,UNKNOWN,UNKNOWN,UNKNOWN,UNKNOWN,UNKNOWN,UNKNOWN,UNKNOWN,UNKNOWN,UNKNOWN,UNKNOWN,UNKNOWN,UNKNOWN,UNKNOWN,UNKNOWN,UNKNOWN,unknown,,,listed,rebulk-directory (BNSF NS);bnsf-premier-flipbook,,
Dci,,,,CHALMETTE,LA,UNKNOWN,UNKNOWN,UNKNOWN,UNKNOWN,UNKNOWN,UNKNOWN,UNKNOWN,UNKNOWN,UNKNOWN,UNKNOWN,UNKNOWN,UNKNOWN,UNKNOWN,UNKNOWN,UNKNOWN,UNKNOWN,UNKNOWN,UNKNOWN,UNKNOWN,UNKNOWN,UNKNOWN,UNKNOWN,UNKNOWN,UNKNOWN,UNKNOWN,UNKNOWN,unknown,https://depotconnect.com/locations/chalmette-depot/,,listed,rebulk-directory,,
Dci,,,,PASADENA,TX,UNKNOWN,UNKNOWN,UNKNOWN,UNKNOWN,UNKNOWN,UNKNOWN,UNKNOWN,UNKNOWN,UNKNOWN,UNKNOWN,UNKNOWN,UNKNOWN,UNKNOWN,UNKNOWN,UNKNOWN,UNKNOWN,UNKNOWN,UNKNOWN,UNKNOWN,UNKNOWN,UNKNOWN,UNKNOWN,UNKNOWN,UNKNOWN,UNKNOWN,UNKNOWN,unknown,https://depotconnect.com/faq/transloading/,,listed,rebulk-directory,,
Decatur River Port,,,,DECATUR,AL,UNKNOWN,UNKNOWN,UNKNOWN,UNKNOWN,UNKNOWN,UNKNOWN,UNKNOWN,UNKNOWN,UNKNOWN,UNKNOWN,UNKNOWN,UNKNOWN,UNKNOWN,UNKNOWN,UNKNOWN,UNKNOWN,UNKNOWN,UNKNOWN,UNKNOWN,UNKNOWN,UNKNOWN,UNKNOWN,UNKNOWN,UNKNOWN,UNKNOWN,UNKNOWN,unknown,https://www.watco.com/service/terminals/decatur-riverport-al/,,listed,rebulk-directory (NS),,
Decks & Docks Lumber,,,,FT. LAUDERDALE,FL,UNKNOWN,UNKNOWN,UNKNOWN,UNKNOWN,UNKNOWN,UNKNOWN,UNKNOWN,UNKNOWN,UNKNOWN,UNKNOWN,UNKNOWN,UNKNOWN,UNKNOWN,UNKNOWN,UNKNOWN,UNKNOWN,UNKNOWN,UNKNOWN,UNKNOWN,UNKNOWN,UNKNOWN,UNKNOWN,UNKNOWN,UNKNOWN,UNKNOWN,UNKNOWN,unknown,https://www.decks-docks.com/locations/fort-lauderdale-fl,,listed,rebulk-directory (FEC NS),,
Decks & Docks Lumber Company,,,,FT. PIERCE,FL,UNKNOWN,UNKNOWN,UNKNOWN,UNKNOWN,UNKNOWN,UNKNOWN,UNKNOWN,UNKNOWN,UNKNOWN,UNKNOWN,UNKNOWN,UNKNOWN,UNKNOWN,UNKNOWN,UNKNOWN,UNKNOWN,UNKNOWN,UNKNOWN,UNKNOWN,UNKNOWN,UNKNOWN,UNKNOWN,UNKNOWN,UNKNOWN,UNKNOWN,UNKNOWN,unknown,https://www.decks-docks.com/locations/fort-pierce-fl,,listed,rebulk-directory (FEC NS),,
Degol Industrial Center,,,,HOLLIDAYSBURG,PA,UNKNOWN,UNKNOWN,UNKNOWN,UNKNOWN,UNKNOWN,UNKNOWN,UNKNOWN,UNKNOWN,UNKNOWN,UNKNOWN,UNKNOWN,UNKNOWN,UNKNOWN,UNKNOWN,UNKNOWN,UNKNOWN,UNKNOWN,UNKNOWN,UNKNOWN,UNKNOWN,UNKNOWN,UNKNOWN,UNKNOWN,UNKNOWN,UNKNOWN,UNKNOWN,yes,http://centralparailcarstorage.com/,,listed,rebulk-directory (NS),,
Delaware Express,,rjwinther@delawareexpress.com,,EDGEMOOR,DE,NO,NO,YES,NO,NO,NO,NO,NO,NO,NO,YES,NO,NO,NO,NO,NO,NO,NO,NO,NO,NO,NO,YES,YES,NO,YES,unknown,https://www.delawareexpress.com/locations,dead_link,review,swl-internal,NOT_FOUND,none
Delaware Express,,rjwinther@delawareexpress.com,,BINGHAMTON,NY,NO,NO,YES,NO,NO,NO,NO,NO,NO,NO,YES,NO,NO,NO,NO,NO,NO,NO,NO,NO,NO,NO,YES,YES,NO,YES,unknown,https://www.delawareexpress.com/locations,dead_link,review,swl-internal,NOT_FOUND,low
DeLeon Super Grow Nutt Company,,,,COMANCHE,TX,UNKNOWN,UNKNOWN,UNKNOWN,UNKNOWN,UNKNOWN,UNKNOWN,UNKNOWN,UNKNOWN,UNKNOWN,UNKNOWN,UNKNOWN,UNKNOWN,UNKNOWN,UNKNOWN,UNKNOWN,UNKNOWN,UNKNOWN,UNKNOWN,UNKNOWN,UNKNOWN,UNKNOWN,UNKNOWN,UNKNOWN,UNKNOWN,UNKNOWN,UNKNOWN,unknown,,,listed,rebulk-directory (FWWR),,
DelHur Industries Richland Transload,,,,RICHLAND,WA,UNKNOWN,UNKNOWN,UNKNOWN,UNKNOWN,UNKNOWN,UNKNOWN,UNKNOWN,UNKNOWN,UNKNOWN,UNKNOWN,UNKNOWN,UNKNOWN,UNKNOWN,UNKNOWN,UNKNOWN,UNKNOWN,UNKNOWN,UNKNOWN,UNKNOWN,UNKNOWN,UNKNOWN,UNKNOWN,UNKNOWN,UNKNOWN,UNKNOWN,UNKNOWN,unknown,https://delhur.com/,,listed,rebulk-directory (Columbia Rail BNSF UP),,
Delmarva Corrugated Packaging,,,,DOVER,DE,UNKNOWN,UNKNOWN,UNKNOWN,UNKNOWN,UNKNOWN,UNKNOWN,UNKNOWN,UNKNOWN,UNKNOWN,UNKNOWN,UNKNOWN,UNKNOWN,UNKNOWN,UNKNOWN,UNKNOWN,UNKNOWN,UNKNOWN,UNKNOWN,UNKNOWN,UNKNOWN,UNKNOWN,UNKNOWN,UNKNOWN,UNKNOWN,UNKNOWN,UNKNOWN,unknown,http://delmarvacorrugatedpackaging.com/,,listed,rebulk-directory (DCR NS),,
Delray Connecting Railroad Transload,,,,RIVER ROUGE,MI,UNKNOWN,UNKNOWN,UNKNOWN,UNKNOWN,UNKNOWN,UNKNOWN,UNKNOWN,UNKNOWN,UNKNOWN,UNKNOWN,UNKNOWN,UNKNOWN,UNKNOWN,UNKNOWN,UNKNOWN,UNKNOWN,UNKNOWN,UNKNOWN,UNKNOWN,UNKNOWN,UNKNOWN,UNKNOWN,UNKNOWN,UNKNOWN,UNKNOWN,UNKNOWN,unknown,https://www.transtarrail.com,,listed,rebulk-directory (DC NS),,
Delta Bulk Transport,,,,DANIELSON,CT,UNKNOWN,UNKNOWN,UNKNOWN,UNKNOWN,UNKNOWN,UNKNOWN,UNKNOWN,UNKNOWN,UNKNOWN,UNKNOWN,UNKNOWN,UNKNOWN,UNKNOWN,UNKNOWN,UNKNOWN,UNKNOWN,UNKNOWN,UNKNOWN,UNKNOWN,UNKNOWN,UNKNOWN,UNKNOWN,UNKNOWN,UNKNOWN,UNKNOWN,UNKNOWN,unknown,https://www.jpnoonan.com/,,listed,rebulk-directory (Providence and Worcester Railroad (PW)),,
Delta Bulk Transport,,bvoight@jpnoonan.com,,WEST SPRINGFIELD,MA,NO,YES,NO,YES,NO,NO,NO,NO,YES,YES,YES,NO,YES,NO,NO,YES,YES,NO,NO,YES,NO,NO,YES,YES,NO,NO,unknown,https://www.jpnoonan.com/,,verified,swl-internal,NOT_FOUND,low
Delta Bulk Transport,,lracine@jpnoonan.com,,WESTFIELD,MA,NO,YES,NO,YES,NO,NO,NO,NO,YES,YES,YES,NO,YES,NO,NO,YES,YES,NO,NO,YES,NO,NO,YES,YES,NO,NO,unknown,https://www.jpnoonan.com/,,verified,swl-internal,NOT_FOUND,none
Delta Southern Railroad,Madison Parish Port Transload Site,,,TALLULAH,LA,UNKNOWN,UNKNOWN,UNKNOWN,UNKNOWN,UNKNOWN,UNKNOWN,UNKNOWN,UNKNOWN,UNKNOWN,UNKNOWN,UNKNOWN,UNKNOWN,UNKNOWN,UNKNOWN,UNKNOWN,UNKNOWN,UNKNOWN,UNKNOWN,UNKNOWN,UNKNOWN,UNKNOWN,UNKNOWN,UNKNOWN,UNKNOWN,UNKNOWN,UNKNOWN,unknown,https://patriotrail.com/rail/delta-southern-railroad-dsrr/,,listed,rebulk-directory (DSRR CPKC),,
Delta Trading,,,,BAKERSFIELD,CA,UNKNOWN,UNKNOWN,UNKNOWN,UNKNOWN,UNKNOWN,UNKNOWN,UNKNOWN,UNKNOWN,UNKNOWN,UNKNOWN,UNKNOWN,UNKNOWN,UNKNOWN,UNKNOWN,UNKNOWN,UNKNOWN,UNKNOWN,UNKNOWN,UNKNOWN,UNKNOWN,UNKNOWN,UNKNOWN,UNKNOWN,UNKNOWN,UNKNOWN,UNKNOWN,unknown,https://deltatradinglp.com/,,listed,rebulk-directory (G&W SJVR),,
Delta Warehouse LLC,Gulf South Warehouse,,,MONROE,LA,UNKNOWN,UNKNOWN,UNKNOWN,UNKNOWN,UNKNOWN,UNKNOWN,UNKNOWN,UNKNOWN,UNKNOWN,UNKNOWN,UNKNOWN,UNKNOWN,UNKNOWN,UNKNOWN,UNKNOWN,UNKNOWN,UNKNOWN,UNKNOWN,UNKNOWN,UNKNOWN,UNKNOWN,UNKNOWN,UNKNOWN,UNKNOWN,UNKNOWN,UNKNOWN,unknown,,,listed,rebulk-directory (CPKC),,
Des Moines Industrial,,,,DES MOINES,IA,UNKNOWN,UNKNOWN,UNKNOWN,UNKNOWN,UNKNOWN,UNKNOWN,UNKNOWN,UNKNOWN,UNKNOWN,UNKNOWN,UNKNOWN,UNKNOWN,UNKNOWN,UNKNOWN,UNKNOWN,UNKNOWN,UNKNOWN,UNKNOWN,UNKNOWN,UNKNOWN,UNKNOWN,UNKNOWN,UNKNOWN,UNKNOWN,UNKNOWN,UNKNOWN,unknown,https://www.dsmindustrial.com/,,listed,rebulk-directory (BNSF NS),,
Devens Recycling Center,,,,DEVENS,MA,UNKNOWN,UNKNOWN,UNKNOWN,UNKNOWN,UNKNOWN,UNKNOWN,UNKNOWN,UNKNOWN,UNKNOWN,UNKNOWN,UNKNOWN,UNKNOWN,UNKNOWN,UNKNOWN,UNKNOWN,UNKNOWN,UNKNOWN,UNKNOWN,UNKNOWN,UNKNOWN,UNKNOWN,UNKNOWN,UNKNOWN,UNKNOWN,UNKNOWN,UNKNOWN,unknown,https://www.republicservices.com/devens-recycling,,listed,rebulk-directory (Berkshire & Eastern Railroad (BERX)),,
Dfi Inc.,,,,KANSAS CITY,MO,UNKNOWN,UNKNOWN,UNKNOWN,UNKNOWN,UNKNOWN,UNKNOWN,UNKNOWN,UNKNOWN,UNKNOWN,UNKNOWN,UNKNOWN,UNKNOWN,UNKNOWN,UNKNOWN,UNKNOWN,UNKNOWN,UNKNOWN,UNKNOWN,UNKNOWN,UNKNOWN,UNKNOWN,UNKNOWN,UNKNOWN,UNKNOWN,UNKNOWN,UNKNOWN,unknown,https://dunningexpress.com/locations/,,listed,rebulk-directory (BNSF),,
Dfi Inc.,,,,SAINT JOSEPH,MO,UNKNOWN,UNKNOWN,UNKNOWN,UNKNOWN,UNKNOWN,UNKNOWN,UNKNOWN,UNKNOWN,UNKNOWN,UNKNOWN,UNKNOWN,UNKNOWN,UNKNOWN,UNKNOWN,UNKNOWN,UNKNOWN,UNKNOWN,UNKNOWN,UNKNOWN,UNKNOWN,UNKNOWN,UNKNOWN,UNKNOWN,UNKNOWN,UNKNOWN,UNKNOWN,unknown,https://dunningexpress.com/locations/,,listed,rebulk-directory (BNSF),,
DFI Transloading Solutions,Dunning Express / DFI Inc.,,,ELWOOD,KS,UNKNOWN,UNKNOWN,UNKNOWN,UNKNOWN,UNKNOWN,UNKNOWN,UNKNOWN,UNKNOWN,UNKNOWN,UNKNOWN,UNKNOWN,UNKNOWN,UNKNOWN,UNKNOWN,UNKNOWN,UNKNOWN,UNKNOWN,UNKNOWN,UNKNOWN,UNKNOWN,UNKNOWN,UNKNOWN,UNKNOWN,UNKNOWN,UNKNOWN,UNKNOWN,unknown,https://dunningexpress.com/transload-solution/,,listed,rebulk-directory,,
DFI/Bulkmatic,,,,KANSAS CITY,MO,UNKNOWN,UNKNOWN,UNKNOWN,UNKNOWN,UNKNOWN,UNKNOWN,UNKNOWN,UNKNOWN,UNKNOWN,UNKNOWN,UNKNOWN,UNKNOWN,UNKNOWN,UNKNOWN,UNKNOWN,UNKNOWN,UNKNOWN,UNKNOWN,UNKNOWN,UNKNOWN,UNKNOWN,UNKNOWN,UNKNOWN,UNKNOWN,UNKNOWN,UNKNOWN,unknown,https://dunningexpress.com/locations/,,listed,rebulk-directory (CPKC),,
Dillard Choice Terminal,,,,WINSTON,OR,UNKNOWN,UNKNOWN,UNKNOWN,UNKNOWN,UNKNOWN,UNKNOWN,UNKNOWN,UNKNOWN,UNKNOWN,UNKNOWN,UNKNOWN,UNKNOWN,UNKNOWN,UNKNOWN,UNKNOWN,UNKNOWN,UNKNOWN,UNKNOWN,UNKNOWN,UNKNOWN,UNKNOWN,UNKNOWN,UNKNOWN,UNKNOWN,UNKNOWN,UNKNOWN,unknown,https://www.gwrr.com/railroads/central-oregon-and-pacific-railroad,,listed,rebulk-directory (CORP G&W),,
Dirigo Transfer,1924 Hotel Rd — Casco Bay Rail Holdings trade name; handling and storage rates on request,charles@cascobayrail.com,(207) 890-5127,AUBURN,ME,UNKNOWN,UNKNOWN,UNKNOWN,UNKNOWN,UNKNOWN,UNKNOWN,UNKNOWN,YES,UNKNOWN,UNKNOWN,UNKNOWN,UNKNOWN,UNKNOWN,UNKNOWN,UNKNOWN,UNKNOWN,UNKNOWN,UNKNOWN,UNKNOWN,UNKNOWN,UNKNOWN,UNKNOWN,UNKNOWN,UNKNOWN,UNKNOWN,UNKNOWN,unknown,https://cascobayrail.com/,,verified,"owner-outreach (Charles Hastings, lead #17; confirmed by email 2026-07-22)",,
Distribution Centers of Minnesota Inc.,,,,MINNEAPOLIS,MN,UNKNOWN,UNKNOWN,UNKNOWN,UNKNOWN,UNKNOWN,UNKNOWN,UNKNOWN,UNKNOWN,UNKNOWN,UNKNOWN,UNKNOWN,UNKNOWN,UNKNOWN,UNKNOWN,UNKNOWN,UNKNOWN,UNKNOWN,UNKNOWN,UNKNOWN,UNKNOWN,UNKNOWN,UNKNOWN,UNKNOWN,UNKNOWN,UNKNOWN,UNKNOWN,unknown,https://kochtrucking.com/koch-companies/,,listed,rebulk-directory (CPKC),,
"Distribution Services International, Inc.",,,,GARDEN CITY,GA,UNKNOWN,UNKNOWN,UNKNOWN,UNKNOWN,UNKNOWN,UNKNOWN,UNKNOWN,UNKNOWN,UNKNOWN,UNKNOWN,UNKNOWN,UNKNOWN,UNKNOWN,UNKNOWN,UNKNOWN,UNKNOWN,UNKNOWN,UNKNOWN,UNKNOWN,UNKNOWN,UNKNOWN,UNKNOWN,UNKNOWN,UNKNOWN,UNKNOWN,UNKNOWN,unknown,https://www.dsicompanies.com,,listed,rebulk-directory (NS),,
"Distribution Services International, Inc.",,,,PORT WENTWORTH,GA,UNKNOWN,UNKNOWN,UNKNOWN,UNKNOWN,UNKNOWN,UNKNOWN,UNKNOWN,UNKNOWN,UNKNOWN,UNKNOWN,UNKNOWN,UNKNOWN,UNKNOWN,UNKNOWN,UNKNOWN,UNKNOWN,UNKNOWN,UNKNOWN,UNKNOWN,UNKNOWN,UNKNOWN,UNKNOWN,UNKNOWN,UNKNOWN,UNKNOWN,UNKNOWN,unknown,https://www.dsicompanies.com,,listed,rebulk-directory (NS),,
Distribution Technology Incorporated,,,,CHARLOTTE,NC,UNKNOWN,UNKNOWN,UNKNOWN,UNKNOWN,UNKNOWN,UNKNOWN,UNKNOWN,UNKNOWN,UNKNOWN,UNKNOWN,UNKNOWN,UNKNOWN,UNKNOWN,UNKNOWN,UNKNOWN,UNKNOWN,UNKNOWN,UNKNOWN,UNKNOWN,UNKNOWN,UNKNOWN,UNKNOWN,UNKNOWN,UNKNOWN,UNKNOWN,UNKNOWN,unknown,https://www.distributiontechnology.com,,listed,rebulk-directory (NS),,
Distribution Unlimited - Northeast Industrial Park,,,,GUILDERLAND CENTER,NY,UNKNOWN,UNKNOWN,UNKNOWN,UNKNOWN,UNKNOWN,UNKNOWN,UNKNOWN,UNKNOWN,UNKNOWN,UNKNOWN,UNKNOWN,UNKNOWN,UNKNOWN,UNKNOWN,UNKNOWN,UNKNOWN,UNKNOWN,UNKNOWN,UNKNOWN,UNKNOWN,UNKNOWN,UNKNOWN,UNKNOWN,UNKNOWN,UNKNOWN,UNKNOWN,unknown,https://www.distributionunlimited.com/bulk-transload,,listed,rebulk-directory (SMS Rail Lines of New York (SNY) CSX NS),,
Diversified Minerals Rail Services,,,,OXNARD,CA,UNKNOWN,UNKNOWN,UNKNOWN,UNKNOWN,UNKNOWN,UNKNOWN,UNKNOWN,UNKNOWN,UNKNOWN,UNKNOWN,UNKNOWN,UNKNOWN,UNKNOWN,UNKNOWN,UNKNOWN,UNKNOWN,UNKNOWN,UNKNOWN,UNKNOWN,UNKNOWN,UNKNOWN,UNKNOWN,UNKNOWN,UNKNOWN,UNKNOWN,UNKNOWN,unknown,https://dmicement.com/,,listed,rebulk-directory (UP),,
Docks Creek LLC,,,,KENOVA,WV,UNKNOWN,UNKNOWN,UNKNOWN,UNKNOWN,UNKNOWN,UNKNOWN,UNKNOWN,UNKNOWN,UNKNOWN,UNKNOWN,UNKNOWN,UNKNOWN,UNKNOWN,UNKNOWN,UNKNOWN,UNKNOWN,UNKNOWN,UNKNOWN,UNKNOWN,UNKNOWN,UNKNOWN,UNKNOWN,UNKNOWN,UNKNOWN,UNKNOWN,UNKNOWN,unknown,https://www.rtcltd.com/docks-creek-llc,,listed,rebulk-directory (NS),,
Don Young Port of Alaska Railcar Loading and Unloading Terminal,,,,ANCHORAGE,AK,UNKNOWN,UNKNOWN,UNKNOWN,UNKNOWN,UNKNOWN,UNKNOWN,UNKNOWN,UNKNOWN,UNKNOWN,UNKNOWN,UNKNOWN,UNKNOWN,UNKNOWN,UNKNOWN,UNKNOWN,UNKNOWN,UNKNOWN,UNKNOWN,UNKNOWN,UNKNOWN,UNKNOWN,UNKNOWN,UNKNOWN,UNKNOWN,UNKNOWN,UNKNOWN,unknown,https://www.portofalaska.com/,,listed,rebulk-directory (ARR),,
Doraville NS TBT,,,,NORCROSS,GA,UNKNOWN,UNKNOWN,UNKNOWN,UNKNOWN,UNKNOWN,UNKNOWN,UNKNOWN,UNKNOWN,UNKNOWN,UNKNOWN,UNKNOWN,UNKNOWN,UNKNOWN,UNKNOWN,UNKNOWN,UNKNOWN,UNKNOWN,UNKNOWN,UNKNOWN,UNKNOWN,UNKNOWN,UNKNOWN,UNKNOWN,UNKNOWN,UNKNOWN,UNKNOWN,unknown,https://www.nscorp.com,,listed,rebulk-directory (NS),,
Dothan Warehouse,,,,DOTHAN,AL,UNKNOWN,UNKNOWN,UNKNOWN,UNKNOWN,UNKNOWN,UNKNOWN,UNKNOWN,UNKNOWN,UNKNOWN,UNKNOWN,UNKNOWN,UNKNOWN,UNKNOWN,UNKNOWN,UNKNOWN,UNKNOWN,UNKNOWN,UNKNOWN,UNKNOWN,UNKNOWN,UNKNOWN,UNKNOWN,UNKNOWN,UNKNOWN,UNKNOWN,UNKNOWN,unknown,https://dothanwarehouse.com/,,listed,rebulk-directory (CSX),,
Double Mountain Transload,,,,SILOAM,NC,UNKNOWN,UNKNOWN,UNKNOWN,UNKNOWN,UNKNOWN,UNKNOWN,UNKNOWN,UNKNOWN,UNKNOWN,UNKNOWN,UNKNOWN,UNKNOWN,UNKNOWN,UNKNOWN,UNKNOWN,UNKNOWN,UNKNOWN,UNKNOWN,UNKNOWN,UNKNOWN,UNKNOWN,UNKNOWN,UNKNOWN,UNKNOWN,UNKNOWN,UNKNOWN,unknown,https://gulfandohio.com/yadkin-valley-railroad,,listed,rebulk-directory (Yadkin Valley Railroad (YVRR) NS),,
Dover Yard,"R.J. Corman Bulk Terminal; Cleveland Line, RJCL",,,DOVER,OH,UNKNOWN,UNKNOWN,UNKNOWN,UNKNOWN,UNKNOWN,UNKNOWN,UNKNOWN,UNKNOWN,UNKNOWN,UNKNOWN,UNKNOWN,UNKNOWN,UNKNOWN,UNKNOWN,UNKNOWN,UNKNOWN,UNKNOWN,UNKNOWN,UNKNOWN,UNKNOWN,UNKNOWN,UNKNOWN,UNKNOWN,UNKNOWN,UNKNOWN,UNKNOWN,unknown,https://www.rsilogistics.com/rail-solutions/rail-terminal-services/dover-oh/,,listed,rebulk-directory (RJCL),,
Dptl LLC,,,,SANTA FE SPRINGS,CA,UNKNOWN,UNKNOWN,UNKNOWN,UNKNOWN,UNKNOWN,UNKNOWN,UNKNOWN,UNKNOWN,UNKNOWN,UNKNOWN,UNKNOWN,UNKNOWN,UNKNOWN,UNKNOWN,UNKNOWN,UNKNOWN,UNKNOWN,UNKNOWN,UNKNOWN,UNKNOWN,UNKNOWN,UNKNOWN,UNKNOWN,UNKNOWN,UNKNOWN,UNKNOWN,unknown,,,listed,commtrex-public,,
Dreisbach Enterprises,,,,OAKLAND,CA,UNKNOWN,UNKNOWN,UNKNOWN,UNKNOWN,UNKNOWN,UNKNOWN,UNKNOWN,UNKNOWN,UNKNOWN,UNKNOWN,UNKNOWN,UNKNOWN,UNKNOWN,UNKNOWN,UNKNOWN,UNKNOWN,UNKNOWN,UNKNOWN,UNKNOWN,UNKNOWN,UNKNOWN,UNKNOWN,UNKNOWN,UNKNOWN,UNKNOWN,UNKNOWN,unknown,https://www.dreisbach.com/,,listed,rebulk-directory (BNSF),,
Dreisbach Enterprises,,,,RICHMOND,CA,UNKNOWN,UNKNOWN,UNKNOWN,UNKNOWN,UNKNOWN,UNKNOWN,UNKNOWN,UNKNOWN,UNKNOWN,UNKNOWN,UNKNOWN,UNKNOWN,UNKNOWN,UNKNOWN,UNKNOWN,UNKNOWN,UNKNOWN,UNKNOWN,UNKNOWN,UNKNOWN,UNKNOWN,UNKNOWN,UNKNOWN,UNKNOWN,UNKNOWN,UNKNOWN,unknown,https://www.dreisbach.com/,,listed,rebulk-directory (BNSF),,
Dubois Construction Inc.,,,,MIDDLESEX,VT,UNKNOWN,UNKNOWN,UNKNOWN,UNKNOWN,UNKNOWN,UNKNOWN,UNKNOWN,UNKNOWN,UNKNOWN,UNKNOWN,UNKNOWN,UNKNOWN,UNKNOWN,UNKNOWN,UNKNOWN,UNKNOWN,UNKNOWN,UNKNOWN,UNKNOWN,UNKNOWN,UNKNOWN,UNKNOWN,UNKNOWN,UNKNOWN,UNKNOWN,UNKNOWN,unknown,,,listed,rebulk-directory (G&W NECR),,
"Dubuque River Terminals, Inc.",,,,DUBUQUE,IA,UNKNOWN,UNKNOWN,UNKNOWN,UNKNOWN,UNKNOWN,UNKNOWN,UNKNOWN,UNKNOWN,UNKNOWN,UNKNOWN,UNKNOWN,UNKNOWN,UNKNOWN,UNKNOWN,UNKNOWN,UNKNOWN,UNKNOWN,UNKNOWN,UNKNOWN,UNKNOWN,UNKNOWN,UNKNOWN,UNKNOWN,UNKNOWN,UNKNOWN,UNKNOWN,unknown,https://newtmarine.com/dubuque-river-terminals-inc/,,listed,rebulk-directory (BNSF CN),,
Duluth Harbor Industrial Park,,,,DULUTH,MN,UNKNOWN,UNKNOWN,UNKNOWN,UNKNOWN,UNKNOWN,UNKNOWN,UNKNOWN,UNKNOWN,UNKNOWN,UNKNOWN,UNKNOWN,UNKNOWN,UNKNOWN,UNKNOWN,UNKNOWN,UNKNOWN,UNKNOWN,UNKNOWN,UNKNOWN,UNKNOWN,UNKNOWN,UNKNOWN,UNKNOWN,UNKNOWN,UNKNOWN,UNKNOWN,unknown,https://www.duluthharborindustrialpark.com/,,listed,rebulk-directory (BNSF CN CPKC UP),,
Dupuy Storage & Forwarding,,,,NEW ORLEANS,LA,UNKNOWN,UNKNOWN,UNKNOWN,UNKNOWN,UNKNOWN,UNKNOWN,UNKNOWN,UNKNOWN,UNKNOWN,UNKNOWN,UNKNOWN,UNKNOWN,UNKNOWN,UNKNOWN,UNKNOWN,UNKNOWN,UNKNOWN,UNKNOWN,UNKNOWN,UNKNOWN,UNKNOWN,UNKNOWN,UNKNOWN,UNKNOWN,UNKNOWN,UNKNOWN,unknown,https://dupuygroup.com/,,listed,rebulk-directory (NOPB),,
DuraPort Marine & Rail Terminal,,,,BAYONNE,NJ,UNKNOWN,UNKNOWN,UNKNOWN,UNKNOWN,UNKNOWN,UNKNOWN,UNKNOWN,UNKNOWN,UNKNOWN,UNKNOWN,UNKNOWN,UNKNOWN,UNKNOWN,UNKNOWN,UNKNOWN,UNKNOWN,UNKNOWN,UNKNOWN,UNKNOWN,UNKNOWN,UNKNOWN,UNKNOWN,UNKNOWN,UNKNOWN,UNKNOWN,UNKNOWN,unknown,https://duraport.net/,,listed,rebulk-directory (Conrail Shared Assets Operations (CSAO) CSX NS),,
Dutch Lane Yard,,,,JEFFERSONVILLE,IN,UNKNOWN,UNKNOWN,UNKNOWN,UNKNOWN,UNKNOWN,UNKNOWN,UNKNOWN,UNKNOWN,UNKNOWN,UNKNOWN,UNKNOWN,UNKNOWN,UNKNOWN,UNKNOWN,UNKNOWN,UNKNOWN,UNKNOWN,UNKNOWN,UNKNOWN,UNKNOWN,UNKNOWN,UNKNOWN,UNKNOWN,UNKNOWN,UNKNOWN,UNKNOWN,unknown,https://www.anacostia.com/our-companies/lirc/,,listed,rebulk-directory (LIRC),,
Dyno Nobel North America,,,,CAMBRIDGE,OH,UNKNOWN,UNKNOWN,UNKNOWN,UNKNOWN,UNKNOWN,UNKNOWN,UNKNOWN,UNKNOWN,UNKNOWN,UNKNOWN,UNKNOWN,UNKNOWN,UNKNOWN,UNKNOWN,UNKNOWN,UNKNOWN,UNKNOWN,UNKNOWN,UNKNOWN,UNKNOWN,UNKNOWN,UNKNOWN,UNKNOWN,UNKNOWN,UNKNOWN,UNKNOWN,unknown,https://www.dynonobel.com/,,listed,rebulk-directory (CUOH G&W),,
Dysarts Warehouse,,,,HERMON,ME,UNKNOWN,UNKNOWN,UNKNOWN,UNKNOWN,UNKNOWN,UNKNOWN,UNKNOWN,UNKNOWN,UNKNOWN,UNKNOWN,UNKNOWN,UNKNOWN,UNKNOWN,UNKNOWN,UNKNOWN,UNKNOWN,UNKNOWN,UNKNOWN,UNKNOWN,UNKNOWN,UNKNOWN,UNKNOWN,UNKNOWN,UNKNOWN,UNKNOWN,UNKNOWN,unknown,https://dysartsservicecenter.com/warehouse/,,listed,rebulk-directory (CPKC),,
E&L Paving and Construction - Belfast Logistics,,,,LA PORTE,IN,UNKNOWN,UNKNOWN,UNKNOWN,UNKNOWN,UNKNOWN,UNKNOWN,UNKNOWN,UNKNOWN,UNKNOWN,UNKNOWN,UNKNOWN,UNKNOWN,UNKNOWN,UNKNOWN,UNKNOWN,UNKNOWN,UNKNOWN,UNKNOWN,UNKNOWN,UNKNOWN,UNKNOWN,UNKNOWN,UNKNOWN,UNKNOWN,UNKNOWN,UNKNOWN,unknown,,,listed,rebulk-directory (CSS),,
Eagle Logistics,,,,MONSON,MA,UNKNOWN,UNKNOWN,UNKNOWN,UNKNOWN,UNKNOWN,UNKNOWN,UNKNOWN,UNKNOWN,UNKNOWN,UNKNOWN,UNKNOWN,UNKNOWN,UNKNOWN,UNKNOWN,UNKNOWN,UNKNOWN,UNKNOWN,UNKNOWN,UNKNOWN,UNKNOWN,UNKNOWN,UNKNOWN,UNKNOWN,UNKNOWN,UNKNOWN,UNKNOWN,unknown,,,listed,rebulk-directory (G&W NECR),,
East Chester Transload Track,,,,CHESTER,SC,UNKNOWN,UNKNOWN,UNKNOWN,UNKNOWN,UNKNOWN,UNKNOWN,UNKNOWN,UNKNOWN,UNKNOWN,UNKNOWN,UNKNOWN,UNKNOWN,UNKNOWN,UNKNOWN,UNKNOWN,UNKNOWN,UNKNOWN,UNKNOWN,UNKNOWN,UNKNOWN,UNKNOWN,UNKNOWN,UNKNOWN,UNKNOWN,UNKNOWN,UNKNOWN,unknown,https://gulfandohio.com/l-c,,listed,rebulk-directory (Lancaster & Chester Railroad (LC) CSX NS),,
East Chicago Transload LLC,,,,EAST CHICAGO,IN,UNKNOWN,UNKNOWN,UNKNOWN,UNKNOWN,UNKNOWN,UNKNOWN,UNKNOWN,UNKNOWN,UNKNOWN,UNKNOWN,UNKNOWN,UNKNOWN,UNKNOWN,UNKNOWN,UNKNOWN,UNKNOWN,UNKNOWN,UNKNOWN,UNKNOWN,UNKNOWN,UNKNOWN,UNKNOWN,UNKNOWN,UNKNOWN,UNKNOWN,UNKNOWN,unknown,https://eastchicagorail.com/,,listed,rebulk-directory (BNSF),,
East Coast Material Management,,,,PLAINFIELD,CT,UNKNOWN,UNKNOWN,UNKNOWN,UNKNOWN,UNKNOWN,UNKNOWN,UNKNOWN,UNKNOWN,UNKNOWN,UNKNOWN,UNKNOWN,UNKNOWN,UNKNOWN,UNKNOWN,UNKNOWN,UNKNOWN,UNKNOWN,UNKNOWN,UNKNOWN,UNKNOWN,UNKNOWN,UNKNOWN,UNKNOWN,UNKNOWN,UNKNOWN,UNKNOWN,unknown,https://ec-mm.com/,,listed,rebulk-directory (Providence & Worcester Railroad (PW)),,
East Coast Warehouse & Distribution Corp,,,,JERSEY CITY,NJ,UNKNOWN,UNKNOWN,UNKNOWN,UNKNOWN,UNKNOWN,UNKNOWN,UNKNOWN,UNKNOWN,UNKNOWN,UNKNOWN,UNKNOWN,UNKNOWN,UNKNOWN,UNKNOWN,UNKNOWN,UNKNOWN,UNKNOWN,UNKNOWN,UNKNOWN,UNKNOWN,UNKNOWN,UNKNOWN,UNKNOWN,UNKNOWN,UNKNOWN,UNKNOWN,unknown,https://eastcoastwarehouse.com,,listed,rebulk-directory (NS),,
East Ohio Valley Railway,Transload,,,HANNIBAL,OH,UNKNOWN,UNKNOWN,UNKNOWN,UNKNOWN,UNKNOWN,UNKNOWN,UNKNOWN,UNKNOWN,UNKNOWN,UNKNOWN,UNKNOWN,UNKNOWN,UNKNOWN,UNKNOWN,UNKNOWN,UNKNOWN,UNKNOWN,UNKNOWN,UNKNOWN,UNKNOWN,UNKNOWN,UNKNOWN,UNKNOWN,UNKNOWN,UNKNOWN,UNKNOWN,unknown,https://transtarrail.com/our-locations/eovr/,,listed,rebulk-directory (East Ohio Valley Railway (EOVR)),,
East Point NS TBT,,,,EAST POINT,GA,UNKNOWN,UNKNOWN,UNKNOWN,UNKNOWN,UNKNOWN,UNKNOWN,UNKNOWN,UNKNOWN,UNKNOWN,UNKNOWN,UNKNOWN,UNKNOWN,UNKNOWN,UNKNOWN,UNKNOWN,UNKNOWN,UNKNOWN,UNKNOWN,UNKNOWN,UNKNOWN,UNKNOWN,UNKNOWN,UNKNOWN,UNKNOWN,UNKNOWN,UNKNOWN,unknown,https://www.nscorp.com,,listed,rebulk-directory (NS),,
East River Terminal & Lanier Dock,,,,BRUNSWICK,GA,UNKNOWN,UNKNOWN,UNKNOWN,UNKNOWN,UNKNOWN,UNKNOWN,UNKNOWN,UNKNOWN,UNKNOWN,UNKNOWN,UNKNOWN,UNKNOWN,UNKNOWN,UNKNOWN,UNKNOWN,UNKNOWN,UNKNOWN,UNKNOWN,UNKNOWN,UNKNOWN,UNKNOWN,UNKNOWN,UNKNOWN,UNKNOWN,UNKNOWN,UNKNOWN,unknown,https://gaports.com/facilities/port-of-brunswick/east-river-terminal-lanier-dock/,,listed,rebulk-directory (CSX NS),,
East Tennessee Railway Transload,,,,JOHNSON CITY,TN,UNKNOWN,UNKNOWN,UNKNOWN,UNKNOWN,UNKNOWN,UNKNOWN,UNKNOWN,UNKNOWN,UNKNOWN,UNKNOWN,UNKNOWN,UNKNOWN,UNKNOWN,UNKNOWN,UNKNOWN,UNKNOWN,UNKNOWN,UNKNOWN,UNKNOWN,UNKNOWN,UNKNOWN,UNKNOWN,UNKNOWN,UNKNOWN,UNKNOWN,UNKNOWN,unknown,https://www.gwrr.com/railroads/east-tennessee-railway,,listed,rebulk-directory (ETRY CSX NS),,
Eastern Consolidation & Distribution Services Inc.,,,,CAMP HILL,PA,UNKNOWN,UNKNOWN,UNKNOWN,UNKNOWN,UNKNOWN,UNKNOWN,UNKNOWN,UNKNOWN,UNKNOWN,UNKNOWN,UNKNOWN,UNKNOWN,UNKNOWN,UNKNOWN,UNKNOWN,UNKNOWN,UNKNOWN,UNKNOWN,UNKNOWN,UNKNOWN,UNKNOWN,UNKNOWN,UNKNOWN,UNKNOWN,UNKNOWN,UNKNOWN,unknown,https://ecdservices.com/,,listed,rebulk-directory (NS),,
Eastpointe Business Park Rail Transfer Station,,,,ZANESVILLE,OH,UNKNOWN,UNKNOWN,UNKNOWN,UNKNOWN,UNKNOWN,UNKNOWN,UNKNOWN,UNKNOWN,UNKNOWN,UNKNOWN,UNKNOWN,UNKNOWN,UNKNOWN,UNKNOWN,UNKNOWN,UNKNOWN,UNKNOWN,UNKNOWN,UNKNOWN,UNKNOWN,UNKNOWN,UNKNOWN,UNKNOWN,UNKNOWN,UNKNOWN,UNKNOWN,unknown,https://zmcport.com/,,listed,rebulk-directory (CUOH),,
Eastport Terminal / Manatee Rail,,,,PALMETTO,FL,UNKNOWN,UNKNOWN,UNKNOWN,UNKNOWN,UNKNOWN,UNKNOWN,UNKNOWN,UNKNOWN,UNKNOWN,UNKNOWN,UNKNOWN,UNKNOWN,UNKNOWN,UNKNOWN,UNKNOWN,UNKNOWN,UNKNOWN,UNKNOWN,UNKNOWN,UNKNOWN,UNKNOWN,UNKNOWN,UNKNOWN,UNKNOWN,UNKNOWN,UNKNOWN,unknown,https://www.manateerail.com/,,listed,rebulk-directory (Manatee Rail CSX),,
Eco-Energy Knoxville Terminal,,,,KNOXVILLE,TN,UNKNOWN,UNKNOWN,UNKNOWN,UNKNOWN,UNKNOWN,UNKNOWN,UNKNOWN,UNKNOWN,UNKNOWN,UNKNOWN,UNKNOWN,UNKNOWN,UNKNOWN,UNKNOWN,UNKNOWN,UNKNOWN,UNKNOWN,UNKNOWN,UNKNOWN,UNKNOWN,UNKNOWN,UNKNOWN,UNKNOWN,UNKNOWN,UNKNOWN,UNKNOWN,unknown,https://www.eco-energy.com/distribution-services,,listed,rebulk-directory (CSX),,
Eddyville Riverport,,,,EDDYVILLE,KY,UNKNOWN,UNKNOWN,UNKNOWN,UNKNOWN,UNKNOWN,UNKNOWN,UNKNOWN,UNKNOWN,UNKNOWN,UNKNOWN,UNKNOWN,UNKNOWN,UNKNOWN,UNKNOWN,UNKNOWN,UNKNOWN,UNKNOWN,UNKNOWN,UNKNOWN,UNKNOWN,UNKNOWN,UNKNOWN,UNKNOWN,UNKNOWN,UNKNOWN,UNKNOWN,unknown,https://www.eddyvilleriverport.com/,,listed,rebulk-directory (PAL),,
Edgemoor NS TBT,,,,WILMINGTON,DE,UNKNOWN,UNKNOWN,UNKNOWN,UNKNOWN,UNKNOWN,UNKNOWN,UNKNOWN,UNKNOWN,UNKNOWN,UNKNOWN,UNKNOWN,UNKNOWN,UNKNOWN,UNKNOWN,UNKNOWN,UNKNOWN,UNKNOWN,UNKNOWN,UNKNOWN,UNKNOWN,UNKNOWN,UNKNOWN,UNKNOWN,UNKNOWN,UNKNOWN,UNKNOWN,unknown,https://www.nscorp.com,,listed,rebulk-directory (NS),,
Edinburgh Terminal,,,,EDINBURGH,IN,UNKNOWN,UNKNOWN,UNKNOWN,UNKNOWN,UNKNOWN,UNKNOWN,UNKNOWN,UNKNOWN,UNKNOWN,UNKNOWN,UNKNOWN,UNKNOWN,UNKNOWN,UNKNOWN,UNKNOWN,UNKNOWN,UNKNOWN,UNKNOWN,UNKNOWN,UNKNOWN,UNKNOWN,UNKNOWN,UNKNOWN,UNKNOWN,UNKNOWN,UNKNOWN,unknown,https://www.anacostia.com/our-companies/lirc/,,listed,rebulk-directory (LIRC),,
Ee-Jay Motor Transports Inc,,marcp@ee-jay.com,(800) 421-0124,MINNEAPOLIS,MN,NO,NO,YES,YES,NO,NO,YES,NO,YES,YES,YES,NO,YES,NO,NO,YES,YES,NO,NO,YES,NO,YES,YES,YES,NO,NO,unknown,http://www.ee-jay.com/,,verified,swl-internal,OPERATIONAL,high
Ee-Jay Motor Transports Inc,,marcp@ee-jay.com,,EAST ST LOUIS,MO,NO,NO,YES,YES,NO,NO,YES,NO,YES,YES,YES,NO,YES,NO,NO,YES,YES,NO,NO,YES,NO,YES,YES,YES,NO,NO,unknown,https://ee-jay.com/locations/,,verified,swl-internal,NOT_FOUND,low
Ee-Jay Motor Transports Inc.,,,,LOUISVILLE,KY,UNKNOWN,UNKNOWN,UNKNOWN,UNKNOWN,UNKNOWN,UNKNOWN,UNKNOWN,UNKNOWN,UNKNOWN,UNKNOWN,UNKNOWN,UNKNOWN,UNKNOWN,UNKNOWN,UNKNOWN,UNKNOWN,UNKNOWN,UNKNOWN,UNKNOWN,UNKNOWN,UNKNOWN,UNKNOWN,UNKNOWN,UNKNOWN,UNKNOWN,UNKNOWN,unknown,https://ee-jay.com/,,listed,rebulk-directory (Louisville & Indiana Railroad (LIRC)),,
Elizabeth NS TBT,,,,ELIZABETH,NJ,UNKNOWN,UNKNOWN,UNKNOWN,UNKNOWN,UNKNOWN,UNKNOWN,UNKNOWN,UNKNOWN,UNKNOWN,UNKNOWN,UNKNOWN,UNKNOWN,UNKNOWN,UNKNOWN,UNKNOWN,UNKNOWN,UNKNOWN,UNKNOWN,UNKNOWN,UNKNOWN,UNKNOWN,UNKNOWN,UNKNOWN,UNKNOWN,UNKNOWN,UNKNOWN,unknown,https://www.nscorp.com,,listed,rebulk-directory (Conrail NS),,
ELM Global Logistics,,,,BRENTWOOD,NY,UNKNOWN,UNKNOWN,UNKNOWN,UNKNOWN,UNKNOWN,UNKNOWN,UNKNOWN,UNKNOWN,UNKNOWN,UNKNOWN,UNKNOWN,UNKNOWN,UNKNOWN,UNKNOWN,UNKNOWN,UNKNOWN,UNKNOWN,UNKNOWN,UNKNOWN,UNKNOWN,UNKNOWN,UNKNOWN,UNKNOWN,UNKNOWN,UNKNOWN,UNKNOWN,unknown,https://www.elmlogistics.com/,,listed,rebulk-directory (New York & Atlantic Railway (NYA)),,
Empire Stevedoring Co.,,,,NEW ORLEANS,LA,UNKNOWN,UNKNOWN,UNKNOWN,UNKNOWN,UNKNOWN,UNKNOWN,UNKNOWN,UNKNOWN,UNKNOWN,UNKNOWN,UNKNOWN,UNKNOWN,UNKNOWN,UNKNOWN,UNKNOWN,UNKNOWN,UNKNOWN,UNKNOWN,UNKNOWN,UNKNOWN,UNKNOWN,UNKNOWN,UNKNOWN,UNKNOWN,UNKNOWN,UNKNOWN,unknown,https://qsl.com/,,listed,rebulk-directory (BNSF),,
Empire Transload,,www.linkedin.com/in/jerry-hood-3385362a,(850) 481-1550,PANAMA CITY,FL,NO,NO,NO,NO,NO,NO,NO,NO,NO,NO,NO,NO,NO,NO,NO,NO,NO,NO,NO,NO,NO,NO,NO,NO,NO,NO,unknown,https://www.mapquest.com/us/florida/empire-transload-company-262974062,,verified,swl-internal,OPERATIONAL,high
Empire Warehouse,,,,LEROY,NY,UNKNOWN,UNKNOWN,UNKNOWN,UNKNOWN,UNKNOWN,UNKNOWN,UNKNOWN,UNKNOWN,UNKNOWN,UNKNOWN,UNKNOWN,UNKNOWN,UNKNOWN,UNKNOWN,UNKNOWN,UNKNOWN,UNKNOWN,UNKNOWN,UNKNOWN,UNKNOWN,UNKNOWN,UNKNOWN,UNKNOWN,UNKNOWN,UNKNOWN,UNKNOWN,unknown,,,listed,rebulk-directory (G&W RSR),,
Emporium Transload Facility,,,,EMPORIUM,PA,UNKNOWN,UNKNOWN,UNKNOWN,UNKNOWN,UNKNOWN,UNKNOWN,UNKNOWN,UNKNOWN,UNKNOWN,UNKNOWN,UNKNOWN,UNKNOWN,UNKNOWN,UNKNOWN,UNKNOWN,UNKNOWN,UNKNOWN,UNKNOWN,UNKNOWN,UNKNOWN,UNKNOWN,UNKNOWN,UNKNOWN,UNKNOWN,UNKNOWN,UNKNOWN,unknown,https://wnyprr.com/development/,,listed,rebulk-directory (WNYP NS),,
Energy Transfer,Eagle Point Terminal,,,WESTVILLE,NJ,UNKNOWN,UNKNOWN,UNKNOWN,UNKNOWN,UNKNOWN,UNKNOWN,UNKNOWN,UNKNOWN,UNKNOWN,UNKNOWN,UNKNOWN,UNKNOWN,UNKNOWN,UNKNOWN,UNKNOWN,UNKNOWN,UNKNOWN,UNKNOWN,UNKNOWN,UNKNOWN,UNKNOWN,UNKNOWN,UNKNOWN,UNKNOWN,UNKNOWN,UNKNOWN,unknown,https://www.energytransfer.com/,,listed,rebulk-directory (SMS Rail Service (SLRS) Conrail Shared Assets Operations (CSAO) CSX NS),,
Energy Transfer North Kingstown Propane Terminal,,,,NORTH KINGSTOWN,RI,UNKNOWN,UNKNOWN,UNKNOWN,UNKNOWN,UNKNOWN,UNKNOWN,UNKNOWN,UNKNOWN,UNKNOWN,UNKNOWN,UNKNOWN,UNKNOWN,UNKNOWN,UNKNOWN,UNKNOWN,UNKNOWN,UNKNOWN,UNKNOWN,UNKNOWN,UNKNOWN,UNKNOWN,UNKNOWN,UNKNOWN,UNKNOWN,UNKNOWN,UNKNOWN,unknown,https://www.energytransfer.com/,,listed,rebulk-directory (Seaview Transportation Company (SVTX) Providence and Worcester Railroad (PW)),,
Enstructure Houston Terminals,,,,GALENA PARK,TX,UNKNOWN,UNKNOWN,UNKNOWN,UNKNOWN,UNKNOWN,UNKNOWN,UNKNOWN,UNKNOWN,UNKNOWN,UNKNOWN,UNKNOWN,UNKNOWN,UNKNOWN,UNKNOWN,UNKNOWN,UNKNOWN,UNKNOWN,UNKNOWN,UNKNOWN,UNKNOWN,UNKNOWN,UNKNOWN,UNKNOWN,UNKNOWN,UNKNOWN,UNKNOWN,unknown,https://enstructure.com/,,listed,rebulk-directory (Port Terminal Railroad Association (PTRA) BNSF UP CPKC),,
Enstructure Jacksonville Terminal,,,,JACKSONVILLE,FL,UNKNOWN,UNKNOWN,UNKNOWN,UNKNOWN,UNKNOWN,UNKNOWN,UNKNOWN,UNKNOWN,UNKNOWN,UNKNOWN,UNKNOWN,UNKNOWN,UNKNOWN,UNKNOWN,UNKNOWN,UNKNOWN,UNKNOWN,UNKNOWN,UNKNOWN,UNKNOWN,UNKNOWN,UNKNOWN,UNKNOWN,UNKNOWN,UNKNOWN,UNKNOWN,unknown,https://enstructure.com/,,listed,rebulk-directory (CSX NS),,
Enstructure Montville Terminal,,,,MONTVILLE,CT,UNKNOWN,UNKNOWN,UNKNOWN,UNKNOWN,UNKNOWN,UNKNOWN,UNKNOWN,UNKNOWN,UNKNOWN,UNKNOWN,UNKNOWN,UNKNOWN,UNKNOWN,UNKNOWN,UNKNOWN,UNKNOWN,UNKNOWN,UNKNOWN,UNKNOWN,UNKNOWN,UNKNOWN,UNKNOWN,UNKNOWN,UNKNOWN,UNKNOWN,UNKNOWN,unknown,https://enstructure.com/network/northeast/,,listed,rebulk-directory (New England Central Railroad (NECR)),,
Enstructure Palm Beach Terminal,,,,RIVIERA BEACH,FL,UNKNOWN,UNKNOWN,UNKNOWN,UNKNOWN,UNKNOWN,UNKNOWN,UNKNOWN,UNKNOWN,UNKNOWN,UNKNOWN,UNKNOWN,UNKNOWN,UNKNOWN,UNKNOWN,UNKNOWN,UNKNOWN,UNKNOWN,UNKNOWN,UNKNOWN,UNKNOWN,UNKNOWN,UNKNOWN,UNKNOWN,UNKNOWN,UNKNOWN,UNKNOWN,unknown,https://enstructure.com/,,listed,rebulk-directory (Florida East Coast Railway (FEC) CSX NS),,
Enstructure Wilmington,Port of,,,WILMINGTON,DE,UNKNOWN,UNKNOWN,UNKNOWN,UNKNOWN,UNKNOWN,UNKNOWN,UNKNOWN,UNKNOWN,UNKNOWN,UNKNOWN,UNKNOWN,UNKNOWN,UNKNOWN,UNKNOWN,UNKNOWN,UNKNOWN,UNKNOWN,UNKNOWN,UNKNOWN,UNKNOWN,UNKNOWN,UNKNOWN,UNKNOWN,UNKNOWN,UNKNOWN,UNKNOWN,unknown,https://portwilmington.com/,,listed,rebulk-directory (NS),,
Environmental Barge Services,,,,CHATTANOOGA,TN,UNKNOWN,UNKNOWN,UNKNOWN,UNKNOWN,UNKNOWN,UNKNOWN,UNKNOWN,UNKNOWN,UNKNOWN,UNKNOWN,UNKNOWN,UNKNOWN,UNKNOWN,UNKNOWN,UNKNOWN,UNKNOWN,UNKNOWN,UNKNOWN,UNKNOWN,UNKNOWN,UNKNOWN,UNKNOWN,UNKNOWN,UNKNOWN,UNKNOWN,UNKNOWN,unknown,https://environmentalbarge.com/,,listed,rebulk-directory (NS),,
Environmental Remediation & Recovery,Er&R,,,MOUNDS,IL,UNKNOWN,UNKNOWN,UNKNOWN,UNKNOWN,UNKNOWN,UNKNOWN,UNKNOWN,UNKNOWN,UNKNOWN,UNKNOWN,UNKNOWN,UNKNOWN,UNKNOWN,UNKNOWN,UNKNOWN,UNKNOWN,UNKNOWN,UNKNOWN,UNKNOWN,UNKNOWN,UNKNOWN,UNKNOWN,UNKNOWN,UNKNOWN,UNKNOWN,UNKNOWN,unknown,https://errclean.com/,,listed,rebulk-directory (CN),,
Environmental Remediation And Recovery,,,,MOUNDS,IL,UNKNOWN,UNKNOWN,UNKNOWN,UNKNOWN,UNKNOWN,UNKNOWN,UNKNOWN,UNKNOWN,UNKNOWN,UNKNOWN,UNKNOWN,UNKNOWN,UNKNOWN,UNKNOWN,UNKNOWN,UNKNOWN,UNKNOWN,UNKNOWN,UNKNOWN,UNKNOWN,UNKNOWN,UNKNOWN,UNKNOWN,UNKNOWN,UNKNOWN,UNKNOWN,unknown,https://errclean.com/,,listed,rebulk-directory (BNSF),,
EnviroTech Services Evanston Transload,,,,EVANSTON,WY,UNKNOWN,UNKNOWN,UNKNOWN,UNKNOWN,UNKNOWN,UNKNOWN,UNKNOWN,UNKNOWN,UNKNOWN,UNKNOWN,UNKNOWN,UNKNOWN,UNKNOWN,UNKNOWN,UNKNOWN,UNKNOWN,UNKNOWN,UNKNOWN,UNKNOWN,UNKNOWN,UNKNOWN,UNKNOWN,UNKNOWN,UNKNOWN,UNKNOWN,UNKNOWN,unknown,https://www.envirotechservices.com/,,listed,rebulk-directory (UP),,
Epic Midstream LLC,,,,SAVANNAH,GA,UNKNOWN,UNKNOWN,UNKNOWN,UNKNOWN,UNKNOWN,UNKNOWN,UNKNOWN,UNKNOWN,UNKNOWN,UNKNOWN,UNKNOWN,UNKNOWN,UNKNOWN,UNKNOWN,UNKNOWN,UNKNOWN,UNKNOWN,UNKNOWN,UNKNOWN,UNKNOWN,UNKNOWN,UNKNOWN,UNKNOWN,UNKNOWN,UNKNOWN,UNKNOWN,unknown,,,listed,rebulk-directory (NS),,
Ergon Asphalt & Emulsions,Wolcott Terminal,,,KANSAS CITY,KS,UNKNOWN,UNKNOWN,UNKNOWN,UNKNOWN,UNKNOWN,UNKNOWN,UNKNOWN,UNKNOWN,UNKNOWN,UNKNOWN,UNKNOWN,UNKNOWN,UNKNOWN,UNKNOWN,UNKNOWN,UNKNOWN,UNKNOWN,UNKNOWN,UNKNOWN,UNKNOWN,UNKNOWN,UNKNOWN,UNKNOWN,UNKNOWN,UNKNOWN,UNKNOWN,unknown,https://ergonasphalt.com/locations/,,listed,rebulk-directory (UP),,
Euclid Chemical,,,,LAFAYETTE,LA,UNKNOWN,UNKNOWN,UNKNOWN,UNKNOWN,UNKNOWN,UNKNOWN,UNKNOWN,UNKNOWN,UNKNOWN,UNKNOWN,UNKNOWN,UNKNOWN,UNKNOWN,UNKNOWN,UNKNOWN,UNKNOWN,UNKNOWN,UNKNOWN,UNKNOWN,UNKNOWN,UNKNOWN,UNKNOWN,UNKNOWN,UNKNOWN,UNKNOWN,UNKNOWN,unknown,,,listed,rebulk-directory (CCKY G&W),,
Euclid NS TBT,,,,EUCLID,OH,UNKNOWN,UNKNOWN,UNKNOWN,UNKNOWN,UNKNOWN,UNKNOWN,UNKNOWN,UNKNOWN,UNKNOWN,UNKNOWN,UNKNOWN,UNKNOWN,UNKNOWN,UNKNOWN,UNKNOWN,UNKNOWN,UNKNOWN,UNKNOWN,UNKNOWN,UNKNOWN,UNKNOWN,UNKNOWN,UNKNOWN,UNKNOWN,UNKNOWN,UNKNOWN,unknown,https://www.nscorp.com,,listed,rebulk-directory (NS),,
Evans Distribution Systems,Huron River Drive Progressive Distribution Center,,,ROMULUS,MI,UNKNOWN,UNKNOWN,UNKNOWN,UNKNOWN,UNKNOWN,UNKNOWN,UNKNOWN,UNKNOWN,UNKNOWN,UNKNOWN,UNKNOWN,UNKNOWN,UNKNOWN,UNKNOWN,UNKNOWN,UNKNOWN,UNKNOWN,UNKNOWN,UNKNOWN,UNKNOWN,UNKNOWN,UNKNOWN,UNKNOWN,UNKNOWN,UNKNOWN,UNKNOWN,unknown,https://www.evansdist.com/warehousing-services/,,listed,rebulk-directory (CSX),,
Fairbanks Materials Rail to Road,,,,FAIRBANKS,AK,UNKNOWN,UNKNOWN,UNKNOWN,UNKNOWN,UNKNOWN,UNKNOWN,UNKNOWN,UNKNOWN,UNKNOWN,UNKNOWN,UNKNOWN,UNKNOWN,UNKNOWN,UNKNOWN,UNKNOWN,UNKNOWN,UNKNOWN,UNKNOWN,UNKNOWN,UNKNOWN,UNKNOWN,UNKNOWN,UNKNOWN,UNKNOWN,UNKNOWN,UNKNOWN,unknown,https://www.fairbanksmaterials.com/rail-to-road/,,listed,rebulk-directory (ARR),,
Fairview Mills / J-Six Enterprises,Transload,,,TOPEKA,KS,UNKNOWN,UNKNOWN,UNKNOWN,UNKNOWN,UNKNOWN,UNKNOWN,UNKNOWN,UNKNOWN,UNKNOWN,UNKNOWN,UNKNOWN,UNKNOWN,UNKNOWN,UNKNOWN,UNKNOWN,UNKNOWN,UNKNOWN,UNKNOWN,UNKNOWN,UNKNOWN,UNKNOWN,UNKNOWN,UNKNOWN,UNKNOWN,UNKNOWN,UNKNOWN,unknown,https://www.jsixenterprises.com/services/transloading/,,listed,rebulk-directory (UP),,
Fall River Line Pier,,,,FALL RIVER,MA,UNKNOWN,UNKNOWN,UNKNOWN,UNKNOWN,UNKNOWN,UNKNOWN,UNKNOWN,UNKNOWN,UNKNOWN,UNKNOWN,UNKNOWN,UNKNOWN,UNKNOWN,UNKNOWN,UNKNOWN,UNKNOWN,UNKNOWN,UNKNOWN,UNKNOWN,UNKNOWN,UNKNOWN,UNKNOWN,UNKNOWN,UNKNOWN,UNKNOWN,UNKNOWN,unknown,https://fallriverlinepier.com/,,listed,rebulk-directory (Massachusetts Coastal Railroad (MC)),,
Farmrail,Transload,,,ELK CITY,OK,UNKNOWN,UNKNOWN,UNKNOWN,UNKNOWN,UNKNOWN,UNKNOWN,UNKNOWN,UNKNOWN,UNKNOWN,UNKNOWN,UNKNOWN,UNKNOWN,UNKNOWN,UNKNOWN,UNKNOWN,UNKNOWN,UNKNOWN,UNKNOWN,UNKNOWN,UNKNOWN,UNKNOWN,UNKNOWN,UNKNOWN,UNKNOWN,UNKNOWN,UNKNOWN,unknown,https://www.farmrail.com/,,listed,rebulk-directory (FMRC),,
Farmrail,Transload,,,WESTHOM,OK,UNKNOWN,UNKNOWN,UNKNOWN,UNKNOWN,UNKNOWN,UNKNOWN,UNKNOWN,UNKNOWN,UNKNOWN,UNKNOWN,UNKNOWN,UNKNOWN,UNKNOWN,UNKNOWN,UNKNOWN,UNKNOWN,UNKNOWN,UNKNOWN,UNKNOWN,UNKNOWN,UNKNOWN,UNKNOWN,UNKNOWN,UNKNOWN,UNKNOWN,UNKNOWN,unknown,https://www.farmrail.com/,,listed,rebulk-directory (FMRC),,
Federal Marine Terminals Inc.,,,,MILWAUKEE,WI,UNKNOWN,UNKNOWN,UNKNOWN,UNKNOWN,UNKNOWN,UNKNOWN,UNKNOWN,UNKNOWN,UNKNOWN,UNKNOWN,UNKNOWN,UNKNOWN,UNKNOWN,UNKNOWN,UNKNOWN,UNKNOWN,UNKNOWN,UNKNOWN,UNKNOWN,UNKNOWN,UNKNOWN,UNKNOWN,UNKNOWN,UNKNOWN,UNKNOWN,UNKNOWN,unknown,https://www.logistecterminals.com/network/milwaukee-wisconsin/,,listed,rebulk-directory (CPKC),,
Federalsburg Transload Terminal,,,,FEDERALSBURG,MD,UNKNOWN,UNKNOWN,UNKNOWN,UNKNOWN,UNKNOWN,UNKNOWN,UNKNOWN,UNKNOWN,UNKNOWN,UNKNOWN,UNKNOWN,UNKNOWN,UNKNOWN,UNKNOWN,UNKNOWN,UNKNOWN,UNKNOWN,UNKNOWN,UNKNOWN,UNKNOWN,UNKNOWN,UNKNOWN,UNKNOWN,UNKNOWN,UNKNOWN,UNKNOWN,unknown,,,listed,rebulk-directory (MDDE NS),,
Ferriss Warehouse & Storage Co. Inc.,,,,PENSACOLA,FL,UNKNOWN,UNKNOWN,UNKNOWN,UNKNOWN,UNKNOWN,UNKNOWN,UNKNOWN,UNKNOWN,UNKNOWN,UNKNOWN,UNKNOWN,UNKNOWN,UNKNOWN,UNKNOWN,UNKNOWN,UNKNOWN,UNKNOWN,UNKNOWN,UNKNOWN,UNKNOWN,UNKNOWN,UNKNOWN,UNKNOWN,UNKNOWN,UNKNOWN,UNKNOWN,unknown,,,listed,rebulk-directory (AGR G&W),,
Ferrologic,,isabel.pedroza@ferrologic.mx,,VILLA DE REYAS,SL,NO,NO,NO,NO,YES,YES,NO,NO,NO,NO,YES,YES,YES,NO,YES,NO,NO,YES,NO,NO,NO,YES,NO,NO,NO,NO,unknown,https://www.ferrologic.mx/infraestructura,dead_link,review,swl-internal,NOT_FOUND,low
FGA Chattahoochee Rail Yard,,,,CHATTAHOOCHEE,FL,UNKNOWN,UNKNOWN,UNKNOWN,UNKNOWN,UNKNOWN,UNKNOWN,UNKNOWN,UNKNOWN,UNKNOWN,UNKNOWN,UNKNOWN,UNKNOWN,UNKNOWN,UNKNOWN,UNKNOWN,UNKNOWN,UNKNOWN,UNKNOWN,UNKNOWN,UNKNOWN,UNKNOWN,UNKNOWN,UNKNOWN,UNKNOWN,UNKNOWN,UNKNOWN,unknown,https://pinsly.com/,,listed,rebulk-directory (Florida Gulf & Atlantic Railroad (FGA)),,
FGA Chipley M&W Siding,,,,CHIPLEY,FL,UNKNOWN,UNKNOWN,UNKNOWN,UNKNOWN,UNKNOWN,UNKNOWN,UNKNOWN,UNKNOWN,UNKNOWN,UNKNOWN,UNKNOWN,UNKNOWN,UNKNOWN,UNKNOWN,UNKNOWN,UNKNOWN,UNKNOWN,UNKNOWN,UNKNOWN,UNKNOWN,UNKNOWN,UNKNOWN,UNKNOWN,UNKNOWN,UNKNOWN,UNKNOWN,unknown,https://pinsly.com/,,listed,rebulk-directory (Florida Gulf & Atlantic Railroad (FGA)),,
Finger Lakes Railway,Transload Terminal,,,AUBURN,NY,UNKNOWN,UNKNOWN,UNKNOWN,UNKNOWN,UNKNOWN,UNKNOWN,UNKNOWN,UNKNOWN,UNKNOWN,UNKNOWN,UNKNOWN,UNKNOWN,UNKNOWN,UNKNOWN,UNKNOWN,UNKNOWN,UNKNOWN,UNKNOWN,UNKNOWN,UNKNOWN,UNKNOWN,UNKNOWN,UNKNOWN,UNKNOWN,UNKNOWN,UNKNOWN,unknown,https://www.fingerlakesrail.com/,,listed,rebulk-directory (FGLK),,
First Coast Railroad,Manly Siding,,,FERNANDIANA BEACH,FL,UNKNOWN,UNKNOWN,UNKNOWN,UNKNOWN,UNKNOWN,UNKNOWN,UNKNOWN,UNKNOWN,UNKNOWN,UNKNOWN,UNKNOWN,UNKNOWN,UNKNOWN,UNKNOWN,UNKNOWN,UNKNOWN,UNKNOWN,UNKNOWN,UNKNOWN,UNKNOWN,UNKNOWN,UNKNOWN,UNKNOWN,UNKNOWN,UNKNOWN,UNKNOWN,unknown,https://www.gwrr.com/transload/first-coast-railroad-manly-siding/,,listed,rebulk-directory (FCRD G&W),,
Fitzgerald Transloading,Siding,,,MINCO,OK,UNKNOWN,UNKNOWN,UNKNOWN,UNKNOWN,UNKNOWN,UNKNOWN,UNKNOWN,UNKNOWN,UNKNOWN,UNKNOWN,UNKNOWN,UNKNOWN,UNKNOWN,UNKNOWN,UNKNOWN,UNKNOWN,UNKNOWN,UNKNOWN,UNKNOWN,UNKNOWN,UNKNOWN,UNKNOWN,UNKNOWN,UNKNOWN,UNKNOWN,UNKNOWN,unknown,https://www.fitzgeraldtruck.com/transloading,,listed,rebulk-directory (UP),,
FJ Robers Company Inc.,,,,LA CROSSE,WI,UNKNOWN,UNKNOWN,UNKNOWN,UNKNOWN,UNKNOWN,UNKNOWN,UNKNOWN,UNKNOWN,UNKNOWN,UNKNOWN,UNKNOWN,UNKNOWN,UNKNOWN,UNKNOWN,UNKNOWN,UNKNOWN,UNKNOWN,UNKNOWN,UNKNOWN,UNKNOWN,UNKNOWN,UNKNOWN,UNKNOWN,UNKNOWN,UNKNOWN,UNKNOWN,unknown,https://www.fjrobers.com/,,listed,rebulk-directory (CPKC),,
Flash,,,,TROY,IN,UNKNOWN,UNKNOWN,UNKNOWN,UNKNOWN,UNKNOWN,UNKNOWN,UNKNOWN,UNKNOWN,UNKNOWN,UNKNOWN,UNKNOWN,UNKNOWN,UNKNOWN,UNKNOWN,UNKNOWN,UNKNOWN,UNKNOWN,UNKNOWN,UNKNOWN,UNKNOWN,UNKNOWN,UNKNOWN,UNKNOWN,UNKNOWN,UNKNOWN,UNKNOWN,unknown,https://flashtrucking.com/,,listed,rebulk-directory (Hoosier Southern Railroad Norfolk Southern via interchange),,
Flash Trucking,,info@flashtrucking.com,,GREEN BAY,WI,NO,NO,NO,NO,YES,NO,YES,NO,YES,NO,YES,NO,YES,NO,NO,YES,YES,NO,NO,NO,NO,NO,YES,YES,NO,NO,unknown,https://flashtrucking.com/services/,,verified,swl-internal,NOT_FOUND,low
Flash Trucking,,info@flashtrucking.com,,RIPON,WI,NO,NO,NO,NO,YES,NO,YES,NO,YES,NO,YES,NO,YES,NO,NO,YES,YES,NO,NO,NO,NO,NO,YES,YES,NO,NO,unknown,https://flashtrucking.com/services/,,verified,swl-internal,NOT_FOUND,none
Florida Central Railroad County Road Transload,,,,TAVARES,FL,UNKNOWN,UNKNOWN,UNKNOWN,UNKNOWN,UNKNOWN,UNKNOWN,UNKNOWN,UNKNOWN,UNKNOWN,UNKNOWN,UNKNOWN,UNKNOWN,UNKNOWN,UNKNOWN,UNKNOWN,UNKNOWN,UNKNOWN,UNKNOWN,UNKNOWN,UNKNOWN,UNKNOWN,UNKNOWN,UNKNOWN,UNKNOWN,UNKNOWN,UNKNOWN,unknown,https://regional-rail.com/florida-central/,,listed,rebulk-directory (FCEN),,
Florida Central Railroad Orange Avenue Transload,,,,ORLANDO,FL,UNKNOWN,UNKNOWN,UNKNOWN,UNKNOWN,UNKNOWN,UNKNOWN,UNKNOWN,UNKNOWN,UNKNOWN,UNKNOWN,UNKNOWN,UNKNOWN,UNKNOWN,UNKNOWN,UNKNOWN,UNKNOWN,UNKNOWN,UNKNOWN,UNKNOWN,UNKNOWN,UNKNOWN,UNKNOWN,UNKNOWN,UNKNOWN,UNKNOWN,UNKNOWN,unknown,https://regional-rail.com/florida-central/,,listed,rebulk-directory (Florida Central Railroad (FCEN)),,
Florida East Coast Transload,,,,JACKSONVILLE,FL,UNKNOWN,UNKNOWN,UNKNOWN,UNKNOWN,UNKNOWN,UNKNOWN,UNKNOWN,UNKNOWN,UNKNOWN,UNKNOWN,UNKNOWN,UNKNOWN,UNKNOWN,UNKNOWN,UNKNOWN,UNKNOWN,UNKNOWN,UNKNOWN,UNKNOWN,UNKNOWN,UNKNOWN,UNKNOWN,UNKNOWN,UNKNOWN,UNKNOWN,UNKNOWN,unknown,https://fecrwy.com/transload/,,listed,rebulk-directory (FEC NS),,
Florida Midland Railroad Bartow Airbase Transload,,,,BARTOW,FL,UNKNOWN,UNKNOWN,UNKNOWN,UNKNOWN,UNKNOWN,UNKNOWN,UNKNOWN,UNKNOWN,UNKNOWN,UNKNOWN,UNKNOWN,UNKNOWN,UNKNOWN,UNKNOWN,UNKNOWN,UNKNOWN,UNKNOWN,UNKNOWN,UNKNOWN,UNKNOWN,UNKNOWN,UNKNOWN,UNKNOWN,UNKNOWN,UNKNOWN,UNKNOWN,unknown,https://regional-rail.com/florida-midland/,,listed,rebulk-directory (Florida Midland Railroad (FMID)),,
Florida Midland Railroad West Lake Wales Transload,,,,LAKE WALES,FL,UNKNOWN,UNKNOWN,UNKNOWN,UNKNOWN,UNKNOWN,UNKNOWN,UNKNOWN,UNKNOWN,UNKNOWN,UNKNOWN,UNKNOWN,UNKNOWN,UNKNOWN,UNKNOWN,UNKNOWN,UNKNOWN,UNKNOWN,UNKNOWN,UNKNOWN,UNKNOWN,UNKNOWN,UNKNOWN,UNKNOWN,UNKNOWN,UNKNOWN,UNKNOWN,unknown,https://regional-rail.com/florida-midland/,,listed,rebulk-directory (Florida Midland Railroad (FMID)),,
Florida Northern Railroad Dunnellon Terminal,,,,DUNNELLON,FL,UNKNOWN,UNKNOWN,UNKNOWN,UNKNOWN,UNKNOWN,UNKNOWN,UNKNOWN,UNKNOWN,UNKNOWN,UNKNOWN,UNKNOWN,UNKNOWN,UNKNOWN,UNKNOWN,UNKNOWN,UNKNOWN,UNKNOWN,UNKNOWN,UNKNOWN,UNKNOWN,UNKNOWN,UNKNOWN,UNKNOWN,UNKNOWN,UNKNOWN,UNKNOWN,unknown,https://regional-rail.com/florida-northern/,,listed,rebulk-directory (Florida Northern Railroad (FNOR)),,
Florida Northern Railroad Newberry Transload,,,,NEWBERRY,FL,UNKNOWN,UNKNOWN,UNKNOWN,UNKNOWN,UNKNOWN,UNKNOWN,UNKNOWN,UNKNOWN,UNKNOWN,UNKNOWN,UNKNOWN,UNKNOWN,UNKNOWN,UNKNOWN,UNKNOWN,UNKNOWN,UNKNOWN,UNKNOWN,UNKNOWN,UNKNOWN,UNKNOWN,UNKNOWN,UNKNOWN,UNKNOWN,UNKNOWN,UNKNOWN,unknown,https://regional-rail.com/florida-northern/,,listed,rebulk-directory (Florida Northern Railroad (FNOR)),,
Florida Northern Railroad Ocala Yard Terminal,,,,OCALA,FL,UNKNOWN,UNKNOWN,UNKNOWN,UNKNOWN,UNKNOWN,UNKNOWN,UNKNOWN,UNKNOWN,UNKNOWN,UNKNOWN,UNKNOWN,UNKNOWN,UNKNOWN,UNKNOWN,UNKNOWN,UNKNOWN,UNKNOWN,UNKNOWN,UNKNOWN,UNKNOWN,UNKNOWN,UNKNOWN,UNKNOWN,UNKNOWN,UNKNOWN,UNKNOWN,unknown,https://regional-rail.com/florida-northern/,,listed,rebulk-directory (Florida Northern Railroad (FNOR)),,
Florida Northern Railroad Williston Yard Transload,,,,WILLISTON,FL,UNKNOWN,UNKNOWN,UNKNOWN,UNKNOWN,UNKNOWN,UNKNOWN,UNKNOWN,UNKNOWN,UNKNOWN,UNKNOWN,UNKNOWN,UNKNOWN,UNKNOWN,UNKNOWN,UNKNOWN,UNKNOWN,UNKNOWN,UNKNOWN,UNKNOWN,UNKNOWN,UNKNOWN,UNKNOWN,UNKNOWN,UNKNOWN,UNKNOWN,UNKNOWN,unknown,https://regional-rail.com/florida-northern/,,listed,rebulk-directory (Florida Northern Railroad (FNOR)),,
Floyd Valley Transload,,,,SIOUX CITY,IA,UNKNOWN,UNKNOWN,UNKNOWN,UNKNOWN,UNKNOWN,UNKNOWN,UNKNOWN,UNKNOWN,UNKNOWN,UNKNOWN,UNKNOWN,UNKNOWN,UNKNOWN,UNKNOWN,UNKNOWN,UNKNOWN,UNKNOWN,UNKNOWN,UNKNOWN,UNKNOWN,UNKNOWN,UNKNOWN,UNKNOWN,UNKNOWN,UNKNOWN,UNKNOWN,unknown,https://c2ccorps.com/floyd-valley-transload/,,listed,rebulk-directory (BNSF);bnsf-premier-flipbook,,
Flux Rail Services,,,,GRANTSVILLE,UT,UNKNOWN,UNKNOWN,UNKNOWN,UNKNOWN,UNKNOWN,UNKNOWN,UNKNOWN,UNKNOWN,UNKNOWN,UNKNOWN,UNKNOWN,UNKNOWN,UNKNOWN,UNKNOWN,UNKNOWN,UNKNOWN,UNKNOWN,UNKNOWN,UNKNOWN,UNKNOWN,UNKNOWN,UNKNOWN,UNKNOWN,UNKNOWN,UNKNOWN,UNKNOWN,unknown,https://fluxrailservices.com/,,listed,rebulk-directory (UP),,
Food Express Inc,,kkeeney@foodexp.com,,PHOENIX,AZ,NO,NO,NO,NO,YES,NO,NO,NO,NO,NO,NO,NO,NO,NO,NO,YES,NO,NO,NO,NO,NO,NO,YES,YES,NO,NO,unknown,https://www.foodexp.com/html/locations.htm,,verified,swl-internal,OPERATIONAL,high
Food Express Inc,,kkeeney@foodexp.com,(209) 858-2142,LATHROP,CA,NO,NO,NO,NO,YES,NO,NO,NO,NO,NO,NO,NO,NO,NO,NO,YES,NO,NO,NO,NO,NO,NO,YES,YES,NO,NO,unknown,https://www.foodexp.com/,,verified,swl-internal,OPERATIONAL,high
Food Express Inc,,kkeeney@foodexp.com,(323) 589-1417,MAYWOOD,CA,NO,NO,NO,NO,YES,NO,NO,NO,NO,NO,NO,NO,NO,NO,NO,YES,NO,NO,NO,NO,NO,NO,YES,YES,NO,NO,unknown,https://www.foodexp.com/html/locations.htm,,verified,swl-internal,OPERATIONAL,high
Food Express Inc,,kkeeney@foodexp.com,,RIVERSIDE,CA,NO,NO,NO,NO,YES,NO,NO,NO,NO,NO,NO,NO,NO,NO,NO,YES,NO,NO,NO,NO,NO,NO,YES,YES,NO,NO,unknown,https://www.foodexp.com/html/locations.htm,,verified,swl-internal,OPERATIONAL,high
Food Express Inc,,kkeeney@foodexp.com,,VALLA,CA,NO,NO,NO,NO,YES,NO,NO,NO,NO,NO,NO,NO,NO,NO,NO,YES,NO,NO,NO,NO,NO,NO,YES,YES,NO,NO,unknown,https://www.foodexp.com/html/locations.htm,,verified,swl-internal,NOT_FOUND,none
Food Express Inc,,kkeeney@foodexp.com,,SCAPPOOSE,OR,NO,NO,NO,NO,YES,NO,NO,NO,NO,NO,NO,NO,NO,NO,NO,YES,NO,NO,NO,NO,NO,NO,YES,YES,NO,NO,unknown,https://www.foodexp.com/html/locations.htm,,verified,swl-internal,NOT_FOUND,low
Food Express Inc,,kkeeney@foodexp.com,,CLEARFIELD,UT,NO,NO,NO,NO,YES,NO,NO,NO,NO,NO,NO,NO,NO,NO,NO,YES,NO,NO,NO,NO,NO,NO,YES,YES,NO,NO,unknown,https://www.foodexp.com/html/locations.htm,,verified,swl-internal,NOT_FOUND,none
Food Express Inc,,kkeeney@foodexp.com,(801) 394-2242,OGDEN,UT,NO,NO,NO,NO,YES,NO,NO,NO,NO,NO,NO,NO,NO,NO,NO,YES,NO,NO,NO,NO,NO,NO,YES,YES,NO,NO,unknown,https://www.foodexp.com/,,verified,swl-internal,OPERATIONAL,high
Food Express Inc,,kkeeney@foodexp.com,,SEATTLE,WA,NO,NO,NO,NO,YES,NO,NO,NO,NO,NO,NO,NO,NO,NO,NO,YES,NO,NO,NO,NO,NO,NO,YES,YES,NO,NO,unknown,https://www.foodexp.com/html/locations.htm,,verified,swl-internal,NOT_FOUND,low
Food Express Inc,,kkeeney@foodexp.com,,TACOMA,WA,NO,NO,NO,NO,YES,NO,NO,NO,NO,NO,NO,NO,NO,NO,NO,YES,NO,NO,NO,NO,NO,NO,YES,YES,NO,NO,unknown,https://www.foodexp.com/html/locations.htm,,verified,swl-internal,NOT_FOUND,none
Food Express Inc,,kkeeney@foodexp.com,(360) 694-1596,VANCOUVER,WA,NO,NO,NO,NO,YES,NO,NO,NO,NO,NO,NO,NO,NO,NO,NO,YES,NO,NO,NO,NO,NO,NO,YES,YES,NO,NO,unknown,http://www.foodexp.com/,,verified,swl-internal,OPERATIONAL,high
Foodliner,,,,MIDDLESEX,NC,UNKNOWN,UNKNOWN,UNKNOWN,UNKNOWN,UNKNOWN,UNKNOWN,UNKNOWN,UNKNOWN,UNKNOWN,UNKNOWN,UNKNOWN,UNKNOWN,UNKNOWN,UNKNOWN,UNKNOWN,UNKNOWN,UNKNOWN,UNKNOWN,UNKNOWN,UNKNOWN,UNKNOWN,UNKNOWN,UNKNOWN,UNKNOWN,UNKNOWN,UNKNOWN,unknown,https://foodliner.com/,,listed,rebulk-directory,,
Foodliner Inc,,alb@foodliner.com,(847) 678-1350,BENSENVILLE,IL,NO,NO,NO,NO,YES,YES,NO,NO,NO,NO,NO,NO,NO,NO,NO,NO,NO,NO,NO,NO,NO,NO,YES,NO,NO,NO,unknown,https://foodliner.com/,,verified,swl-internal,OPERATIONAL,high
Foodliner Inc,,alb@foodliner.com,,CHICAGO,IL,NO,NO,NO,NO,YES,YES,NO,NO,NO,NO,NO,NO,NO,NO,NO,NO,NO,NO,NO,NO,NO,NO,YES,NO,NO,NO,unknown,http://www.foodliner.com/,,verified,swl-internal,OPERATIONAL,high
Foodliner Inc,,alb@foodliner.com,(651) 345-2860,SHOREHAM TFR,MN,NO,NO,NO,NO,YES,YES,NO,NO,NO,NO,NO,NO,NO,NO,NO,NO,NO,NO,NO,NO,NO,NO,YES,NO,NO,NO,unknown,https://foodliner.com/,,verified,swl-internal,OPERATIONAL,high
Foodliner Inc,,alb@foodliner.com,,KANSAS CITY,MO,NO,NO,NO,NO,YES,YES,NO,NO,NO,NO,NO,NO,NO,NO,NO,NO,NO,NO,NO,NO,NO,NO,YES,NO,NO,NO,unknown,http://foodliner.com/our-services/intermodal-transportation/,dead_link,review,swl-internal,NOT_FOUND,low
Foodliner Inc,,alb@foodliner.com,,STEVENS POINT,WI,NO,NO,NO,NO,YES,YES,NO,NO,NO,NO,NO,NO,NO,NO,NO,NO,NO,NO,NO,NO,NO,NO,YES,NO,NO,NO,unknown,http://foodliner.com/our-services/intermodal-transportation/,dead_link,review,swl-internal,NOT_FOUND,none
Foodliner Inc.,Kinder Morgan,,,STOCKTON,CA,UNKNOWN,UNKNOWN,UNKNOWN,UNKNOWN,UNKNOWN,UNKNOWN,UNKNOWN,UNKNOWN,UNKNOWN,UNKNOWN,UNKNOWN,UNKNOWN,UNKNOWN,UNKNOWN,UNKNOWN,UNKNOWN,UNKNOWN,UNKNOWN,UNKNOWN,UNKNOWN,UNKNOWN,UNKNOWN,UNKNOWN,UNKNOWN,UNKNOWN,UNKNOWN,unknown,https://foodliner.com/,,listed,rebulk-directory,,
Foodliner Inc.,,,,ATLANTA,GA,UNKNOWN,UNKNOWN,UNKNOWN,UNKNOWN,UNKNOWN,UNKNOWN,UNKNOWN,UNKNOWN,UNKNOWN,UNKNOWN,UNKNOWN,UNKNOWN,UNKNOWN,UNKNOWN,UNKNOWN,UNKNOWN,UNKNOWN,UNKNOWN,UNKNOWN,UNKNOWN,UNKNOWN,UNKNOWN,UNKNOWN,UNKNOWN,UNKNOWN,UNKNOWN,unknown,https://foodliner.com/,,listed,rebulk-directory (CSX),,
Foodliner Inc.,,,,FAIRFAX,IA,UNKNOWN,UNKNOWN,UNKNOWN,UNKNOWN,UNKNOWN,UNKNOWN,UNKNOWN,UNKNOWN,UNKNOWN,UNKNOWN,UNKNOWN,UNKNOWN,UNKNOWN,UNKNOWN,UNKNOWN,UNKNOWN,UNKNOWN,UNKNOWN,UNKNOWN,UNKNOWN,UNKNOWN,UNKNOWN,UNKNOWN,UNKNOWN,UNKNOWN,UNKNOWN,unknown,https://foodliner.com/,,listed,rebulk-directory (Cedar Rapids and Iowa City Railway (CRANDIC/CIC)),,
Foodliner Inc.,,,,INDIANAPOLIS,IN,UNKNOWN,UNKNOWN,UNKNOWN,UNKNOWN,UNKNOWN,UNKNOWN,UNKNOWN,UNKNOWN,UNKNOWN,UNKNOWN,UNKNOWN,UNKNOWN,UNKNOWN,UNKNOWN,UNKNOWN,UNKNOWN,UNKNOWN,UNKNOWN,UNKNOWN,UNKNOWN,UNKNOWN,UNKNOWN,UNKNOWN,UNKNOWN,UNKNOWN,UNKNOWN,unknown,https://foodliner.com/,,listed,rebulk-directory (CSX Transportation via TRANSFLO),,
Foodliner Inc.,,,,GARDEN CITY,KS,UNKNOWN,UNKNOWN,UNKNOWN,UNKNOWN,UNKNOWN,UNKNOWN,UNKNOWN,UNKNOWN,UNKNOWN,UNKNOWN,UNKNOWN,UNKNOWN,UNKNOWN,UNKNOWN,UNKNOWN,UNKNOWN,UNKNOWN,UNKNOWN,UNKNOWN,UNKNOWN,UNKNOWN,UNKNOWN,UNKNOWN,UNKNOWN,UNKNOWN,UNKNOWN,unknown,https://foodliner.com/,,listed,rebulk-directory,,
Foodliner Inc.,,,,WESTBOROUGH,MA,UNKNOWN,UNKNOWN,UNKNOWN,UNKNOWN,UNKNOWN,UNKNOWN,UNKNOWN,UNKNOWN,UNKNOWN,UNKNOWN,UNKNOWN,UNKNOWN,UNKNOWN,UNKNOWN,UNKNOWN,UNKNOWN,UNKNOWN,UNKNOWN,UNKNOWN,UNKNOWN,UNKNOWN,UNKNOWN,UNKNOWN,UNKNOWN,UNKNOWN,UNKNOWN,unknown,https://foodliner.com/,,listed,rebulk-directory (CSX Transportation),,
Foodliner Inc.,,,,BALTIMORE,MD,UNKNOWN,UNKNOWN,UNKNOWN,UNKNOWN,UNKNOWN,UNKNOWN,UNKNOWN,UNKNOWN,UNKNOWN,UNKNOWN,UNKNOWN,UNKNOWN,UNKNOWN,UNKNOWN,UNKNOWN,UNKNOWN,UNKNOWN,UNKNOWN,UNKNOWN,UNKNOWN,UNKNOWN,UNKNOWN,UNKNOWN,UNKNOWN,UNKNOWN,UNKNOWN,unknown,https://foodliner.com/,,listed,rebulk-directory (CSX),,
Foodliner Inc.,Intermodal Bulk Services,,,CHATTANOOGA,TN,UNKNOWN,UNKNOWN,UNKNOWN,UNKNOWN,UNKNOWN,UNKNOWN,UNKNOWN,UNKNOWN,UNKNOWN,UNKNOWN,UNKNOWN,UNKNOWN,UNKNOWN,UNKNOWN,UNKNOWN,UNKNOWN,UNKNOWN,UNKNOWN,UNKNOWN,UNKNOWN,UNKNOWN,UNKNOWN,UNKNOWN,UNKNOWN,UNKNOWN,UNKNOWN,unknown,https://foodliner.com/,,listed,rebulk-directory (Norfolk Southern (NS)),,
"Forest Specialties, LLC",Mpls-Reload,,,MINNEAPOLIS,MN,UNKNOWN,UNKNOWN,UNKNOWN,UNKNOWN,UNKNOWN,UNKNOWN,UNKNOWN,UNKNOWN,UNKNOWN,UNKNOWN,UNKNOWN,UNKNOWN,UNKNOWN,UNKNOWN,UNKNOWN,UNKNOWN,UNKNOWN,UNKNOWN,UNKNOWN,UNKNOWN,UNKNOWN,UNKNOWN,UNKNOWN,UNKNOWN,UNKNOWN,UNKNOWN,unknown,https://fsmn.co/,,listed,rebulk-directory (CPKC),,
Fort Lawn Transload Track,,,,FORT LAWN,SC,UNKNOWN,UNKNOWN,UNKNOWN,UNKNOWN,UNKNOWN,UNKNOWN,UNKNOWN,UNKNOWN,UNKNOWN,UNKNOWN,UNKNOWN,UNKNOWN,UNKNOWN,UNKNOWN,UNKNOWN,UNKNOWN,UNKNOWN,UNKNOWN,UNKNOWN,UNKNOWN,UNKNOWN,UNKNOWN,UNKNOWN,UNKNOWN,UNKNOWN,UNKNOWN,unknown,https://gulfandohio.com/l-c,,listed,rebulk-directory (Lancaster & Chester Railroad (LC) CSX NS),,
Fort Loudoun Terminal,,,,LENOIR CITY,TN,UNKNOWN,UNKNOWN,UNKNOWN,UNKNOWN,UNKNOWN,UNKNOWN,UNKNOWN,UNKNOWN,UNKNOWN,UNKNOWN,UNKNOWN,UNKNOWN,UNKNOWN,UNKNOWN,UNKNOWN,UNKNOWN,UNKNOWN,UNKNOWN,UNKNOWN,UNKNOWN,UNKNOWN,UNKNOWN,UNKNOWN,UNKNOWN,UNKNOWN,UNKNOWN,unknown,https://www.ourcoop.com/,,listed,rebulk-directory (NS),,
Fort Transfer,,sales@forttransfer.com,(800) 262-1190,MORTON,IL,NO,NO,YES,YES,NO,NO,NO,NO,NO,YES,NO,NO,YES,NO,YES,NO,NO,NO,NO,YES,YES,NO,YES,YES,YES,YES,unknown,http://www.forttransfer.com/,,verified,swl-internal,OPERATIONAL,high
Fort Wayne NS TBT,,,,FT WAYNE TBT,IN,UNKNOWN,UNKNOWN,UNKNOWN,UNKNOWN,UNKNOWN,UNKNOWN,UNKNOWN,UNKNOWN,UNKNOWN,UNKNOWN,UNKNOWN,UNKNOWN,UNKNOWN,UNKNOWN,UNKNOWN,UNKNOWN,UNKNOWN,UNKNOWN,UNKNOWN,UNKNOWN,UNKNOWN,UNKNOWN,UNKNOWN,UNKNOWN,UNKNOWN,UNKNOWN,unknown,https://www.nscorp.com,,listed,rebulk-directory (NS),,
Fort Worth Pipe Services,,,,DUBOIS,PA,UNKNOWN,UNKNOWN,UNKNOWN,UNKNOWN,UNKNOWN,UNKNOWN,UNKNOWN,UNKNOWN,UNKNOWN,UNKNOWN,UNKNOWN,UNKNOWN,UNKNOWN,UNKNOWN,UNKNOWN,UNKNOWN,UNKNOWN,UNKNOWN,UNKNOWN,UNKNOWN,UNKNOWN,UNKNOWN,UNKNOWN,UNKNOWN,UNKNOWN,UNKNOWN,unknown,,,listed,rebulk-directory (BPRR G&W),,
Four Rivers Terminal LLC,,,,WEST PADUCAH,KY,UNKNOWN,UNKNOWN,UNKNOWN,UNKNOWN,UNKNOWN,UNKNOWN,UNKNOWN,UNKNOWN,UNKNOWN,UNKNOWN,UNKNOWN,UNKNOWN,UNKNOWN,UNKNOWN,UNKNOWN,UNKNOWN,UNKNOWN,UNKNOWN,UNKNOWN,UNKNOWN,UNKNOWN,UNKNOWN,UNKNOWN,UNKNOWN,UNKNOWN,UNKNOWN,unknown,https://sch.services/,,listed,rebulk-directory (BNSF),,
Fox River Terminal,,,,GREEN BAY,WI,UNKNOWN,UNKNOWN,UNKNOWN,UNKNOWN,UNKNOWN,UNKNOWN,UNKNOWN,UNKNOWN,UNKNOWN,UNKNOWN,UNKNOWN,UNKNOWN,UNKNOWN,UNKNOWN,UNKNOWN,UNKNOWN,UNKNOWN,UNKNOWN,UNKNOWN,UNKNOWN,UNKNOWN,UNKNOWN,UNKNOWN,UNKNOWN,UNKNOWN,UNKNOWN,unknown,https://robindale.energy/companies/frt/,,listed,rebulk-directory (FOXY),,
Fr Terminales Sa De Cv,,contacto@frterminales.com,,ECATEPEC,EM,YES,NO,YES,YES,NO,NO,NO,NO,NO,YES,YES,NO,YES,NO,YES,NO,NO,NO,NO,YES,YES,NO,YES,YES,YES,NO,unknown,http://www.frterminales.com/,,verified,swl-internal,NOT_FOUND,low
Fr Terminales Sa De Cv,,contacto@frterminales.com,,SALAMANCA,GJ,YES,NO,YES,YES,NO,NO,NO,NO,NO,YES,YES,NO,YES,NO,YES,NO,NO,NO,NO,YES,YES,NO,YES,YES,YES,NO,unknown,http://www.frterminales.com/,,verified,swl-internal,NOT_FOUND,low
Fr Terminales Sa De Cv,,contacto@frterminales.com,,PAULA,HG,YES,NO,YES,YES,NO,NO,NO,NO,NO,YES,YES,NO,YES,NO,YES,NO,NO,NO,NO,YES,YES,NO,YES,YES,YES,NO,unknown,http://www.frterminales.com/,,verified,swl-internal,NOT_FOUND,low
Fr Terminales Sa De Cv,,contacto@frterminales.com,,TULA DE ALLENDE,HG,YES,NO,YES,YES,NO,NO,NO,NO,NO,YES,YES,NO,YES,NO,YES,NO,NO,NO,NO,YES,YES,NO,YES,YES,YES,NO,unknown,http://www.frterminales.com/,,verified,swl-internal,NOT_FOUND,low
Fr Terminales Sa De Cv,,contacto@frterminales.com,,ATEQUIZA,JA,YES,NO,YES,YES,NO,NO,NO,NO,NO,YES,YES,NO,YES,NO,YES,NO,NO,NO,NO,YES,YES,NO,YES,YES,YES,NO,unknown,http://www.frterminales.com/,,verified,swl-internal,NOT_FOUND,low
Fr Terminales Sa De Cv,,contacto@frterminales.com,,APODACA,NL,YES,NO,YES,YES,NO,NO,NO,NO,NO,YES,YES,NO,YES,NO,YES,NO,NO,NO,NO,YES,YES,NO,YES,YES,YES,NO,unknown,http://www.frterminales.com/,,verified,swl-internal,NOT_FOUND,low
Fr Terminales Sa De Cv,,contacto@frterminales.com,,MONTERREY,NL,YES,NO,YES,YES,NO,NO,NO,NO,NO,YES,YES,NO,YES,NO,YES,NO,NO,NO,NO,YES,YES,NO,YES,YES,YES,NO,unknown,http://www.frterminales.com/ferrolasa.php,dead_link,review,swl-internal,NOT_FOUND,low
Fr Terminales Sa De Cv,,contacto@frterminales.com,,SAN NICHOLAS DE LOS GARZA,NL,YES,NO,YES,YES,NO,NO,NO,NO,NO,YES,YES,NO,YES,NO,YES,NO,NO,NO,NO,YES,YES,NO,YES,YES,YES,NO,unknown,http://www.frterminales.com/,,verified,swl-internal,NOT_FOUND,low
Fr Terminales Sa De Cv,,contacto@frterminales.com,,VILLA DE GARCIA,NL,YES,NO,YES,YES,NO,NO,NO,NO,NO,YES,YES,NO,YES,NO,YES,NO,NO,NO,NO,YES,YES,NO,YES,YES,YES,NO,unknown,http://www.frterminales.com/,,verified,swl-internal,NOT_FOUND,none
Fr Terminales Sa De Cv,,contacto@frterminales.com,,TUXPAN,VL,YES,NO,YES,YES,NO,NO,NO,NO,NO,YES,YES,NO,YES,NO,YES,NO,NO,NO,NO,YES,YES,NO,YES,YES,YES,NO,unknown,http://www.frterminales.com/,,verified,swl-internal,NOT_FOUND,low
Franklin Avenue Transload,,,,ROCKAWAY,NJ,UNKNOWN,UNKNOWN,UNKNOWN,UNKNOWN,UNKNOWN,UNKNOWN,UNKNOWN,UNKNOWN,UNKNOWN,UNKNOWN,UNKNOWN,UNKNOWN,UNKNOWN,UNKNOWN,UNKNOWN,UNKNOWN,UNKNOWN,UNKNOWN,UNKNOWN,UNKNOWN,UNKNOWN,UNKNOWN,UNKNOWN,UNKNOWN,UNKNOWN,UNKNOWN,unknown,,,listed,rebulk-directory (ME NS),,
Freedom Intermodal Tank Services,,,,NEW ORLEANS,LA,UNKNOWN,UNKNOWN,UNKNOWN,UNKNOWN,UNKNOWN,UNKNOWN,UNKNOWN,UNKNOWN,UNKNOWN,UNKNOWN,UNKNOWN,UNKNOWN,UNKNOWN,UNKNOWN,UNKNOWN,UNKNOWN,UNKNOWN,UNKNOWN,UNKNOWN,UNKNOWN,UNKNOWN,UNKNOWN,UNKNOWN,UNKNOWN,UNKNOWN,UNKNOWN,unknown,https://www.freedomintermodal.com,,listed,rebulk-directory (NOPB NS),,
Freeport Logistics Inc,,sales@freeport-logistics.com,(602) 233-3891,PHOENIX,AZ,NO,NO,NO,NO,NO,NO,NO,NO,NO,NO,NO,NO,NO,NO,NO,NO,NO,NO,NO,NO,NO,NO,NO,NO,NO,NO,unknown,https://www.freeport-logistics.com/,,verified,swl-internal,OPERATIONAL,high
Fremont Transload,,,,FREMONT,IN,UNKNOWN,UNKNOWN,UNKNOWN,UNKNOWN,UNKNOWN,UNKNOWN,UNKNOWN,UNKNOWN,UNKNOWN,UNKNOWN,UNKNOWN,UNKNOWN,UNKNOWN,UNKNOWN,UNKNOWN,UNKNOWN,UNKNOWN,UNKNOWN,UNKNOWN,UNKNOWN,UNKNOWN,UNKNOWN,UNKNOWN,UNKNOWN,UNKNOWN,UNKNOWN,unknown,https://inerailroad.com,,listed,rebulk-directory (IN NS),,
Front Range Railroad,Rocky Mountain Rail Park Transload,,,BENNETT,CO,UNKNOWN,UNKNOWN,UNKNOWN,UNKNOWN,UNKNOWN,UNKNOWN,UNKNOWN,UNKNOWN,UNKNOWN,UNKNOWN,UNKNOWN,UNKNOWN,UNKNOWN,UNKNOWN,UNKNOWN,UNKNOWN,UNKNOWN,UNKNOWN,UNKNOWN,UNKNOWN,UNKNOWN,UNKNOWN,UNKNOWN,UNKNOWN,UNKNOWN,UNKNOWN,unknown,https://patriotrail.com/rail/front-range-railroad-fr/,,listed,rebulk-directory (FR UP),,
Fulcrum Logistics,,sales@fulcrum3pl.com,(503) 943-3509,PORTLAND,OR,NO,NO,NO,NO,NO,NO,NO,NO,NO,NO,NO,NO,NO,NO,NO,NO,NO,NO,NO,NO,NO,NO,NO,NO,NO,NO,unknown,http://www.wagnerlogistics.com/,,verified,swl-internal,OPERATIONAL,medium
Fullen Dock & Warehouse,,,,MEMPHIS,TN,UNKNOWN,UNKNOWN,UNKNOWN,UNKNOWN,UNKNOWN,UNKNOWN,UNKNOWN,UNKNOWN,UNKNOWN,UNKNOWN,UNKNOWN,UNKNOWN,UNKNOWN,UNKNOWN,UNKNOWN,UNKNOWN,UNKNOWN,UNKNOWN,UNKNOWN,UNKNOWN,UNKNOWN,UNKNOWN,UNKNOWN,UNKNOWN,UNKNOWN,UNKNOWN,unknown,https://www.fullendock.com,,listed,rebulk-directory (CN),,
"Fulton County Railway, LLC (OmniTRAX)",Multi-Commodity Transload Terminal,,,ATLANTA,GA,UNKNOWN,UNKNOWN,UNKNOWN,UNKNOWN,UNKNOWN,UNKNOWN,UNKNOWN,UNKNOWN,UNKNOWN,UNKNOWN,UNKNOWN,UNKNOWN,UNKNOWN,UNKNOWN,UNKNOWN,UNKNOWN,UNKNOWN,UNKNOWN,UNKNOWN,UNKNOWN,UNKNOWN,UNKNOWN,UNKNOWN,UNKNOWN,UNKNOWN,UNKNOWN,unknown,https://omnitrax.com/fulton-county-railway-llc/,,listed,rebulk-directory (CSX FCR),,
FW Cobs Company Inc.,,,,ST. ALBANS,VT,UNKNOWN,UNKNOWN,UNKNOWN,UNKNOWN,UNKNOWN,UNKNOWN,UNKNOWN,UNKNOWN,UNKNOWN,UNKNOWN,UNKNOWN,UNKNOWN,UNKNOWN,UNKNOWN,UNKNOWN,UNKNOWN,UNKNOWN,UNKNOWN,UNKNOWN,UNKNOWN,UNKNOWN,UNKNOWN,UNKNOWN,UNKNOWN,UNKNOWN,UNKNOWN,unknown,https://fwcobs.com/,,listed,rebulk-directory (G&W NECR),,
G&D Trucking Inc (Hoffman Transportation),,info@hoffmantransportation.com,(815) 424-0360,CHANNAHON,IL,YES,NO,YES,YES,NO,NO,NO,NO,YES,YES,YES,NO,YES,NO,YES,YES,YES,NO,NO,YES,NO,YES,YES,YES,YES,YES,unknown,https://www.hoffmantransportation.com/,,verified,swl-internal,OPERATIONAL,medium
G&D Trucking Inc (Hoffman Transportation),,info@hoffmantransportation.com,(815) 860-6500,COAL CITY,IL,YES,NO,YES,YES,NO,NO,NO,NO,YES,YES,YES,NO,YES,NO,YES,YES,YES,NO,NO,YES,NO,YES,YES,YES,YES,YES,unknown,http://www.hoffmantransportation.com/,,verified,swl-internal,OPERATIONAL,high
G&D Trucking Inc (Hoffman Transportation),,info@hoffmantransportation.com,,OLD HICKORY,TN,YES,NO,YES,YES,NO,NO,NO,NO,YES,YES,YES,NO,YES,NO,YES,YES,YES,NO,NO,YES,NO,YES,YES,YES,YES,YES,unknown,https://www.hoffmantransportation.com/old-hickory-tn-facility,,verified,swl-internal,OPERATIONAL,high
G&D Trucking Inc.,,,,FORT SMITH,AR,UNKNOWN,UNKNOWN,UNKNOWN,UNKNOWN,UNKNOWN,UNKNOWN,UNKNOWN,UNKNOWN,UNKNOWN,UNKNOWN,UNKNOWN,UNKNOWN,UNKNOWN,UNKNOWN,UNKNOWN,UNKNOWN,UNKNOWN,UNKNOWN,UNKNOWN,UNKNOWN,UNKNOWN,UNKNOWN,UNKNOWN,UNKNOWN,UNKNOWN,UNKNOWN,unknown,https://www.hoffmantransportation.com/facilities,,listed,rebulk-directory (Arkansas & Missouri Railroad (AM)),,
G&U Hopedale Commodities Distribution and Soils Remediation Terminal,,,,HOPEDALE,MA,UNKNOWN,UNKNOWN,UNKNOWN,UNKNOWN,UNKNOWN,UNKNOWN,UNKNOWN,UNKNOWN,UNKNOWN,UNKNOWN,UNKNOWN,UNKNOWN,UNKNOWN,UNKNOWN,UNKNOWN,UNKNOWN,UNKNOWN,UNKNOWN,UNKNOWN,UNKNOWN,UNKNOWN,UNKNOWN,UNKNOWN,UNKNOWN,UNKNOWN,UNKNOWN,unknown,https://graftonuptonrr.com/g%26u-transloading,,listed,rebulk-directory (Grafton & Upton Railroad (GU)),,
"G.W.S.I. INC, Chester, PA",,,,CHESTER,PA,UNKNOWN,UNKNOWN,UNKNOWN,UNKNOWN,UNKNOWN,UNKNOWN,UNKNOWN,UNKNOWN,UNKNOWN,UNKNOWN,UNKNOWN,UNKNOWN,UNKNOWN,UNKNOWN,UNKNOWN,UNKNOWN,UNKNOWN,UNKNOWN,UNKNOWN,UNKNOWN,UNKNOWN,UNKNOWN,UNKNOWN,UNKNOWN,UNKNOWN,UNKNOWN,unknown,https://www.Mgeraceinc.com,,listed,rebulk-directory (NS),,
G3 Enterprises / G3 Logistics,Warehouse; Chicago,,,BEDFORD PARK,IL,UNKNOWN,UNKNOWN,UNKNOWN,UNKNOWN,UNKNOWN,UNKNOWN,UNKNOWN,UNKNOWN,UNKNOWN,UNKNOWN,UNKNOWN,UNKNOWN,UNKNOWN,UNKNOWN,UNKNOWN,UNKNOWN,UNKNOWN,UNKNOWN,UNKNOWN,UNKNOWN,UNKNOWN,UNKNOWN,UNKNOWN,UNKNOWN,UNKNOWN,UNKNOWN,unknown,https://www.g3enterprises.com/logistics/3pl-warehouse-locations/illinois-3pl-warehouses,,listed,rebulk-directory (UP BNSF CSX NS + 2),,
GAC Chemical Searsport Logistics Facility,,,,SEARSPORT,ME,UNKNOWN,UNKNOWN,UNKNOWN,UNKNOWN,UNKNOWN,UNKNOWN,UNKNOWN,UNKNOWN,UNKNOWN,UNKNOWN,UNKNOWN,UNKNOWN,UNKNOWN,UNKNOWN,UNKNOWN,UNKNOWN,UNKNOWN,UNKNOWN,UNKNOWN,UNKNOWN,UNKNOWN,UNKNOWN,UNKNOWN,UNKNOWN,UNKNOWN,UNKNOWN,unknown,https://www.gacchemical.com/,,listed,rebulk-directory (CPKC),,
Gadsden Industrial Park,,,,GADSDEN,AL,UNKNOWN,UNKNOWN,UNKNOWN,UNKNOWN,UNKNOWN,UNKNOWN,UNKNOWN,UNKNOWN,UNKNOWN,UNKNOWN,UNKNOWN,UNKNOWN,UNKNOWN,UNKNOWN,UNKNOWN,UNKNOWN,UNKNOWN,UNKNOWN,UNKNOWN,UNKNOWN,UNKNOWN,UNKNOWN,UNKNOWN,UNKNOWN,UNKNOWN,UNKNOWN,unknown,https://gadsdenindustrialpark.com/,,listed,rebulk-directory (NS Alabama & Tennessee River Railway (ATN) CSX),,
Gallatin Transfer,,,,GALLATIN,TN,UNKNOWN,UNKNOWN,UNKNOWN,UNKNOWN,UNKNOWN,UNKNOWN,UNKNOWN,UNKNOWN,UNKNOWN,UNKNOWN,UNKNOWN,UNKNOWN,UNKNOWN,UNKNOWN,UNKNOWN,UNKNOWN,UNKNOWN,UNKNOWN,UNKNOWN,UNKNOWN,UNKNOWN,UNKNOWN,UNKNOWN,UNKNOWN,UNKNOWN,UNKNOWN,unknown,https://thehtg.com/companies/gallatin-transfer,,listed,rebulk-directory (CSX),,
Gallup Energy Logistics Park,,,,GALLUP,NM,UNKNOWN,UNKNOWN,UNKNOWN,UNKNOWN,UNKNOWN,UNKNOWN,UNKNOWN,UNKNOWN,UNKNOWN,UNKNOWN,UNKNOWN,UNKNOWN,UNKNOWN,UNKNOWN,UNKNOWN,UNKNOWN,UNKNOWN,UNKNOWN,UNKNOWN,UNKNOWN,UNKNOWN,UNKNOWN,UNKNOWN,UNKNOWN,UNKNOWN,UNKNOWN,unknown,https://energylogisticspark.com/,,listed,rebulk-directory (BNSF),,
Garvey Public Warehouse,,,,WICHITA,KS,UNKNOWN,UNKNOWN,UNKNOWN,UNKNOWN,UNKNOWN,UNKNOWN,UNKNOWN,UNKNOWN,UNKNOWN,UNKNOWN,UNKNOWN,UNKNOWN,UNKNOWN,UNKNOWN,UNKNOWN,UNKNOWN,UNKNOWN,UNKNOWN,UNKNOWN,UNKNOWN,UNKNOWN,UNKNOWN,UNKNOWN,UNKNOWN,UNKNOWN,UNKNOWN,unknown,https://garveypublicwarehouse.com/,,listed,rebulk-directory (BNSF);bnsf-premier-flipbook,,
Gary Team Track,,,,GARY,IN,UNKNOWN,UNKNOWN,UNKNOWN,UNKNOWN,UNKNOWN,UNKNOWN,UNKNOWN,UNKNOWN,UNKNOWN,UNKNOWN,UNKNOWN,UNKNOWN,UNKNOWN,UNKNOWN,UNKNOWN,UNKNOWN,UNKNOWN,UNKNOWN,UNKNOWN,UNKNOWN,UNKNOWN,UNKNOWN,UNKNOWN,UNKNOWN,UNKNOWN,UNKNOWN,unknown,https://www.anacostia.com/our-companies/css/,,listed,rebulk-directory (CSS),,
Gascoyne Materials Handling & Recycling,/Lehigh Terminal,,,DICKINSON,ND,UNKNOWN,UNKNOWN,UNKNOWN,UNKNOWN,UNKNOWN,UNKNOWN,UNKNOWN,UNKNOWN,UNKNOWN,UNKNOWN,UNKNOWN,UNKNOWN,UNKNOWN,UNKNOWN,UNKNOWN,UNKNOWN,UNKNOWN,UNKNOWN,UNKNOWN,UNKNOWN,UNKNOWN,UNKNOWN,UNKNOWN,UNKNOWN,UNKNOWN,UNKNOWN,unknown,https://www.gmhr.com/services/,,listed,rebulk-directory (BNSF),,
Gascoyne Materials Handling & Recycling,Terminal,,,FARGO,ND,UNKNOWN,UNKNOWN,UNKNOWN,UNKNOWN,UNKNOWN,UNKNOWN,UNKNOWN,UNKNOWN,UNKNOWN,UNKNOWN,UNKNOWN,UNKNOWN,UNKNOWN,UNKNOWN,UNKNOWN,UNKNOWN,UNKNOWN,UNKNOWN,UNKNOWN,UNKNOWN,UNKNOWN,UNKNOWN,UNKNOWN,UNKNOWN,UNKNOWN,UNKNOWN,unknown,https://www.gmhr.com/services/,,listed,rebulk-directory (BNSF),,
Gascoyne Materials Handling & Recycling,Terminal,,,GASCOYNE,ND,UNKNOWN,UNKNOWN,UNKNOWN,UNKNOWN,UNKNOWN,UNKNOWN,UNKNOWN,UNKNOWN,UNKNOWN,UNKNOWN,UNKNOWN,UNKNOWN,UNKNOWN,UNKNOWN,UNKNOWN,UNKNOWN,UNKNOWN,UNKNOWN,UNKNOWN,UNKNOWN,UNKNOWN,UNKNOWN,UNKNOWN,UNKNOWN,UNKNOWN,UNKNOWN,unknown,https://www.gmhr.com/services/,,listed,rebulk-directory (BNSF),,
Gateway,,,,NEW HAVEN,CT,UNKNOWN,UNKNOWN,UNKNOWN,UNKNOWN,UNKNOWN,UNKNOWN,UNKNOWN,UNKNOWN,UNKNOWN,UNKNOWN,UNKNOWN,UNKNOWN,UNKNOWN,UNKNOWN,UNKNOWN,UNKNOWN,UNKNOWN,UNKNOWN,UNKNOWN,UNKNOWN,UNKNOWN,UNKNOWN,UNKNOWN,UNKNOWN,UNKNOWN,UNKNOWN,unknown,https://enstructure.com/network/northeast/,,listed,rebulk-directory (G&W PW),,
Gateway Terminal,,,,BUFFALO,NY,UNKNOWN,UNKNOWN,UNKNOWN,UNKNOWN,UNKNOWN,UNKNOWN,UNKNOWN,UNKNOWN,UNKNOWN,UNKNOWN,UNKNOWN,UNKNOWN,UNKNOWN,UNKNOWN,UNKNOWN,UNKNOWN,UNKNOWN,UNKNOWN,UNKNOWN,UNKNOWN,UNKNOWN,UNKNOWN,UNKNOWN,UNKNOWN,UNKNOWN,UNKNOWN,unknown,https://www.portofbuffalo.com/,,listed,rebulk-directory (BPRR G&W),,
Gavilon Grain LLC,,,,ST PAUL,MN,UNKNOWN,UNKNOWN,UNKNOWN,UNKNOWN,UNKNOWN,UNKNOWN,UNKNOWN,UNKNOWN,UNKNOWN,UNKNOWN,UNKNOWN,UNKNOWN,UNKNOWN,UNKNOWN,UNKNOWN,UNKNOWN,UNKNOWN,UNKNOWN,UNKNOWN,UNKNOWN,UNKNOWN,UNKNOWN,UNKNOWN,UNKNOWN,UNKNOWN,UNKNOWN,unknown,https://www.viterra.us/,,listed,rebulk-directory (CPKC),,
General Commodities Warehouse,,,,BLAWNOX,PA,UNKNOWN,UNKNOWN,UNKNOWN,UNKNOWN,UNKNOWN,UNKNOWN,UNKNOWN,UNKNOWN,UNKNOWN,UNKNOWN,UNKNOWN,UNKNOWN,UNKNOWN,UNKNOWN,UNKNOWN,UNKNOWN,UNKNOWN,UNKNOWN,UNKNOWN,UNKNOWN,UNKNOWN,UNKNOWN,UNKNOWN,UNKNOWN,UNKNOWN,UNKNOWN,unknown,,,listed,rebulk-directory (NS),,
Genesis Energy Natchez Terminal,,,,NATCHEZ,MS,UNKNOWN,UNKNOWN,UNKNOWN,UNKNOWN,UNKNOWN,UNKNOWN,UNKNOWN,UNKNOWN,UNKNOWN,UNKNOWN,UNKNOWN,UNKNOWN,UNKNOWN,UNKNOWN,UNKNOWN,UNKNOWN,UNKNOWN,UNKNOWN,UNKNOWN,UNKNOWN,UNKNOWN,UNKNOWN,UNKNOWN,UNKNOWN,UNKNOWN,UNKNOWN,unknown,https://www.genesisenergy.com/operations/onshore-facilities-and-transportation/onshore-terminals,,listed,rebulk-directory (Natchez Railway (NTZR) CN),,
Genesis Raceland Terminal,,,,RACELAND,LA,UNKNOWN,UNKNOWN,UNKNOWN,UNKNOWN,UNKNOWN,UNKNOWN,UNKNOWN,UNKNOWN,UNKNOWN,UNKNOWN,UNKNOWN,UNKNOWN,UNKNOWN,UNKNOWN,UNKNOWN,UNKNOWN,UNKNOWN,UNKNOWN,UNKNOWN,UNKNOWN,UNKNOWN,UNKNOWN,UNKNOWN,UNKNOWN,UNKNOWN,UNKNOWN,unknown,https://www.genesisenergy.com/operations/onshore-facilities-and-transportation/onshore-terminals,,listed,rebulk-directory (BNSF UP),,
Genesis Rail Services LLC,,,,ROANOKE,VA,UNKNOWN,UNKNOWN,UNKNOWN,UNKNOWN,UNKNOWN,UNKNOWN,UNKNOWN,UNKNOWN,UNKNOWN,UNKNOWN,UNKNOWN,UNKNOWN,UNKNOWN,UNKNOWN,UNKNOWN,UNKNOWN,UNKNOWN,UNKNOWN,UNKNOWN,UNKNOWN,UNKNOWN,UNKNOWN,UNKNOWN,UNKNOWN,UNKNOWN,UNKNOWN,unknown,https://genesisrail.com/,,listed,rebulk-directory (NS),,
Genesis Red River Terminal,,,,SHREVEPORT,LA,UNKNOWN,UNKNOWN,UNKNOWN,UNKNOWN,UNKNOWN,UNKNOWN,UNKNOWN,UNKNOWN,UNKNOWN,UNKNOWN,UNKNOWN,UNKNOWN,UNKNOWN,UNKNOWN,UNKNOWN,UNKNOWN,UNKNOWN,UNKNOWN,UNKNOWN,UNKNOWN,UNKNOWN,UNKNOWN,UNKNOWN,UNKNOWN,UNKNOWN,UNKNOWN,unknown,https://www.genesisenergy.com/operations/onshore-facilities-and-transportation/onshore-terminals,,listed,rebulk-directory (CPKC),,
Genesis Scenic Station,,,,BATON ROUGE,LA,UNKNOWN,UNKNOWN,UNKNOWN,UNKNOWN,UNKNOWN,UNKNOWN,UNKNOWN,UNKNOWN,UNKNOWN,UNKNOWN,UNKNOWN,UNKNOWN,UNKNOWN,UNKNOWN,UNKNOWN,UNKNOWN,UNKNOWN,UNKNOWN,UNKNOWN,UNKNOWN,UNKNOWN,UNKNOWN,UNKNOWN,UNKNOWN,UNKNOWN,UNKNOWN,unknown,https://www.genesisenergy.com/operations/onshore-facilities-and-transportation/onshore-terminals,,listed,rebulk-directory (CPKC),,
"Genoa, CO Transload Track",,,,GENOA,CO,UNKNOWN,UNKNOWN,UNKNOWN,UNKNOWN,UNKNOWN,UNKNOWN,UNKNOWN,UNKNOWN,UNKNOWN,UNKNOWN,UNKNOWN,UNKNOWN,UNKNOWN,UNKNOWN,UNKNOWN,UNKNOWN,UNKNOWN,UNKNOWN,UNKNOWN,UNKNOWN,UNKNOWN,UNKNOWN,UNKNOWN,UNKNOWN,UNKNOWN,UNKNOWN,unknown,https://www.gwrr.com/transload/genoa-co-transload-track/,,listed,rebulk-directory (G&W KYLE),,
Geodis,,,,KANSAS CITY,MO,UNKNOWN,UNKNOWN,UNKNOWN,UNKNOWN,UNKNOWN,UNKNOWN,UNKNOWN,UNKNOWN,UNKNOWN,UNKNOWN,UNKNOWN,UNKNOWN,UNKNOWN,UNKNOWN,UNKNOWN,UNKNOWN,UNKNOWN,UNKNOWN,UNKNOWN,UNKNOWN,UNKNOWN,UNKNOWN,UNKNOWN,UNKNOWN,UNKNOWN,UNKNOWN,unknown,https://geodis.com/us-en/locations/geodis-contract-logistics-kansas-city-1,,listed,rebulk-directory (CPKC),,
Georgetown Materials,,,,GEORGETOWN,DE,UNKNOWN,UNKNOWN,UNKNOWN,UNKNOWN,UNKNOWN,UNKNOWN,UNKNOWN,UNKNOWN,UNKNOWN,UNKNOWN,UNKNOWN,UNKNOWN,UNKNOWN,UNKNOWN,UNKNOWN,UNKNOWN,UNKNOWN,UNKNOWN,UNKNOWN,UNKNOWN,UNKNOWN,UNKNOWN,UNKNOWN,UNKNOWN,UNKNOWN,UNKNOWN,unknown,https://georgetownmaterials.net/,,listed,rebulk-directory (DCR NS),,
Georgetown Public Delivery Track,,,,GEORGETOWN,DE,UNKNOWN,UNKNOWN,UNKNOWN,UNKNOWN,UNKNOWN,UNKNOWN,UNKNOWN,UNKNOWN,UNKNOWN,UNKNOWN,UNKNOWN,UNKNOWN,UNKNOWN,UNKNOWN,UNKNOWN,UNKNOWN,UNKNOWN,UNKNOWN,UNKNOWN,UNKNOWN,UNKNOWN,UNKNOWN,UNKNOWN,UNKNOWN,UNKNOWN,UNKNOWN,unknown,https://www.carloadexpress.com,,listed,rebulk-directory (DCR NS),,
Georgia Petroleum,,,,VALDOSTA,GA,UNKNOWN,UNKNOWN,UNKNOWN,UNKNOWN,UNKNOWN,UNKNOWN,UNKNOWN,UNKNOWN,UNKNOWN,UNKNOWN,UNKNOWN,UNKNOWN,UNKNOWN,UNKNOWN,UNKNOWN,UNKNOWN,UNKNOWN,UNKNOWN,UNKNOWN,UNKNOWN,UNKNOWN,UNKNOWN,UNKNOWN,UNKNOWN,UNKNOWN,UNKNOWN,unknown,,,listed,rebulk-directory (G&W VR),,
Georgia Woodlands Railroad Transload,,,,WASHINGTON,GA,UNKNOWN,UNKNOWN,UNKNOWN,UNKNOWN,UNKNOWN,UNKNOWN,UNKNOWN,UNKNOWN,UNKNOWN,UNKNOWN,UNKNOWN,UNKNOWN,UNKNOWN,UNKNOWN,UNKNOWN,UNKNOWN,UNKNOWN,UNKNOWN,UNKNOWN,UNKNOWN,UNKNOWN,UNKNOWN,UNKNOWN,UNKNOWN,UNKNOWN,UNKNOWN,unknown,https://omnitrax.com/georgia-woodlands-railroad-llc/,,listed,rebulk-directory (Georgia Woodlands Railroad (GWRC) CSX),,
GHMR Operations,Transload Terminal,,,BIG LAKE,TX,UNKNOWN,UNKNOWN,UNKNOWN,UNKNOWN,UNKNOWN,UNKNOWN,UNKNOWN,UNKNOWN,UNKNOWN,UNKNOWN,UNKNOWN,UNKNOWN,UNKNOWN,UNKNOWN,UNKNOWN,UNKNOWN,UNKNOWN,UNKNOWN,UNKNOWN,UNKNOWN,UNKNOWN,UNKNOWN,UNKNOWN,UNKNOWN,UNKNOWN,UNKNOWN,unknown,https://www.ghmroperations.com,,listed,rebulk-directory (BNSF Texas Pacifi UP),,
GHMR Operations,Transload Terminal,,,DILLEY,TX,UNKNOWN,UNKNOWN,UNKNOWN,UNKNOWN,UNKNOWN,UNKNOWN,UNKNOWN,UNKNOWN,UNKNOWN,UNKNOWN,UNKNOWN,UNKNOWN,UNKNOWN,UNKNOWN,UNKNOWN,UNKNOWN,UNKNOWN,UNKNOWN,UNKNOWN,UNKNOWN,UNKNOWN,UNKNOWN,UNKNOWN,UNKNOWN,UNKNOWN,UNKNOWN,unknown,https://www.ghmroperations.com/,,listed,rebulk-directory (Union Pacific (UP)),,
Gibbs Crossing Reload,,,,PALMER,MA,UNKNOWN,UNKNOWN,UNKNOWN,UNKNOWN,UNKNOWN,UNKNOWN,UNKNOWN,UNKNOWN,UNKNOWN,UNKNOWN,UNKNOWN,UNKNOWN,UNKNOWN,UNKNOWN,UNKNOWN,UNKNOWN,UNKNOWN,UNKNOWN,UNKNOWN,UNKNOWN,UNKNOWN,UNKNOWN,UNKNOWN,UNKNOWN,UNKNOWN,UNKNOWN,unknown,https://www.quantixscs.com/,,listed,rebulk-directory (Massachusetts Central Railroad (MCER)),,
Gilmer Warehouse & Logistics LLC,,info@gilmer1.com,,KATHLEEN,GA,NO,NO,NO,NO,NO,NO,NO,NO,NO,NO,NO,NO,NO,NO,NO,NO,NO,NO,NO,NO,NO,NO,NO,NO,NO,NO,unknown,http://www.gilmer1.com/,,verified,swl-internal,OPERATIONAL,high
Gilmer Warehouse & Logistics LLC,,info@gilmer1.com,(478) 781-0771,MACON,GA,NO,NO,NO,NO,NO,NO,NO,NO,NO,NO,NO,NO,NO,NO,NO,NO,NO,NO,NO,NO,NO,NO,NO,NO,NO,NO,unknown,https://gilmer1.com/careers,,verified,swl-internal,OPERATIONAL,high
Glacier Rail Park Team Track,,,,KALISPELL,MT,UNKNOWN,UNKNOWN,UNKNOWN,UNKNOWN,UNKNOWN,UNKNOWN,UNKNOWN,UNKNOWN,UNKNOWN,UNKNOWN,UNKNOWN,UNKNOWN,UNKNOWN,UNKNOWN,UNKNOWN,UNKNOWN,UNKNOWN,UNKNOWN,UNKNOWN,UNKNOWN,UNKNOWN,UNKNOWN,UNKNOWN,UNKNOWN,UNKNOWN,UNKNOWN,unknown,,,listed,rebulk-directory (BNSF),,
GLC Integrated Services / GLC Minerals Transload,,,,GREEN BAY,WI,UNKNOWN,UNKNOWN,UNKNOWN,UNKNOWN,UNKNOWN,UNKNOWN,UNKNOWN,UNKNOWN,UNKNOWN,UNKNOWN,UNKNOWN,UNKNOWN,UNKNOWN,UNKNOWN,UNKNOWN,UNKNOWN,UNKNOWN,UNKNOWN,UNKNOWN,UNKNOWN,UNKNOWN,UNKNOWN,UNKNOWN,UNKNOWN,UNKNOWN,UNKNOWN,unknown,https://glcminerals.com/,,listed,rebulk-directory (CN),,
Glendale Transload Terminal,,,,GLENDALE,AZ,UNKNOWN,UNKNOWN,UNKNOWN,UNKNOWN,UNKNOWN,UNKNOWN,UNKNOWN,UNKNOWN,UNKNOWN,UNKNOWN,UNKNOWN,UNKNOWN,UNKNOWN,UNKNOWN,UNKNOWN,UNKNOWN,UNKNOWN,UNKNOWN,UNKNOWN,UNKNOWN,UNKNOWN,UNKNOWN,UNKNOWN,UNKNOWN,UNKNOWN,UNKNOWN,unknown,https://www.watco.com/service/terminals/glendale-az/,,listed,rebulk-directory (BNSF),,
Global Burlington Terminal,,,,BURLINGTON,VT,UNKNOWN,UNKNOWN,UNKNOWN,UNKNOWN,UNKNOWN,UNKNOWN,UNKNOWN,UNKNOWN,UNKNOWN,UNKNOWN,UNKNOWN,UNKNOWN,UNKNOWN,UNKNOWN,UNKNOWN,UNKNOWN,UNKNOWN,UNKNOWN,UNKNOWN,UNKNOWN,UNKNOWN,UNKNOWN,UNKNOWN,UNKNOWN,UNKNOWN,UNKNOWN,unknown,https://www.globalp.com/,,listed,rebulk-directory (VTR),,
Global Commodities,,,,PEMBROKE,GA,UNKNOWN,UNKNOWN,UNKNOWN,UNKNOWN,UNKNOWN,UNKNOWN,UNKNOWN,UNKNOWN,UNKNOWN,UNKNOWN,UNKNOWN,UNKNOWN,UNKNOWN,UNKNOWN,UNKNOWN,UNKNOWN,UNKNOWN,UNKNOWN,UNKNOWN,UNKNOWN,UNKNOWN,UNKNOWN,UNKNOWN,UNKNOWN,UNKNOWN,UNKNOWN,unknown,https://www.arreff.com/,,listed,rebulk-directory (G&W GC),,
Global Erie Boulevard Terminal,,,,ALBANY,NY,UNKNOWN,UNKNOWN,UNKNOWN,UNKNOWN,UNKNOWN,UNKNOWN,UNKNOWN,UNKNOWN,UNKNOWN,UNKNOWN,UNKNOWN,UNKNOWN,UNKNOWN,UNKNOWN,UNKNOWN,UNKNOWN,UNKNOWN,UNKNOWN,UNKNOWN,UNKNOWN,UNKNOWN,UNKNOWN,UNKNOWN,UNKNOWN,UNKNOWN,UNKNOWN,unknown,https://www.globalp.com/where-we-are/all-terminals/global-erie-boulevard,,listed,rebulk-directory (CPKC),,
Global North Dakota,Terminal,,,BEULAH,ND,UNKNOWN,UNKNOWN,UNKNOWN,UNKNOWN,UNKNOWN,UNKNOWN,UNKNOWN,UNKNOWN,UNKNOWN,UNKNOWN,UNKNOWN,UNKNOWN,UNKNOWN,UNKNOWN,UNKNOWN,UNKNOWN,UNKNOWN,UNKNOWN,UNKNOWN,UNKNOWN,UNKNOWN,UNKNOWN,UNKNOWN,UNKNOWN,UNKNOWN,UNKNOWN,unknown,https://globalnorthdakota.com/locations/,,listed,rebulk-directory (BNSF),,
Globalplex Intermodal Terminal,,,,RESERVE,LA,UNKNOWN,UNKNOWN,UNKNOWN,UNKNOWN,UNKNOWN,UNKNOWN,UNKNOWN,UNKNOWN,UNKNOWN,UNKNOWN,UNKNOWN,UNKNOWN,UNKNOWN,UNKNOWN,UNKNOWN,UNKNOWN,UNKNOWN,UNKNOWN,UNKNOWN,UNKNOWN,UNKNOWN,UNKNOWN,UNKNOWN,UNKNOWN,UNKNOWN,UNKNOWN,unknown,https://portsl.com/globalplex-intermodal-terminal/,,listed,rebulk-directory (CN CPKC),,
Gloucester Marine Terminal,,,,GLOUCESTER CITY,NJ,UNKNOWN,UNKNOWN,UNKNOWN,UNKNOWN,UNKNOWN,UNKNOWN,UNKNOWN,UNKNOWN,UNKNOWN,UNKNOWN,UNKNOWN,UNKNOWN,UNKNOWN,UNKNOWN,UNKNOWN,UNKNOWN,UNKNOWN,UNKNOWN,UNKNOWN,UNKNOWN,UNKNOWN,UNKNOWN,UNKNOWN,UNKNOWN,UNKNOWN,UNKNOWN,unknown,https://www.holtlogistics.com/facilities/gloucester-marine-terminal/,,listed,rebulk-directory (CSX NS CPKC),,
Glycerin Traders,Stillwell Transload,,,LA PORTE,IN,UNKNOWN,UNKNOWN,UNKNOWN,UNKNOWN,UNKNOWN,UNKNOWN,UNKNOWN,UNKNOWN,UNKNOWN,UNKNOWN,UNKNOWN,UNKNOWN,UNKNOWN,UNKNOWN,UNKNOWN,UNKNOWN,UNKNOWN,UNKNOWN,UNKNOWN,UNKNOWN,UNKNOWN,UNKNOWN,UNKNOWN,UNKNOWN,UNKNOWN,UNKNOWN,unknown,,,listed,rebulk-directory (CSS),,
Goggin Warehousing LLC,,,,BIRMINGHAM,AL,UNKNOWN,UNKNOWN,UNKNOWN,UNKNOWN,UNKNOWN,UNKNOWN,UNKNOWN,UNKNOWN,UNKNOWN,UNKNOWN,UNKNOWN,UNKNOWN,UNKNOWN,UNKNOWN,UNKNOWN,UNKNOWN,UNKNOWN,UNKNOWN,UNKNOWN,UNKNOWN,UNKNOWN,UNKNOWN,UNKNOWN,UNKNOWN,UNKNOWN,UNKNOWN,unknown,https://www.gogginwarehousing.com/,,listed,rebulk-directory (BNSF),,
Golden Barrel Leola,,,,LEOLA,PA,UNKNOWN,UNKNOWN,UNKNOWN,UNKNOWN,UNKNOWN,UNKNOWN,UNKNOWN,UNKNOWN,UNKNOWN,UNKNOWN,UNKNOWN,UNKNOWN,UNKNOWN,UNKNOWN,UNKNOWN,UNKNOWN,UNKNOWN,UNKNOWN,UNKNOWN,UNKNOWN,UNKNOWN,UNKNOWN,UNKNOWN,UNKNOWN,UNKNOWN,UNKNOWN,unknown,https://www.goldenbarrel.com/goldenbarrelleola/,,listed,rebulk-directory (NS),,
Golden Triangle Transload,,,,HASTINGS,NE,UNKNOWN,UNKNOWN,UNKNOWN,UNKNOWN,UNKNOWN,UNKNOWN,UNKNOWN,UNKNOWN,UNKNOWN,UNKNOWN,UNKNOWN,UNKNOWN,UNKNOWN,UNKNOWN,UNKNOWN,UNKNOWN,UNKNOWN,UNKNOWN,UNKNOWN,UNKNOWN,UNKNOWN,UNKNOWN,UNKNOWN,UNKNOWN,UNKNOWN,UNKNOWN,unknown,https://www.goldentriangletransload.com/,,listed,rebulk-directory (BNSF UP),,
Goldsboro NS TBT,,,,MILLERS,NC,UNKNOWN,UNKNOWN,UNKNOWN,UNKNOWN,UNKNOWN,UNKNOWN,UNKNOWN,UNKNOWN,UNKNOWN,UNKNOWN,UNKNOWN,UNKNOWN,UNKNOWN,UNKNOWN,UNKNOWN,UNKNOWN,UNKNOWN,UNKNOWN,UNKNOWN,UNKNOWN,UNKNOWN,UNKNOWN,UNKNOWN,UNKNOWN,UNKNOWN,UNKNOWN,unknown,https://www.nscorp.com,,listed,rebulk-directory (NS),,
Good's Rail/Truck Transfer,,,,CAMDEN,OH,UNKNOWN,UNKNOWN,UNKNOWN,UNKNOWN,UNKNOWN,UNKNOWN,UNKNOWN,UNKNOWN,UNKNOWN,UNKNOWN,UNKNOWN,UNKNOWN,UNKNOWN,UNKNOWN,UNKNOWN,UNKNOWN,UNKNOWN,UNKNOWN,UNKNOWN,UNKNOWN,UNKNOWN,UNKNOWN,UNKNOWN,UNKNOWN,UNKNOWN,UNKNOWN,unknown,,,listed,rebulk-directory (NS),,
GOOS Transload,,,,LAKEVIEW,OR,UNKNOWN,UNKNOWN,UNKNOWN,UNKNOWN,UNKNOWN,UNKNOWN,UNKNOWN,UNKNOWN,UNKNOWN,UNKNOWN,UNKNOWN,UNKNOWN,UNKNOWN,UNKNOWN,UNKNOWN,UNKNOWN,UNKNOWN,UNKNOWN,UNKNOWN,UNKNOWN,UNKNOWN,UNKNOWN,UNKNOWN,UNKNOWN,UNKNOWN,UNKNOWN,unknown,https://nexxtlogistics.com/goose.html,,listed,rebulk-directory (Goose Lake Railway (GOOS)),,
Governor Michael L. Parson Port Terminal,,,,KANSAS CITY,MO,UNKNOWN,UNKNOWN,UNKNOWN,UNKNOWN,UNKNOWN,UNKNOWN,UNKNOWN,UNKNOWN,UNKNOWN,UNKNOWN,UNKNOWN,UNKNOWN,UNKNOWN,UNKNOWN,UNKNOWN,UNKNOWN,UNKNOWN,UNKNOWN,UNKNOWN,UNKNOWN,UNKNOWN,UNKNOWN,UNKNOWN,UNKNOWN,UNKNOWN,UNKNOWN,unknown,https://portkc.com/project/governor-michael-l-parson-port-terminal/,,listed,rebulk-directory (UP),,
Grafton & Upton Terminal,,info@graftonuptonrr.com,(508) 481-6095,WEST UPTON,MA,NO,NO,NO,NO,NO,NO,NO,YES,NO,NO,NO,NO,NO,NO,NO,NO,NO,NO,NO,NO,NO,NO,NO,NO,NO,NO,unknown,https://graftonuptonrr.com/,,verified,swl-internal,OPERATIONAL,medium
Grainbelt/Farmrail,Transload,,,THOMAS,OK,UNKNOWN,UNKNOWN,UNKNOWN,UNKNOWN,UNKNOWN,UNKNOWN,UNKNOWN,UNKNOWN,UNKNOWN,UNKNOWN,UNKNOWN,UNKNOWN,UNKNOWN,UNKNOWN,UNKNOWN,UNKNOWN,UNKNOWN,UNKNOWN,UNKNOWN,UNKNOWN,UNKNOWN,UNKNOWN,UNKNOWN,UNKNOWN,UNKNOWN,UNKNOWN,unknown,https://www.farmrail.com/,,listed,rebulk-directory (GNBC FMRC),,
Grand Avenue Team Track,,,,MASPETH,NY,UNKNOWN,UNKNOWN,UNKNOWN,UNKNOWN,UNKNOWN,UNKNOWN,UNKNOWN,UNKNOWN,UNKNOWN,UNKNOWN,UNKNOWN,UNKNOWN,UNKNOWN,UNKNOWN,UNKNOWN,UNKNOWN,UNKNOWN,UNKNOWN,UNKNOWN,UNKNOWN,UNKNOWN,UNKNOWN,UNKNOWN,UNKNOWN,UNKNOWN,UNKNOWN,unknown,https://www.anacostia.com/our-companies/nya/,,listed,rebulk-directory (New York & Atlantic Railway (NYA)),,
Grand River Railway Transload Center,,,,PAINESVILLE,OH,UNKNOWN,UNKNOWN,UNKNOWN,UNKNOWN,UNKNOWN,UNKNOWN,UNKNOWN,UNKNOWN,UNKNOWN,UNKNOWN,UNKNOWN,UNKNOWN,UNKNOWN,UNKNOWN,UNKNOWN,UNKNOWN,UNKNOWN,UNKNOWN,UNKNOWN,UNKNOWN,UNKNOWN,UNKNOWN,UNKNOWN,UNKNOWN,UNKNOWN,UNKNOWN,unknown,https://grandriverrailway.com/,,listed,rebulk-directory (Grand River Railway (GRRY)),,
Granite Peak Midstream,,,,CHEYENNE,WY,UNKNOWN,UNKNOWN,UNKNOWN,UNKNOWN,UNKNOWN,UNKNOWN,UNKNOWN,UNKNOWN,UNKNOWN,UNKNOWN,UNKNOWN,UNKNOWN,UNKNOWN,UNKNOWN,UNKNOWN,UNKNOWN,UNKNOWN,UNKNOWN,UNKNOWN,UNKNOWN,UNKNOWN,UNKNOWN,UNKNOWN,UNKNOWN,UNKNOWN,UNKNOWN,unknown,https://www.thegranitepeakgroup.com/midstream,,listed,rebulk-directory (BNSF UP),,
Granite Peak Transloading,,,,CHEYENNE,WY,UNKNOWN,UNKNOWN,UNKNOWN,UNKNOWN,UNKNOWN,UNKNOWN,UNKNOWN,UNKNOWN,UNKNOWN,UNKNOWN,UNKNOWN,UNKNOWN,UNKNOWN,UNKNOWN,UNKNOWN,UNKNOWN,UNKNOWN,UNKNOWN,UNKNOWN,UNKNOWN,UNKNOWN,UNKNOWN,UNKNOWN,UNKNOWN,UNKNOWN,UNKNOWN,unknown,https://www.thegranitepeakgroup.com/,,listed,rebulk-directory (BNSF),,
Granite Peak Transloading,Terminal,,,WRIGHT,WY,UNKNOWN,UNKNOWN,UNKNOWN,UNKNOWN,UNKNOWN,UNKNOWN,UNKNOWN,UNKNOWN,UNKNOWN,UNKNOWN,UNKNOWN,UNKNOWN,UNKNOWN,UNKNOWN,UNKNOWN,UNKNOWN,UNKNOWN,UNKNOWN,UNKNOWN,UNKNOWN,UNKNOWN,UNKNOWN,UNKNOWN,UNKNOWN,UNKNOWN,UNKNOWN,unknown,https://www.thegranitepeakgroup.com/,,listed,rebulk-directory (BNSF),,
Gravel Hill Transload,,,,GEORGETOWN,DE,UNKNOWN,UNKNOWN,UNKNOWN,UNKNOWN,UNKNOWN,UNKNOWN,UNKNOWN,UNKNOWN,UNKNOWN,UNKNOWN,UNKNOWN,UNKNOWN,UNKNOWN,UNKNOWN,UNKNOWN,UNKNOWN,UNKNOWN,UNKNOWN,UNKNOWN,UNKNOWN,UNKNOWN,UNKNOWN,UNKNOWN,UNKNOWN,UNKNOWN,UNKNOWN,unknown,https://www.carloadexpress.com,,listed,rebulk-directory (DCR NS),,
Gravity Rail,,,,GARLAND,TX,UNKNOWN,UNKNOWN,UNKNOWN,UNKNOWN,UNKNOWN,UNKNOWN,UNKNOWN,UNKNOWN,UNKNOWN,UNKNOWN,UNKNOWN,UNKNOWN,UNKNOWN,UNKNOWN,UNKNOWN,UNKNOWN,UNKNOWN,UNKNOWN,UNKNOWN,UNKNOWN,UNKNOWN,UNKNOWN,UNKNOWN,UNKNOWN,UNKNOWN,UNKNOWN,unknown,https://www.gravity-rail.com/,,listed,rebulk-directory (DGNO G&W),,
Great Bend Transload Facility,"operated by Kansas Transload Services, a Sherwood Construction division; served by Watco's Kansas & Oklahoma Railroad",,,GREAT BEND,KS,UNKNOWN,UNKNOWN,UNKNOWN,UNKNOWN,UNKNOWN,UNKNOWN,UNKNOWN,UNKNOWN,UNKNOWN,UNKNOWN,UNKNOWN,UNKNOWN,UNKNOWN,UNKNOWN,UNKNOWN,UNKNOWN,UNKNOWN,UNKNOWN,UNKNOWN,UNKNOWN,UNKNOWN,UNKNOWN,UNKNOWN,UNKNOWN,UNKNOWN,UNKNOWN,unknown,https://sherwoodcompanies.com/,,listed,rebulk-directory (Kansas & Okl),,
Great Lakes Central Railroad,Transload,,,OWOSSO,MI,UNKNOWN,UNKNOWN,UNKNOWN,UNKNOWN,UNKNOWN,UNKNOWN,UNKNOWN,UNKNOWN,UNKNOWN,UNKNOWN,UNKNOWN,UNKNOWN,UNKNOWN,UNKNOWN,UNKNOWN,UNKNOWN,UNKNOWN,UNKNOWN,UNKNOWN,UNKNOWN,UNKNOWN,UNKNOWN,UNKNOWN,UNKNOWN,UNKNOWN,UNKNOWN,unknown,https://www.watco.com/service/rail/great-lakes-railroad-glc/,,listed,rebulk-directory (Great Lakes Central Railroad (GLC)),,
Great Lakes Reloading LLC,,cjm@greatlakesreload.com,(773) 646-6363,CHICAGO,IL,NO,NO,NO,NO,NO,NO,NO,NO,NO,NO,NO,YES,NO,NO,NO,NO,NO,NO,NO,NO,NO,NO,NO,NO,NO,NO,unknown,http://greatlakesreload.com/contact-us/,,verified,swl-internal,OPERATIONAL,high
Great Western Multi-Commodity Transload Terminal - Great Western Railway of Colorado,OmniTRAX,,,LOVELAND,CO,UNKNOWN,UNKNOWN,UNKNOWN,UNKNOWN,UNKNOWN,UNKNOWN,UNKNOWN,UNKNOWN,UNKNOWN,UNKNOWN,UNKNOWN,UNKNOWN,UNKNOWN,UNKNOWN,UNKNOWN,UNKNOWN,UNKNOWN,UNKNOWN,UNKNOWN,UNKNOWN,UNKNOWN,UNKNOWN,UNKNOWN,UNKNOWN,UNKNOWN,UNKNOWN,unknown,https://omnitrax.com/great-western-railway-of-colorado/,,listed,rebulk-directory (BNSF Great Wester Union Pacifi),,
Greater Boston Transload,,,,NORTH BILLERICA,MA,UNKNOWN,UNKNOWN,UNKNOWN,UNKNOWN,UNKNOWN,UNKNOWN,UNKNOWN,UNKNOWN,UNKNOWN,UNKNOWN,UNKNOWN,UNKNOWN,UNKNOWN,UNKNOWN,UNKNOWN,UNKNOWN,UNKNOWN,UNKNOWN,UNKNOWN,UNKNOWN,UNKNOWN,UNKNOWN,UNKNOWN,UNKNOWN,UNKNOWN,UNKNOWN,unknown,https://gbtmass.com/,,listed,rebulk-directory (CSX),,
Green Isle Team Track,,,,GREEN ISLE,MN,UNKNOWN,UNKNOWN,UNKNOWN,UNKNOWN,UNKNOWN,UNKNOWN,UNKNOWN,UNKNOWN,UNKNOWN,UNKNOWN,UNKNOWN,UNKNOWN,UNKNOWN,UNKNOWN,UNKNOWN,UNKNOWN,UNKNOWN,UNKNOWN,UNKNOWN,UNKNOWN,UNKNOWN,UNKNOWN,UNKNOWN,UNKNOWN,UNKNOWN,UNKNOWN,unknown,https://tcwr.net/,,listed,rebulk-directory (Minnesota Prairie Line (MPLI)),,
Green Mountain Railroad North Walpole Facility,,,,NORTH WALPOLE,NH,UNKNOWN,UNKNOWN,UNKNOWN,UNKNOWN,UNKNOWN,UNKNOWN,UNKNOWN,UNKNOWN,UNKNOWN,UNKNOWN,UNKNOWN,UNKNOWN,UNKNOWN,UNKNOWN,UNKNOWN,UNKNOWN,UNKNOWN,UNKNOWN,UNKNOWN,UNKNOWN,UNKNOWN,UNKNOWN,UNKNOWN,UNKNOWN,UNKNOWN,UNKNOWN,unknown,https://vrs.us.com/,,listed,rebulk-directory (GMRC),,
Green Mountain Railroad Rockingham Propane Terminal,,,,ROCKINGHAM,VT,UNKNOWN,UNKNOWN,UNKNOWN,UNKNOWN,UNKNOWN,UNKNOWN,UNKNOWN,UNKNOWN,UNKNOWN,UNKNOWN,UNKNOWN,UNKNOWN,UNKNOWN,UNKNOWN,UNKNOWN,UNKNOWN,UNKNOWN,UNKNOWN,UNKNOWN,UNKNOWN,UNKNOWN,UNKNOWN,UNKNOWN,UNKNOWN,UNKNOWN,UNKNOWN,unknown,https://vrs.us.com/,,listed,rebulk-directory (GMRC),,
Greenhill Reload,Yard,,,NORTH BEND,OR,UNKNOWN,UNKNOWN,UNKNOWN,UNKNOWN,UNKNOWN,UNKNOWN,UNKNOWN,UNKNOWN,UNKNOWN,UNKNOWN,UNKNOWN,UNKNOWN,UNKNOWN,UNKNOWN,UNKNOWN,UNKNOWN,UNKNOWN,UNKNOWN,UNKNOWN,UNKNOWN,UNKNOWN,UNKNOWN,UNKNOWN,UNKNOWN,UNKNOWN,UNKNOWN,unknown,https://greenhillreload.com/,,listed,rebulk-directory (Coos Bay Rail Line (CBR)),,
Greenup-Boyd County Riverport,,,,WURTLAND,KY,UNKNOWN,UNKNOWN,UNKNOWN,UNKNOWN,UNKNOWN,UNKNOWN,UNKNOWN,UNKNOWN,UNKNOWN,UNKNOWN,UNKNOWN,UNKNOWN,UNKNOWN,UNKNOWN,UNKNOWN,UNKNOWN,UNKNOWN,UNKNOWN,UNKNOWN,UNKNOWN,UNKNOWN,UNKNOWN,UNKNOWN,UNKNOWN,UNKNOWN,UNKNOWN,unknown,https://www.riverportatwurtland.com/,,listed,rebulk-directory (CSX),,
Greenville & Western Railway Co LLC,,,,WILLIAMSTON,SC,UNKNOWN,UNKNOWN,UNKNOWN,UNKNOWN,UNKNOWN,UNKNOWN,UNKNOWN,UNKNOWN,UNKNOWN,UNKNOWN,UNKNOWN,UNKNOWN,UNKNOWN,UNKNOWN,UNKNOWN,UNKNOWN,UNKNOWN,UNKNOWN,UNKNOWN,UNKNOWN,UNKNOWN,UNKNOWN,UNKNOWN,UNKNOWN,UNKNOWN,UNKNOWN,unknown,https://wcrscorp.com/railroads/grlw/,,listed,rebulk-directory (Greenville & Western Railway (GRLW)),,
Greenville Transload,,,,GREENVILLE,NC,UNKNOWN,UNKNOWN,UNKNOWN,UNKNOWN,UNKNOWN,UNKNOWN,UNKNOWN,UNKNOWN,UNKNOWN,UNKNOWN,UNKNOWN,UNKNOWN,UNKNOWN,UNKNOWN,UNKNOWN,UNKNOWN,UNKNOWN,UNKNOWN,UNKNOWN,UNKNOWN,UNKNOWN,UNKNOWN,UNKNOWN,UNKNOWN,UNKNOWN,UNKNOWN,unknown,https://regional-rail.com/carolina-coastal-railway/,,listed,rebulk-directory (Carolina Coastal Railway (CLNA)),,
Greenwood Transload,,,,GREENWOOD,MS,UNKNOWN,UNKNOWN,UNKNOWN,UNKNOWN,UNKNOWN,UNKNOWN,UNKNOWN,UNKNOWN,UNKNOWN,UNKNOWN,UNKNOWN,UNKNOWN,UNKNOWN,UNKNOWN,UNKNOWN,UNKNOWN,UNKNOWN,UNKNOWN,UNKNOWN,UNKNOWN,UNKNOWN,UNKNOWN,UNKNOWN,UNKNOWN,UNKNOWN,UNKNOWN,unknown,,,listed,rebulk-directory (CAGY G&W),,
Grenada Railroad LLC,,,,GRENADA,MS,UNKNOWN,UNKNOWN,UNKNOWN,UNKNOWN,UNKNOWN,UNKNOWN,UNKNOWN,UNKNOWN,UNKNOWN,UNKNOWN,UNKNOWN,UNKNOWN,UNKNOWN,UNKNOWN,UNKNOWN,UNKNOWN,UNKNOWN,UNKNOWN,UNKNOWN,UNKNOWN,UNKNOWN,UNKNOWN,UNKNOWN,UNKNOWN,UNKNOWN,UNKNOWN,unknown,https://pinsly.com/railroads/grenada-railroad/,,listed,rebulk-directory (GRYR NS),,
Griffin Industries,,,,DUBLIN,GA,UNKNOWN,UNKNOWN,UNKNOWN,UNKNOWN,UNKNOWN,UNKNOWN,UNKNOWN,UNKNOWN,UNKNOWN,UNKNOWN,UNKNOWN,UNKNOWN,UNKNOWN,UNKNOWN,UNKNOWN,UNKNOWN,UNKNOWN,UNKNOWN,UNKNOWN,UNKNOWN,UNKNOWN,UNKNOWN,UNKNOWN,UNKNOWN,UNKNOWN,UNKNOWN,unknown,https://www.darlingii.com/en/media/news/20250218-converts-wastewater-emissions-into-renewable-natural-gas-cutting-scope-1-emissions,,listed,rebulk-directory (G&W GC),,
Griffin River Terminal,,,,HELENA,AR,UNKNOWN,UNKNOWN,UNKNOWN,UNKNOWN,UNKNOWN,UNKNOWN,UNKNOWN,UNKNOWN,UNKNOWN,UNKNOWN,UNKNOWN,UNKNOWN,UNKNOWN,UNKNOWN,UNKNOWN,UNKNOWN,UNKNOWN,UNKNOWN,UNKNOWN,UNKNOWN,UNKNOWN,UNKNOWN,UNKNOWN,UNKNOWN,UNKNOWN,UNKNOWN,unknown,,,listed,rebulk-directory (AKMD G&W),,
Gswr Choice Terminals,,twilhelmy@gwrr.com,,BAINBRIDGE,GA,NO,NO,NO,NO,NO,NO,NO,NO,NO,NO,NO,NO,NO,NO,NO,NO,NO,NO,NO,NO,NO,NO,NO,NO,NO,NO,unknown,https://www.gwrr.com/railroads/north_america/georgia_southwestern#m_tab-one-panel,dead_link,verified,swl-internal,NOT_FOUND,low
GT OmniPort,,,,PORT ARTHUR,TX,UNKNOWN,UNKNOWN,UNKNOWN,UNKNOWN,UNKNOWN,UNKNOWN,UNKNOWN,UNKNOWN,UNKNOWN,UNKNOWN,UNKNOWN,UNKNOWN,UNKNOWN,UNKNOWN,UNKNOWN,UNKNOWN,UNKNOWN,UNKNOWN,UNKNOWN,UNKNOWN,UNKNOWN,UNKNOWN,UNKNOWN,UNKNOWN,UNKNOWN,UNKNOWN,unknown,https://gtomniport.com/,,listed,rebulk-directory (BNSF UP),,
Gulf Coast Transload of Alabama,,,,CREOLA,AL,UNKNOWN,UNKNOWN,UNKNOWN,UNKNOWN,UNKNOWN,UNKNOWN,UNKNOWN,UNKNOWN,UNKNOWN,UNKNOWN,UNKNOWN,UNKNOWN,UNKNOWN,UNKNOWN,UNKNOWN,UNKNOWN,UNKNOWN,UNKNOWN,UNKNOWN,UNKNOWN,UNKNOWN,UNKNOWN,UNKNOWN,UNKNOWN,UNKNOWN,UNKNOWN,unknown,,,listed,rebulk-directory (AGR G&W),,
Gulf Gateway Terminal,,,,NEW ORLEANS,LA,UNKNOWN,UNKNOWN,UNKNOWN,UNKNOWN,UNKNOWN,UNKNOWN,UNKNOWN,UNKNOWN,UNKNOWN,UNKNOWN,UNKNOWN,UNKNOWN,UNKNOWN,UNKNOWN,UNKNOWN,UNKNOWN,UNKNOWN,UNKNOWN,UNKNOWN,UNKNOWN,UNKNOWN,UNKNOWN,UNKNOWN,UNKNOWN,UNKNOWN,UNKNOWN,unknown,https://gulfgatewayterminal.com/,,listed,rebulk-directory (NOPB),,
Gulf South Warehouse,,,,MONROE,LA,UNKNOWN,UNKNOWN,UNKNOWN,UNKNOWN,UNKNOWN,UNKNOWN,UNKNOWN,UNKNOWN,UNKNOWN,UNKNOWN,UNKNOWN,UNKNOWN,UNKNOWN,UNKNOWN,UNKNOWN,UNKNOWN,UNKNOWN,UNKNOWN,UNKNOWN,UNKNOWN,UNKNOWN,UNKNOWN,UNKNOWN,UNKNOWN,UNKNOWN,UNKNOWN,unknown,,,listed,rebulk-directory (CPKC),,
Guntersville Terminal,,,,GUNTERSVILLE,AL,UNKNOWN,UNKNOWN,UNKNOWN,UNKNOWN,UNKNOWN,UNKNOWN,UNKNOWN,UNKNOWN,UNKNOWN,UNKNOWN,UNKNOWN,UNKNOWN,UNKNOWN,UNKNOWN,UNKNOWN,UNKNOWN,UNKNOWN,UNKNOWN,UNKNOWN,UNKNOWN,UNKNOWN,UNKNOWN,UNKNOWN,UNKNOWN,UNKNOWN,UNKNOWN,unknown,https://www.watco.com/service/terminals/guntersville-al/,,listed,rebulk-directory (Alabama & Tennessee River Railway (ATN) CSX NS),,
GVT Rail,3T Transload Warehouse,,,BATAVIA,NY,UNKNOWN,UNKNOWN,UNKNOWN,UNKNOWN,UNKNOWN,UNKNOWN,UNKNOWN,UNKNOWN,UNKNOWN,UNKNOWN,UNKNOWN,UNKNOWN,UNKNOWN,UNKNOWN,UNKNOWN,UNKNOWN,UNKNOWN,UNKNOWN,UNKNOWN,UNKNOWN,UNKNOWN,UNKNOWN,UNKNOWN,UNKNOWN,UNKNOWN,UNKNOWN,unknown,https://www.gvtrail.com/transload-facility-locations/,,listed,rebulk-directory (GVT railroad),,
GVT Rail,3T Transload,,,ROME,NY,UNKNOWN,UNKNOWN,UNKNOWN,UNKNOWN,UNKNOWN,UNKNOWN,UNKNOWN,UNKNOWN,UNKNOWN,UNKNOWN,UNKNOWN,UNKNOWN,UNKNOWN,UNKNOWN,UNKNOWN,UNKNOWN,UNKNOWN,UNKNOWN,UNKNOWN,UNKNOWN,UNKNOWN,UNKNOWN,UNKNOWN,UNKNOWN,UNKNOWN,UNKNOWN,unknown,https://www.gvtrail.com/,,listed,rebulk-directory (MHWA),,
GVT Services,,,,GERVAIS,OR,UNKNOWN,UNKNOWN,UNKNOWN,UNKNOWN,UNKNOWN,UNKNOWN,UNKNOWN,UNKNOWN,UNKNOWN,UNKNOWN,UNKNOWN,UNKNOWN,UNKNOWN,UNKNOWN,UNKNOWN,UNKNOWN,UNKNOWN,UNKNOWN,UNKNOWN,UNKNOWN,UNKNOWN,UNKNOWN,UNKNOWN,UNKNOWN,UNKNOWN,UNKNOWN,unknown,,,listed,rebulk-directory (G&W PNWR),,
H Lima,,,,BAKERSFIELD,CA,UNKNOWN,UNKNOWN,UNKNOWN,UNKNOWN,UNKNOWN,UNKNOWN,UNKNOWN,UNKNOWN,UNKNOWN,UNKNOWN,UNKNOWN,UNKNOWN,UNKNOWN,UNKNOWN,UNKNOWN,UNKNOWN,UNKNOWN,UNKNOWN,UNKNOWN,UNKNOWN,UNKNOWN,UNKNOWN,UNKNOWN,UNKNOWN,UNKNOWN,UNKNOWN,unknown,,,listed,rebulk-directory (G&W SJVR),,
H&H Trucking,,,,ELKHART,IN,UNKNOWN,UNKNOWN,UNKNOWN,UNKNOWN,UNKNOWN,UNKNOWN,UNKNOWN,UNKNOWN,UNKNOWN,UNKNOWN,UNKNOWN,UNKNOWN,UNKNOWN,UNKNOWN,UNKNOWN,UNKNOWN,UNKNOWN,UNKNOWN,UNKNOWN,UNKNOWN,UNKNOWN,UNKNOWN,UNKNOWN,UNKNOWN,UNKNOWN,UNKNOWN,unknown,https://hhtruckingandwarehouse.com/,,listed,rebulk-directory (NS),,
H. L. Lawson & Son Incorporated,,,,ROANOKE,VA,UNKNOWN,UNKNOWN,UNKNOWN,UNKNOWN,UNKNOWN,UNKNOWN,UNKNOWN,UNKNOWN,UNKNOWN,UNKNOWN,UNKNOWN,UNKNOWN,UNKNOWN,UNKNOWN,UNKNOWN,UNKNOWN,UNKNOWN,UNKNOWN,UNKNOWN,UNKNOWN,UNKNOWN,UNKNOWN,UNKNOWN,UNKNOWN,UNKNOWN,UNKNOWN,unknown,http://lawsonroanoke.com/,,listed,rebulk-directory (NS),,
Hailey's Harbor Intermodal River Terminal,,,,NASHVILLE,TN,UNKNOWN,UNKNOWN,UNKNOWN,UNKNOWN,UNKNOWN,UNKNOWN,UNKNOWN,UNKNOWN,UNKNOWN,UNKNOWN,UNKNOWN,UNKNOWN,UNKNOWN,UNKNOWN,UNKNOWN,UNKNOWN,UNKNOWN,UNKNOWN,UNKNOWN,UNKNOWN,UNKNOWN,UNKNOWN,UNKNOWN,UNKNOWN,UNKNOWN,UNKNOWN,unknown,https://www.haileysharbor.com/,,listed,rebulk-directory (NWR CSX),,
Hainesport Secondary Railroad,,,,HAINESPORT,NJ,UNKNOWN,UNKNOWN,UNKNOWN,UNKNOWN,UNKNOWN,UNKNOWN,UNKNOWN,UNKNOWN,UNKNOWN,UNKNOWN,UNKNOWN,UNKNOWN,UNKNOWN,UNKNOWN,UNKNOWN,UNKNOWN,UNKNOWN,UNKNOWN,UNKNOWN,UNKNOWN,UNKNOWN,UNKNOWN,UNKNOWN,UNKNOWN,UNKNOWN,UNKNOWN,unknown,https://thehtg.com/companies/hainesport-secondary-railroad,,listed,rebulk-directory (Hainesport Secondary Railroad CSX NS),,
Hallett Dock Company,,info@hallettdock.com,(218) 628-2281,DULUTH,MN,NO,NO,NO,NO,NO,NO,NO,NO,NO,NO,NO,NO,NO,NO,NO,NO,NO,NO,NO,NO,NO,NO,NO,NO,NO,NO,unknown,http://www.hallettdock.com/cgi-sys/defaultwebpage.cgi,dead_domain,verified,swl-internal,OPERATIONAL,high
Hallett Dock Company,,info@hallettdock.com,(715) 395-0189,SUPERIOR,WI,NO,NO,NO,NO,NO,NO,NO,NO,NO,NO,NO,NO,NO,NO,NO,NO,NO,NO,NO,NO,NO,NO,NO,NO,NO,NO,unknown,http://www.hallettdock.com/,,verified,swl-internal,OPERATIONAL,high
Hallett Railroad Storage And Services,,,,DULUTH,MN,UNKNOWN,UNKNOWN,UNKNOWN,UNKNOWN,UNKNOWN,UNKNOWN,UNKNOWN,UNKNOWN,UNKNOWN,UNKNOWN,UNKNOWN,UNKNOWN,UNKNOWN,UNKNOWN,UNKNOWN,UNKNOWN,UNKNOWN,UNKNOWN,UNKNOWN,UNKNOWN,UNKNOWN,UNKNOWN,UNKNOWN,UNKNOWN,UNKNOWN,UNKNOWN,unknown,,,listed,rebulk-directory (BNSF),,
Hanke Trucking & Terminals,Rail Site,,,LA CROSSE,WI,UNKNOWN,UNKNOWN,UNKNOWN,UNKNOWN,UNKNOWN,UNKNOWN,UNKNOWN,UNKNOWN,UNKNOWN,UNKNOWN,UNKNOWN,UNKNOWN,UNKNOWN,UNKNOWN,UNKNOWN,UNKNOWN,UNKNOWN,UNKNOWN,UNKNOWN,UNKNOWN,UNKNOWN,UNKNOWN,UNKNOWN,UNKNOWN,UNKNOWN,UNKNOWN,unknown,https://hanketrucking.com/,,listed,rebulk-directory (BNSF CPKC),,
Hanke Trucking & Terminals,,,,REEDSBURG,WI,UNKNOWN,UNKNOWN,UNKNOWN,UNKNOWN,UNKNOWN,UNKNOWN,UNKNOWN,UNKNOWN,UNKNOWN,UNKNOWN,UNKNOWN,UNKNOWN,UNKNOWN,UNKNOWN,UNKNOWN,UNKNOWN,UNKNOWN,UNKNOWN,UNKNOWN,UNKNOWN,UNKNOWN,UNKNOWN,UNKNOWN,UNKNOWN,UNKNOWN,UNKNOWN,unknown,https://hanketrucking.com/,,listed,rebulk-directory (WSOR),,
Hanke Trucking & Terminals,,,,SLINGER,WI,UNKNOWN,UNKNOWN,UNKNOWN,UNKNOWN,UNKNOWN,UNKNOWN,UNKNOWN,UNKNOWN,UNKNOWN,UNKNOWN,UNKNOWN,UNKNOWN,UNKNOWN,UNKNOWN,UNKNOWN,UNKNOWN,UNKNOWN,UNKNOWN,UNKNOWN,UNKNOWN,UNKNOWN,UNKNOWN,UNKNOWN,UNKNOWN,UNKNOWN,UNKNOWN,unknown,https://hanketrucking.com/,,listed,rebulk-directory (CN),,
Hansen Storage Company,,,,MILWAUKEE,WI,UNKNOWN,UNKNOWN,UNKNOWN,UNKNOWN,UNKNOWN,UNKNOWN,UNKNOWN,UNKNOWN,UNKNOWN,UNKNOWN,UNKNOWN,UNKNOWN,UNKNOWN,UNKNOWN,UNKNOWN,UNKNOWN,UNKNOWN,UNKNOWN,UNKNOWN,UNKNOWN,UNKNOWN,UNKNOWN,UNKNOWN,UNKNOWN,UNKNOWN,UNKNOWN,unknown,https://www.hansenstorage.com/,,listed,rebulk-directory (UP),,
Happy Valley Blended Products,,,,PLEASANT GAP,PA,UNKNOWN,UNKNOWN,UNKNOWN,UNKNOWN,UNKNOWN,UNKNOWN,UNKNOWN,UNKNOWN,UNKNOWN,UNKNOWN,UNKNOWN,UNKNOWN,UNKNOWN,UNKNOWN,UNKNOWN,UNKNOWN,UNKNOWN,UNKNOWN,UNKNOWN,UNKNOWN,UNKNOWN,UNKNOWN,UNKNOWN,UNKNOWN,UNKNOWN,UNKNOWN,unknown,https://happyvalleyblendedproducts.com/,,listed,rebulk-directory (NBER NS CPKC),,
Harbor Logistics,Premier Logistics Facility,,,GOOSE CREEK,SC,UNKNOWN,UNKNOWN,UNKNOWN,UNKNOWN,UNKNOWN,UNKNOWN,UNKNOWN,UNKNOWN,UNKNOWN,UNKNOWN,UNKNOWN,UNKNOWN,UNKNOWN,UNKNOWN,UNKNOWN,UNKNOWN,UNKNOWN,UNKNOWN,UNKNOWN,UNKNOWN,UNKNOWN,UNKNOWN,UNKNOWN,UNKNOWN,UNKNOWN,UNKNOWN,unknown,https://www.harborlogistics.com,,listed,rebulk-directory,,
Harcros Chemicals,Terminal,,,MOBILE,AL,UNKNOWN,UNKNOWN,UNKNOWN,UNKNOWN,UNKNOWN,UNKNOWN,UNKNOWN,UNKNOWN,UNKNOWN,UNKNOWN,UNKNOWN,UNKNOWN,UNKNOWN,UNKNOWN,UNKNOWN,UNKNOWN,UNKNOWN,UNKNOWN,UNKNOWN,UNKNOWN,UNKNOWN,UNKNOWN,UNKNOWN,UNKNOWN,UNKNOWN,UNKNOWN,unknown,https://www.harcros.com/,,listed,rebulk-directory (CSX NS),,
Harcros Chemicals,,,,KANSAS CITY,KS,UNKNOWN,UNKNOWN,UNKNOWN,UNKNOWN,UNKNOWN,UNKNOWN,UNKNOWN,UNKNOWN,UNKNOWN,UNKNOWN,UNKNOWN,UNKNOWN,UNKNOWN,UNKNOWN,UNKNOWN,UNKNOWN,UNKNOWN,UNKNOWN,UNKNOWN,UNKNOWN,UNKNOWN,UNKNOWN,UNKNOWN,UNKNOWN,UNKNOWN,UNKNOWN,unknown,https://www.harcros.com/,,listed,rebulk-directory (BNSF);bnsf-premier-flipbook,,
Harcros Chemicals,,,,ST. LOUIS,MO,UNKNOWN,UNKNOWN,UNKNOWN,UNKNOWN,UNKNOWN,UNKNOWN,UNKNOWN,UNKNOWN,UNKNOWN,UNKNOWN,UNKNOWN,UNKNOWN,UNKNOWN,UNKNOWN,UNKNOWN,UNKNOWN,UNKNOWN,UNKNOWN,UNKNOWN,UNKNOWN,UNKNOWN,UNKNOWN,UNKNOWN,UNKNOWN,UNKNOWN,UNKNOWN,unknown,https://www.harcros.com/our-locations/,,listed,rebulk-directory (BNSF CSX NS UP),,
Harcros Chemicals Nashua Transload,,,,NASHUA,NH,UNKNOWN,UNKNOWN,UNKNOWN,UNKNOWN,UNKNOWN,UNKNOWN,UNKNOWN,UNKNOWN,UNKNOWN,UNKNOWN,UNKNOWN,UNKNOWN,UNKNOWN,UNKNOWN,UNKNOWN,UNKNOWN,UNKNOWN,UNKNOWN,UNKNOWN,UNKNOWN,UNKNOWN,UNKNOWN,UNKNOWN,UNKNOWN,UNKNOWN,UNKNOWN,unknown,https://www.harcros.com/,,listed,rebulk-directory (CSX),,
Harms Pacific Transport Inc,,gmarquardt@harmspacific.com,(509) 547-0011,PASCO,WA,YES,NO,YES,YES,NO,NO,NO,NO,NO,YES,NO,NO,NO,NO,NO,NO,NO,NO,NO,YES,NO,NO,YES,NO,NO,YES,unknown,https://www.harmspacific.com/,,verified,swl-internal,OPERATIONAL,high
Harnett Transload Intermodal LLC,,margaret.morgan@htandi.com,(919) 567-1057,FUQUAY VARINA,NC,NO,NO,NO,NO,NO,NO,NO,YES,NO,NO,NO,YES,NO,NO,NO,NO,NO,NO,NO,NO,NO,NO,NO,NO,NO,NO,unknown,http://www.htandi.com/,,verified,swl-internal,OPERATIONAL,high
Harrington Public Delivery Track,,,,HARRINGTON,DE,UNKNOWN,UNKNOWN,UNKNOWN,UNKNOWN,UNKNOWN,UNKNOWN,UNKNOWN,UNKNOWN,UNKNOWN,UNKNOWN,UNKNOWN,UNKNOWN,UNKNOWN,UNKNOWN,UNKNOWN,UNKNOWN,UNKNOWN,UNKNOWN,UNKNOWN,UNKNOWN,UNKNOWN,UNKNOWN,UNKNOWN,UNKNOWN,UNKNOWN,UNKNOWN,unknown,https://www.carloadexpress.com,,listed,rebulk-directory (DCR NS),,
Hartley Oil Company Rail Transload,,,,RAVENSWOOD,WV,UNKNOWN,UNKNOWN,UNKNOWN,UNKNOWN,UNKNOWN,UNKNOWN,UNKNOWN,UNKNOWN,UNKNOWN,UNKNOWN,UNKNOWN,UNKNOWN,UNKNOWN,UNKNOWN,UNKNOWN,UNKNOWN,UNKNOWN,UNKNOWN,UNKNOWN,UNKNOWN,UNKNOWN,UNKNOWN,UNKNOWN,UNKNOWN,UNKNOWN,UNKNOWN,unknown,https://www.hartleyoil.com/,,listed,rebulk-directory (CSX),,
Hartwell Railroad Toccoa Transload Facility,,,,TOCCOA,GA,UNKNOWN,UNKNOWN,UNKNOWN,UNKNOWN,UNKNOWN,UNKNOWN,UNKNOWN,UNKNOWN,UNKNOWN,UNKNOWN,UNKNOWN,UNKNOWN,UNKNOWN,UNKNOWN,UNKNOWN,UNKNOWN,UNKNOWN,UNKNOWN,UNKNOWN,UNKNOWN,UNKNOWN,UNKNOWN,UNKNOWN,UNKNOWN,UNKNOWN,UNKNOWN,unknown,https://www.greatwaltonrailroad.com/hartwell.html,,listed,rebulk-directory (Hartwell Railroad (HRT) NS),,
Hazens Transload,,,,WHITEFIELD,NH,UNKNOWN,UNKNOWN,UNKNOWN,UNKNOWN,UNKNOWN,UNKNOWN,UNKNOWN,UNKNOWN,UNKNOWN,UNKNOWN,UNKNOWN,UNKNOWN,UNKNOWN,UNKNOWN,UNKNOWN,UNKNOWN,UNKNOWN,UNKNOWN,UNKNOWN,UNKNOWN,UNKNOWN,UNKNOWN,UNKNOWN,UNKNOWN,UNKNOWN,UNKNOWN,unknown,https://vrs.us.com/,,listed,rebulk-directory (NHCR),,
Henderson County Riverport,,,,HENDERSON,KY,UNKNOWN,UNKNOWN,UNKNOWN,UNKNOWN,UNKNOWN,UNKNOWN,UNKNOWN,UNKNOWN,UNKNOWN,UNKNOWN,UNKNOWN,UNKNOWN,UNKNOWN,UNKNOWN,UNKNOWN,UNKNOWN,UNKNOWN,UNKNOWN,UNKNOWN,UNKNOWN,UNKNOWN,UNKNOWN,UNKNOWN,UNKNOWN,UNKNOWN,UNKNOWN,unknown,https://hendersonport.com/,,listed,rebulk-directory (CSX),,
Henderson Transloading Services,,,,MEMPHIS,TN,NO,NO,NO,NO,YES,NO,NO,NO,YES,NO,NO,NO,NO,YES,NO,NO,YES,NO,NO,NO,NO,NO,YES,YES,NO,NO,unknown,"https://www.google.com/maps/place/5261+E+Raines+Rd,+Memphis,+TN+38118/@35.0310288,-89.8928976,2177m/data=!3m1!1e3!4m5!3m4!1s0x887f8f7f68ae4a9b:0xa5acab1a5a1fee6c!8m2!3d35.0349476!4d-89.8885467",,verified,swl-internal,OPERATIONAL,high
Hendricks River Logistics,,,,KEOKUK,IA,UNKNOWN,UNKNOWN,UNKNOWN,UNKNOWN,UNKNOWN,UNKNOWN,UNKNOWN,UNKNOWN,UNKNOWN,UNKNOWN,UNKNOWN,UNKNOWN,UNKNOWN,UNKNOWN,UNKNOWN,UNKNOWN,UNKNOWN,UNKNOWN,UNKNOWN,UNKNOWN,UNKNOWN,UNKNOWN,UNKNOWN,UNKNOWN,UNKNOWN,UNKNOWN,unknown,https://www.hendricksholding.com/portfolio,,listed,rebulk-directory (BNSF),,
Heniff Eagle Lake Terminal,,,,EAGLE LAKE,FL,UNKNOWN,UNKNOWN,UNKNOWN,UNKNOWN,UNKNOWN,UNKNOWN,UNKNOWN,UNKNOWN,UNKNOWN,UNKNOWN,UNKNOWN,UNKNOWN,UNKNOWN,UNKNOWN,UNKNOWN,UNKNOWN,UNKNOWN,UNKNOWN,UNKNOWN,UNKNOWN,UNKNOWN,UNKNOWN,UNKNOWN,UNKNOWN,UNKNOWN,UNKNOWN,unknown,https://www.heniff.com/,,listed,rebulk-directory (FCWRR CSX),,
Heniff Food Grade,Facility,,,FORT SMITH,AR,UNKNOWN,UNKNOWN,UNKNOWN,UNKNOWN,UNKNOWN,UNKNOWN,UNKNOWN,UNKNOWN,UNKNOWN,UNKNOWN,UNKNOWN,UNKNOWN,UNKNOWN,UNKNOWN,UNKNOWN,UNKNOWN,UNKNOWN,UNKNOWN,UNKNOWN,UNKNOWN,UNKNOWN,UNKNOWN,UNKNOWN,UNKNOWN,UNKNOWN,UNKNOWN,unknown,https://www.heniff.com/about-heniff/locations/locations-detail/fort-smith-ar,,listed,rebulk-directory (Arkansas & Missouri Railroad (AM)),,
Heniff Food Grade,,,,STOCKTON,CA,UNKNOWN,UNKNOWN,UNKNOWN,UNKNOWN,UNKNOWN,UNKNOWN,UNKNOWN,UNKNOWN,UNKNOWN,UNKNOWN,UNKNOWN,UNKNOWN,UNKNOWN,UNKNOWN,UNKNOWN,UNKNOWN,UNKNOWN,UNKNOWN,UNKNOWN,UNKNOWN,UNKNOWN,UNKNOWN,UNKNOWN,UNKNOWN,UNKNOWN,UNKNOWN,unknown,https://www.heniff.com/about-heniff/locations/locations-detail/stockton-ca,,listed,rebulk-directory (BNSF Union Pacific Central California Traction (CCT)),,
Heniff Food Grade,,,,LAKELAND,FL,UNKNOWN,UNKNOWN,UNKNOWN,UNKNOWN,UNKNOWN,UNKNOWN,UNKNOWN,UNKNOWN,UNKNOWN,UNKNOWN,UNKNOWN,UNKNOWN,UNKNOWN,UNKNOWN,UNKNOWN,UNKNOWN,UNKNOWN,UNKNOWN,UNKNOWN,UNKNOWN,UNKNOWN,UNKNOWN,UNKNOWN,UNKNOWN,UNKNOWN,UNKNOWN,unknown,https://www.heniff.com/,,listed,rebulk-directory (CSX Transportation (CSXT)),,
Heniff Food Grade,,,,BRIDGEVIEW,IL,UNKNOWN,UNKNOWN,UNKNOWN,UNKNOWN,UNKNOWN,UNKNOWN,UNKNOWN,UNKNOWN,UNKNOWN,UNKNOWN,UNKNOWN,UNKNOWN,UNKNOWN,UNKNOWN,UNKNOWN,UNKNOWN,UNKNOWN,UNKNOWN,UNKNOWN,UNKNOWN,UNKNOWN,UNKNOWN,UNKNOWN,UNKNOWN,UNKNOWN,UNKNOWN,unknown,https://www.heniff.com/about-heniff/locations/locations-detail/bridgeview-il,,listed,rebulk-directory,,
Heniff Food Grade,,,,FRANKLIN PARK,IL,UNKNOWN,UNKNOWN,UNKNOWN,UNKNOWN,UNKNOWN,UNKNOWN,UNKNOWN,UNKNOWN,UNKNOWN,UNKNOWN,UNKNOWN,UNKNOWN,UNKNOWN,UNKNOWN,UNKNOWN,UNKNOWN,UNKNOWN,UNKNOWN,UNKNOWN,UNKNOWN,UNKNOWN,UNKNOWN,UNKNOWN,UNKNOWN,UNKNOWN,UNKNOWN,unknown,https://www.heniff.com/about-heniff/locations/locations-detail/chicago-il,,listed,rebulk-directory (IHB BNSF CN CPKC + 3),,
Heniff Food Grade,,,,SUMMIT,IL,UNKNOWN,UNKNOWN,UNKNOWN,UNKNOWN,UNKNOWN,UNKNOWN,UNKNOWN,UNKNOWN,UNKNOWN,UNKNOWN,UNKNOWN,UNKNOWN,UNKNOWN,UNKNOWN,UNKNOWN,UNKNOWN,UNKNOWN,UNKNOWN,UNKNOWN,UNKNOWN,UNKNOWN,UNKNOWN,UNKNOWN,UNKNOWN,UNKNOWN,UNKNOWN,unknown,https://www.heniff.com/about-heniff/locations/locations-detail/chicago-il-%28summit-il%29,,listed,rebulk-directory (IHB BNSF CN CPKC + 3),,
Heniff Food Grade,,,,OAKLAND,NJ,UNKNOWN,UNKNOWN,UNKNOWN,UNKNOWN,UNKNOWN,UNKNOWN,UNKNOWN,UNKNOWN,UNKNOWN,UNKNOWN,UNKNOWN,UNKNOWN,UNKNOWN,UNKNOWN,UNKNOWN,UNKNOWN,UNKNOWN,UNKNOWN,UNKNOWN,UNKNOWN,UNKNOWN,UNKNOWN,UNKNOWN,UNKNOWN,UNKNOWN,UNKNOWN,unknown,https://www.heniff.com/,,listed,rebulk-directory,,
Heniff Food Grade,,,,CINCINNATI,OH,UNKNOWN,UNKNOWN,UNKNOWN,UNKNOWN,UNKNOWN,UNKNOWN,UNKNOWN,UNKNOWN,UNKNOWN,UNKNOWN,UNKNOWN,UNKNOWN,UNKNOWN,UNKNOWN,UNKNOWN,UNKNOWN,UNKNOWN,UNKNOWN,UNKNOWN,UNKNOWN,UNKNOWN,UNKNOWN,UNKNOWN,UNKNOWN,UNKNOWN,UNKNOWN,unknown,https://www.heniff.com/about-heniff/locations/locations-detail/cincinnati-oh3,,listed,rebulk-directory (Norfolk Southern (NS)),,
Heniff Food Grade,,,,MEMPHIS,TN,UNKNOWN,UNKNOWN,UNKNOWN,UNKNOWN,UNKNOWN,UNKNOWN,UNKNOWN,UNKNOWN,UNKNOWN,UNKNOWN,UNKNOWN,UNKNOWN,UNKNOWN,UNKNOWN,UNKNOWN,UNKNOWN,UNKNOWN,UNKNOWN,UNKNOWN,UNKNOWN,UNKNOWN,UNKNOWN,UNKNOWN,UNKNOWN,UNKNOWN,UNKNOWN,unknown,https://www.heniff.com/about-heniff/locations/locations-detail/memphis-tn,,listed,rebulk-directory (Canadian National (CN)),,
Heniff Food Grade,,,,ARLINGTON,TX,UNKNOWN,UNKNOWN,UNKNOWN,UNKNOWN,UNKNOWN,UNKNOWN,UNKNOWN,UNKNOWN,UNKNOWN,UNKNOWN,UNKNOWN,UNKNOWN,UNKNOWN,UNKNOWN,UNKNOWN,UNKNOWN,UNKNOWN,UNKNOWN,UNKNOWN,UNKNOWN,UNKNOWN,UNKNOWN,UNKNOWN,UNKNOWN,UNKNOWN,UNKNOWN,unknown,https://www.heniff.com/about-heniff/locations/locations-detail/arlington-tx,,listed,rebulk-directory (BNSF Railway Union Pacific (UP)),,
Heniff Food Grade Orlando Facility,,,,ORLANDO,FL,UNKNOWN,UNKNOWN,UNKNOWN,UNKNOWN,UNKNOWN,UNKNOWN,UNKNOWN,UNKNOWN,UNKNOWN,UNKNOWN,UNKNOWN,UNKNOWN,UNKNOWN,UNKNOWN,UNKNOWN,UNKNOWN,UNKNOWN,UNKNOWN,UNKNOWN,UNKNOWN,UNKNOWN,UNKNOWN,UNKNOWN,UNKNOWN,UNKNOWN,UNKNOWN,unknown,https://www.heniff.com/,,listed,rebulk-directory (Florida Central Railroad (FCEN) CSX),,
Heniff Midland Facility,,,,MIDLAND,NC,UNKNOWN,UNKNOWN,UNKNOWN,UNKNOWN,UNKNOWN,UNKNOWN,UNKNOWN,UNKNOWN,UNKNOWN,UNKNOWN,UNKNOWN,UNKNOWN,UNKNOWN,UNKNOWN,UNKNOWN,UNKNOWN,UNKNOWN,UNKNOWN,UNKNOWN,UNKNOWN,UNKNOWN,UNKNOWN,UNKNOWN,UNKNOWN,UNKNOWN,UNKNOWN,unknown,https://www.heniff.com,,listed,rebulk-directory (NS),,
Heniff Mobile Transload Facility,NSTBT,,,PRICHARD,AL,UNKNOWN,UNKNOWN,UNKNOWN,UNKNOWN,UNKNOWN,UNKNOWN,UNKNOWN,UNKNOWN,UNKNOWN,UNKNOWN,UNKNOWN,UNKNOWN,UNKNOWN,UNKNOWN,UNKNOWN,UNKNOWN,UNKNOWN,UNKNOWN,UNKNOWN,UNKNOWN,UNKNOWN,UNKNOWN,UNKNOWN,UNKNOWN,UNKNOWN,UNKNOWN,unknown,https://www.heniff.com/about-heniff/locations/locations-detail/mobile-al,,listed,rebulk-directory (NS),,
Heniff Tanner Facility,,,,TANNER,AL,UNKNOWN,UNKNOWN,UNKNOWN,UNKNOWN,UNKNOWN,UNKNOWN,UNKNOWN,UNKNOWN,UNKNOWN,UNKNOWN,UNKNOWN,UNKNOWN,UNKNOWN,UNKNOWN,UNKNOWN,UNKNOWN,UNKNOWN,UNKNOWN,UNKNOWN,UNKNOWN,UNKNOWN,UNKNOWN,UNKNOWN,UNKNOWN,UNKNOWN,UNKNOWN,unknown,https://www.heniff.com/about-heniff/locations/locations-detail/tanner-al,,listed,rebulk-directory (Huntsville and Madison County Railroad Authority (HMCR) CSX),,
Heniff Transportation,Transload Facility,,,POOLER,GA,UNKNOWN,UNKNOWN,UNKNOWN,UNKNOWN,UNKNOWN,UNKNOWN,UNKNOWN,UNKNOWN,UNKNOWN,UNKNOWN,UNKNOWN,UNKNOWN,UNKNOWN,UNKNOWN,UNKNOWN,UNKNOWN,UNKNOWN,UNKNOWN,UNKNOWN,UNKNOWN,UNKNOWN,UNKNOWN,UNKNOWN,UNKNOWN,UNKNOWN,UNKNOWN,unknown,https://www.heniff.com/about-heniff/locations/locations-detail/pooler--ga,,listed,rebulk-directory (NS),,
Heniff Transportation Systems LLC,,,,MOSS POINT,MS,UNKNOWN,UNKNOWN,UNKNOWN,UNKNOWN,UNKNOWN,UNKNOWN,UNKNOWN,UNKNOWN,UNKNOWN,UNKNOWN,UNKNOWN,UNKNOWN,UNKNOWN,UNKNOWN,UNKNOWN,UNKNOWN,UNKNOWN,UNKNOWN,UNKNOWN,UNKNOWN,UNKNOWN,UNKNOWN,UNKNOWN,UNKNOWN,UNKNOWN,UNKNOWN,unknown,https://www.heniff.com/about-heniff/locations/locations-detail/moss-point-ms,,listed,rebulk-directory (Canadian National (CN) CSX Transportation (CSX) Canadian Pacific Kansas City (CPKC) Norfolk Southern (NS)),,
Heniff Transportation Systems LLC,,,,SPARTA,NJ,UNKNOWN,UNKNOWN,UNKNOWN,UNKNOWN,UNKNOWN,UNKNOWN,UNKNOWN,UNKNOWN,UNKNOWN,UNKNOWN,UNKNOWN,UNKNOWN,UNKNOWN,UNKNOWN,UNKNOWN,UNKNOWN,UNKNOWN,UNKNOWN,UNKNOWN,UNKNOWN,UNKNOWN,UNKNOWN,UNKNOWN,UNKNOWN,UNKNOWN,UNKNOWN,unknown,https://www.heniff.com/,,listed,"rebulk-directory (New York, Susquehanna & Western Railway CSX Norfolk Southern)",,
Heniff Transportation Systems LLC,,,,CLEVELAND,OH,UNKNOWN,UNKNOWN,UNKNOWN,UNKNOWN,UNKNOWN,UNKNOWN,UNKNOWN,UNKNOWN,UNKNOWN,UNKNOWN,UNKNOWN,UNKNOWN,UNKNOWN,UNKNOWN,UNKNOWN,UNKNOWN,UNKNOWN,UNKNOWN,UNKNOWN,UNKNOWN,UNKNOWN,UNKNOWN,UNKNOWN,UNKNOWN,UNKNOWN,UNKNOWN,unknown,https://www.heniff.com/about-heniff/locations/locations-detail/cleveland-oh,,listed,rebulk-directory (Cleveland Commercial Railroad (CCRL) Norfolk Southern (NS)),,
Henningsen Cold Storage,,,,FOREST GROVE,OR,UNKNOWN,UNKNOWN,UNKNOWN,UNKNOWN,UNKNOWN,UNKNOWN,UNKNOWN,UNKNOWN,UNKNOWN,UNKNOWN,UNKNOWN,UNKNOWN,UNKNOWN,UNKNOWN,UNKNOWN,UNKNOWN,UNKNOWN,UNKNOWN,UNKNOWN,UNKNOWN,UNKNOWN,UNKNOWN,UNKNOWN,UNKNOWN,UNKNOWN,UNKNOWN,unknown,https://www.onelineage.com/facilities/forest-grove,,listed,rebulk-directory (BNSF),,
Heritage Freight Warehouse & Logistics,,twilhelmy@gwrr.com,(256) 245-2488,SYLACUAGA,AL,NO,NO,NO,NO,NO,NO,NO,NO,NO,NO,NO,YES,NO,NO,NO,NO,NO,NO,NO,NO,NO,NO,NO,NO,NO,NO,unknown,https://www.heritagefreight.com/,,verified,swl-internal,OPERATIONAL,high
Hermann Warehouse Corp,,www.hermanntds.com/contact-us/transportation-leasing-warehouse-packaging.php,(800) 524-0067,MONMOUTH JUNCTION,NJ,NO,NO,NO,NO,NO,NO,NO,NO,NO,NO,NO,NO,NO,NO,NO,NO,NO,NO,NO,NO,NO,NO,NO,NO,NO,NO,unknown,http://www.hermanntds.com/,,verified,swl-internal,OPERATIONAL,medium
Herndon Reload,,,,HERNDON,PA,UNKNOWN,UNKNOWN,UNKNOWN,UNKNOWN,UNKNOWN,UNKNOWN,UNKNOWN,UNKNOWN,UNKNOWN,UNKNOWN,UNKNOWN,UNKNOWN,UNKNOWN,UNKNOWN,UNKNOWN,UNKNOWN,UNKNOWN,UNKNOWN,UNKNOWN,UNKNOWN,UNKNOWN,UNKNOWN,UNKNOWN,UNKNOWN,UNKNOWN,UNKNOWN,unknown,https://www.herndonreload.com,,listed,rebulk-directory (NS),,
HGMG Transload,,,,BURLINGTON TOWNSHIP,NJ,UNKNOWN,UNKNOWN,UNKNOWN,UNKNOWN,UNKNOWN,UNKNOWN,UNKNOWN,UNKNOWN,UNKNOWN,UNKNOWN,UNKNOWN,UNKNOWN,UNKNOWN,UNKNOWN,UNKNOWN,UNKNOWN,UNKNOWN,UNKNOWN,UNKNOWN,UNKNOWN,UNKNOWN,UNKNOWN,UNKNOWN,UNKNOWN,UNKNOWN,UNKNOWN,unknown,https://Www.HGMGtransload.com,,listed,rebulk-directory (CR NS),,
Hh Omps Inc,,,(540) 667-4919,WINCHESTER,VA,NO,NO,NO,NO,NO,NO,NO,NO,NO,NO,NO,YES,NO,NO,NO,NO,NO,NO,NO,NO,NO,NO,NO,NO,NO,NO,unknown,http://www.hhomps.com/,,verified,swl-internal,OPERATIONAL,high
Hickman-Fulton County Riverport,,,,HICKMAN,KY,UNKNOWN,UNKNOWN,UNKNOWN,UNKNOWN,UNKNOWN,UNKNOWN,UNKNOWN,UNKNOWN,UNKNOWN,UNKNOWN,UNKNOWN,UNKNOWN,UNKNOWN,UNKNOWN,UNKNOWN,UNKNOWN,UNKNOWN,UNKNOWN,UNKNOWN,UNKNOWN,UNKNOWN,UNKNOWN,UNKNOWN,UNKNOWN,UNKNOWN,UNKNOWN,unknown,https://www.hickmanriverport.com/,,listed,rebulk-directory (TKEN),,
Hicksville Team Track,,,,HICKSVILLE,NY,UNKNOWN,UNKNOWN,UNKNOWN,UNKNOWN,UNKNOWN,UNKNOWN,UNKNOWN,UNKNOWN,UNKNOWN,UNKNOWN,UNKNOWN,UNKNOWN,UNKNOWN,UNKNOWN,UNKNOWN,UNKNOWN,UNKNOWN,UNKNOWN,UNKNOWN,UNKNOWN,UNKNOWN,UNKNOWN,UNKNOWN,UNKNOWN,UNKNOWN,UNKNOWN,unknown,https://www.anacostia.com/our-companies/nya/,,listed,rebulk-directory (New York & Atlantic Railway (NYA)),,
Highland Wholesale Foods,,,,STOCKTON,CA,UNKNOWN,UNKNOWN,UNKNOWN,UNKNOWN,UNKNOWN,UNKNOWN,UNKNOWN,UNKNOWN,UNKNOWN,UNKNOWN,UNKNOWN,UNKNOWN,UNKNOWN,UNKNOWN,UNKNOWN,UNKNOWN,UNKNOWN,UNKNOWN,UNKNOWN,UNKNOWN,UNKNOWN,UNKNOWN,UNKNOWN,UNKNOWN,UNKNOWN,UNKNOWN,unknown,,,listed,bnsf-premier-flipbook,,
Highland Wholesale Foods Rail Transload,,,,STOCKTON,CA,UNKNOWN,UNKNOWN,UNKNOWN,UNKNOWN,UNKNOWN,UNKNOWN,UNKNOWN,UNKNOWN,UNKNOWN,UNKNOWN,UNKNOWN,UNKNOWN,UNKNOWN,UNKNOWN,UNKNOWN,UNKNOWN,UNKNOWN,UNKNOWN,UNKNOWN,UNKNOWN,UNKNOWN,UNKNOWN,UNKNOWN,UNKNOWN,UNKNOWN,UNKNOWN,unknown,https://www.highlandwholesalefoods.com/,,listed,rebulk-directory (BNSF),,
HOB Railroad and Transload,,,,HENDERSON,TX,UNKNOWN,UNKNOWN,UNKNOWN,UNKNOWN,UNKNOWN,UNKNOWN,UNKNOWN,UNKNOWN,UNKNOWN,UNKNOWN,UNKNOWN,UNKNOWN,UNKNOWN,UNKNOWN,UNKNOWN,UNKNOWN,UNKNOWN,UNKNOWN,UNKNOWN,UNKNOWN,UNKNOWN,UNKNOWN,UNKNOWN,UNKNOWN,UNKNOWN,UNKNOWN,unknown,https://www.blacklandsrailroad.com/henderson-overton-branch,,listed,rebulk-directory (Henderson Overton Branch (HOB) Union Pacific (UP) via Overton interchange),,
Holland Ardoch Transload Facility,,,,ARDOCH,ND,UNKNOWN,UNKNOWN,UNKNOWN,UNKNOWN,UNKNOWN,UNKNOWN,UNKNOWN,UNKNOWN,UNKNOWN,UNKNOWN,UNKNOWN,UNKNOWN,UNKNOWN,UNKNOWN,UNKNOWN,UNKNOWN,UNKNOWN,UNKNOWN,UNKNOWN,UNKNOWN,UNKNOWN,UNKNOWN,UNKNOWN,UNKNOWN,UNKNOWN,UNKNOWN,unknown,https://www.hollandco.com/transloading/,,listed,rebulk-directory (BNSF),,
Holroyd Recycle South,,,,TACOMA,WA,UNKNOWN,UNKNOWN,UNKNOWN,UNKNOWN,UNKNOWN,UNKNOWN,UNKNOWN,UNKNOWN,UNKNOWN,UNKNOWN,UNKNOWN,UNKNOWN,UNKNOWN,UNKNOWN,UNKNOWN,UNKNOWN,UNKNOWN,UNKNOWN,UNKNOWN,UNKNOWN,UNKNOWN,UNKNOWN,UNKNOWN,UNKNOWN,UNKNOWN,UNKNOWN,unknown,https://holroyd.co/,,listed,rebulk-directory (Tacoma Rail (TMBL) BNSF UP),,
Hondo Railway,,,,HONDO,TX,UNKNOWN,UNKNOWN,UNKNOWN,UNKNOWN,UNKNOWN,UNKNOWN,UNKNOWN,UNKNOWN,UNKNOWN,UNKNOWN,UNKNOWN,UNKNOWN,UNKNOWN,UNKNOWN,UNKNOWN,UNKNOWN,UNKNOWN,UNKNOWN,UNKNOWN,UNKNOWN,UNKNOWN,UNKNOWN,UNKNOWN,UNKNOWN,UNKNOWN,UNKNOWN,unknown,https://hondorailway.com/our-facilities/,,listed,rebulk-directory (BNSF),,
Horseheads Sand & Transloading Terminal,,mitchell.wolff@hostterminal.net,,HORSEHEADS,NY,NO,NO,NO,NO,NO,NO,YES,NO,NO,NO,NO,NO,NO,NO,NO,NO,YES,NO,NO,NO,NO,NO,YES,NO,NO,NO,unknown,http://hostterminalweb.appspot.com/,,verified,swl-internal,NOT_FOUND,low
Houff Corporation,,,,CLIFTON FORGE,VA,UNKNOWN,UNKNOWN,UNKNOWN,UNKNOWN,UNKNOWN,UNKNOWN,UNKNOWN,UNKNOWN,UNKNOWN,UNKNOWN,UNKNOWN,UNKNOWN,UNKNOWN,UNKNOWN,UNKNOWN,UNKNOWN,UNKNOWN,UNKNOWN,UNKNOWN,UNKNOWN,UNKNOWN,UNKNOWN,UNKNOWN,UNKNOWN,UNKNOWN,UNKNOWN,unknown,https://houffcorp.com/,,listed,rebulk-directory (CSX Transportation (CSX)),,
Houff's Feed and Fertilizer Co. Inc.,,,,WEYERS CAVE,VA,UNKNOWN,UNKNOWN,UNKNOWN,UNKNOWN,UNKNOWN,UNKNOWN,UNKNOWN,UNKNOWN,UNKNOWN,UNKNOWN,UNKNOWN,UNKNOWN,UNKNOWN,UNKNOWN,UNKNOWN,UNKNOWN,UNKNOWN,UNKNOWN,UNKNOWN,UNKNOWN,UNKNOWN,UNKNOWN,UNKNOWN,UNKNOWN,UNKNOWN,UNKNOWN,unknown,https://houffcorp.com/,,listed,rebulk-directory (DGVR NS),,
Housatonic Railroad Canaan Bulk Distribution Facility,,,,CANAAN,CT,UNKNOWN,UNKNOWN,UNKNOWN,UNKNOWN,UNKNOWN,UNKNOWN,UNKNOWN,UNKNOWN,UNKNOWN,UNKNOWN,UNKNOWN,UNKNOWN,UNKNOWN,UNKNOWN,UNKNOWN,UNKNOWN,UNKNOWN,UNKNOWN,UNKNOWN,UNKNOWN,UNKNOWN,UNKNOWN,UNKNOWN,UNKNOWN,UNKNOWN,UNKNOWN,unknown,https://www.hrrc.com/,,listed,rebulk-directory (Housatonic Railroad (HRRC)),,
Houston Peninsula Terminals,,,,HOUSTON,TX,UNKNOWN,UNKNOWN,UNKNOWN,UNKNOWN,UNKNOWN,UNKNOWN,UNKNOWN,UNKNOWN,UNKNOWN,UNKNOWN,UNKNOWN,UNKNOWN,UNKNOWN,UNKNOWN,UNKNOWN,UNKNOWN,UNKNOWN,UNKNOWN,UNKNOWN,UNKNOWN,UNKNOWN,UNKNOWN,UNKNOWN,UNKNOWN,UNKNOWN,UNKNOWN,unknown,https://houstonpeninsulaterminals.com/,,listed,rebulk-directory (BNSF UP),,
Hudson Terminal Rail Services,,liz@hudsonterminalrailroad.com,(303) 536-4406,HUDSON,CO,NO,NO,NO,NO,NO,NO,NO,NO,NO,NO,NO,NO,NO,NO,NO,NO,NO,NO,NO,NO,NO,NO,NO,NO,NO,NO,unknown,http://www.hudsonterminalrailroad.com/,,verified,swl-internal,OPERATIONAL,high
Hugo Team Track,,,,HUGO,MN,UNKNOWN,UNKNOWN,UNKNOWN,UNKNOWN,UNKNOWN,UNKNOWN,UNKNOWN,UNKNOWN,UNKNOWN,UNKNOWN,UNKNOWN,UNKNOWN,UNKNOWN,UNKNOWN,UNKNOWN,UNKNOWN,UNKNOWN,UNKNOWN,UNKNOWN,UNKNOWN,UNKNOWN,UNKNOWN,UNKNOWN,UNKNOWN,UNKNOWN,UNKNOWN,unknown,https://mnnr.net/,,listed,rebulk-directory (MNNR),,
Huntsville & Madison County Railroad Authority,,,,HUNTSVILLE,AL,UNKNOWN,UNKNOWN,UNKNOWN,UNKNOWN,UNKNOWN,UNKNOWN,UNKNOWN,UNKNOWN,UNKNOWN,UNKNOWN,UNKNOWN,UNKNOWN,UNKNOWN,UNKNOWN,UNKNOWN,UNKNOWN,UNKNOWN,UNKNOWN,UNKNOWN,UNKNOWN,UNKNOWN,UNKNOWN,UNKNOWN,UNKNOWN,UNKNOWN,UNKNOWN,unknown,https://www.hmcra.com/,,listed,rebulk-directory (HMCR NS),,
HYDRA - Merced,,,,ATWATER,CA,UNKNOWN,UNKNOWN,UNKNOWN,UNKNOWN,UNKNOWN,UNKNOWN,UNKNOWN,UNKNOWN,UNKNOWN,UNKNOWN,UNKNOWN,UNKNOWN,UNKNOWN,UNKNOWN,UNKNOWN,UNKNOWN,UNKNOWN,UNKNOWN,UNKNOWN,UNKNOWN,UNKNOWN,UNKNOWN,UNKNOWN,UNKNOWN,UNKNOWN,UNKNOWN,unknown,,,listed,commtrex-public,,
HYDRA Distribution & Rail Services,Patriot Rail,,,PULASKI,TN,UNKNOWN,UNKNOWN,UNKNOWN,UNKNOWN,UNKNOWN,UNKNOWN,UNKNOWN,UNKNOWN,UNKNOWN,UNKNOWN,UNKNOWN,UNKNOWN,UNKNOWN,UNKNOWN,UNKNOWN,UNKNOWN,UNKNOWN,UNKNOWN,UNKNOWN,UNKNOWN,UNKNOWN,UNKNOWN,UNKNOWN,UNKNOWN,UNKNOWN,UNKNOWN,unknown,https://hydralg.com/,,listed,rebulk-directory (CSX),,
HYDRA Distribution & Rail Services,,,,SALT LAKE CITY,UT,UNKNOWN,UNKNOWN,UNKNOWN,UNKNOWN,UNKNOWN,UNKNOWN,UNKNOWN,UNKNOWN,UNKNOWN,UNKNOWN,UNKNOWN,UNKNOWN,UNKNOWN,UNKNOWN,UNKNOWN,UNKNOWN,UNKNOWN,UNKNOWN,UNKNOWN,UNKNOWN,UNKNOWN,UNKNOWN,UNKNOWN,UNKNOWN,UNKNOWN,UNKNOWN,unknown,https://hydralg.com/rail-services/,,listed,"rebulk-directory (BNSF Salt Lake, G UP)",,
HYDRA Distribution & Rail Services - Merced,,,,ATWATER,CA,UNKNOWN,UNKNOWN,UNKNOWN,UNKNOWN,UNKNOWN,UNKNOWN,UNKNOWN,UNKNOWN,UNKNOWN,UNKNOWN,UNKNOWN,UNKNOWN,UNKNOWN,UNKNOWN,UNKNOWN,UNKNOWN,UNKNOWN,UNKNOWN,UNKNOWN,UNKNOWN,UNKNOWN,UNKNOWN,UNKNOWN,UNKNOWN,UNKNOWN,UNKNOWN,unknown,https://hydralg.com/rail-services/,,listed,rebulk-directory (BNSF Patriot Rail UP),,
HYDRA Distribution & Rail Services - Sacramento,,,,MCCLELLAN PARK,CA,UNKNOWN,UNKNOWN,UNKNOWN,UNKNOWN,UNKNOWN,UNKNOWN,UNKNOWN,UNKNOWN,UNKNOWN,UNKNOWN,UNKNOWN,UNKNOWN,UNKNOWN,UNKNOWN,UNKNOWN,UNKNOWN,UNKNOWN,UNKNOWN,UNKNOWN,UNKNOWN,UNKNOWN,UNKNOWN,UNKNOWN,UNKNOWN,UNKNOWN,UNKNOWN,unknown,https://hydralg.com,,listed,rebulk-directory (BNSF Sacramento V UP),,
HYDRA Lakeshore Terminal,,,,EAST CHICAGO,IN,UNKNOWN,UNKNOWN,UNKNOWN,UNKNOWN,UNKNOWN,UNKNOWN,UNKNOWN,UNKNOWN,UNKNOWN,UNKNOWN,UNKNOWN,UNKNOWN,UNKNOWN,UNKNOWN,UNKNOWN,UNKNOWN,UNKNOWN,UNKNOWN,UNKNOWN,UNKNOWN,UNKNOWN,UNKNOWN,UNKNOWN,UNKNOWN,UNKNOWN,UNKNOWN,unknown,https://hydralg.com/,,listed,rebulk-directory (LTR IHB BNSF CN + 4),,
Hydra Reload Center,,nate@hydralg.com,(916) 570-2364,MCCLELLAN PARK,CA,NO,NO,NO,NO,NO,NO,NO,NO,NO,NO,NO,NO,NO,NO,NO,NO,NO,NO,NO,NO,NO,NO,NO,NO,NO,NO,unknown,http://hydralg.com/,,verified,swl-internal,OPERATIONAL,medium
Ice Cube Maritime Terminal,,,,NEW BEDFORD,MA,UNKNOWN,UNKNOWN,UNKNOWN,UNKNOWN,UNKNOWN,UNKNOWN,UNKNOWN,UNKNOWN,UNKNOWN,UNKNOWN,UNKNOWN,UNKNOWN,UNKNOWN,UNKNOWN,UNKNOWN,UNKNOWN,UNKNOWN,UNKNOWN,UNKNOWN,UNKNOWN,UNKNOWN,UNKNOWN,UNKNOWN,UNKNOWN,UNKNOWN,UNKNOWN,unknown,https://icecubecoldstorage.com/our-facilities/,,listed,rebulk-directory (Massachusetts Coastal Railroad (MC)),,
IceCap Cold Storage,,,,COUNCIL BLUFFS,IA,UNKNOWN,UNKNOWN,UNKNOWN,UNKNOWN,UNKNOWN,UNKNOWN,UNKNOWN,UNKNOWN,UNKNOWN,UNKNOWN,UNKNOWN,UNKNOWN,UNKNOWN,UNKNOWN,UNKNOWN,UNKNOWN,UNKNOWN,UNKNOWN,UNKNOWN,UNKNOWN,UNKNOWN,UNKNOWN,UNKNOWN,UNKNOWN,UNKNOWN,UNKNOWN,unknown,https://icecapcoldstorage.com/,,listed,rebulk-directory (UP),,
IHR Transload,,,,SANTA TERESA,NM,UNKNOWN,UNKNOWN,UNKNOWN,UNKNOWN,UNKNOWN,UNKNOWN,UNKNOWN,UNKNOWN,UNKNOWN,UNKNOWN,UNKNOWN,UNKNOWN,UNKNOWN,UNKNOWN,UNKNOWN,UNKNOWN,UNKNOWN,UNKNOWN,UNKNOWN,UNKNOWN,UNKNOWN,UNKNOWN,UNKNOWN,UNKNOWN,UNKNOWN,UNKNOWN,unknown,https://ironhorseresources.com/,,listed,rebulk-directory (Santa Teresa Southern Railroad (STS) UP),,
Imperial Valley Rail Terminal,,,,CALIPATRIA,CA,UNKNOWN,UNKNOWN,UNKNOWN,UNKNOWN,UNKNOWN,UNKNOWN,UNKNOWN,UNKNOWN,UNKNOWN,UNKNOWN,UNKNOWN,UNKNOWN,UNKNOWN,UNKNOWN,UNKNOWN,UNKNOWN,UNKNOWN,UNKNOWN,UNKNOWN,UNKNOWN,UNKNOWN,UNKNOWN,UNKNOWN,UNKNOWN,UNKNOWN,UNKNOWN,unknown,https://imperialvalleyrail.com/,,listed,rebulk-directory (UP),,
IMTT Avondale Terminal,,,,AVONDALE,LA,UNKNOWN,UNKNOWN,UNKNOWN,UNKNOWN,UNKNOWN,UNKNOWN,UNKNOWN,UNKNOWN,UNKNOWN,UNKNOWN,UNKNOWN,UNKNOWN,UNKNOWN,UNKNOWN,UNKNOWN,UNKNOWN,UNKNOWN,UNKNOWN,UNKNOWN,UNKNOWN,UNKNOWN,UNKNOWN,UNKNOWN,UNKNOWN,UNKNOWN,UNKNOWN,unknown,https://imtt.com/terminals/avondale-la/,,listed,rebulk-directory (UP),,
IMTT Bayonne Terminal,,,,BAYONNE,NJ,UNKNOWN,UNKNOWN,UNKNOWN,UNKNOWN,UNKNOWN,UNKNOWN,UNKNOWN,UNKNOWN,UNKNOWN,UNKNOWN,UNKNOWN,UNKNOWN,UNKNOWN,UNKNOWN,UNKNOWN,UNKNOWN,UNKNOWN,UNKNOWN,UNKNOWN,UNKNOWN,UNKNOWN,UNKNOWN,UNKNOWN,UNKNOWN,UNKNOWN,UNKNOWN,unknown,https://imtt.com/terminals/bayonne-nj/,,listed,rebulk-directory (East Jersey Railroad (EJR) CSX NS),,
IMTT Chesapeake Terminal,,,,CHESAPEAKE,VA,UNKNOWN,UNKNOWN,UNKNOWN,UNKNOWN,UNKNOWN,UNKNOWN,UNKNOWN,UNKNOWN,UNKNOWN,UNKNOWN,UNKNOWN,UNKNOWN,UNKNOWN,UNKNOWN,UNKNOWN,UNKNOWN,UNKNOWN,UNKNOWN,UNKNOWN,UNKNOWN,UNKNOWN,UNKNOWN,UNKNOWN,UNKNOWN,UNKNOWN,UNKNOWN,unknown,https://imtt.com/terminals/chesapeake-va/,,listed,rebulk-directory (NS),,
IMTT Geismar Terminal,,,,GEISMAR,LA,UNKNOWN,UNKNOWN,UNKNOWN,UNKNOWN,UNKNOWN,UNKNOWN,UNKNOWN,UNKNOWN,UNKNOWN,UNKNOWN,UNKNOWN,UNKNOWN,UNKNOWN,UNKNOWN,UNKNOWN,UNKNOWN,UNKNOWN,UNKNOWN,UNKNOWN,UNKNOWN,UNKNOWN,UNKNOWN,UNKNOWN,UNKNOWN,UNKNOWN,UNKNOWN,unknown,https://imtt.com/terminals/geismar-la/,,listed,rebulk-directory (CN),,
IMTT Joliet Terminal,,,,CHANNAHON,IL,UNKNOWN,UNKNOWN,UNKNOWN,UNKNOWN,UNKNOWN,UNKNOWN,UNKNOWN,UNKNOWN,UNKNOWN,UNKNOWN,UNKNOWN,UNKNOWN,UNKNOWN,UNKNOWN,UNKNOWN,UNKNOWN,UNKNOWN,UNKNOWN,UNKNOWN,UNKNOWN,UNKNOWN,UNKNOWN,UNKNOWN,UNKNOWN,UNKNOWN,UNKNOWN,unknown,https://imtt.com/terminals/joliet-il/,,listed,rebulk-directory (BNSF),,
IMTT Lemont Terminal,,,,LEMONT,IL,UNKNOWN,UNKNOWN,UNKNOWN,UNKNOWN,UNKNOWN,UNKNOWN,UNKNOWN,UNKNOWN,UNKNOWN,UNKNOWN,UNKNOWN,UNKNOWN,UNKNOWN,UNKNOWN,UNKNOWN,UNKNOWN,UNKNOWN,UNKNOWN,UNKNOWN,UNKNOWN,UNKNOWN,UNKNOWN,UNKNOWN,UNKNOWN,UNKNOWN,UNKNOWN,unknown,https://imtt.com/terminals/lemont-il/,,listed,rebulk-directory (CN),,
IMTT St. Rose Terminal,,,,ST. ROSE,LA,UNKNOWN,UNKNOWN,UNKNOWN,UNKNOWN,UNKNOWN,UNKNOWN,UNKNOWN,UNKNOWN,UNKNOWN,UNKNOWN,UNKNOWN,UNKNOWN,UNKNOWN,UNKNOWN,UNKNOWN,UNKNOWN,UNKNOWN,UNKNOWN,UNKNOWN,UNKNOWN,UNKNOWN,UNKNOWN,UNKNOWN,UNKNOWN,UNKNOWN,UNKNOWN,unknown,https://imtt.com/terminals/st-rose-la/,,listed,rebulk-directory (CN),,
Indiana Eastern Railroad Cottage Grove Transload,,,,COTTAGE GROVE,IN,UNKNOWN,UNKNOWN,UNKNOWN,UNKNOWN,UNKNOWN,UNKNOWN,UNKNOWN,UNKNOWN,UNKNOWN,UNKNOWN,UNKNOWN,UNKNOWN,UNKNOWN,UNKNOWN,UNKNOWN,UNKNOWN,UNKNOWN,UNKNOWN,UNKNOWN,UNKNOWN,UNKNOWN,UNKNOWN,UNKNOWN,UNKNOWN,UNKNOWN,UNKNOWN,unknown,https://regional-rail.com/indiana-eastern-railroad/,,listed,rebulk-directory (IERR CSX),,
Indiana Harbor Belt,,sales@ihbrr.com,(219) 989-4923,HAMMOND,IN,NO,NO,NO,NO,NO,NO,NO,NO,NO,NO,NO,NO,NO,NO,NO,NO,NO,NO,NO,NO,NO,NO,NO,NO,NO,NO,unknown,http://www.ihbrr.com/,,verified,swl-internal,OPERATIONAL,high
Indiana Northeastern Railroad Hudson Transload Facility,,,,HUDSON,IN,UNKNOWN,UNKNOWN,UNKNOWN,UNKNOWN,UNKNOWN,UNKNOWN,UNKNOWN,UNKNOWN,UNKNOWN,UNKNOWN,UNKNOWN,UNKNOWN,UNKNOWN,UNKNOWN,UNKNOWN,UNKNOWN,UNKNOWN,UNKNOWN,UNKNOWN,UNKNOWN,UNKNOWN,UNKNOWN,UNKNOWN,UNKNOWN,UNKNOWN,UNKNOWN,unknown,https://inerailroad.com/,,listed,rebulk-directory (INER NS),,
Indiana River & Rail Terminals,,,,JEFFERSONVILLE,IN,UNKNOWN,UNKNOWN,UNKNOWN,UNKNOWN,UNKNOWN,UNKNOWN,UNKNOWN,UNKNOWN,UNKNOWN,UNKNOWN,UNKNOWN,UNKNOWN,UNKNOWN,UNKNOWN,UNKNOWN,UNKNOWN,UNKNOWN,UNKNOWN,UNKNOWN,UNKNOWN,UNKNOWN,UNKNOWN,UNKNOWN,UNKNOWN,UNKNOWN,UNKNOWN,unknown,https://indianariverandrail.com/,,listed,rebulk-directory (MG Rail LIRC),,
Indiana River & Rail Terminals,,,,MOUNT VERNON,IN,UNKNOWN,UNKNOWN,UNKNOWN,UNKNOWN,UNKNOWN,UNKNOWN,UNKNOWN,UNKNOWN,UNKNOWN,UNKNOWN,UNKNOWN,UNKNOWN,UNKNOWN,UNKNOWN,UNKNOWN,UNKNOWN,UNKNOWN,UNKNOWN,UNKNOWN,UNKNOWN,UNKNOWN,UNKNOWN,UNKNOWN,UNKNOWN,UNKNOWN,UNKNOWN,unknown,https://indianariverandrail.com/,,listed,rebulk-directory (Mount Vernon Railroad (MVR) EVWR),,
Indianapolis Industrial Center,,,,INDIANAPOLIS,IN,UNKNOWN,UNKNOWN,UNKNOWN,UNKNOWN,UNKNOWN,UNKNOWN,UNKNOWN,UNKNOWN,UNKNOWN,UNKNOWN,UNKNOWN,UNKNOWN,UNKNOWN,UNKNOWN,UNKNOWN,UNKNOWN,UNKNOWN,UNKNOWN,UNKNOWN,UNKNOWN,UNKNOWN,UNKNOWN,UNKNOWN,UNKNOWN,UNKNOWN,UNKNOWN,unknown,https://indianapolis-industrial-center.com/rail-services/,,listed,rebulk-directory (CSX),,
"Industrial Chemicals, Inc.",,,,BIRMINGHAM,AL,UNKNOWN,UNKNOWN,UNKNOWN,UNKNOWN,UNKNOWN,UNKNOWN,UNKNOWN,UNKNOWN,UNKNOWN,UNKNOWN,UNKNOWN,UNKNOWN,UNKNOWN,UNKNOWN,UNKNOWN,UNKNOWN,UNKNOWN,UNKNOWN,UNKNOWN,UNKNOWN,UNKNOWN,UNKNOWN,UNKNOWN,UNKNOWN,UNKNOWN,UNKNOWN,unknown,https://industrialchem.com/,,listed,rebulk-directory (BNSF);bnsf-premier-flipbook,,
Industrial Cleaners Inc.,,,,PARKERSBURG,WV,UNKNOWN,UNKNOWN,UNKNOWN,UNKNOWN,UNKNOWN,UNKNOWN,UNKNOWN,UNKNOWN,UNKNOWN,UNKNOWN,UNKNOWN,UNKNOWN,UNKNOWN,UNKNOWN,UNKNOWN,UNKNOWN,UNKNOWN,UNKNOWN,UNKNOWN,UNKNOWN,UNKNOWN,UNKNOWN,UNKNOWN,UNKNOWN,UNKNOWN,UNKNOWN,unknown,https://industrialcleanersinc.com/,,listed,rebulk-directory (CSX Transportation (CSXT)),,
Industrial Warehouse Services,,,,TUSCALOOSA,AL,UNKNOWN,UNKNOWN,UNKNOWN,UNKNOWN,UNKNOWN,UNKNOWN,UNKNOWN,UNKNOWN,UNKNOWN,UNKNOWN,UNKNOWN,UNKNOWN,UNKNOWN,UNKNOWN,UNKNOWN,UNKNOWN,UNKNOWN,UNKNOWN,UNKNOWN,UNKNOWN,UNKNOWN,UNKNOWN,UNKNOWN,UNKNOWN,UNKNOWN,UNKNOWN,unknown,https://iwslogistics.com/,,listed,rebulk-directory (CPKC),,
Ingram Tyler Street Terminal,,,,ST. LOUIS,MO,UNKNOWN,UNKNOWN,UNKNOWN,UNKNOWN,UNKNOWN,UNKNOWN,UNKNOWN,UNKNOWN,UNKNOWN,UNKNOWN,UNKNOWN,UNKNOWN,UNKNOWN,UNKNOWN,UNKNOWN,UNKNOWN,UNKNOWN,UNKNOWN,UNKNOWN,UNKNOWN,UNKNOWN,UNKNOWN,UNKNOWN,UNKNOWN,UNKNOWN,UNKNOWN,unknown,https://ingrambarge.com/,,listed,rebulk-directory (TRRA BNSF CN CPKC + 3),,
Inland Empire Distribution Systems Inc,,info@ieds.net,,PASCO,WA,NO,NO,NO,NO,NO,NO,NO,NO,NO,NO,NO,NO,NO,NO,NO,NO,NO,NO,NO,NO,NO,NO,NO,NO,NO,NO,unknown,http://ieds.net/locations/contract-services/,,verified,swl-internal,NOT_FOUND,low
Inland Empire Distribution Systems Inc,,info@ieds.net,(509) 922-0944,VELOX,WA,NO,NO,NO,NO,NO,NO,NO,NO,NO,NO,NO,NO,NO,NO,NO,NO,NO,NO,NO,NO,NO,NO,NO,NO,NO,NO,unknown,http://www.ieds.net/,,verified,swl-internal,OPERATIONAL,high
Inland Terminal,,,,WOODLAND,CA,UNKNOWN,UNKNOWN,UNKNOWN,UNKNOWN,UNKNOWN,UNKNOWN,UNKNOWN,UNKNOWN,UNKNOWN,UNKNOWN,UNKNOWN,UNKNOWN,UNKNOWN,UNKNOWN,UNKNOWN,UNKNOWN,UNKNOWN,UNKNOWN,UNKNOWN,UNKNOWN,UNKNOWN,UNKNOWN,UNKNOWN,UNKNOWN,UNKNOWN,UNKNOWN,unknown,https://www.gwrr.com/transload/inland-terminal/,,listed,rebulk-directory (CFNR G&W),,
Innovative Cold Storage Enterprises,,,,SAN DIEGO,CA,UNKNOWN,UNKNOWN,UNKNOWN,UNKNOWN,UNKNOWN,UNKNOWN,UNKNOWN,UNKNOWN,UNKNOWN,UNKNOWN,UNKNOWN,UNKNOWN,UNKNOWN,UNKNOWN,UNKNOWN,UNKNOWN,UNKNOWN,UNKNOWN,UNKNOWN,UNKNOWN,UNKNOWN,UNKNOWN,UNKNOWN,UNKNOWN,UNKNOWN,UNKNOWN,unknown,https://www.innovativecold.com/,,listed,rebulk-directory (BNSF),,
Integrated Terminals,,,,LACKAWANNA,NY,UNKNOWN,UNKNOWN,UNKNOWN,UNKNOWN,UNKNOWN,UNKNOWN,UNKNOWN,UNKNOWN,UNKNOWN,UNKNOWN,UNKNOWN,UNKNOWN,UNKNOWN,UNKNOWN,UNKNOWN,UNKNOWN,UNKNOWN,UNKNOWN,UNKNOWN,UNKNOWN,UNKNOWN,UNKNOWN,UNKNOWN,UNKNOWN,UNKNOWN,UNKNOWN,unknown,https://www.gibraltar1.com,,listed,rebulk-directory (NS SBRR),,
Intercontinental Terminals Company Deer Park Terminal,,,,LA PORTE,TX,UNKNOWN,UNKNOWN,UNKNOWN,UNKNOWN,UNKNOWN,UNKNOWN,UNKNOWN,UNKNOWN,UNKNOWN,UNKNOWN,UNKNOWN,UNKNOWN,UNKNOWN,UNKNOWN,UNKNOWN,UNKNOWN,UNKNOWN,UNKNOWN,UNKNOWN,UNKNOWN,UNKNOWN,UNKNOWN,UNKNOWN,UNKNOWN,UNKNOWN,UNKNOWN,unknown,https://www.iterm.com/locations/deer-park/,,listed,rebulk-directory (PTRA),,
Intercontinental Terminals Company Pasadena Terminal,,,,PASADENA,TX,UNKNOWN,UNKNOWN,UNKNOWN,UNKNOWN,UNKNOWN,UNKNOWN,UNKNOWN,UNKNOWN,UNKNOWN,UNKNOWN,UNKNOWN,UNKNOWN,UNKNOWN,UNKNOWN,UNKNOWN,UNKNOWN,UNKNOWN,UNKNOWN,UNKNOWN,UNKNOWN,UNKNOWN,UNKNOWN,UNKNOWN,UNKNOWN,UNKNOWN,UNKNOWN,unknown,https://www.iterm.com/locations/pasadena/,,listed,rebulk-directory (PTRA),,
Intermodal Services Inc,,kevin@intermodalsi.com,(815) 332-4600,BELVIDERE,IL,NO,NO,YES,NO,NO,NO,NO,NO,YES,NO,YES,NO,YES,NO,NO,YES,YES,NO,NO,NO,NO,YES,YES,YES,NO,NO,unknown,https://www.intermodalsi.com/,,verified,swl-internal,OPERATIONAL,high
Internacional Regiomontana De Acerosa De Cv,,info@irasa.net,,APODACA,NL,NO,NO,YES,YES,NO,NO,NO,NO,YES,YES,NO,NO,YES,NO,NO,NO,YES,NO,NO,YES,NO,NO,YES,YES,YES,NO,unknown,https://www.irasa.net/terminal-ferroviaria,,verified,swl-internal,NOT_FOUND,low
International Distribution Services Inc.,,,,MACEDONIA,OH,UNKNOWN,UNKNOWN,UNKNOWN,UNKNOWN,UNKNOWN,UNKNOWN,UNKNOWN,UNKNOWN,UNKNOWN,UNKNOWN,UNKNOWN,UNKNOWN,UNKNOWN,UNKNOWN,UNKNOWN,UNKNOWN,UNKNOWN,UNKNOWN,UNKNOWN,UNKNOWN,UNKNOWN,UNKNOWN,UNKNOWN,UNKNOWN,UNKNOWN,UNKNOWN,unknown,https://www.steelpro.us,,listed,rebulk-directory (NS),,
Interstate Cold Storage,,,,NAPOLEON,OH,UNKNOWN,UNKNOWN,UNKNOWN,UNKNOWN,UNKNOWN,UNKNOWN,UNKNOWN,UNKNOWN,UNKNOWN,UNKNOWN,UNKNOWN,UNKNOWN,UNKNOWN,UNKNOWN,UNKNOWN,UNKNOWN,UNKNOWN,UNKNOWN,UNKNOWN,UNKNOWN,UNKNOWN,UNKNOWN,UNKNOWN,UNKNOWN,UNKNOWN,UNKNOWN,unknown,https://interstatecoldstorage.com/,,listed,rebulk-directory (Michigan Southern Railroad (MSO)),,
InterState McClellan Terminal,,,,MCCLELLAN PARK,CA,UNKNOWN,UNKNOWN,UNKNOWN,UNKNOWN,UNKNOWN,UNKNOWN,UNKNOWN,UNKNOWN,UNKNOWN,UNKNOWN,UNKNOWN,UNKNOWN,UNKNOWN,UNKNOWN,UNKNOWN,UNKNOWN,UNKNOWN,UNKNOWN,UNKNOWN,UNKNOWN,UNKNOWN,UNKNOWN,UNKNOWN,UNKNOWN,UNKNOWN,UNKNOWN,unknown,https://www.interstateoil.com/,,listed,rebulk-directory (SAV BNSF UP),,
Iowa City Transload Facility,,,,IOWA CITY,IA,UNKNOWN,UNKNOWN,UNKNOWN,UNKNOWN,UNKNOWN,UNKNOWN,UNKNOWN,UNKNOWN,UNKNOWN,UNKNOWN,UNKNOWN,UNKNOWN,UNKNOWN,UNKNOWN,UNKNOWN,UNKNOWN,UNKNOWN,UNKNOWN,UNKNOWN,UNKNOWN,UNKNOWN,UNKNOWN,UNKNOWN,UNKNOWN,UNKNOWN,UNKNOWN,unknown,https://iaisrr.com/iowa-city-transload-facility/,,listed,rebulk-directory (Iowa Interstate Railroad (IAIS)),,
Iowa Interstate Railroad,,crangel@iaisrr.com,(319) 298-5400,COUNCIL BLUFFS,IA,NO,NO,NO,NO,NO,NO,NO,NO,NO,NO,NO,NO,NO,NO,NO,NO,NO,NO,NO,NO,NO,NO,NO,NO,NO,NO,unknown,http://www.iaisrr.com/,,verified,swl-internal,OPERATIONAL,high
Iowa Interstate Railroad,,crangel@iaisrr.com,(708) 597-0250,BLUE ISLAND,IL,NO,NO,NO,NO,NO,NO,NO,NO,NO,NO,NO,NO,NO,NO,NO,NO,NO,NO,NO,NO,NO,NO,NO,NO,NO,NO,unknown,https://iaisrr.com/contact/contact-us/,,verified,swl-internal,OPERATIONAL,high
Iowa Interstate Railroad,,crangel@iaisrr.com,,BUREAU JCT,IL,NO,NO,NO,NO,NO,NO,NO,NO,NO,NO,NO,NO,NO,NO,NO,NO,NO,NO,NO,NO,NO,NO,NO,NO,NO,NO,unknown,https://iaisrr.com/contact/contact-us/,,verified,swl-internal,OPERATIONAL,medium
Iron Horse Rail Beaumont Terminal,,,,BEAUMONT,TX,UNKNOWN,UNKNOWN,UNKNOWN,UNKNOWN,UNKNOWN,UNKNOWN,UNKNOWN,UNKNOWN,UNKNOWN,UNKNOWN,UNKNOWN,UNKNOWN,UNKNOWN,UNKNOWN,UNKNOWN,UNKNOWN,UNKNOWN,UNKNOWN,UNKNOWN,UNKNOWN,UNKNOWN,UNKNOWN,UNKNOWN,UNKNOWN,UNKNOWN,UNKNOWN,unknown,https://www.ihrail.com/beaumont,,listed,rebulk-directory (BNSF UP),,
Ironclad Global Warehousing,"Buffalo, NY",,,BLASDELL,NY,UNKNOWN,UNKNOWN,UNKNOWN,UNKNOWN,UNKNOWN,UNKNOWN,UNKNOWN,UNKNOWN,UNKNOWN,UNKNOWN,UNKNOWN,UNKNOWN,UNKNOWN,UNKNOWN,UNKNOWN,UNKNOWN,UNKNOWN,UNKNOWN,UNKNOWN,UNKNOWN,UNKNOWN,UNKNOWN,UNKNOWN,UNKNOWN,UNKNOWN,UNKNOWN,unknown,https://ironcladglobalwarehousing.com/,,listed,rebulk-directory (BPRR G&W),,
"Ironhorse Permian Basin, LLC",,,,ARTESIA,NM,UNKNOWN,UNKNOWN,UNKNOWN,UNKNOWN,UNKNOWN,UNKNOWN,UNKNOWN,UNKNOWN,UNKNOWN,UNKNOWN,UNKNOWN,UNKNOWN,UNKNOWN,UNKNOWN,UNKNOWN,UNKNOWN,UNKNOWN,UNKNOWN,UNKNOWN,UNKNOWN,UNKNOWN,UNKNOWN,UNKNOWN,UNKNOWN,UNKNOWN,UNKNOWN,unknown,https://ironhorsepermianbasin.com/,,listed,rebulk-directory (BNSF),,
J & P Wholesale,,,,KLAMATH FALLS,OR,UNKNOWN,UNKNOWN,UNKNOWN,UNKNOWN,UNKNOWN,UNKNOWN,UNKNOWN,UNKNOWN,UNKNOWN,UNKNOWN,UNKNOWN,UNKNOWN,UNKNOWN,UNKNOWN,UNKNOWN,UNKNOWN,UNKNOWN,UNKNOWN,UNKNOWN,UNKNOWN,UNKNOWN,UNKNOWN,UNKNOWN,UNKNOWN,UNKNOWN,UNKNOWN,unknown,,,listed,rebulk-directory (BNSF),,
"J and E Reload, LLC",,,,CULPEPER,VA,UNKNOWN,UNKNOWN,UNKNOWN,UNKNOWN,UNKNOWN,UNKNOWN,UNKNOWN,UNKNOWN,UNKNOWN,UNKNOWN,UNKNOWN,UNKNOWN,UNKNOWN,UNKNOWN,UNKNOWN,UNKNOWN,UNKNOWN,UNKNOWN,UNKNOWN,UNKNOWN,UNKNOWN,UNKNOWN,UNKNOWN,UNKNOWN,UNKNOWN,UNKNOWN,unknown,https://www.jandereload.com,,listed,rebulk-directory (NS),,
J H Rose Logistics,,info@jhrose.com,(915) 581-7300,SANTA TERESA,NM,NO,NO,NO,NO,NO,NO,NO,NO,NO,NO,NO,NO,NO,NO,NO,NO,NO,NO,NO,NO,NO,NO,NO,NO,NO,NO,unknown,https://www.jhrose.com/,,verified,swl-internal,OPERATIONAL,high
J.F. Allen Company,Plant Transload,,,ELKINS,WV,UNKNOWN,UNKNOWN,UNKNOWN,UNKNOWN,UNKNOWN,UNKNOWN,UNKNOWN,UNKNOWN,UNKNOWN,UNKNOWN,UNKNOWN,UNKNOWN,UNKNOWN,UNKNOWN,UNKNOWN,UNKNOWN,UNKNOWN,UNKNOWN,UNKNOWN,UNKNOWN,UNKNOWN,UNKNOWN,UNKNOWN,UNKNOWN,UNKNOWN,UNKNOWN,unknown,https://jfallenco.com/contact/aggregate-quarry-elkins-plant/,,listed,rebulk-directory (West Virginia Central Railroad (WVCR)),,
Jacintoport International Terminal,,,,HOUSTON,TX,UNKNOWN,UNKNOWN,UNKNOWN,UNKNOWN,UNKNOWN,UNKNOWN,UNKNOWN,UNKNOWN,UNKNOWN,UNKNOWN,UNKNOWN,UNKNOWN,UNKNOWN,UNKNOWN,UNKNOWN,UNKNOWN,UNKNOWN,UNKNOWN,UNKNOWN,UNKNOWN,UNKNOWN,UNKNOWN,UNKNOWN,UNKNOWN,UNKNOWN,UNKNOWN,unknown,https://www.jacintoport.com/,,listed,rebulk-directory (PTRA),,
Jacksonville NS TBT,,,,JACKSONVILLE,FL,UNKNOWN,UNKNOWN,UNKNOWN,UNKNOWN,UNKNOWN,UNKNOWN,UNKNOWN,UNKNOWN,UNKNOWN,UNKNOWN,UNKNOWN,UNKNOWN,UNKNOWN,UNKNOWN,UNKNOWN,UNKNOWN,UNKNOWN,UNKNOWN,UNKNOWN,UNKNOWN,UNKNOWN,UNKNOWN,UNKNOWN,UNKNOWN,UNKNOWN,UNKNOWN,unknown,https://www.nscorp.com,,listed,rebulk-directory (NS),,
Jaguar Transport Holdings,,info@jag-transport.com,,JOPLIN,MO,NO,NO,NO,NO,NO,NO,NO,NO,NO,NO,NO,NO,NO,NO,NO,NO,NO,NO,NO,NO,NO,NO,NO,NO,NO,NO,unknown,https://jag-transport.com/locations/,,verified,swl-internal,NOT_FOUND,low
Jan Global Transportation Solutions,,,,DOVER,NJ,UNKNOWN,UNKNOWN,UNKNOWN,UNKNOWN,UNKNOWN,UNKNOWN,UNKNOWN,UNKNOWN,UNKNOWN,UNKNOWN,UNKNOWN,UNKNOWN,UNKNOWN,UNKNOWN,UNKNOWN,UNKNOWN,UNKNOWN,UNKNOWN,UNKNOWN,UNKNOWN,UNKNOWN,UNKNOWN,UNKNOWN,UNKNOWN,UNKNOWN,UNKNOWN,unknown,https://www.janpackaging.com,,listed,rebulk-directory (DD NS),,
JBC Rail Services Transload,,,,LA PORTE,IN,UNKNOWN,UNKNOWN,UNKNOWN,UNKNOWN,UNKNOWN,UNKNOWN,UNKNOWN,UNKNOWN,UNKNOWN,UNKNOWN,UNKNOWN,UNKNOWN,UNKNOWN,UNKNOWN,UNKNOWN,UNKNOWN,UNKNOWN,UNKNOWN,UNKNOWN,UNKNOWN,UNKNOWN,UNKNOWN,UNKNOWN,UNKNOWN,UNKNOWN,UNKNOWN,unknown,https://jbcrailservices.net/services/transload/,,listed,rebulk-directory (CSS),,
Jbs Swift And Company,,,,OTTUMWA,IA,UNKNOWN,UNKNOWN,UNKNOWN,UNKNOWN,UNKNOWN,UNKNOWN,UNKNOWN,UNKNOWN,UNKNOWN,UNKNOWN,UNKNOWN,UNKNOWN,UNKNOWN,UNKNOWN,UNKNOWN,UNKNOWN,UNKNOWN,UNKNOWN,UNKNOWN,UNKNOWN,UNKNOWN,UNKNOWN,UNKNOWN,UNKNOWN,UNKNOWN,UNKNOWN,unknown,https://jbsfoodsgroup.com/,,listed,rebulk-directory (BNSF),,
Jeffersonville Transload Yard,,,,JEFFERSONVILLE,IN,UNKNOWN,UNKNOWN,UNKNOWN,UNKNOWN,UNKNOWN,UNKNOWN,UNKNOWN,UNKNOWN,UNKNOWN,UNKNOWN,UNKNOWN,UNKNOWN,UNKNOWN,UNKNOWN,UNKNOWN,UNKNOWN,UNKNOWN,UNKNOWN,UNKNOWN,UNKNOWN,UNKNOWN,UNKNOWN,UNKNOWN,UNKNOWN,UNKNOWN,UNKNOWN,unknown,https://www.anacostia.com/transload-sites/jeffersonville-transfer-yard/,,listed,rebulk-directory (LIRC),,
Jei,North 4th Street Transload,,,FORT SMITH,AR,UNKNOWN,UNKNOWN,UNKNOWN,UNKNOWN,UNKNOWN,UNKNOWN,UNKNOWN,UNKNOWN,UNKNOWN,UNKNOWN,UNKNOWN,UNKNOWN,UNKNOWN,UNKNOWN,UNKNOWN,UNKNOWN,UNKNOWN,UNKNOWN,UNKNOWN,UNKNOWN,UNKNOWN,UNKNOWN,UNKNOWN,UNKNOWN,UNKNOWN,UNKNOWN,unknown,https://jeitransload.com/,,listed,rebulk-directory (Arkansas & Missouri Railroad (AM) CPKC UP),,
Jei,South E Street Transload,,,FORT SMITH,AR,UNKNOWN,UNKNOWN,UNKNOWN,UNKNOWN,UNKNOWN,UNKNOWN,UNKNOWN,UNKNOWN,UNKNOWN,UNKNOWN,UNKNOWN,UNKNOWN,UNKNOWN,UNKNOWN,UNKNOWN,UNKNOWN,UNKNOWN,UNKNOWN,UNKNOWN,UNKNOWN,UNKNOWN,UNKNOWN,UNKNOWN,UNKNOWN,UNKNOWN,UNKNOWN,unknown,https://jeitransload.com/,,listed,rebulk-directory (Fort Smith Railroad (FSR) UP),,
Jerich USA,Terminal,,,AVENEL,NJ,UNKNOWN,UNKNOWN,UNKNOWN,UNKNOWN,UNKNOWN,UNKNOWN,UNKNOWN,UNKNOWN,UNKNOWN,UNKNOWN,UNKNOWN,UNKNOWN,UNKNOWN,UNKNOWN,UNKNOWN,UNKNOWN,UNKNOWN,UNKNOWN,UNKNOWN,UNKNOWN,UNKNOWN,UNKNOWN,UNKNOWN,UNKNOWN,UNKNOWN,UNKNOWN,unknown,https://www.jerich.com/avenel-new-jersey-usa,,listed,rebulk-directory (CSX),,
Jerich USA,Terminal,,,DAYTON,NJ,UNKNOWN,UNKNOWN,UNKNOWN,UNKNOWN,UNKNOWN,UNKNOWN,UNKNOWN,UNKNOWN,UNKNOWN,UNKNOWN,UNKNOWN,UNKNOWN,UNKNOWN,UNKNOWN,UNKNOWN,UNKNOWN,UNKNOWN,UNKNOWN,UNKNOWN,UNKNOWN,UNKNOWN,UNKNOWN,UNKNOWN,UNKNOWN,UNKNOWN,UNKNOWN,unknown,https://www.jerich.com/international-freight-forwarder,,listed,rebulk-directory (CSX),,
Jersey NS TBT,,,,JERSEY,TN,UNKNOWN,UNKNOWN,UNKNOWN,UNKNOWN,UNKNOWN,UNKNOWN,UNKNOWN,UNKNOWN,UNKNOWN,UNKNOWN,UNKNOWN,UNKNOWN,UNKNOWN,UNKNOWN,UNKNOWN,UNKNOWN,UNKNOWN,UNKNOWN,UNKNOWN,UNKNOWN,UNKNOWN,UNKNOWN,UNKNOWN,UNKNOWN,UNKNOWN,UNKNOWN,unknown,https://www.nscorp.com,,listed,rebulk-directory (NS),,
Jillamy Packaging and Warehouse,,,,CROYDON,PA,UNKNOWN,UNKNOWN,UNKNOWN,UNKNOWN,UNKNOWN,UNKNOWN,UNKNOWN,UNKNOWN,UNKNOWN,UNKNOWN,UNKNOWN,UNKNOWN,UNKNOWN,UNKNOWN,UNKNOWN,UNKNOWN,UNKNOWN,UNKNOWN,UNKNOWN,UNKNOWN,UNKNOWN,UNKNOWN,UNKNOWN,UNKNOWN,UNKNOWN,UNKNOWN,unknown,https://www.jillamy.com,,listed,rebulk-directory (NS),,
"Jimco Limestone Mills, LLC",,,,GARDEN CITY,GA,UNKNOWN,UNKNOWN,UNKNOWN,UNKNOWN,UNKNOWN,UNKNOWN,UNKNOWN,UNKNOWN,UNKNOWN,UNKNOWN,UNKNOWN,UNKNOWN,UNKNOWN,UNKNOWN,UNKNOWN,UNKNOWN,UNKNOWN,UNKNOWN,UNKNOWN,UNKNOWN,UNKNOWN,UNKNOWN,UNKNOWN,UNKNOWN,UNKNOWN,UNKNOWN,unknown,https://www.jimcogroup.com,,listed,rebulk-directory (NS),,
Jobe Materials Dyer Railyard,,,,EL PASO,TX,UNKNOWN,UNKNOWN,UNKNOWN,UNKNOWN,UNKNOWN,UNKNOWN,UNKNOWN,UNKNOWN,UNKNOWN,UNKNOWN,UNKNOWN,UNKNOWN,UNKNOWN,UNKNOWN,UNKNOWN,UNKNOWN,UNKNOWN,UNKNOWN,UNKNOWN,UNKNOWN,UNKNOWN,UNKNOWN,UNKNOWN,UNKNOWN,UNKNOWN,UNKNOWN,unknown,https://jobematerials.com/,,listed,rebulk-directory (UP),,
Jobe Materials L.P.,Harding Rail Yard,,,ANTHONY,NM,UNKNOWN,UNKNOWN,UNKNOWN,UNKNOWN,UNKNOWN,UNKNOWN,UNKNOWN,UNKNOWN,UNKNOWN,UNKNOWN,UNKNOWN,UNKNOWN,UNKNOWN,UNKNOWN,UNKNOWN,UNKNOWN,UNKNOWN,UNKNOWN,UNKNOWN,UNKNOWN,UNKNOWN,UNKNOWN,UNKNOWN,UNKNOWN,UNKNOWN,UNKNOWN,unknown,https://www.jobematerials.com/products-services/transloading,,listed,rebulk-directory (BNSF),,
John Arambel Trucking Transload,,,,ROCK SPRINGS,WY,UNKNOWN,UNKNOWN,UNKNOWN,UNKNOWN,UNKNOWN,UNKNOWN,UNKNOWN,UNKNOWN,UNKNOWN,UNKNOWN,UNKNOWN,UNKNOWN,UNKNOWN,UNKNOWN,UNKNOWN,UNKNOWN,UNKNOWN,UNKNOWN,UNKNOWN,UNKNOWN,UNKNOWN,UNKNOWN,UNKNOWN,UNKNOWN,UNKNOWN,UNKNOWN,unknown,,,listed,rebulk-directory (UP),,
John Bunning Transfer,Rail Yard,,,GUERNSEY,WY,UNKNOWN,UNKNOWN,UNKNOWN,UNKNOWN,UNKNOWN,UNKNOWN,UNKNOWN,UNKNOWN,UNKNOWN,UNKNOWN,UNKNOWN,UNKNOWN,UNKNOWN,UNKNOWN,UNKNOWN,UNKNOWN,UNKNOWN,UNKNOWN,UNKNOWN,UNKNOWN,UNKNOWN,UNKNOWN,UNKNOWN,UNKNOWN,UNKNOWN,UNKNOWN,unknown,https://www.bunningtransfer.com/,,listed,rebulk-directory (BNSF),,
Johnson City Chemical Company,,,,GREENEVILLE,TN,UNKNOWN,UNKNOWN,UNKNOWN,UNKNOWN,UNKNOWN,UNKNOWN,UNKNOWN,UNKNOWN,UNKNOWN,UNKNOWN,UNKNOWN,UNKNOWN,UNKNOWN,UNKNOWN,UNKNOWN,UNKNOWN,UNKNOWN,UNKNOWN,UNKNOWN,UNKNOWN,UNKNOWN,UNKNOWN,UNKNOWN,UNKNOWN,UNKNOWN,UNKNOWN,unknown,,,listed,rebulk-directory (NS),,
Jonesville Transload,,,,JONESVILLE,MI,UNKNOWN,UNKNOWN,UNKNOWN,UNKNOWN,UNKNOWN,UNKNOWN,UNKNOWN,UNKNOWN,UNKNOWN,UNKNOWN,UNKNOWN,UNKNOWN,UNKNOWN,UNKNOWN,UNKNOWN,UNKNOWN,UNKNOWN,UNKNOWN,UNKNOWN,UNKNOWN,UNKNOWN,UNKNOWN,UNKNOWN,UNKNOWN,UNKNOWN,UNKNOWN,unknown,https://inerailroad.com,,listed,rebulk-directory (IN NS),,
Junction City Reload,,,,JUNCTION CITY,OR,UNKNOWN,UNKNOWN,UNKNOWN,UNKNOWN,UNKNOWN,UNKNOWN,UNKNOWN,UNKNOWN,UNKNOWN,UNKNOWN,UNKNOWN,UNKNOWN,UNKNOWN,UNKNOWN,UNKNOWN,UNKNOWN,UNKNOWN,UNKNOWN,UNKNOWN,UNKNOWN,UNKNOWN,UNKNOWN,UNKNOWN,UNKNOWN,UNKNOWN,UNKNOWN,unknown,https://www.junctioncityreload.com/,,listed,rebulk-directory (BNSF);bnsf-premier-flipbook,,
K&S Services,,,,NORFOLK,NY,UNKNOWN,UNKNOWN,UNKNOWN,UNKNOWN,UNKNOWN,UNKNOWN,UNKNOWN,UNKNOWN,UNKNOWN,UNKNOWN,UNKNOWN,UNKNOWN,UNKNOWN,UNKNOWN,UNKNOWN,UNKNOWN,UNKNOWN,UNKNOWN,UNKNOWN,UNKNOWN,UNKNOWN,UNKNOWN,UNKNOWN,UNKNOWN,UNKNOWN,UNKNOWN,unknown,https://vrs.us.com/services/vrs-connect/,,listed,rebulk-directory (New York & Ogdensburg Railway (NYOG) CSX),,
K&S Services,,,,NORWOOD,NY,UNKNOWN,UNKNOWN,UNKNOWN,UNKNOWN,UNKNOWN,UNKNOWN,UNKNOWN,UNKNOWN,UNKNOWN,UNKNOWN,UNKNOWN,UNKNOWN,UNKNOWN,UNKNOWN,UNKNOWN,UNKNOWN,UNKNOWN,UNKNOWN,UNKNOWN,UNKNOWN,UNKNOWN,UNKNOWN,UNKNOWN,UNKNOWN,UNKNOWN,UNKNOWN,unknown,https://vrs.us.com/services/vrs-connect/,,listed,rebulk-directory (New York & Ogdensburg Railway (NYOG) CSX),,
KAG Logistics,,,,OGDEN,UT,UNKNOWN,UNKNOWN,UNKNOWN,UNKNOWN,UNKNOWN,UNKNOWN,UNKNOWN,UNKNOWN,UNKNOWN,UNKNOWN,UNKNOWN,UNKNOWN,UNKNOWN,UNKNOWN,UNKNOWN,UNKNOWN,UNKNOWN,UNKNOWN,UNKNOWN,UNKNOWN,UNKNOWN,UNKNOWN,UNKNOWN,UNKNOWN,UNKNOWN,UNKNOWN,unknown,https://www.kaglogistics.com/,,listed,rebulk-directory (Union Pacific (UP) BNSF Railway (BNSF)),,
KAK warehouse,,,,SOUTH BEND,IN,UNKNOWN,UNKNOWN,UNKNOWN,UNKNOWN,UNKNOWN,UNKNOWN,UNKNOWN,UNKNOWN,UNKNOWN,UNKNOWN,UNKNOWN,UNKNOWN,UNKNOWN,UNKNOWN,UNKNOWN,UNKNOWN,UNKNOWN,UNKNOWN,UNKNOWN,UNKNOWN,UNKNOWN,UNKNOWN,UNKNOWN,UNKNOWN,UNKNOWN,UNKNOWN,unknown,https://www.kakllc.com/,,listed,rebulk-directory (NS),,
Kanawha River Terminal,Dock,,,CEREDO,WV,UNKNOWN,UNKNOWN,UNKNOWN,UNKNOWN,UNKNOWN,UNKNOWN,UNKNOWN,UNKNOWN,UNKNOWN,UNKNOWN,UNKNOWN,UNKNOWN,UNKNOWN,UNKNOWN,UNKNOWN,UNKNOWN,UNKNOWN,UNKNOWN,UNKNOWN,UNKNOWN,UNKNOWN,UNKNOWN,UNKNOWN,UNKNOWN,UNKNOWN,UNKNOWN,unknown,https://www.suncoke.com/en/our-business/industrial-services/logistics,,listed,rebulk-directory (CSX NS),,
Kanawha River Terminal,Dock,,,QUINCY,WV,UNKNOWN,UNKNOWN,UNKNOWN,UNKNOWN,UNKNOWN,UNKNOWN,UNKNOWN,UNKNOWN,UNKNOWN,UNKNOWN,UNKNOWN,UNKNOWN,UNKNOWN,UNKNOWN,UNKNOWN,UNKNOWN,UNKNOWN,UNKNOWN,UNKNOWN,UNKNOWN,UNKNOWN,UNKNOWN,UNKNOWN,UNKNOWN,UNKNOWN,UNKNOWN,unknown,https://www.suncoke.com/en/our-business/industrial-services/logistics,,listed,rebulk-directory (Kanawha River Railroad (KNWA)),,
Kaskaskia Regional Port District Dock 1,,,,NEW ATHENS,IL,UNKNOWN,UNKNOWN,UNKNOWN,UNKNOWN,UNKNOWN,UNKNOWN,UNKNOWN,UNKNOWN,UNKNOWN,UNKNOWN,UNKNOWN,UNKNOWN,UNKNOWN,UNKNOWN,UNKNOWN,UNKNOWN,UNKNOWN,UNKNOWN,UNKNOWN,UNKNOWN,UNKNOWN,UNKNOWN,UNKNOWN,UNKNOWN,UNKNOWN,UNKNOWN,unknown,https://www.kaskaskiaport.com/,,listed,rebulk-directory (KRPD CN),,
Kaskaskia Regional Port District Dock 2,,,,BALDWIN,IL,UNKNOWN,UNKNOWN,UNKNOWN,UNKNOWN,UNKNOWN,UNKNOWN,UNKNOWN,UNKNOWN,UNKNOWN,UNKNOWN,UNKNOWN,UNKNOWN,UNKNOWN,UNKNOWN,UNKNOWN,UNKNOWN,UNKNOWN,UNKNOWN,UNKNOWN,UNKNOWN,UNKNOWN,UNKNOWN,UNKNOWN,UNKNOWN,UNKNOWN,UNKNOWN,unknown,https://www.kaskaskiaport.com/terminals/krpd-2,,listed,rebulk-directory (KRPD),,
Katoen Natie (KTN),,,,EDDYVILLE,KY,UNKNOWN,UNKNOWN,UNKNOWN,UNKNOWN,UNKNOWN,UNKNOWN,UNKNOWN,UNKNOWN,UNKNOWN,UNKNOWN,UNKNOWN,UNKNOWN,UNKNOWN,UNKNOWN,UNKNOWN,UNKNOWN,UNKNOWN,UNKNOWN,UNKNOWN,UNKNOWN,UNKNOWN,UNKNOWN,UNKNOWN,UNKNOWN,UNKNOWN,UNKNOWN,unknown,https://www.katoennatie.com/,,listed,rebulk-directory (PAL),,
Katoen Natie Norfolk,,,,NORFOLK,VA,UNKNOWN,UNKNOWN,UNKNOWN,UNKNOWN,UNKNOWN,UNKNOWN,UNKNOWN,UNKNOWN,UNKNOWN,UNKNOWN,UNKNOWN,UNKNOWN,UNKNOWN,UNKNOWN,UNKNOWN,UNKNOWN,UNKNOWN,UNKNOWN,UNKNOWN,UNKNOWN,UNKNOWN,UNKNOWN,UNKNOWN,UNKNOWN,UNKNOWN,UNKNOWN,unknown,https://www.katoennatie.com/,,listed,rebulk-directory (CSX NS),,
Katoen Natie NorthEast,,,,EDISON,NJ,UNKNOWN,UNKNOWN,UNKNOWN,UNKNOWN,UNKNOWN,UNKNOWN,UNKNOWN,UNKNOWN,UNKNOWN,UNKNOWN,UNKNOWN,UNKNOWN,UNKNOWN,UNKNOWN,UNKNOWN,UNKNOWN,UNKNOWN,UNKNOWN,UNKNOWN,UNKNOWN,UNKNOWN,UNKNOWN,UNKNOWN,UNKNOWN,UNKNOWN,UNKNOWN,unknown,https://www.katoennatie.com,,listed,rebulk-directory (NS),,
Kcbx Terminal,,,,S CHICAGO EAST SIDE,IL,NO,NO,NO,NO,NO,NO,NO,NO,YES,NO,NO,NO,NO,NO,NO,NO,YES,NO,NO,NO,NO,NO,NO,NO,NO,NO,unknown,https://kcbxchicago.com/,,verified,swl-internal,OPERATIONAL,medium
Kearney Companies,,info@kearneycompanies.com,(504) 831-0266,NEW ORLEANS,LA,NO,NO,NO,NO,NO,NO,NO,NO,NO,NO,NO,NO,NO,NO,NO,NO,NO,NO,NO,NO,NO,NO,NO,NO,NO,NO,unknown,http://www.kearneycompanies.com/,,verified,swl-internal,OPERATIONAL,high
Keeney Truck Lines Inc,,info@keeneytruck.com,(323) 589-3231,MAYWOOD,CA,NO,NO,NO,NO,NO,NO,NO,YES,NO,NO,NO,NO,NO,NO,NO,NO,NO,NO,NO,NO,NO,NO,NO,NO,NO,NO,unknown,http://www.keeneytruck.xyz/,,verified,swl-internal,OPERATIONAL,high
Kellogg Dock,,,,MODOC,IL,UNKNOWN,UNKNOWN,UNKNOWN,UNKNOWN,UNKNOWN,UNKNOWN,UNKNOWN,UNKNOWN,UNKNOWN,UNKNOWN,UNKNOWN,UNKNOWN,UNKNOWN,UNKNOWN,UNKNOWN,UNKNOWN,UNKNOWN,UNKNOWN,UNKNOWN,UNKNOWN,UNKNOWN,UNKNOWN,UNKNOWN,UNKNOWN,UNKNOWN,UNKNOWN,unknown,https://www.kaskaskiaport.com/terminals/kellogg-dock,,listed,rebulk-directory (UP),,
Kelly's Reload / Kelly's Railroad Services,,,,PHOENIX,AZ,UNKNOWN,UNKNOWN,UNKNOWN,UNKNOWN,UNKNOWN,UNKNOWN,UNKNOWN,UNKNOWN,UNKNOWN,UNKNOWN,UNKNOWN,UNKNOWN,UNKNOWN,UNKNOWN,UNKNOWN,UNKNOWN,UNKNOWN,UNKNOWN,UNKNOWN,UNKNOWN,UNKNOWN,UNKNOWN,UNKNOWN,UNKNOWN,UNKNOWN,UNKNOWN,unknown,https://kellysreload.com/,,listed,rebulk-directory (BNSF UP),,
"Kenilworth Steel Brier Hill- Girard, OH",,,,GIRARD,OH,UNKNOWN,UNKNOWN,UNKNOWN,UNKNOWN,UNKNOWN,UNKNOWN,UNKNOWN,UNKNOWN,UNKNOWN,UNKNOWN,UNKNOWN,UNKNOWN,UNKNOWN,UNKNOWN,UNKNOWN,UNKNOWN,UNKNOWN,UNKNOWN,UNKNOWN,UNKNOWN,UNKNOWN,UNKNOWN,UNKNOWN,UNKNOWN,UNKNOWN,UNKNOWN,unknown,,,listed,rebulk-directory (G&W YB),,
Kenvil Transload,,,,KENVIL,NJ,UNKNOWN,UNKNOWN,UNKNOWN,UNKNOWN,UNKNOWN,UNKNOWN,UNKNOWN,UNKNOWN,UNKNOWN,UNKNOWN,UNKNOWN,UNKNOWN,UNKNOWN,UNKNOWN,UNKNOWN,UNKNOWN,UNKNOWN,UNKNOWN,UNKNOWN,UNKNOWN,UNKNOWN,UNKNOWN,UNKNOWN,UNKNOWN,UNKNOWN,UNKNOWN,unknown,,,listed,rebulk-directory (ME NS),,
Keymar Fertilizer,,,,KEYMAR,MD,UNKNOWN,UNKNOWN,UNKNOWN,UNKNOWN,UNKNOWN,UNKNOWN,UNKNOWN,UNKNOWN,UNKNOWN,UNKNOWN,UNKNOWN,UNKNOWN,UNKNOWN,UNKNOWN,UNKNOWN,UNKNOWN,UNKNOWN,UNKNOWN,UNKNOWN,UNKNOWN,UNKNOWN,UNKNOWN,UNKNOWN,UNKNOWN,UNKNOWN,UNKNOWN,unknown,,,listed,rebulk-directory (G&W MMID),,
Kinard Trucking,,,,YORK,PA,UNKNOWN,UNKNOWN,UNKNOWN,UNKNOWN,UNKNOWN,UNKNOWN,UNKNOWN,UNKNOWN,UNKNOWN,UNKNOWN,UNKNOWN,UNKNOWN,UNKNOWN,UNKNOWN,UNKNOWN,UNKNOWN,UNKNOWN,UNKNOWN,UNKNOWN,UNKNOWN,UNKNOWN,UNKNOWN,UNKNOWN,UNKNOWN,UNKNOWN,UNKNOWN,unknown,https://www.gwrr.com/transload/kinard-trucking/,,listed,rebulk-directory (G&W YRC),,
Kinder Morgan Dakota Bulk Terminal,,,,SOUTH SAINT PAUL,MN,UNKNOWN,UNKNOWN,UNKNOWN,UNKNOWN,UNKNOWN,UNKNOWN,UNKNOWN,UNKNOWN,UNKNOWN,UNKNOWN,UNKNOWN,UNKNOWN,UNKNOWN,UNKNOWN,UNKNOWN,UNKNOWN,UNKNOWN,UNKNOWN,UNKNOWN,UNKNOWN,UNKNOWN,UNKNOWN,UNKNOWN,UNKNOWN,UNKNOWN,UNKNOWN,unknown,https://www.kindermorgan.com/,,listed,rebulk-directory (UP),,
Kinder Morgan Dallas-Fort Worth Rail Terminal,,,,EULESS,TX,UNKNOWN,UNKNOWN,UNKNOWN,UNKNOWN,UNKNOWN,UNKNOWN,UNKNOWN,UNKNOWN,UNKNOWN,UNKNOWN,UNKNOWN,UNKNOWN,UNKNOWN,UNKNOWN,UNKNOWN,UNKNOWN,UNKNOWN,UNKNOWN,UNKNOWN,UNKNOWN,UNKNOWN,UNKNOWN,UNKNOWN,UNKNOWN,UNKNOWN,UNKNOWN,unknown,https://www.kindermorgan.com/,,listed,rebulk-directory (UP),,
Kinder Morgan Deer Park Rail Terminal,,,,PASADENA,TX,UNKNOWN,UNKNOWN,UNKNOWN,UNKNOWN,UNKNOWN,UNKNOWN,UNKNOWN,UNKNOWN,UNKNOWN,UNKNOWN,UNKNOWN,UNKNOWN,UNKNOWN,UNKNOWN,UNKNOWN,UNKNOWN,UNKNOWN,UNKNOWN,UNKNOWN,UNKNOWN,UNKNOWN,UNKNOWN,UNKNOWN,UNKNOWN,UNKNOWN,UNKNOWN,unknown,https://www.kindermorgan.com/,,listed,rebulk-directory (Port Terminal Railroad Association (PTRA) BNSF UP CPKC),,
Kinder Morgan Elizabeth River Terminal,,,,CHESAPEAKE,VA,UNKNOWN,UNKNOWN,UNKNOWN,UNKNOWN,UNKNOWN,UNKNOWN,UNKNOWN,UNKNOWN,UNKNOWN,UNKNOWN,UNKNOWN,UNKNOWN,UNKNOWN,UNKNOWN,UNKNOWN,UNKNOWN,UNKNOWN,UNKNOWN,UNKNOWN,UNKNOWN,UNKNOWN,UNKNOWN,UNKNOWN,UNKNOWN,UNKNOWN,UNKNOWN,unknown,https://www.kindermorgan.com/Operations/Terminals/Index,,listed,rebulk-directory (Norfolk and Portsmouth Belt Line Railroad (NPB) CSX NS),,
Kinder Morgan Geismar Logistics Terminal,,,,GEISMAR,LA,UNKNOWN,UNKNOWN,UNKNOWN,UNKNOWN,UNKNOWN,UNKNOWN,UNKNOWN,UNKNOWN,UNKNOWN,UNKNOWN,UNKNOWN,UNKNOWN,UNKNOWN,UNKNOWN,UNKNOWN,UNKNOWN,UNKNOWN,UNKNOWN,UNKNOWN,UNKNOWN,UNKNOWN,UNKNOWN,UNKNOWN,UNKNOWN,UNKNOWN,UNKNOWN,unknown,https://www.kindermorgan.com/,,listed,rebulk-directory (CN),,
Kinder Morgan Geismar Methanol Terminal,,,,GEISMAR,LA,UNKNOWN,UNKNOWN,UNKNOWN,UNKNOWN,UNKNOWN,UNKNOWN,UNKNOWN,UNKNOWN,UNKNOWN,UNKNOWN,UNKNOWN,UNKNOWN,UNKNOWN,UNKNOWN,UNKNOWN,UNKNOWN,UNKNOWN,UNKNOWN,UNKNOWN,UNKNOWN,UNKNOWN,UNKNOWN,UNKNOWN,UNKNOWN,UNKNOWN,UNKNOWN,unknown,https://www.kindermorgan.com/,,listed,rebulk-directory (CN),,
Kinder Morgan Geismar River Terminal,,,,GEISMAR,LA,UNKNOWN,UNKNOWN,UNKNOWN,UNKNOWN,UNKNOWN,UNKNOWN,UNKNOWN,UNKNOWN,UNKNOWN,UNKNOWN,UNKNOWN,UNKNOWN,UNKNOWN,UNKNOWN,UNKNOWN,UNKNOWN,UNKNOWN,UNKNOWN,UNKNOWN,UNKNOWN,UNKNOWN,UNKNOWN,UNKNOWN,UNKNOWN,UNKNOWN,UNKNOWN,unknown,https://www.kindermorgan.com/,,listed,rebulk-directory (CN),,
Kinder Morgan Harvey Terminal,,,,HARVEY,LA,UNKNOWN,UNKNOWN,UNKNOWN,UNKNOWN,UNKNOWN,UNKNOWN,UNKNOWN,UNKNOWN,UNKNOWN,UNKNOWN,UNKNOWN,UNKNOWN,UNKNOWN,UNKNOWN,UNKNOWN,UNKNOWN,UNKNOWN,UNKNOWN,UNKNOWN,UNKNOWN,UNKNOWN,UNKNOWN,UNKNOWN,UNKNOWN,UNKNOWN,UNKNOWN,unknown,https://www.kindermorgan.com/,,listed,rebulk-directory (New Orleans & Gulf Coast Railway (NOGC)),,
Kinder Morgan Memphis Terminal,,,,MEMPHIS,TN,UNKNOWN,UNKNOWN,UNKNOWN,UNKNOWN,UNKNOWN,UNKNOWN,UNKNOWN,UNKNOWN,UNKNOWN,UNKNOWN,UNKNOWN,UNKNOWN,UNKNOWN,UNKNOWN,UNKNOWN,UNKNOWN,UNKNOWN,UNKNOWN,UNKNOWN,UNKNOWN,UNKNOWN,UNKNOWN,UNKNOWN,UNKNOWN,UNKNOWN,UNKNOWN,unknown,https://www.kindermorgan.com,,listed,rebulk-directory (CN),,
Kinder Morgan Norfolk Terminal,,,,NORFOLK,VA,UNKNOWN,UNKNOWN,UNKNOWN,UNKNOWN,UNKNOWN,UNKNOWN,UNKNOWN,UNKNOWN,UNKNOWN,UNKNOWN,UNKNOWN,UNKNOWN,UNKNOWN,UNKNOWN,UNKNOWN,UNKNOWN,UNKNOWN,UNKNOWN,UNKNOWN,UNKNOWN,UNKNOWN,UNKNOWN,UNKNOWN,UNKNOWN,UNKNOWN,UNKNOWN,unknown,https://www.kindermorgan.com/Operations/Terminals/Index,,listed,rebulk-directory (NS),,
Kinder Morgan Perth Amboy Terminal,,,,PERTH AMBOY,NJ,UNKNOWN,UNKNOWN,UNKNOWN,UNKNOWN,UNKNOWN,UNKNOWN,UNKNOWN,UNKNOWN,UNKNOWN,UNKNOWN,UNKNOWN,UNKNOWN,UNKNOWN,UNKNOWN,UNKNOWN,UNKNOWN,UNKNOWN,UNKNOWN,UNKNOWN,UNKNOWN,UNKNOWN,UNKNOWN,UNKNOWN,UNKNOWN,UNKNOWN,UNKNOWN,unknown,https://www.kindermorgan.com/Operations/Terminals/Index,,listed,rebulk-directory (CSX NS),,
Kinder Morgan Phoenix Terminal,,,,PHOENIX,AZ,UNKNOWN,UNKNOWN,UNKNOWN,UNKNOWN,UNKNOWN,UNKNOWN,UNKNOWN,UNKNOWN,UNKNOWN,UNKNOWN,UNKNOWN,UNKNOWN,UNKNOWN,UNKNOWN,UNKNOWN,UNKNOWN,UNKNOWN,UNKNOWN,UNKNOWN,UNKNOWN,UNKNOWN,UNKNOWN,UNKNOWN,UNKNOWN,UNKNOWN,UNKNOWN,unknown,https://www.kindermorgan.com/,,listed,rebulk-directory (UP),,
Kinder Morgan Pier IX and X Terminals,,,,NEWPORT NEWS,VA,UNKNOWN,UNKNOWN,UNKNOWN,UNKNOWN,UNKNOWN,UNKNOWN,UNKNOWN,UNKNOWN,UNKNOWN,UNKNOWN,UNKNOWN,UNKNOWN,UNKNOWN,UNKNOWN,UNKNOWN,UNKNOWN,UNKNOWN,UNKNOWN,UNKNOWN,UNKNOWN,UNKNOWN,UNKNOWN,UNKNOWN,UNKNOWN,UNKNOWN,UNKNOWN,unknown,https://www.kindermorgan.com/Operations/Terminals/Index,,listed,rebulk-directory (CSX),,
Kinder Morgan Port Manatee Terminal,,,,PALMETTO,FL,UNKNOWN,UNKNOWN,UNKNOWN,UNKNOWN,UNKNOWN,UNKNOWN,UNKNOWN,UNKNOWN,UNKNOWN,UNKNOWN,UNKNOWN,UNKNOWN,UNKNOWN,UNKNOWN,UNKNOWN,UNKNOWN,UNKNOWN,UNKNOWN,UNKNOWN,UNKNOWN,UNKNOWN,UNKNOWN,UNKNOWN,UNKNOWN,UNKNOWN,UNKNOWN,unknown,https://www.kindermorgan.com/,,listed,rebulk-directory (Port Manatee Railroad (PMR) CSX),,
Kinder Morgan River Road Terminal,,,,WILMINGTON,NC,UNKNOWN,UNKNOWN,UNKNOWN,UNKNOWN,UNKNOWN,UNKNOWN,UNKNOWN,UNKNOWN,UNKNOWN,UNKNOWN,UNKNOWN,UNKNOWN,UNKNOWN,UNKNOWN,UNKNOWN,UNKNOWN,UNKNOWN,UNKNOWN,UNKNOWN,UNKNOWN,UNKNOWN,UNKNOWN,UNKNOWN,UNKNOWN,UNKNOWN,UNKNOWN,unknown,https://www.kindermorgan.com/Operations/Terminals/Index,,listed,rebulk-directory (WTRY CSX),,
Kinder Morgan Seven Oaks Terminal,,,,WESTWEGO,LA,UNKNOWN,UNKNOWN,UNKNOWN,UNKNOWN,UNKNOWN,UNKNOWN,UNKNOWN,UNKNOWN,UNKNOWN,UNKNOWN,UNKNOWN,UNKNOWN,UNKNOWN,UNKNOWN,UNKNOWN,UNKNOWN,UNKNOWN,UNKNOWN,UNKNOWN,UNKNOWN,UNKNOWN,UNKNOWN,UNKNOWN,UNKNOWN,UNKNOWN,UNKNOWN,unknown,https://www.kindermorgan.com/,,listed,rebulk-directory (UP),,
Kinder Morgan South Hill Terminal,,,,CHESAPEAKE,VA,UNKNOWN,UNKNOWN,UNKNOWN,UNKNOWN,UNKNOWN,UNKNOWN,UNKNOWN,UNKNOWN,UNKNOWN,UNKNOWN,UNKNOWN,UNKNOWN,UNKNOWN,UNKNOWN,UNKNOWN,UNKNOWN,UNKNOWN,UNKNOWN,UNKNOWN,UNKNOWN,UNKNOWN,UNKNOWN,UNKNOWN,UNKNOWN,UNKNOWN,UNKNOWN,unknown,https://www.kindermorgan.com/Operations/Terminals/Index,,listed,rebulk-directory (NS),,
Kinder Morgan Tucson Terminal,,,,TUCSON,AZ,UNKNOWN,UNKNOWN,UNKNOWN,UNKNOWN,UNKNOWN,UNKNOWN,UNKNOWN,UNKNOWN,UNKNOWN,UNKNOWN,UNKNOWN,UNKNOWN,UNKNOWN,UNKNOWN,UNKNOWN,UNKNOWN,UNKNOWN,UNKNOWN,UNKNOWN,UNKNOWN,UNKNOWN,UNKNOWN,UNKNOWN,UNKNOWN,UNKNOWN,UNKNOWN,unknown,https://www.kindermorgan.com/,,listed,rebulk-directory (UP),,
Kinder Morgan Woodbine Street Terminal,,,,WILMINGTON,NC,UNKNOWN,UNKNOWN,UNKNOWN,UNKNOWN,UNKNOWN,UNKNOWN,UNKNOWN,UNKNOWN,UNKNOWN,UNKNOWN,UNKNOWN,UNKNOWN,UNKNOWN,UNKNOWN,UNKNOWN,UNKNOWN,UNKNOWN,UNKNOWN,UNKNOWN,UNKNOWN,UNKNOWN,UNKNOWN,UNKNOWN,UNKNOWN,UNKNOWN,UNKNOWN,unknown,https://www.kindermorgan.com/Operations/Terminals/Index,,listed,rebulk-directory (WTRY CSX),,
King Steel Holly Warehouse Rail Yard,,,,HOLLY,MI,UNKNOWN,UNKNOWN,UNKNOWN,UNKNOWN,UNKNOWN,UNKNOWN,UNKNOWN,UNKNOWN,UNKNOWN,UNKNOWN,UNKNOWN,UNKNOWN,UNKNOWN,UNKNOWN,UNKNOWN,UNKNOWN,UNKNOWN,UNKNOWN,UNKNOWN,UNKNOWN,UNKNOWN,UNKNOWN,UNKNOWN,UNKNOWN,UNKNOWN,UNKNOWN,unknown,https://www.kingsteelcorp.com/,,listed,rebulk-directory (Lake State Railway (LSRC)),,
Kingman Terminal Railroad Transload Facility,,,,KINGMAN,AZ,UNKNOWN,UNKNOWN,UNKNOWN,UNKNOWN,UNKNOWN,UNKNOWN,UNKNOWN,UNKNOWN,UNKNOWN,UNKNOWN,UNKNOWN,UNKNOWN,UNKNOWN,UNKNOWN,UNKNOWN,UNKNOWN,UNKNOWN,UNKNOWN,UNKNOWN,UNKNOWN,UNKNOWN,UNKNOWN,UNKNOWN,UNKNOWN,UNKNOWN,UNKNOWN,unknown,https://patriotrail.com/services/transloading/,,listed,rebulk-directory (KGTR BNSF),,
Kinkisharyo International LLC,,,,PISCATAWAY,NJ,UNKNOWN,UNKNOWN,UNKNOWN,UNKNOWN,UNKNOWN,UNKNOWN,UNKNOWN,UNKNOWN,UNKNOWN,UNKNOWN,UNKNOWN,UNKNOWN,UNKNOWN,UNKNOWN,UNKNOWN,UNKNOWN,UNKNOWN,UNKNOWN,UNKNOWN,UNKNOWN,UNKNOWN,UNKNOWN,UNKNOWN,UNKNOWN,UNKNOWN,UNKNOWN,unknown,https://www.kinkisharyo.com/,,listed,rebulk-directory,,
Kinsdale Carriers Ltd,,sherry@kinsdale.com,,HAMILTON,ON,NO,NO,YES,NO,NO,NO,NO,NO,YES,NO,NO,NO,NO,NO,NO,NO,YES,NO,NO,NO,NO,NO,YES,NO,NO,NO,unknown,http://www.kinsdale.com/locations.html,dead_link,review,swl-internal,NOT_FOUND,low
Kinsdale Carriers Ltd,,sherry@kinsdale.com,,WOODSTOCK,ON,NO,NO,YES,NO,NO,NO,NO,NO,YES,NO,NO,NO,NO,NO,NO,NO,YES,NO,NO,NO,NO,NO,YES,NO,NO,NO,unknown,http://www.kinsdale.com/locations.html,dead_link,review,swl-internal,NOT_FOUND,low
Kinsdale Carriers Ltd,,sherry@kinsdale.com,,FARNHAM,PQ,NO,NO,YES,NO,NO,NO,NO,NO,YES,NO,NO,NO,NO,NO,NO,NO,YES,NO,NO,NO,NO,NO,YES,NO,NO,NO,unknown,http://www.kinsdale.com/locations.html,dead_link,review,swl-internal,NOT_FOUND,low
Kinston Railroad (KNR) - Jaguar Transport Holdings,,,,KINSTON,NC,UNKNOWN,UNKNOWN,UNKNOWN,UNKNOWN,UNKNOWN,UNKNOWN,UNKNOWN,UNKNOWN,UNKNOWN,UNKNOWN,UNKNOWN,UNKNOWN,UNKNOWN,UNKNOWN,UNKNOWN,UNKNOWN,UNKNOWN,UNKNOWN,UNKNOWN,UNKNOWN,UNKNOWN,UNKNOWN,UNKNOWN,UNKNOWN,UNKNOWN,UNKNOWN,unknown,https://jag-transport.com/kinston-railroad/,,listed,rebulk-directory (KNR NS),,
Kitchenman Terminal Co,,www.linkedin.com/in/sherry-taylor-dugan-692a7241,(215) 295-2945,FAIRLESS HILLS,PA,YES,NO,NO,YES,NO,NO,NO,NO,NO,NO,NO,NO,YES,NO,YES,NO,NO,NO,YES,YES,YES,NO,YES,YES,YES,NO,unknown,http://dev.goslingmedia.com/ktc/,,verified,swl-internal,OPERATIONAL,high
KK Integrated Logistics,Port of,,,MENOMINEE,MI,UNKNOWN,UNKNOWN,UNKNOWN,UNKNOWN,UNKNOWN,UNKNOWN,UNKNOWN,UNKNOWN,UNKNOWN,UNKNOWN,UNKNOWN,UNKNOWN,UNKNOWN,UNKNOWN,UNKNOWN,UNKNOWN,UNKNOWN,UNKNOWN,UNKNOWN,UNKNOWN,UNKNOWN,UNKNOWN,UNKNOWN,UNKNOWN,UNKNOWN,UNKNOWN,unknown,https://www.kkil.net/locations/warehousing-locations/,,listed,rebulk-directory (CN Escanaba & Lake Superior Railroad (ELS)),,
KK Integrated Logistics Green Bay Marine Terminal,,,,GREEN BAY,WI,UNKNOWN,UNKNOWN,UNKNOWN,UNKNOWN,UNKNOWN,UNKNOWN,UNKNOWN,UNKNOWN,UNKNOWN,UNKNOWN,UNKNOWN,UNKNOWN,UNKNOWN,UNKNOWN,UNKNOWN,UNKNOWN,UNKNOWN,UNKNOWN,UNKNOWN,UNKNOWN,UNKNOWN,UNKNOWN,UNKNOWN,UNKNOWN,UNKNOWN,UNKNOWN,unknown,https://www.kkil.net/locations/marine-terminals/,,listed,rebulk-directory (CN),,
Knowlton & Sons,,k93125@twcny.rr.com,,NORWOOD,NY,NO,NO,NO,NO,YES,NO,NO,NO,YES,NO,NO,NO,NO,YES,NO,NO,YES,NO,NO,NO,NO,NO,YES,NO,NO,NO,unknown,http://www.vrs.us.com/vrs_connect/vrs_conn_kands.html,,verified,swl-internal,OPERATIONAL,medium
Knoxville NS TBT,,,,KNOX SEVIER YARD,TN,UNKNOWN,UNKNOWN,UNKNOWN,UNKNOWN,UNKNOWN,UNKNOWN,UNKNOWN,UNKNOWN,UNKNOWN,UNKNOWN,UNKNOWN,UNKNOWN,UNKNOWN,UNKNOWN,UNKNOWN,UNKNOWN,UNKNOWN,UNKNOWN,UNKNOWN,UNKNOWN,UNKNOWN,UNKNOWN,UNKNOWN,UNKNOWN,UNKNOWN,UNKNOWN,unknown,https://www.nscorp.com,,listed,rebulk-directory (NS),,
Konoike Pacific,K-Pac,,,WILMINGTON,CA,UNKNOWN,UNKNOWN,UNKNOWN,UNKNOWN,UNKNOWN,UNKNOWN,UNKNOWN,UNKNOWN,UNKNOWN,UNKNOWN,UNKNOWN,UNKNOWN,UNKNOWN,UNKNOWN,UNKNOWN,UNKNOWN,UNKNOWN,UNKNOWN,UNKNOWN,UNKNOWN,UNKNOWN,UNKNOWN,UNKNOWN,UNKNOWN,UNKNOWN,UNKNOWN,unknown,https://www.konoike.net/en/company/group/us/konoike-pacific-california/,,listed,rebulk-directory (BNSF),,
Kyle Railroad,Transload,,,SCANDIA,KS,UNKNOWN,UNKNOWN,UNKNOWN,UNKNOWN,UNKNOWN,UNKNOWN,UNKNOWN,UNKNOWN,UNKNOWN,UNKNOWN,UNKNOWN,UNKNOWN,UNKNOWN,UNKNOWN,UNKNOWN,UNKNOWN,UNKNOWN,UNKNOWN,UNKNOWN,UNKNOWN,UNKNOWN,UNKNOWN,UNKNOWN,UNKNOWN,UNKNOWN,UNKNOWN,unknown,https://www.gwrr.com/kyle/,,listed,rebulk-directory (Kyle Railroad (KYLE)),,
L&M Storage,,,,EAST CHICAGO,IN,UNKNOWN,UNKNOWN,UNKNOWN,UNKNOWN,UNKNOWN,UNKNOWN,UNKNOWN,UNKNOWN,UNKNOWN,UNKNOWN,UNKNOWN,UNKNOWN,UNKNOWN,UNKNOWN,UNKNOWN,UNKNOWN,UNKNOWN,UNKNOWN,UNKNOWN,UNKNOWN,UNKNOWN,UNKNOWN,UNKNOWN,UNKNOWN,UNKNOWN,UNKNOWN,unknown,,,listed,rebulk-directory (IHB),,
L.G. Everist Inc,,msnoteboom@lgeverist.com,(970) 897-2611,CARR,CO,NO,NO,NO,NO,YES,NO,YES,YES,YES,YES,NO,YES,NO,NO,NO,NO,YES,NO,NO,YES,NO,NO,YES,NO,NO,NO,unknown,http://www.lgeverist.com/,,verified,swl-internal,OPERATIONAL,high
L.G. Everist Inc,,msnoteboom@lgeverist.com,(303) 287-4656,HENDERSON,CO,NO,NO,NO,NO,YES,NO,YES,YES,YES,YES,NO,YES,NO,NO,NO,NO,YES,NO,NO,YES,NO,NO,YES,NO,NO,NO,unknown,http://www.lgeverist.com/,,verified,swl-internal,OPERATIONAL,high
L.G. Everist Inc,,mahoffman@lgeverist.com,(712) 552-1347,HAWARDEN,IA,NO,NO,NO,NO,YES,NO,YES,YES,YES,YES,NO,YES,NO,NO,NO,NO,YES,NO,NO,YES,NO,NO,YES,NO,NO,NO,unknown,http://www.lgeverist.com/,,verified,swl-internal,OPERATIONAL,high
L.G. Everist Inc,,mahoffman@lgeverist.com,(712) 277-3312,SIOUX CITY,IA,NO,NO,NO,NO,YES,NO,YES,YES,YES,YES,NO,YES,NO,NO,NO,NO,YES,NO,NO,YES,NO,NO,YES,NO,NO,NO,unknown,http://www.lgeverist.com/,,verified,swl-internal,OPERATIONAL,high
L.G. Everist Inc,,mahoffman@lgeverist.com,(320) 839-6131,ORTONVILLE,MN,NO,NO,NO,NO,YES,NO,YES,YES,YES,YES,NO,YES,NO,NO,NO,NO,YES,NO,NO,YES,NO,NO,YES,NO,NO,NO,unknown,http://www.lgeverist.com/,,verified,swl-internal,OPERATIONAL,high
La Crosse Transload Facility,,,,LA CROSSE,IN,UNKNOWN,UNKNOWN,UNKNOWN,UNKNOWN,UNKNOWN,UNKNOWN,UNKNOWN,UNKNOWN,UNKNOWN,UNKNOWN,UNKNOWN,UNKNOWN,UNKNOWN,UNKNOWN,UNKNOWN,UNKNOWN,UNKNOWN,UNKNOWN,UNKNOWN,UNKNOWN,UNKNOWN,UNKNOWN,UNKNOWN,UNKNOWN,UNKNOWN,UNKNOWN,unknown,https://pinsly.com/railroads/chesapeake-indiana-railroad/,,listed,rebulk-directory (CKIN NS CSX),,
LA&L (B&H Rail),PA Transload,,,TURTLEPOINT,PA,UNKNOWN,UNKNOWN,UNKNOWN,UNKNOWN,UNKNOWN,UNKNOWN,UNKNOWN,UNKNOWN,UNKNOWN,UNKNOWN,UNKNOWN,UNKNOWN,UNKNOWN,UNKNOWN,UNKNOWN,UNKNOWN,UNKNOWN,UNKNOWN,UNKNOWN,UNKNOWN,UNKNOWN,UNKNOWN,UNKNOWN,UNKNOWN,UNKNOWN,UNKNOWN,unknown,https://lalrr.com/transload-locations/,,listed,"rebulk-directory (Livonia, Avo)",,
LA&L Railroad,HQ yard / The Farm,,,LAKEVILLE,NY,UNKNOWN,UNKNOWN,UNKNOWN,UNKNOWN,UNKNOWN,UNKNOWN,UNKNOWN,UNKNOWN,UNKNOWN,UNKNOWN,UNKNOWN,UNKNOWN,UNKNOWN,UNKNOWN,UNKNOWN,UNKNOWN,UNKNOWN,UNKNOWN,UNKNOWN,UNKNOWN,UNKNOWN,UNKNOWN,UNKNOWN,UNKNOWN,UNKNOWN,UNKNOWN,unknown,https://lalrr.com,,listed,"rebulk-directory (Livonia, Avo)",,
Labudde Group Incorporated,,,,RICHVILLE,MI,UNKNOWN,UNKNOWN,UNKNOWN,UNKNOWN,UNKNOWN,UNKNOWN,UNKNOWN,UNKNOWN,UNKNOWN,UNKNOWN,UNKNOWN,UNKNOWN,UNKNOWN,UNKNOWN,UNKNOWN,UNKNOWN,UNKNOWN,UNKNOWN,UNKNOWN,UNKNOWN,UNKNOWN,UNKNOWN,UNKNOWN,UNKNOWN,UNKNOWN,UNKNOWN,unknown,https://www.labudde.com/locations/richville-mi-warehouse/,,listed,rebulk-directory (G&W HESR),,
Lacassine Operating Company,,,,IOWA,LA,UNKNOWN,UNKNOWN,UNKNOWN,UNKNOWN,UNKNOWN,UNKNOWN,UNKNOWN,UNKNOWN,UNKNOWN,UNKNOWN,UNKNOWN,UNKNOWN,UNKNOWN,UNKNOWN,UNKNOWN,UNKNOWN,UNKNOWN,UNKNOWN,UNKNOWN,UNKNOWN,UNKNOWN,UNKNOWN,UNKNOWN,UNKNOWN,UNKNOWN,UNKNOWN,unknown,,,listed,rebulk-directory (BNSF),,
Lacassine Operating Company (LOC),,,,IOWA,LA,UNKNOWN,UNKNOWN,UNKNOWN,UNKNOWN,UNKNOWN,UNKNOWN,UNKNOWN,UNKNOWN,UNKNOWN,UNKNOWN,UNKNOWN,UNKNOWN,UNKNOWN,UNKNOWN,UNKNOWN,UNKNOWN,UNKNOWN,UNKNOWN,UNKNOWN,UNKNOWN,UNKNOWN,UNKNOWN,UNKNOWN,UNKNOWN,UNKNOWN,UNKNOWN,unknown,https://www.linkedin.com/company/lacassine-operating-company,,listed,rebulk-directory (BNSF UP),,
Lackawanna Coal Terminal,,,,BUFFALO,NY,UNKNOWN,UNKNOWN,UNKNOWN,UNKNOWN,UNKNOWN,UNKNOWN,UNKNOWN,UNKNOWN,UNKNOWN,UNKNOWN,UNKNOWN,UNKNOWN,UNKNOWN,UNKNOWN,UNKNOWN,UNKNOWN,UNKNOWN,UNKNOWN,UNKNOWN,UNKNOWN,UNKNOWN,UNKNOWN,UNKNOWN,UNKNOWN,UNKNOWN,UNKNOWN,unknown,https://www.gwrr.com/transload/lackawana-coal-terminal/,,listed,rebulk-directory (BPRR G&W),,
Lake State Railway,Transload,,,ALPENA,MI,UNKNOWN,UNKNOWN,UNKNOWN,UNKNOWN,UNKNOWN,UNKNOWN,UNKNOWN,UNKNOWN,UNKNOWN,UNKNOWN,UNKNOWN,UNKNOWN,UNKNOWN,UNKNOWN,UNKNOWN,UNKNOWN,UNKNOWN,UNKNOWN,UNKNOWN,UNKNOWN,UNKNOWN,UNKNOWN,UNKNOWN,UNKNOWN,UNKNOWN,UNKNOWN,unknown,https://www.lsrc.com/services/servtrans/,,listed,rebulk-directory (Lake State Railway (LSRC)),,
Lake State Railway,Transload,,,GAYLORD,MI,UNKNOWN,UNKNOWN,UNKNOWN,UNKNOWN,UNKNOWN,UNKNOWN,UNKNOWN,UNKNOWN,UNKNOWN,UNKNOWN,UNKNOWN,UNKNOWN,UNKNOWN,UNKNOWN,UNKNOWN,UNKNOWN,UNKNOWN,UNKNOWN,UNKNOWN,UNKNOWN,UNKNOWN,UNKNOWN,UNKNOWN,UNKNOWN,UNKNOWN,UNKNOWN,unknown,https://www.lsrc.com/services/servtrans/,,listed,rebulk-directory (Lake State Railway (LSRC)),,
Lake State Railway,Transload,,,GREENBUSH,MI,UNKNOWN,UNKNOWN,UNKNOWN,UNKNOWN,UNKNOWN,UNKNOWN,UNKNOWN,UNKNOWN,UNKNOWN,UNKNOWN,UNKNOWN,UNKNOWN,UNKNOWN,UNKNOWN,UNKNOWN,UNKNOWN,UNKNOWN,UNKNOWN,UNKNOWN,UNKNOWN,UNKNOWN,UNKNOWN,UNKNOWN,UNKNOWN,UNKNOWN,UNKNOWN,unknown,https://www.lsrc.com/services/servtrans/,,listed,rebulk-directory (Lake State Railway (LSRC)),,
Lake State Railway,Transload,,,SAGINAW,MI,UNKNOWN,UNKNOWN,UNKNOWN,UNKNOWN,UNKNOWN,UNKNOWN,UNKNOWN,UNKNOWN,UNKNOWN,UNKNOWN,UNKNOWN,UNKNOWN,UNKNOWN,UNKNOWN,UNKNOWN,UNKNOWN,UNKNOWN,UNKNOWN,UNKNOWN,UNKNOWN,UNKNOWN,UNKNOWN,UNKNOWN,UNKNOWN,UNKNOWN,UNKNOWN,unknown,https://www.lsrc.com/services/servtrans/,,listed,rebulk-directory (Lake State Railway (LSRC)),,
Lake State Railway,Transload,,,STANDISH,MI,UNKNOWN,UNKNOWN,UNKNOWN,UNKNOWN,UNKNOWN,UNKNOWN,UNKNOWN,UNKNOWN,UNKNOWN,UNKNOWN,UNKNOWN,UNKNOWN,UNKNOWN,UNKNOWN,UNKNOWN,UNKNOWN,UNKNOWN,UNKNOWN,UNKNOWN,UNKNOWN,UNKNOWN,UNKNOWN,UNKNOWN,UNKNOWN,UNKNOWN,UNKNOWN,unknown,https://www.lsrc.com/services/servtrans/,,listed,rebulk-directory (Lake State Railway (LSRC)),,
Lake Superior Warehousing Co,,,,DULUTH,MN,UNKNOWN,UNKNOWN,UNKNOWN,UNKNOWN,UNKNOWN,UNKNOWN,UNKNOWN,UNKNOWN,UNKNOWN,UNKNOWN,UNKNOWN,UNKNOWN,UNKNOWN,UNKNOWN,UNKNOWN,UNKNOWN,UNKNOWN,UNKNOWN,UNKNOWN,UNKNOWN,UNKNOWN,UNKNOWN,UNKNOWN,UNKNOWN,UNKNOWN,UNKNOWN,unknown,https://lakesuperiorwarehousing.com/,,listed,rebulk-directory (BNSF);bnsf-premier-flipbook,,
Lake Terminal Transload,,,,LORAIN,OH,UNKNOWN,UNKNOWN,UNKNOWN,UNKNOWN,UNKNOWN,UNKNOWN,UNKNOWN,UNKNOWN,UNKNOWN,UNKNOWN,UNKNOWN,UNKNOWN,UNKNOWN,UNKNOWN,UNKNOWN,UNKNOWN,UNKNOWN,UNKNOWN,UNKNOWN,UNKNOWN,UNKNOWN,UNKNOWN,UNKNOWN,UNKNOWN,UNKNOWN,UNKNOWN,unknown,https://www.transtarrail.com,,listed,rebulk-directory (LT NS),,
Lambert's Point Docks Inc.,,,,NORFOLK,VA,UNKNOWN,UNKNOWN,UNKNOWN,UNKNOWN,UNKNOWN,UNKNOWN,UNKNOWN,UNKNOWN,UNKNOWN,UNKNOWN,UNKNOWN,UNKNOWN,UNKNOWN,UNKNOWN,UNKNOWN,UNKNOWN,UNKNOWN,UNKNOWN,UNKNOWN,UNKNOWN,UNKNOWN,UNKNOWN,UNKNOWN,UNKNOWN,UNKNOWN,UNKNOWN,unknown,http://www.nscorp.com/content/nscorp/en/get-to-kn*,,listed,rebulk-directory (NS),,
Lancaster Transload Track,,,,LANCASTER,SC,UNKNOWN,UNKNOWN,UNKNOWN,UNKNOWN,UNKNOWN,UNKNOWN,UNKNOWN,UNKNOWN,UNKNOWN,UNKNOWN,UNKNOWN,UNKNOWN,UNKNOWN,UNKNOWN,UNKNOWN,UNKNOWN,UNKNOWN,UNKNOWN,UNKNOWN,UNKNOWN,UNKNOWN,UNKNOWN,UNKNOWN,UNKNOWN,UNKNOWN,UNKNOWN,unknown,https://gulfandohio.com/l-c,,listed,rebulk-directory (Lancaster & Chester Railroad (LC) CSX NS),,
Land Rush Rail,Transload,,,BLACKWELL,OK,UNKNOWN,UNKNOWN,UNKNOWN,UNKNOWN,UNKNOWN,UNKNOWN,UNKNOWN,UNKNOWN,UNKNOWN,UNKNOWN,UNKNOWN,UNKNOWN,UNKNOWN,UNKNOWN,UNKNOWN,UNKNOWN,UNKNOWN,UNKNOWN,UNKNOWN,UNKNOWN,UNKNOWN,UNKNOWN,UNKNOWN,UNKNOWN,UNKNOWN,UNKNOWN,unknown,https://www.farmrail.com/,,listed,rebulk-directory (LRR BNSF),,
Lanier Cold Storage,,,,LULA,GA,UNKNOWN,UNKNOWN,UNKNOWN,UNKNOWN,UNKNOWN,UNKNOWN,UNKNOWN,UNKNOWN,UNKNOWN,UNKNOWN,UNKNOWN,UNKNOWN,UNKNOWN,UNKNOWN,UNKNOWN,UNKNOWN,UNKNOWN,UNKNOWN,UNKNOWN,UNKNOWN,UNKNOWN,UNKNOWN,UNKNOWN,UNKNOWN,UNKNOWN,UNKNOWN,unknown,https://www.americold.com/facilities/lula/,,listed,rebulk-directory (NS),,
Lansberry Trucking,Transload,,,CRESSON,PA,UNKNOWN,UNKNOWN,UNKNOWN,UNKNOWN,UNKNOWN,UNKNOWN,UNKNOWN,UNKNOWN,UNKNOWN,UNKNOWN,UNKNOWN,UNKNOWN,UNKNOWN,UNKNOWN,UNKNOWN,UNKNOWN,UNKNOWN,UNKNOWN,UNKNOWN,UNKNOWN,UNKNOWN,UNKNOWN,UNKNOWN,UNKNOWN,UNKNOWN,UNKNOWN,unknown,https://www.lansberrytrucking.com/,,listed,rebulk-directory (R.J. Corman Railroad Pennsylvania Lines (RJCP)),,
Lansberry Trucking,Transload,,,PENFIELD,PA,UNKNOWN,UNKNOWN,UNKNOWN,UNKNOWN,UNKNOWN,UNKNOWN,UNKNOWN,UNKNOWN,UNKNOWN,UNKNOWN,UNKNOWN,UNKNOWN,UNKNOWN,UNKNOWN,UNKNOWN,UNKNOWN,UNKNOWN,UNKNOWN,UNKNOWN,UNKNOWN,UNKNOWN,UNKNOWN,UNKNOWN,UNKNOWN,UNKNOWN,UNKNOWN,unknown,https://www.lansberrytrucking.com/,,listed,rebulk-directory (Buffalo & Pittsburgh Railroad (BPRR)),,
Lansdale Warehouse Company,,,,LANSDALE,PA,UNKNOWN,UNKNOWN,UNKNOWN,UNKNOWN,UNKNOWN,UNKNOWN,UNKNOWN,UNKNOWN,UNKNOWN,UNKNOWN,UNKNOWN,UNKNOWN,UNKNOWN,UNKNOWN,UNKNOWN,UNKNOWN,UNKNOWN,UNKNOWN,UNKNOWN,UNKNOWN,UNKNOWN,UNKNOWN,UNKNOWN,UNKNOWN,UNKNOWN,UNKNOWN,unknown,https://www.lansdalewarehouse.com/our-locations/,,listed,rebulk-directory (CSX PN),,
LaSalle County Transfer LLC,,,,UTICA,IL,UNKNOWN,UNKNOWN,UNKNOWN,UNKNOWN,UNKNOWN,UNKNOWN,UNKNOWN,UNKNOWN,UNKNOWN,UNKNOWN,UNKNOWN,UNKNOWN,UNKNOWN,UNKNOWN,UNKNOWN,UNKNOWN,UNKNOWN,UNKNOWN,UNKNOWN,UNKNOWN,UNKNOWN,UNKNOWN,UNKNOWN,UNKNOWN,UNKNOWN,UNKNOWN,unknown,https://lasallecountytransfer.com/,,listed,rebulk-directory (UP),,
Laser Transit Rail-Served Warehouse,,,,LACONA,NY,UNKNOWN,UNKNOWN,UNKNOWN,UNKNOWN,UNKNOWN,UNKNOWN,UNKNOWN,UNKNOWN,UNKNOWN,UNKNOWN,UNKNOWN,UNKNOWN,UNKNOWN,UNKNOWN,UNKNOWN,UNKNOWN,UNKNOWN,UNKNOWN,UNKNOWN,UNKNOWN,UNKNOWN,UNKNOWN,UNKNOWN,UNKNOWN,UNKNOWN,UNKNOWN,unknown,https://www.lasertransit.com/,,listed,rebulk-directory (CSX),,
Laub International Inc.,,,,BUFFALO,NY,UNKNOWN,UNKNOWN,UNKNOWN,UNKNOWN,UNKNOWN,UNKNOWN,UNKNOWN,UNKNOWN,UNKNOWN,UNKNOWN,UNKNOWN,UNKNOWN,UNKNOWN,UNKNOWN,UNKNOWN,UNKNOWN,UNKNOWN,UNKNOWN,UNKNOWN,UNKNOWN,UNKNOWN,UNKNOWN,UNKNOWN,UNKNOWN,UNKNOWN,UNKNOWN,unknown,https://www.laubinternational.com,,listed,rebulk-directory (NS),,
Laufer Kansas City Transload and Fumigation Facility,,,,BELTON,MO,UNKNOWN,UNKNOWN,UNKNOWN,UNKNOWN,UNKNOWN,UNKNOWN,UNKNOWN,UNKNOWN,UNKNOWN,UNKNOWN,UNKNOWN,UNKNOWN,UNKNOWN,UNKNOWN,UNKNOWN,UNKNOWN,UNKNOWN,UNKNOWN,UNKNOWN,UNKNOWN,UNKNOWN,UNKNOWN,UNKNOWN,UNKNOWN,UNKNOWN,UNKNOWN,unknown,https://lgi.laufer.com/insights/the-ultimate-kansas-city-terminal-guide/,,listed,rebulk-directory (CPKC BNSF CSX NS + 1),,
Laurinburg & Southern Railroad Transload Facility,,,,LAURINBURG,NC,UNKNOWN,UNKNOWN,UNKNOWN,UNKNOWN,UNKNOWN,UNKNOWN,UNKNOWN,UNKNOWN,UNKNOWN,UNKNOWN,UNKNOWN,UNKNOWN,UNKNOWN,UNKNOWN,UNKNOWN,UNKNOWN,UNKNOWN,UNKNOWN,UNKNOWN,UNKNOWN,UNKNOWN,UNKNOWN,UNKNOWN,UNKNOWN,UNKNOWN,UNKNOWN,unknown,https://gulfandohio.com/laurinburg-and-southern,,listed,rebulk-directory (Laurinburg & Southern Railroad (LRS) CSX),,
Law Warehouse,,,,NASHUA,NH,UNKNOWN,UNKNOWN,UNKNOWN,UNKNOWN,UNKNOWN,UNKNOWN,UNKNOWN,UNKNOWN,UNKNOWN,UNKNOWN,UNKNOWN,UNKNOWN,UNKNOWN,UNKNOWN,UNKNOWN,UNKNOWN,UNKNOWN,UNKNOWN,UNKNOWN,UNKNOWN,UNKNOWN,UNKNOWN,UNKNOWN,UNKNOWN,UNKNOWN,UNKNOWN,unknown,https://www.lawlogistics.com/,,listed,rebulk-directory (CSX),,
LBC Baton Rouge Terminal,,,,SUNSHINE,LA,UNKNOWN,UNKNOWN,UNKNOWN,UNKNOWN,UNKNOWN,UNKNOWN,UNKNOWN,UNKNOWN,UNKNOWN,UNKNOWN,UNKNOWN,UNKNOWN,UNKNOWN,UNKNOWN,UNKNOWN,UNKNOWN,UNKNOWN,UNKNOWN,UNKNOWN,UNKNOWN,UNKNOWN,UNKNOWN,UNKNOWN,UNKNOWN,UNKNOWN,UNKNOWN,unknown,https://www.lbctt.com/location/lbc-baton-rouge/,,listed,rebulk-directory (CN),,
Le Mars Public Storage,,,,LE MARS,IA,UNKNOWN,UNKNOWN,UNKNOWN,UNKNOWN,UNKNOWN,UNKNOWN,UNKNOWN,UNKNOWN,UNKNOWN,UNKNOWN,UNKNOWN,UNKNOWN,UNKNOWN,UNKNOWN,UNKNOWN,UNKNOWN,UNKNOWN,UNKNOWN,UNKNOWN,UNKNOWN,UNKNOWN,UNKNOWN,UNKNOWN,UNKNOWN,UNKNOWN,UNKNOWN,unknown,,,listed,rebulk-directory (BNSF),,
Leaman Place Yard Transload,,,,GORDONVILLE,PA,UNKNOWN,UNKNOWN,UNKNOWN,UNKNOWN,UNKNOWN,UNKNOWN,UNKNOWN,UNKNOWN,UNKNOWN,UNKNOWN,UNKNOWN,UNKNOWN,UNKNOWN,UNKNOWN,UNKNOWN,UNKNOWN,UNKNOWN,UNKNOWN,UNKNOWN,UNKNOWN,UNKNOWN,UNKNOWN,UNKNOWN,UNKNOWN,UNKNOWN,UNKNOWN,unknown,https://www.strasburgrailroad.com/freight/,,listed,rebulk-directory (NS SRC),,
Lenox Valley Waste Transfer Facility,,,,LENOX,MA,UNKNOWN,UNKNOWN,UNKNOWN,UNKNOWN,UNKNOWN,UNKNOWN,UNKNOWN,UNKNOWN,UNKNOWN,UNKNOWN,UNKNOWN,UNKNOWN,UNKNOWN,UNKNOWN,UNKNOWN,UNKNOWN,UNKNOWN,UNKNOWN,UNKNOWN,UNKNOWN,UNKNOWN,UNKNOWN,UNKNOWN,UNKNOWN,UNKNOWN,UNKNOWN,unknown,https://www.lenoxvalleywtf.com/,,listed,rebulk-directory (Housatonic Railroad (HRRC)),,
Levin Richmond Terminal,,,,RICHMOND,CA,UNKNOWN,UNKNOWN,UNKNOWN,UNKNOWN,UNKNOWN,UNKNOWN,UNKNOWN,UNKNOWN,UNKNOWN,UNKNOWN,UNKNOWN,UNKNOWN,UNKNOWN,UNKNOWN,UNKNOWN,UNKNOWN,UNKNOWN,UNKNOWN,UNKNOWN,UNKNOWN,UNKNOWN,UNKNOWN,UNKNOWN,UNKNOWN,UNKNOWN,UNKNOWN,unknown,https://www.levinterminal.com/,,listed,rebulk-directory (RPRC BNSF UP),,
Liberty Reload Services,,libertyreload@gmail.com,(828) 352-9116,TAYLORSVILLE,NC,NO,NO,NO,NO,NO,NO,NO,YES,NO,NO,YES,NO,NO,NO,NO,NO,NO,NO,NO,NO,NO,NO,YES,NO,NO,NO,unknown,https://libertysheds.com/taylorsville,,verified,swl-internal,OPERATIONAL,medium
Lighthouse Logistics USA,,,,NORTH LAS VEGAS,NV,UNKNOWN,UNKNOWN,UNKNOWN,UNKNOWN,UNKNOWN,UNKNOWN,UNKNOWN,UNKNOWN,UNKNOWN,UNKNOWN,UNKNOWN,UNKNOWN,UNKNOWN,UNKNOWN,UNKNOWN,UNKNOWN,UNKNOWN,UNKNOWN,UNKNOWN,UNKNOWN,UNKNOWN,UNKNOWN,UNKNOWN,UNKNOWN,UNKNOWN,UNKNOWN,unknown,https://lighthouselogistics.wordpress.com/,,listed,rebulk-directory (UP),,
"Limon, CO Spur Track",,,,LIMON,CO,UNKNOWN,UNKNOWN,UNKNOWN,UNKNOWN,UNKNOWN,UNKNOWN,UNKNOWN,UNKNOWN,UNKNOWN,UNKNOWN,UNKNOWN,UNKNOWN,UNKNOWN,UNKNOWN,UNKNOWN,UNKNOWN,UNKNOWN,UNKNOWN,UNKNOWN,UNKNOWN,UNKNOWN,UNKNOWN,UNKNOWN,UNKNOWN,UNKNOWN,UNKNOWN,unknown,https://www.gwrr.com/transload/limon-co-spur-track/,,listed,rebulk-directory (G&W KYLE),,
Lincoln Terminal Company,Unit Train Terminal,,,BIRMINGHAM,AL,UNKNOWN,UNKNOWN,UNKNOWN,UNKNOWN,UNKNOWN,UNKNOWN,UNKNOWN,UNKNOWN,UNKNOWN,UNKNOWN,UNKNOWN,UNKNOWN,UNKNOWN,UNKNOWN,UNKNOWN,UNKNOWN,UNKNOWN,UNKNOWN,UNKNOWN,UNKNOWN,UNKNOWN,UNKNOWN,UNKNOWN,UNKNOWN,UNKNOWN,UNKNOWN,unknown,https://lincolnenergysolutions.com/terminals/,,listed,rebulk-directory (BNSF),,
Lincoln Terminal Company,Biodiesel Transload,,,KANSAS CITY,KS,UNKNOWN,UNKNOWN,UNKNOWN,UNKNOWN,UNKNOWN,UNKNOWN,UNKNOWN,UNKNOWN,UNKNOWN,UNKNOWN,UNKNOWN,UNKNOWN,UNKNOWN,UNKNOWN,UNKNOWN,UNKNOWN,UNKNOWN,UNKNOWN,UNKNOWN,UNKNOWN,UNKNOWN,UNKNOWN,UNKNOWN,UNKNOWN,UNKNOWN,UNKNOWN,unknown,https://lincolnenergysolutions.com/terminals/,,listed,rebulk-directory (BNSF UP),,
Lincoln Transload & Processing,,,,LINCOLN,IL,UNKNOWN,UNKNOWN,UNKNOWN,UNKNOWN,UNKNOWN,UNKNOWN,UNKNOWN,UNKNOWN,UNKNOWN,UNKNOWN,UNKNOWN,UNKNOWN,UNKNOWN,UNKNOWN,UNKNOWN,UNKNOWN,UNKNOWN,UNKNOWN,UNKNOWN,UNKNOWN,UNKNOWN,UNKNOWN,UNKNOWN,UNKNOWN,UNKNOWN,UNKNOWN,unknown,https://lincolntransloadpro.com/,,listed,rebulk-directory (UP),,
Lineage,Charleston Remount Road,,,NORTH CHARLESTON,SC,UNKNOWN,UNKNOWN,UNKNOWN,UNKNOWN,UNKNOWN,UNKNOWN,UNKNOWN,UNKNOWN,UNKNOWN,UNKNOWN,UNKNOWN,UNKNOWN,UNKNOWN,UNKNOWN,UNKNOWN,UNKNOWN,UNKNOWN,UNKNOWN,UNKNOWN,UNKNOWN,UNKNOWN,UNKNOWN,UNKNOWN,UNKNOWN,UNKNOWN,UNKNOWN,unknown,https://www.onelineage.com/,,listed,rebulk-directory (CSX NS),,
Lineage Logistics,,,,ATTALLA,AL,UNKNOWN,UNKNOWN,UNKNOWN,UNKNOWN,UNKNOWN,UNKNOWN,UNKNOWN,UNKNOWN,UNKNOWN,UNKNOWN,UNKNOWN,UNKNOWN,UNKNOWN,UNKNOWN,UNKNOWN,UNKNOWN,UNKNOWN,UNKNOWN,UNKNOWN,UNKNOWN,UNKNOWN,UNKNOWN,UNKNOWN,UNKNOWN,UNKNOWN,UNKNOWN,unknown,https://www.onelineage.com/,,listed,rebulk-directory (NS),,
Lineage Logistics,,,,OTTUMWA,IA,UNKNOWN,UNKNOWN,UNKNOWN,UNKNOWN,UNKNOWN,UNKNOWN,UNKNOWN,UNKNOWN,UNKNOWN,UNKNOWN,UNKNOWN,UNKNOWN,UNKNOWN,UNKNOWN,UNKNOWN,UNKNOWN,UNKNOWN,UNKNOWN,UNKNOWN,UNKNOWN,UNKNOWN,UNKNOWN,UNKNOWN,UNKNOWN,UNKNOWN,UNKNOWN,unknown,https://www.onelineage.com/facilities/ottumwa,,listed,rebulk-directory (BNSF),,
Lineage Logistics,,,,LAFAYETTE,IN,UNKNOWN,UNKNOWN,UNKNOWN,UNKNOWN,UNKNOWN,UNKNOWN,UNKNOWN,UNKNOWN,UNKNOWN,UNKNOWN,UNKNOWN,UNKNOWN,UNKNOWN,UNKNOWN,UNKNOWN,UNKNOWN,UNKNOWN,UNKNOWN,UNKNOWN,UNKNOWN,UNKNOWN,UNKNOWN,UNKNOWN,UNKNOWN,UNKNOWN,UNKNOWN,unknown,https://www.onelineage.eu/en/facilities/lafayette,,listed,rebulk-directory (NS),,
Lineage Logistics,,,,NEW ORLEANS,LA,UNKNOWN,UNKNOWN,UNKNOWN,UNKNOWN,UNKNOWN,UNKNOWN,UNKNOWN,UNKNOWN,UNKNOWN,UNKNOWN,UNKNOWN,UNKNOWN,UNKNOWN,UNKNOWN,UNKNOWN,UNKNOWN,UNKNOWN,UNKNOWN,UNKNOWN,UNKNOWN,UNKNOWN,UNKNOWN,UNKNOWN,UNKNOWN,UNKNOWN,UNKNOWN,unknown,https://www.onelineage.com/,,listed,rebulk-directory (BNSF),,
Lineage Logistics,,,,SAINT LOUIS,MO,UNKNOWN,UNKNOWN,UNKNOWN,UNKNOWN,UNKNOWN,UNKNOWN,UNKNOWN,UNKNOWN,UNKNOWN,UNKNOWN,UNKNOWN,UNKNOWN,UNKNOWN,UNKNOWN,UNKNOWN,UNKNOWN,UNKNOWN,UNKNOWN,UNKNOWN,UNKNOWN,UNKNOWN,UNKNOWN,UNKNOWN,UNKNOWN,UNKNOWN,UNKNOWN,unknown,https://www.onelineage.com/,,listed,rebulk-directory (BNSF),,
Lineage Logistics,,,,TACOMA,WA,UNKNOWN,UNKNOWN,UNKNOWN,UNKNOWN,UNKNOWN,UNKNOWN,UNKNOWN,UNKNOWN,UNKNOWN,UNKNOWN,UNKNOWN,UNKNOWN,UNKNOWN,UNKNOWN,UNKNOWN,UNKNOWN,UNKNOWN,UNKNOWN,UNKNOWN,UNKNOWN,UNKNOWN,UNKNOWN,UNKNOWN,UNKNOWN,UNKNOWN,UNKNOWN,unknown,https://www.onelineage.com/,,listed,rebulk-directory (Tacoma Rail (TMBL) BNSF UP),,
Lineage Logistics LLC,,,,OMAHA,NE,UNKNOWN,UNKNOWN,UNKNOWN,UNKNOWN,UNKNOWN,UNKNOWN,UNKNOWN,UNKNOWN,UNKNOWN,UNKNOWN,UNKNOWN,UNKNOWN,UNKNOWN,UNKNOWN,UNKNOWN,UNKNOWN,UNKNOWN,UNKNOWN,UNKNOWN,UNKNOWN,UNKNOWN,UNKNOWN,UNKNOWN,UNKNOWN,UNKNOWN,UNKNOWN,unknown,,,listed,rebulk-directory (BNSF),,
Lineage Logistics Warehouse & Cold Storage,,,,BROCKPORT,NY,UNKNOWN,UNKNOWN,UNKNOWN,UNKNOWN,UNKNOWN,UNKNOWN,UNKNOWN,UNKNOWN,UNKNOWN,UNKNOWN,UNKNOWN,UNKNOWN,UNKNOWN,UNKNOWN,UNKNOWN,UNKNOWN,UNKNOWN,UNKNOWN,UNKNOWN,UNKNOWN,UNKNOWN,UNKNOWN,UNKNOWN,UNKNOWN,UNKNOWN,UNKNOWN,unknown,https://www.gvtrail.com/region/western-new-york/,,listed,rebulk-directory (Falls Road Railroad (FRR)),,
Lineage Luverne,,,,LUVERNE,MN,UNKNOWN,UNKNOWN,UNKNOWN,UNKNOWN,UNKNOWN,UNKNOWN,UNKNOWN,UNKNOWN,UNKNOWN,UNKNOWN,UNKNOWN,UNKNOWN,UNKNOWN,UNKNOWN,UNKNOWN,UNKNOWN,UNKNOWN,UNKNOWN,UNKNOWN,UNKNOWN,UNKNOWN,UNKNOWN,UNKNOWN,UNKNOWN,UNKNOWN,UNKNOWN,unknown,https://www.onelineage.com/facilities/luverne,,listed,rebulk-directory (Ellis & Eastern (E&E)),,
Linn West Tangent Transload Facility,,,,TANGENT,OR,UNKNOWN,UNKNOWN,UNKNOWN,UNKNOWN,UNKNOWN,UNKNOWN,UNKNOWN,UNKNOWN,UNKNOWN,UNKNOWN,UNKNOWN,UNKNOWN,UNKNOWN,UNKNOWN,UNKNOWN,UNKNOWN,UNKNOWN,UNKNOWN,UNKNOWN,UNKNOWN,UNKNOWN,UNKNOWN,UNKNOWN,UNKNOWN,UNKNOWN,UNKNOWN,unknown,https://linnwest.com/rail-transloading-services/,,listed,rebulk-directory (UP),,
Liquid Titan LLC,,johnknight@knightfamilycompanies.com,,PARKER,AZ,NO,YES,NO,YES,NO,NO,NO,NO,NO,YES,NO,NO,YES,NO,YES,NO,NO,NO,NO,YES,YES,NO,YES,NO,YES,NO,unknown,http://www.liquidtitan.com/terminal/,,review,swl-internal,CLOSED_TEMPORARILY,high
Liquid Transfer Terminal,,liquidtransferga@gmail.com,(229) 246-7880,BAINBRIDGE,GA,NO,NO,NO,YES,NO,NO,NO,NO,NO,YES,NO,NO,YES,NO,YES,NO,NO,NO,NO,YES,YES,NO,YES,YES,YES,NO,unknown,http://liquidtransfer.us/,,verified,swl-internal,OPERATIONAL,high
Liquid Transfer Terminal,,lttbaltimore@gmail.com,(410) 354-3055,BALTIMORE,MD,NO,NO,NO,YES,NO,NO,NO,NO,NO,YES,NO,NO,YES,NO,YES,NO,NO,NO,NO,YES,YES,NO,YES,YES,YES,NO,unknown,http://liquidtransfer.us/,,verified,swl-internal,OPERATIONAL,high
Liquid Transport Corp,,dgrossett@liquidtransport.com,(816) 781-6200,KANSAS CITY,MO,YES,NO,NO,YES,NO,NO,NO,NO,NO,YES,NO,NO,NO,NO,YES,NO,NO,NO,NO,YES,NO,NO,YES,NO,YES,YES,unknown,http://www.liquidtransport.com/,,verified,swl-internal,OPERATIONAL,high
Liquids Transloading Ltd,,www.linkedin.com/in/derrek-dobko-9b445b18,,CALMAR,AB,YES,NO,YES,YES,NO,NO,YES,NO,YES,YES,YES,NO,YES,NO,YES,NO,YES,NO,NO,YES,YES,NO,YES,YES,YES,NO,unknown,https://www.liquidsinmotion.com/transloading-services,,verified,swl-internal,NOT_FOUND,none
Liquids Transloading Ltd,,www.linkedin.com/in/derrek-dobko-9b445b18,+1 780-985-3393,LEDUC COUNTY,AB,YES,NO,YES,YES,NO,NO,YES,NO,YES,YES,YES,NO,YES,NO,YES,NO,YES,NO,NO,YES,YES,NO,YES,YES,YES,NO,unknown,http://liquidstransloading.com/,,verified,swl-internal,OPERATIONAL,high
Little Kanawha River Rail Parkersburg Transload Facility,,,,PARKERSBURG,WV,UNKNOWN,UNKNOWN,UNKNOWN,UNKNOWN,UNKNOWN,UNKNOWN,UNKNOWN,UNKNOWN,UNKNOWN,UNKNOWN,UNKNOWN,UNKNOWN,UNKNOWN,UNKNOWN,UNKNOWN,UNKNOWN,UNKNOWN,UNKNOWN,UNKNOWN,UNKNOWN,UNKNOWN,UNKNOWN,UNKNOWN,UNKNOWN,UNKNOWN,UNKNOWN,unknown,https://lkrail.com/,,listed,rebulk-directory (Little Kanawha River Rail (LKRR) CSX),,
Livonia Avon & Lakeville Railroad Corp.,,,,LAKEVILLE,NY,UNKNOWN,UNKNOWN,UNKNOWN,UNKNOWN,UNKNOWN,UNKNOWN,UNKNOWN,UNKNOWN,UNKNOWN,UNKNOWN,UNKNOWN,UNKNOWN,UNKNOWN,UNKNOWN,UNKNOWN,UNKNOWN,UNKNOWN,UNKNOWN,UNKNOWN,UNKNOWN,UNKNOWN,UNKNOWN,UNKNOWN,UNKNOWN,UNKNOWN,UNKNOWN,unknown,https://WWW.LALRR.COM,,listed,rebulk-directory (LAL NS),,
LMC Industrial Contractors,,,,DANSVILLE,NY,UNKNOWN,UNKNOWN,UNKNOWN,UNKNOWN,UNKNOWN,UNKNOWN,UNKNOWN,UNKNOWN,UNKNOWN,UNKNOWN,UNKNOWN,UNKNOWN,UNKNOWN,UNKNOWN,UNKNOWN,UNKNOWN,UNKNOWN,UNKNOWN,UNKNOWN,UNKNOWN,UNKNOWN,UNKNOWN,UNKNOWN,UNKNOWN,UNKNOWN,UNKNOWN,unknown,https://www.lmcic.com/,,listed,rebulk-directory (G&W RSR),,
Locke Farms,,,,DAWSON,GA,UNKNOWN,UNKNOWN,UNKNOWN,UNKNOWN,UNKNOWN,UNKNOWN,UNKNOWN,UNKNOWN,UNKNOWN,UNKNOWN,UNKNOWN,UNKNOWN,UNKNOWN,UNKNOWN,UNKNOWN,UNKNOWN,UNKNOWN,UNKNOWN,UNKNOWN,UNKNOWN,UNKNOWN,UNKNOWN,UNKNOWN,UNKNOWN,UNKNOWN,UNKNOWN,unknown,,,listed,rebulk-directory (G&W GSWR),,
Lockport 3T Transload,,,,LOCKPORT,NY,UNKNOWN,UNKNOWN,UNKNOWN,UNKNOWN,UNKNOWN,UNKNOWN,UNKNOWN,UNKNOWN,UNKNOWN,UNKNOWN,UNKNOWN,UNKNOWN,UNKNOWN,UNKNOWN,UNKNOWN,UNKNOWN,UNKNOWN,UNKNOWN,UNKNOWN,UNKNOWN,UNKNOWN,UNKNOWN,UNKNOWN,UNKNOWN,UNKNOWN,UNKNOWN,unknown,https://www.gvtrail.com/region/western-new-york/,,listed,rebulk-directory (Falls Road Railroad (FRR)),,
Logan Transload,,,,LOGAN,OH,UNKNOWN,UNKNOWN,UNKNOWN,UNKNOWN,UNKNOWN,UNKNOWN,UNKNOWN,UNKNOWN,UNKNOWN,UNKNOWN,UNKNOWN,UNKNOWN,UNKNOWN,UNKNOWN,UNKNOWN,UNKNOWN,UNKNOWN,UNKNOWN,UNKNOWN,UNKNOWN,UNKNOWN,UNKNOWN,UNKNOWN,UNKNOWN,UNKNOWN,UNKNOWN,unknown,https://www.gwrr.com/transload/logan-transload/,,listed,rebulk-directory (G&W IORY),,
Logistec Corp,,,,NEW LONDON,CT,UNKNOWN,UNKNOWN,UNKNOWN,UNKNOWN,UNKNOWN,UNKNOWN,UNKNOWN,UNKNOWN,UNKNOWN,UNKNOWN,UNKNOWN,UNKNOWN,UNKNOWN,UNKNOWN,UNKNOWN,UNKNOWN,UNKNOWN,UNKNOWN,UNKNOWN,UNKNOWN,UNKNOWN,UNKNOWN,UNKNOWN,UNKNOWN,UNKNOWN,UNKNOWN,unknown,https://enstructure.com/network/northeast/,,listed,rebulk-directory (G&W NECR),,
LOGISTEC Green Bay Terminal,,,,GREEN BAY,WI,UNKNOWN,UNKNOWN,UNKNOWN,UNKNOWN,UNKNOWN,UNKNOWN,UNKNOWN,UNKNOWN,UNKNOWN,UNKNOWN,UNKNOWN,UNKNOWN,UNKNOWN,UNKNOWN,UNKNOWN,UNKNOWN,UNKNOWN,UNKNOWN,UNKNOWN,UNKNOWN,UNKNOWN,UNKNOWN,UNKNOWN,UNKNOWN,UNKNOWN,UNKNOWN,unknown,https://www.logistecterminals.com/network/green-bay/,,listed,rebulk-directory (CN),,
LOGISTEC Itawamba Terminal,,,,FULTON,MS,UNKNOWN,UNKNOWN,UNKNOWN,UNKNOWN,UNKNOWN,UNKNOWN,UNKNOWN,UNKNOWN,UNKNOWN,UNKNOWN,UNKNOWN,UNKNOWN,UNKNOWN,UNKNOWN,UNKNOWN,UNKNOWN,UNKNOWN,UNKNOWN,UNKNOWN,UNKNOWN,UNKNOWN,UNKNOWN,UNKNOWN,UNKNOWN,UNKNOWN,UNKNOWN,unknown,https://www.logistecterminals.com/network/itwamba/,,listed,rebulk-directory (Mississippian Railway (MSRW) BNSF CPKC),,
LOGISTEC New Bedford Terminal,,,,NEW BEDFORD,MA,UNKNOWN,UNKNOWN,UNKNOWN,UNKNOWN,UNKNOWN,UNKNOWN,UNKNOWN,UNKNOWN,UNKNOWN,UNKNOWN,UNKNOWN,UNKNOWN,UNKNOWN,UNKNOWN,UNKNOWN,UNKNOWN,UNKNOWN,UNKNOWN,UNKNOWN,UNKNOWN,UNKNOWN,UNKNOWN,UNKNOWN,UNKNOWN,UNKNOWN,UNKNOWN,unknown,https://www.logistecterminals.com/network/new-bedford/,,listed,rebulk-directory (Massachusetts Coastal Railroad (MC)),,
LOGISTEC Pascagoula Terminal,,,,PASCAGOULA,MS,UNKNOWN,UNKNOWN,UNKNOWN,UNKNOWN,UNKNOWN,UNKNOWN,UNKNOWN,UNKNOWN,UNKNOWN,UNKNOWN,UNKNOWN,UNKNOWN,UNKNOWN,UNKNOWN,UNKNOWN,UNKNOWN,UNKNOWN,UNKNOWN,UNKNOWN,UNKNOWN,UNKNOWN,UNKNOWN,UNKNOWN,UNKNOWN,UNKNOWN,UNKNOWN,unknown,https://www.logistecterminals.com/network/pacagoula-ms/,,listed,rebulk-directory (CSX),,
Logistec Port Manatee Terminal,,,,PALMETTO,FL,UNKNOWN,UNKNOWN,UNKNOWN,UNKNOWN,UNKNOWN,UNKNOWN,UNKNOWN,UNKNOWN,UNKNOWN,UNKNOWN,UNKNOWN,UNKNOWN,UNKNOWN,UNKNOWN,UNKNOWN,UNKNOWN,UNKNOWN,UNKNOWN,UNKNOWN,UNKNOWN,UNKNOWN,UNKNOWN,UNKNOWN,UNKNOWN,UNKNOWN,UNKNOWN,unknown,https://www.logistecterminals.com/,,listed,rebulk-directory (Port Manatee Railroad (PMR) CSX),,
Logistec Tampa Terminal,,,,TAMPA,FL,UNKNOWN,UNKNOWN,UNKNOWN,UNKNOWN,UNKNOWN,UNKNOWN,UNKNOWN,UNKNOWN,UNKNOWN,UNKNOWN,UNKNOWN,UNKNOWN,UNKNOWN,UNKNOWN,UNKNOWN,UNKNOWN,UNKNOWN,UNKNOWN,UNKNOWN,UNKNOWN,UNKNOWN,UNKNOWN,UNKNOWN,UNKNOWN,UNKNOWN,UNKNOWN,unknown,https://www.logistecterminals.com/,,listed,rebulk-directory (CSX),,
Logistic Services Inc.,Port of Terminal,,,FORT SMITH,AR,UNKNOWN,UNKNOWN,UNKNOWN,UNKNOWN,UNKNOWN,UNKNOWN,UNKNOWN,UNKNOWN,UNKNOWN,UNKNOWN,UNKNOWN,UNKNOWN,UNKNOWN,UNKNOWN,UNKNOWN,UNKNOWN,UNKNOWN,UNKNOWN,UNKNOWN,UNKNOWN,UNKNOWN,UNKNOWN,UNKNOWN,UNKNOWN,UNKNOWN,UNKNOWN,unknown,,,listed,rebulk-directory (Arkansas & Missouri Railroad (AM) BNSF CPKC UP),,
Logistic Services Inc.,Port of Terminal,,,VAN BUREN,AR,UNKNOWN,UNKNOWN,UNKNOWN,UNKNOWN,UNKNOWN,UNKNOWN,UNKNOWN,UNKNOWN,UNKNOWN,UNKNOWN,UNKNOWN,UNKNOWN,UNKNOWN,UNKNOWN,UNKNOWN,UNKNOWN,UNKNOWN,UNKNOWN,UNKNOWN,UNKNOWN,UNKNOWN,UNKNOWN,UNKNOWN,UNKNOWN,UNKNOWN,UNKNOWN,unknown,,,listed,rebulk-directory (Arkansas & Missouri Railroad (AM) BNSF CPKC UP),,
Logistics One Warehousing Inc.,,,,SARATOGA SPRINGS,NY,UNKNOWN,UNKNOWN,UNKNOWN,UNKNOWN,UNKNOWN,UNKNOWN,UNKNOWN,UNKNOWN,UNKNOWN,UNKNOWN,UNKNOWN,UNKNOWN,UNKNOWN,UNKNOWN,UNKNOWN,UNKNOWN,UNKNOWN,UNKNOWN,UNKNOWN,UNKNOWN,UNKNOWN,UNKNOWN,UNKNOWN,UNKNOWN,UNKNOWN,UNKNOWN,unknown,https://logisticsoneny.com/,,listed,rebulk-directory (CPKC),,
Logistics Park Cedar Rapids,Travero,,,FAIRFAX,IA,UNKNOWN,UNKNOWN,UNKNOWN,UNKNOWN,UNKNOWN,UNKNOWN,UNKNOWN,UNKNOWN,UNKNOWN,UNKNOWN,UNKNOWN,UNKNOWN,UNKNOWN,UNKNOWN,UNKNOWN,UNKNOWN,UNKNOWN,UNKNOWN,UNKNOWN,UNKNOWN,UNKNOWN,UNKNOWN,UNKNOWN,UNKNOWN,UNKNOWN,UNKNOWN,unknown,https://www.travero.com/ourservices/warehousing/lpcr,,listed,rebulk-directory (CRANDIC),,
Lone Star Integrated Distribution,,,,HOUSTON,TX,UNKNOWN,UNKNOWN,UNKNOWN,UNKNOWN,UNKNOWN,UNKNOWN,UNKNOWN,UNKNOWN,UNKNOWN,UNKNOWN,UNKNOWN,UNKNOWN,UNKNOWN,UNKNOWN,UNKNOWN,UNKNOWN,UNKNOWN,UNKNOWN,UNKNOWN,UNKNOWN,UNKNOWN,UNKNOWN,UNKNOWN,UNKNOWN,UNKNOWN,UNKNOWN,unknown,https://lsid.com/,,listed,rebulk-directory (BNSF),,
Long Island City Rail Terminal,,,,LONG ISLAND CITY,NY,UNKNOWN,UNKNOWN,UNKNOWN,UNKNOWN,UNKNOWN,UNKNOWN,UNKNOWN,UNKNOWN,UNKNOWN,UNKNOWN,UNKNOWN,UNKNOWN,UNKNOWN,UNKNOWN,UNKNOWN,UNKNOWN,UNKNOWN,UNKNOWN,UNKNOWN,UNKNOWN,UNKNOWN,UNKNOWN,UNKNOWN,UNKNOWN,UNKNOWN,UNKNOWN,unknown,https://www.anacostia.com/our-companies/nya/,,listed,rebulk-directory (New York & Atlantic Railway (NYA)),,
Los Angeles Harbor Grain Terminal,,,,LONG BEACH,CA,UNKNOWN,UNKNOWN,UNKNOWN,UNKNOWN,UNKNOWN,UNKNOWN,UNKNOWN,UNKNOWN,UNKNOWN,UNKNOWN,UNKNOWN,UNKNOWN,UNKNOWN,UNKNOWN,UNKNOWN,UNKNOWN,UNKNOWN,UNKNOWN,UNKNOWN,UNKNOWN,UNKNOWN,UNKNOWN,UNKNOWN,UNKNOWN,UNKNOWN,UNKNOWN,unknown,https://lagrain.com/,,listed,rebulk-directory (PHL BNSF UP),,
Louisiana & Delta Railroad Schriever Transload Facility,,,,SCHRIEVER,LA,UNKNOWN,UNKNOWN,UNKNOWN,UNKNOWN,UNKNOWN,UNKNOWN,UNKNOWN,UNKNOWN,UNKNOWN,UNKNOWN,UNKNOWN,UNKNOWN,UNKNOWN,UNKNOWN,UNKNOWN,UNKNOWN,UNKNOWN,UNKNOWN,UNKNOWN,UNKNOWN,UNKNOWN,UNKNOWN,UNKNOWN,UNKNOWN,UNKNOWN,UNKNOWN,unknown,https://www.gwrr.com/railroads/louisiana-and-delta-railroad,,listed,rebulk-directory (LDRR BNSF),,
Louisiana & North West Railroad,transload site,,,ATHENS,LA,UNKNOWN,UNKNOWN,UNKNOWN,UNKNOWN,UNKNOWN,UNKNOWN,UNKNOWN,UNKNOWN,UNKNOWN,UNKNOWN,UNKNOWN,UNKNOWN,UNKNOWN,UNKNOWN,UNKNOWN,UNKNOWN,UNKNOWN,UNKNOWN,UNKNOWN,UNKNOWN,UNKNOWN,UNKNOWN,UNKNOWN,UNKNOWN,UNKNOWN,UNKNOWN,unknown,https://patriotrail.com/rail/louisiana-and-north-west-railroad-lnw/,,listed,rebulk-directory (LNW),,
Louisiana & North West Railroad,transload site,,,HAYNESVILLE,LA,UNKNOWN,UNKNOWN,UNKNOWN,UNKNOWN,UNKNOWN,UNKNOWN,UNKNOWN,UNKNOWN,UNKNOWN,UNKNOWN,UNKNOWN,UNKNOWN,UNKNOWN,UNKNOWN,UNKNOWN,UNKNOWN,UNKNOWN,UNKNOWN,UNKNOWN,UNKNOWN,UNKNOWN,UNKNOWN,UNKNOWN,UNKNOWN,UNKNOWN,UNKNOWN,unknown,https://patriotrail.com/rail/louisiana-and-north-west-railroad-lnw/,,listed,rebulk-directory (LNW),,
Louisiana & North West Railroad,transload site,,,HOMER,LA,UNKNOWN,UNKNOWN,UNKNOWN,UNKNOWN,UNKNOWN,UNKNOWN,UNKNOWN,UNKNOWN,UNKNOWN,UNKNOWN,UNKNOWN,UNKNOWN,UNKNOWN,UNKNOWN,UNKNOWN,UNKNOWN,UNKNOWN,UNKNOWN,UNKNOWN,UNKNOWN,UNKNOWN,UNKNOWN,UNKNOWN,UNKNOWN,UNKNOWN,UNKNOWN,unknown,https://patriotrail.com/rail/louisiana-and-north-west-railroad-lnw/,,listed,rebulk-directory (LNW),,
Louisiana & North West Railroad,transload site,,,MULNIX,LA,UNKNOWN,UNKNOWN,UNKNOWN,UNKNOWN,UNKNOWN,UNKNOWN,UNKNOWN,UNKNOWN,UNKNOWN,UNKNOWN,UNKNOWN,UNKNOWN,UNKNOWN,UNKNOWN,UNKNOWN,UNKNOWN,UNKNOWN,UNKNOWN,UNKNOWN,UNKNOWN,UNKNOWN,UNKNOWN,UNKNOWN,UNKNOWN,UNKNOWN,UNKNOWN,unknown,https://patriotrail.com/rail/louisiana-and-north-west-railroad-lnw/,,listed,rebulk-directory (LNW),,
Louisiana Southern Railroad Minden Transload,,,,MINDEN,LA,UNKNOWN,UNKNOWN,UNKNOWN,UNKNOWN,UNKNOWN,UNKNOWN,UNKNOWN,UNKNOWN,UNKNOWN,UNKNOWN,UNKNOWN,UNKNOWN,UNKNOWN,UNKNOWN,UNKNOWN,UNKNOWN,UNKNOWN,UNKNOWN,UNKNOWN,UNKNOWN,UNKNOWN,UNKNOWN,UNKNOWN,UNKNOWN,UNKNOWN,UNKNOWN,unknown,https://www.watco.com/service/rail/louisiana-southern-railroad-las/,,listed,rebulk-directory (LAS),,
Louisville Seventh 3PL,,,,LOUISVILLE,KY,UNKNOWN,UNKNOWN,UNKNOWN,UNKNOWN,UNKNOWN,UNKNOWN,UNKNOWN,UNKNOWN,UNKNOWN,UNKNOWN,UNKNOWN,UNKNOWN,UNKNOWN,UNKNOWN,UNKNOWN,UNKNOWN,UNKNOWN,UNKNOWN,UNKNOWN,UNKNOWN,UNKNOWN,UNKNOWN,UNKNOWN,UNKNOWN,UNKNOWN,UNKNOWN,unknown,https://www.louisvilleseventh.com/,,listed,rebulk-directory (PAL),,
Loup Logistics,,,,COLTON,CA,UNKNOWN,UNKNOWN,UNKNOWN,UNKNOWN,UNKNOWN,UNKNOWN,UNKNOWN,UNKNOWN,UNKNOWN,UNKNOWN,UNKNOWN,UNKNOWN,UNKNOWN,UNKNOWN,UNKNOWN,UNKNOWN,UNKNOWN,UNKNOWN,UNKNOWN,UNKNOWN,UNKNOWN,UNKNOWN,UNKNOWN,UNKNOWN,UNKNOWN,UNKNOWN,unknown,,,listed,commtrex-public,,
Loup Logistics Tacoma Railport,operated by MHX,,,TACOMA,WA,UNKNOWN,UNKNOWN,UNKNOWN,UNKNOWN,UNKNOWN,UNKNOWN,UNKNOWN,UNKNOWN,UNKNOWN,UNKNOWN,UNKNOWN,UNKNOWN,UNKNOWN,UNKNOWN,UNKNOWN,UNKNOWN,UNKNOWN,UNKNOWN,UNKNOWN,UNKNOWN,UNKNOWN,UNKNOWN,UNKNOWN,UNKNOWN,UNKNOWN,UNKNOWN,unknown,https://www.louplogistics.com/,,listed,rebulk-directory (UP),,
Loup RailPort,,,,PHOENIX,AZ,UNKNOWN,UNKNOWN,UNKNOWN,UNKNOWN,UNKNOWN,UNKNOWN,UNKNOWN,UNKNOWN,UNKNOWN,UNKNOWN,UNKNOWN,UNKNOWN,UNKNOWN,UNKNOWN,UNKNOWN,UNKNOWN,UNKNOWN,UNKNOWN,UNKNOWN,UNKNOWN,UNKNOWN,UNKNOWN,UNKNOWN,UNKNOWN,UNKNOWN,UNKNOWN,unknown,https://mhx.solutions/locations/,,listed,rebulk-directory (UP),,
Loup RailPort,,,,COLTON,CA,UNKNOWN,UNKNOWN,UNKNOWN,UNKNOWN,UNKNOWN,UNKNOWN,UNKNOWN,UNKNOWN,UNKNOWN,UNKNOWN,UNKNOWN,UNKNOWN,UNKNOWN,UNKNOWN,UNKNOWN,UNKNOWN,UNKNOWN,UNKNOWN,UNKNOWN,UNKNOWN,UNKNOWN,UNKNOWN,UNKNOWN,UNKNOWN,UNKNOWN,UNKNOWN,unknown,https://www.louplogistics.com/,,listed,rebulk-directory (UP),,
Loup RailPort,,,,VALLA,CA,UNKNOWN,UNKNOWN,UNKNOWN,UNKNOWN,UNKNOWN,UNKNOWN,UNKNOWN,UNKNOWN,UNKNOWN,UNKNOWN,UNKNOWN,UNKNOWN,UNKNOWN,UNKNOWN,UNKNOWN,UNKNOWN,UNKNOWN,UNKNOWN,UNKNOWN,UNKNOWN,UNKNOWN,UNKNOWN,UNKNOWN,UNKNOWN,UNKNOWN,UNKNOWN,unknown,https://www.louplogistics.com/,,listed,rebulk-directory (UP),,
Loup RailPort,,,,DENVER,CO,UNKNOWN,UNKNOWN,UNKNOWN,UNKNOWN,UNKNOWN,UNKNOWN,UNKNOWN,UNKNOWN,UNKNOWN,UNKNOWN,UNKNOWN,UNKNOWN,UNKNOWN,UNKNOWN,UNKNOWN,UNKNOWN,UNKNOWN,UNKNOWN,UNKNOWN,UNKNOWN,UNKNOWN,UNKNOWN,UNKNOWN,UNKNOWN,UNKNOWN,UNKNOWN,unknown,https://transloadgroup.com/location-mountain-reload-colorado/,,listed,rebulk-directory (UP),,
Loup RailPort,,,,SHREVEPORT,LA,UNKNOWN,UNKNOWN,UNKNOWN,UNKNOWN,UNKNOWN,UNKNOWN,UNKNOWN,UNKNOWN,UNKNOWN,UNKNOWN,UNKNOWN,UNKNOWN,UNKNOWN,UNKNOWN,UNKNOWN,UNKNOWN,UNKNOWN,UNKNOWN,UNKNOWN,UNKNOWN,UNKNOWN,UNKNOWN,UNKNOWN,UNKNOWN,UNKNOWN,UNKNOWN,unknown,https://www.louplogistics.com/news/articles/2021/20210401Shreveport.html,,listed,rebulk-directory (UP),,
Loup RailPort,,,,JEAN,NV,UNKNOWN,UNKNOWN,UNKNOWN,UNKNOWN,UNKNOWN,UNKNOWN,UNKNOWN,UNKNOWN,UNKNOWN,UNKNOWN,UNKNOWN,UNKNOWN,UNKNOWN,UNKNOWN,UNKNOWN,UNKNOWN,UNKNOWN,UNKNOWN,UNKNOWN,UNKNOWN,UNKNOWN,UNKNOWN,UNKNOWN,UNKNOWN,UNKNOWN,UNKNOWN,unknown,,,listed,rebulk-directory (UP),,
Loup RailPort,,,,DALLAS,TX,UNKNOWN,UNKNOWN,UNKNOWN,UNKNOWN,UNKNOWN,UNKNOWN,UNKNOWN,UNKNOWN,UNKNOWN,UNKNOWN,UNKNOWN,UNKNOWN,UNKNOWN,UNKNOWN,UNKNOWN,UNKNOWN,UNKNOWN,UNKNOWN,UNKNOWN,UNKNOWN,UNKNOWN,UNKNOWN,UNKNOWN,UNKNOWN,UNKNOWN,UNKNOWN,unknown,https://www.louplogistics.com/resource-center/what-is-a-railport.html,,listed,rebulk-directory (UP),,
Loup RailPort,,,,DAYTON,TX,UNKNOWN,UNKNOWN,UNKNOWN,UNKNOWN,UNKNOWN,UNKNOWN,UNKNOWN,UNKNOWN,UNKNOWN,UNKNOWN,UNKNOWN,UNKNOWN,UNKNOWN,UNKNOWN,UNKNOWN,UNKNOWN,UNKNOWN,UNKNOWN,UNKNOWN,UNKNOWN,UNKNOWN,UNKNOWN,UNKNOWN,UNKNOWN,UNKNOWN,UNKNOWN,unknown,,,listed,rebulk-directory (UP),,
Loup RailPort,,,,GALENA PARK,TX,UNKNOWN,UNKNOWN,UNKNOWN,UNKNOWN,UNKNOWN,UNKNOWN,UNKNOWN,UNKNOWN,UNKNOWN,UNKNOWN,UNKNOWN,UNKNOWN,UNKNOWN,UNKNOWN,UNKNOWN,UNKNOWN,UNKNOWN,UNKNOWN,UNKNOWN,UNKNOWN,UNKNOWN,UNKNOWN,UNKNOWN,UNKNOWN,UNKNOWN,UNKNOWN,unknown,https://www.louplogistics.com/resource-center/what-is-a-railport.html,,listed,rebulk-directory (UP),,
Loup RailPort,,,,LAREDO,TX,UNKNOWN,UNKNOWN,UNKNOWN,UNKNOWN,UNKNOWN,UNKNOWN,UNKNOWN,UNKNOWN,UNKNOWN,UNKNOWN,UNKNOWN,UNKNOWN,UNKNOWN,UNKNOWN,UNKNOWN,UNKNOWN,UNKNOWN,UNKNOWN,UNKNOWN,UNKNOWN,UNKNOWN,UNKNOWN,UNKNOWN,UNKNOWN,UNKNOWN,UNKNOWN,unknown,https://www.louplogistics.com/resource-center/what-is-a-railport.html,,listed,rebulk-directory (UP),,
Loup RailPort,,,,ODESSA,TX,UNKNOWN,UNKNOWN,UNKNOWN,UNKNOWN,UNKNOWN,UNKNOWN,UNKNOWN,UNKNOWN,UNKNOWN,UNKNOWN,UNKNOWN,UNKNOWN,UNKNOWN,UNKNOWN,UNKNOWN,UNKNOWN,UNKNOWN,UNKNOWN,UNKNOWN,UNKNOWN,UNKNOWN,UNKNOWN,UNKNOWN,UNKNOWN,UNKNOWN,UNKNOWN,unknown,https://www.louplogistics.com/resource-center/what-is-a-railport.html,,listed,rebulk-directory (UP),,
Loup RailPort,,,,ROPER,UT,UNKNOWN,UNKNOWN,UNKNOWN,UNKNOWN,UNKNOWN,UNKNOWN,UNKNOWN,UNKNOWN,UNKNOWN,UNKNOWN,UNKNOWN,UNKNOWN,UNKNOWN,UNKNOWN,UNKNOWN,UNKNOWN,UNKNOWN,UNKNOWN,UNKNOWN,UNKNOWN,UNKNOWN,UNKNOWN,UNKNOWN,UNKNOWN,UNKNOWN,UNKNOWN,unknown,,,listed,rebulk-directory (UP),,
Loyalty Delivers Logistics Operations Center,,,,SWEDESBORO,NJ,UNKNOWN,UNKNOWN,UNKNOWN,UNKNOWN,UNKNOWN,UNKNOWN,UNKNOWN,UNKNOWN,UNKNOWN,UNKNOWN,UNKNOWN,UNKNOWN,UNKNOWN,UNKNOWN,UNKNOWN,UNKNOWN,UNKNOWN,UNKNOWN,UNKNOWN,UNKNOWN,UNKNOWN,UNKNOWN,UNKNOWN,UNKNOWN,UNKNOWN,UNKNOWN,unknown,https://loyaltydelivers.com/,,listed,rebulk-directory (SMS Rail Lin),,
Luckey Logistics Des Moines Transload,,,,DES MOINES,IA,UNKNOWN,UNKNOWN,UNKNOWN,UNKNOWN,UNKNOWN,UNKNOWN,UNKNOWN,UNKNOWN,UNKNOWN,UNKNOWN,UNKNOWN,UNKNOWN,UNKNOWN,UNKNOWN,UNKNOWN,UNKNOWN,UNKNOWN,UNKNOWN,UNKNOWN,UNKNOWN,UNKNOWN,UNKNOWN,UNKNOWN,UNKNOWN,UNKNOWN,UNKNOWN,unknown,https://www.luckeylogistics.com/,,listed,rebulk-directory (UP),,
Luckey Logistics LLC,,bulk@luckeyemail.com,(815) 672-0468,STREATOR,IL,NO,NO,NO,NO,NO,NO,NO,NO,NO,NO,YES,NO,NO,NO,NO,YES,NO,NO,NO,NO,NO,NO,YES,YES,NO,NO,unknown,http://luckeytanklines.com/Locations/,,verified,swl-internal,OPERATIONAL,medium
Luckey Logistics LLC,,bulk@luckeyemail.com,,CONOVER,NC,NO,NO,NO,NO,NO,NO,NO,NO,NO,NO,YES,NO,NO,NO,NO,YES,NO,NO,NO,NO,NO,NO,YES,YES,NO,NO,unknown,http://www.luckeytanklines.com/Logistics.html,dead_link,verified,swl-internal,NOT_FOUND,low
Luckey Logistics Newton Yard,,,,NEWTON,IA,UNKNOWN,UNKNOWN,UNKNOWN,UNKNOWN,UNKNOWN,UNKNOWN,UNKNOWN,UNKNOWN,UNKNOWN,UNKNOWN,UNKNOWN,UNKNOWN,UNKNOWN,UNKNOWN,UNKNOWN,UNKNOWN,UNKNOWN,UNKNOWN,UNKNOWN,UNKNOWN,UNKNOWN,UNKNOWN,UNKNOWN,UNKNOWN,UNKNOWN,UNKNOWN,unknown,https://www.luckeylogistics.com/,,listed,rebulk-directory (IAIS),,
Luckey Trucking Inc,,bulk@luckeyemail.com,,NEWTON,IA,NO,NO,NO,NO,NO,NO,NO,NO,NO,NO,YES,NO,NO,NO,NO,YES,NO,NO,NO,NO,NO,NO,YES,YES,NO,NO,unknown,http://www.luckeytanklines.com/Logistics.html,dead_link,review,swl-internal,NOT_FOUND,low
Luckey Trucking Inc,,bulk@luckeyemail.com,,LIMA,OH,NO,NO,NO,NO,NO,NO,NO,NO,NO,NO,YES,NO,NO,NO,NO,YES,NO,NO,NO,NO,NO,NO,YES,YES,NO,NO,unknown,http://www.luckeytanklines.com/Logistics.html,dead_link,verified,swl-internal,NOT_FOUND,low
Lyle Farms,,,,COBB,GA,UNKNOWN,UNKNOWN,UNKNOWN,UNKNOWN,UNKNOWN,UNKNOWN,UNKNOWN,UNKNOWN,UNKNOWN,UNKNOWN,UNKNOWN,UNKNOWN,UNKNOWN,UNKNOWN,UNKNOWN,UNKNOWN,UNKNOWN,UNKNOWN,UNKNOWN,UNKNOWN,UNKNOWN,UNKNOWN,UNKNOWN,UNKNOWN,UNKNOWN,UNKNOWN,unknown,,,listed,rebulk-directory (G&W HOG),,
Lyle Farms,,,,CORDELE,GA,UNKNOWN,UNKNOWN,UNKNOWN,UNKNOWN,UNKNOWN,UNKNOWN,UNKNOWN,UNKNOWN,UNKNOWN,UNKNOWN,UNKNOWN,UNKNOWN,UNKNOWN,UNKNOWN,UNKNOWN,UNKNOWN,UNKNOWN,UNKNOWN,UNKNOWN,UNKNOWN,UNKNOWN,UNKNOWN,UNKNOWN,UNKNOWN,UNKNOWN,UNKNOWN,unknown,,,listed,rebulk-directory (G&W HOG),,
Lynch Logistics Rice Street Warehouse,,,,BANGOR,ME,UNKNOWN,UNKNOWN,UNKNOWN,UNKNOWN,UNKNOWN,UNKNOWN,UNKNOWN,UNKNOWN,UNKNOWN,UNKNOWN,UNKNOWN,UNKNOWN,UNKNOWN,UNKNOWN,UNKNOWN,UNKNOWN,UNKNOWN,UNKNOWN,UNKNOWN,UNKNOWN,UNKNOWN,UNKNOWN,UNKNOWN,UNKNOWN,UNKNOWN,UNKNOWN,unknown,https://drive.lynchlogistics.com/,,listed,rebulk-directory (CSX),,
"Lynch Logistics, Inc.",,,,AUBURN,ME,UNKNOWN,UNKNOWN,UNKNOWN,UNKNOWN,UNKNOWN,UNKNOWN,UNKNOWN,UNKNOWN,UNKNOWN,UNKNOWN,UNKNOWN,UNKNOWN,UNKNOWN,UNKNOWN,UNKNOWN,UNKNOWN,UNKNOWN,UNKNOWN,UNKNOWN,UNKNOWN,UNKNOWN,UNKNOWN,UNKNOWN,UNKNOWN,UNKNOWN,UNKNOWN,unknown,https://www.lynchlogistics.com/,,listed,rebulk-directory (G&W SLR),,
Lyons &Sons,,,,PENNSAUKEN,NJ,UNKNOWN,UNKNOWN,UNKNOWN,UNKNOWN,UNKNOWN,UNKNOWN,UNKNOWN,UNKNOWN,UNKNOWN,UNKNOWN,UNKNOWN,UNKNOWN,UNKNOWN,UNKNOWN,UNKNOWN,UNKNOWN,UNKNOWN,UNKNOWN,UNKNOWN,UNKNOWN,UNKNOWN,UNKNOWN,UNKNOWN,UNKNOWN,UNKNOWN,UNKNOWN,unknown,https://www.stechgroup.com,,listed,rebulk-directory (NS),,
M & M Lime Railroad Transload,,,,WORTHINGTON,PA,UNKNOWN,UNKNOWN,UNKNOWN,UNKNOWN,UNKNOWN,UNKNOWN,UNKNOWN,UNKNOWN,UNKNOWN,UNKNOWN,UNKNOWN,UNKNOWN,UNKNOWN,UNKNOWN,UNKNOWN,UNKNOWN,UNKNOWN,UNKNOWN,UNKNOWN,UNKNOWN,UNKNOWN,UNKNOWN,UNKNOWN,UNKNOWN,UNKNOWN,UNKNOWN,unknown,https://mmlime.com/,,listed,rebulk-directory (BPRR),,
M&P Reload,,,,EUGENE,OR,UNKNOWN,UNKNOWN,UNKNOWN,UNKNOWN,UNKNOWN,UNKNOWN,UNKNOWN,UNKNOWN,UNKNOWN,UNKNOWN,UNKNOWN,UNKNOWN,UNKNOWN,UNKNOWN,UNKNOWN,UNKNOWN,UNKNOWN,UNKNOWN,UNKNOWN,UNKNOWN,UNKNOWN,UNKNOWN,UNKNOWN,UNKNOWN,UNKNOWN,UNKNOWN,unknown,https://www.mpreload.com/index.html,,listed,rebulk-directory (G&W PNWR),,
Macmillan-Piper Inc,,airport@macpiper.com,(206) 624-5135,SEATTLE,WA,NO,NO,NO,NO,NO,NO,NO,NO,NO,NO,NO,NO,NO,NO,NO,NO,NO,NO,NO,NO,NO,NO,NO,NO,NO,NO,unknown,http://www.macpiper.com/,,verified,swl-internal,OPERATIONAL,high
Macmillan-Piper Inc,,taylorway@macpiper.com,(253) 627-3767,TACOMA,WA,NO,NO,NO,NO,NO,NO,NO,NO,NO,NO,NO,NO,NO,NO,NO,NO,NO,NO,NO,NO,NO,NO,NO,NO,NO,NO,unknown,http://www.macpiper.com/,,verified,swl-internal,OPERATIONAL,high
Madison Harbor,,,,MADISON,IL,UNKNOWN,UNKNOWN,UNKNOWN,UNKNOWN,UNKNOWN,UNKNOWN,UNKNOWN,UNKNOWN,UNKNOWN,UNKNOWN,UNKNOWN,UNKNOWN,UNKNOWN,UNKNOWN,UNKNOWN,UNKNOWN,UNKNOWN,UNKNOWN,UNKNOWN,UNKNOWN,UNKNOWN,UNKNOWN,UNKNOWN,UNKNOWN,UNKNOWN,UNKNOWN,unknown,https://www.americascentralport.com/,,listed,rebulk-directory (PHRR TRRA),,
Madison Railroad (RSI Logistics),,mfrey@rsilogistics.com,(812) 273-4248,MADISON,IN,NO,YES,YES,YES,YES,YES,YES,YES,YES,YES,YES,NO,YES,NO,NO,NO,YES,NO,NO,YES,NO,NO,NO,YES,NO,YES,unknown,https://www.madisonrailroad.com/,,verified,swl-internal,OPERATIONAL,high
Madison Transload Terminal,,,,MADISON,WI,UNKNOWN,UNKNOWN,UNKNOWN,UNKNOWN,UNKNOWN,UNKNOWN,UNKNOWN,UNKNOWN,UNKNOWN,UNKNOWN,UNKNOWN,UNKNOWN,UNKNOWN,UNKNOWN,UNKNOWN,UNKNOWN,UNKNOWN,UNKNOWN,UNKNOWN,UNKNOWN,UNKNOWN,UNKNOWN,UNKNOWN,UNKNOWN,UNKNOWN,UNKNOWN,unknown,https://www.watco.com/service/terminals/madison-wi/,,listed,rebulk-directory (WSOR BNSF CN CPKC + 3),,
Maidsville NS TBT,,,,MAIDSVILLE,WV,UNKNOWN,UNKNOWN,UNKNOWN,UNKNOWN,UNKNOWN,UNKNOWN,UNKNOWN,UNKNOWN,UNKNOWN,UNKNOWN,UNKNOWN,UNKNOWN,UNKNOWN,UNKNOWN,UNKNOWN,UNKNOWN,UNKNOWN,UNKNOWN,UNKNOWN,UNKNOWN,UNKNOWN,UNKNOWN,UNKNOWN,UNKNOWN,UNKNOWN,UNKNOWN,unknown,https://www.nscorp.com,,listed,rebulk-directory (NS),,
Maiers Transport & Warehousing,,,,SAINT CLOUD,MN,UNKNOWN,UNKNOWN,UNKNOWN,UNKNOWN,UNKNOWN,UNKNOWN,UNKNOWN,UNKNOWN,UNKNOWN,UNKNOWN,UNKNOWN,UNKNOWN,UNKNOWN,UNKNOWN,UNKNOWN,UNKNOWN,UNKNOWN,UNKNOWN,UNKNOWN,UNKNOWN,UNKNOWN,UNKNOWN,UNKNOWN,UNKNOWN,UNKNOWN,UNKNOWN,unknown,https://www.mtwstcloud.com/,,listed,rebulk-directory (BNSF);bnsf-premier-flipbook,,
Maine International Cold Storage Facility,,,,PORTLAND,ME,UNKNOWN,UNKNOWN,UNKNOWN,UNKNOWN,UNKNOWN,UNKNOWN,UNKNOWN,UNKNOWN,UNKNOWN,UNKNOWN,UNKNOWN,UNKNOWN,UNKNOWN,UNKNOWN,UNKNOWN,UNKNOWN,UNKNOWN,UNKNOWN,UNKNOWN,UNKNOWN,UNKNOWN,UNKNOWN,UNKNOWN,UNKNOWN,UNKNOWN,UNKNOWN,unknown,https://coldstoragemaine.com/,,listed,rebulk-directory (CSX),,
Mallory Alexander International,,,,MEMPHIS,TN,UNKNOWN,UNKNOWN,UNKNOWN,UNKNOWN,UNKNOWN,UNKNOWN,UNKNOWN,UNKNOWN,UNKNOWN,UNKNOWN,UNKNOWN,UNKNOWN,UNKNOWN,UNKNOWN,UNKNOWN,UNKNOWN,UNKNOWN,UNKNOWN,UNKNOWN,UNKNOWN,UNKNOWN,UNKNOWN,UNKNOWN,UNKNOWN,UNKNOWN,UNKNOWN,unknown,https://www.mallorygroup.com/warehousing-services-in-memphis-tn-excellence-in-logistics-and-customized-solutions/,,listed,rebulk-directory (BNSF);bnsf-premier-flipbook,,
Manfredi Cold Storage,,,,TOUGHKENAMON,PA,UNKNOWN,UNKNOWN,UNKNOWN,UNKNOWN,UNKNOWN,UNKNOWN,UNKNOWN,UNKNOWN,UNKNOWN,UNKNOWN,UNKNOWN,UNKNOWN,UNKNOWN,UNKNOWN,UNKNOWN,UNKNOWN,UNKNOWN,UNKNOWN,UNKNOWN,UNKNOWN,UNKNOWN,UNKNOWN,UNKNOWN,UNKNOWN,UNKNOWN,UNKNOWN,unknown,https://www.manfredicoldstorage.com/,,listed,rebulk-directory (ESPN NS),,
Manly Terminal,,,,MANLY,IA,UNKNOWN,UNKNOWN,UNKNOWN,UNKNOWN,UNKNOWN,UNKNOWN,UNKNOWN,UNKNOWN,UNKNOWN,UNKNOWN,UNKNOWN,UNKNOWN,UNKNOWN,UNKNOWN,UNKNOWN,UNKNOWN,UNKNOWN,UNKNOWN,UNKNOWN,UNKNOWN,UNKNOWN,UNKNOWN,UNKNOWN,UNKNOWN,UNKNOWN,UNKNOWN,unknown,https://www.manlyterminal.com/,,listed,rebulk-directory (CN),,
Mansfield Railport,,,,MANSFIELD,OH,UNKNOWN,UNKNOWN,UNKNOWN,UNKNOWN,UNKNOWN,UNKNOWN,UNKNOWN,UNKNOWN,UNKNOWN,UNKNOWN,UNKNOWN,UNKNOWN,UNKNOWN,UNKNOWN,UNKNOWN,UNKNOWN,UNKNOWN,UNKNOWN,UNKNOWN,UNKNOWN,UNKNOWN,UNKNOWN,UNKNOWN,UNKNOWN,UNKNOWN,UNKNOWN,unknown,https://www.mansfieldrailport.com,,listed,rebulk-directory (ASRY NS),,
Maple Transport Rail-Served Warehouse,,,,KINCHELOE,MI,UNKNOWN,UNKNOWN,UNKNOWN,UNKNOWN,UNKNOWN,UNKNOWN,UNKNOWN,UNKNOWN,UNKNOWN,UNKNOWN,UNKNOWN,UNKNOWN,UNKNOWN,UNKNOWN,UNKNOWN,UNKNOWN,UNKNOWN,UNKNOWN,UNKNOWN,UNKNOWN,UNKNOWN,UNKNOWN,UNKNOWN,UNKNOWN,UNKNOWN,UNKNOWN,unknown,https://maple-hardwoods.com/,,listed,rebulk-directory (CN),,
Marion Industrial Rail Park,Jaguar Transport Holdings,,,MARION,OH,UNKNOWN,UNKNOWN,UNKNOWN,UNKNOWN,UNKNOWN,UNKNOWN,UNKNOWN,UNKNOWN,UNKNOWN,UNKNOWN,UNKNOWN,UNKNOWN,UNKNOWN,UNKNOWN,UNKNOWN,UNKNOWN,UNKNOWN,UNKNOWN,UNKNOWN,UNKNOWN,UNKNOWN,UNKNOWN,UNKNOWN,UNKNOWN,UNKNOWN,UNKNOWN,unknown,https://jag-transport.com/marion-industrial-rail-park/,,listed,rebulk-directory (CSX Jaguar Trans),,
Market Street Marine Terminal,,,,PORTSMOUTH,NH,UNKNOWN,UNKNOWN,UNKNOWN,UNKNOWN,UNKNOWN,UNKNOWN,UNKNOWN,UNKNOWN,UNKNOWN,UNKNOWN,UNKNOWN,UNKNOWN,UNKNOWN,UNKNOWN,UNKNOWN,UNKNOWN,UNKNOWN,UNKNOWN,UNKNOWN,UNKNOWN,UNKNOWN,UNKNOWN,UNKNOWN,UNKNOWN,UNKNOWN,UNKNOWN,unknown,https://portofnh.org/market-street-terminal/,,listed,rebulk-directory (CSX),,
Martinsburg Transload Facility,,,,MARTINSBURG,PA,UNKNOWN,UNKNOWN,UNKNOWN,UNKNOWN,UNKNOWN,UNKNOWN,UNKNOWN,UNKNOWN,UNKNOWN,UNKNOWN,UNKNOWN,UNKNOWN,UNKNOWN,UNKNOWN,UNKNOWN,UNKNOWN,UNKNOWN,UNKNOWN,UNKNOWN,UNKNOWN,UNKNOWN,UNKNOWN,UNKNOWN,UNKNOWN,UNKNOWN,UNKNOWN,unknown,https://everettrailroad.com/freight-info/,,listed,rebulk-directory (EV NS),,
Martin’s Feed Inc.,,,,SUMAS,WA,UNKNOWN,UNKNOWN,UNKNOWN,UNKNOWN,UNKNOWN,UNKNOWN,UNKNOWN,UNKNOWN,UNKNOWN,UNKNOWN,UNKNOWN,UNKNOWN,UNKNOWN,UNKNOWN,UNKNOWN,UNKNOWN,UNKNOWN,UNKNOWN,UNKNOWN,UNKNOWN,UNKNOWN,UNKNOWN,UNKNOWN,UNKNOWN,UNKNOWN,UNKNOWN,unknown,https://martinsfeedinc.com/,,listed,rebulk-directory (BNSF Railway),,
Martts Inc,,wusher@ushertransport.com,(502) 774-1977,LOUISVILLE,KY,YES,YES,NO,YES,NO,NO,NO,NO,NO,YES,NO,NO,YES,NO,NO,NO,NO,NO,NO,YES,YES,NO,YES,YES,YES,YES,unknown,https://www.ushertransport.com/services/,,verified,swl-internal,OPERATIONAL,high
Maryland Transload Logistics,,,,THURMONT,MD,UNKNOWN,UNKNOWN,UNKNOWN,UNKNOWN,UNKNOWN,UNKNOWN,UNKNOWN,UNKNOWN,UNKNOWN,UNKNOWN,UNKNOWN,UNKNOWN,UNKNOWN,UNKNOWN,UNKNOWN,UNKNOWN,UNKNOWN,UNKNOWN,UNKNOWN,UNKNOWN,UNKNOWN,UNKNOWN,UNKNOWN,UNKNOWN,UNKNOWN,UNKNOWN,unknown,,,listed,rebulk-directory (G&W MMID),,
Matco Industries Inc,,rpafford@matco-industries.com,(954) 946-5567,COCOA,FL,NO,NO,YES,NO,NO,NO,NO,NO,YES,NO,NO,NO,NO,NO,NO,NO,YES,NO,NO,NO,NO,NO,NO,NO,NO,NO,unknown,http://www.matco-industries.com/,,verified,swl-internal,OPERATIONAL,high
Matco Industries Inc,,rpafford@matco-industries.com,(954) 946-5567,HASTINGS,FL,NO,NO,YES,NO,NO,NO,NO,NO,YES,NO,NO,NO,NO,NO,NO,NO,YES,NO,NO,NO,NO,NO,NO,NO,NO,NO,unknown,http://www.matco-industries.com/,,verified,swl-internal,OPERATIONAL,high
Matco Industries Inc,,rpafford@matco-industries.com,(954) 946-5567,LIVE OAK,FL,NO,NO,YES,NO,NO,NO,NO,NO,YES,NO,NO,NO,NO,NO,NO,NO,YES,NO,NO,NO,NO,NO,NO,NO,NO,NO,unknown,http://www.matco-industries.com/,,verified,swl-internal,OPERATIONAL,high
Matco Industries Inc,,rpafford@matco-industries.com,(954) 946-5567,POMPANO BEACH,FL,NO,NO,YES,NO,NO,NO,NO,NO,YES,NO,NO,NO,NO,NO,NO,NO,YES,NO,NO,NO,NO,NO,NO,NO,NO,NO,unknown,http://www.matco-industries.com/,,verified,swl-internal,OPERATIONAL,high
Matco Industries Inc,,rpafford@matco-industries.com,,RIVIERA BEACH,FL,NO,NO,YES,NO,NO,NO,NO,NO,YES,NO,NO,NO,NO,NO,NO,NO,YES,NO,NO,NO,NO,NO,NO,NO,NO,NO,unknown,http://www.matco-industries.com/,,verified,swl-internal,OPERATIONAL,high
Matco Riviera Beach Reload,,,,RIVIERA BEACH,FL,UNKNOWN,UNKNOWN,UNKNOWN,UNKNOWN,UNKNOWN,UNKNOWN,UNKNOWN,UNKNOWN,UNKNOWN,UNKNOWN,UNKNOWN,UNKNOWN,UNKNOWN,UNKNOWN,UNKNOWN,UNKNOWN,UNKNOWN,UNKNOWN,UNKNOWN,UNKNOWN,UNKNOWN,UNKNOWN,UNKNOWN,UNKNOWN,UNKNOWN,UNKNOWN,unknown,https://www.matco-industries.com/,,listed,rebulk-directory (Florida East Coast Railway (FEC)),,
Material Translogistics Inc.,MTI,,,RACELAND,LA,UNKNOWN,UNKNOWN,UNKNOWN,UNKNOWN,UNKNOWN,UNKNOWN,UNKNOWN,UNKNOWN,UNKNOWN,UNKNOWN,UNKNOWN,UNKNOWN,UNKNOWN,UNKNOWN,UNKNOWN,UNKNOWN,UNKNOWN,UNKNOWN,UNKNOWN,UNKNOWN,UNKNOWN,UNKNOWN,UNKNOWN,UNKNOWN,UNKNOWN,UNKNOWN,unknown,,,listed,rebulk-directory (G&W LDRR),,
Material Transport Trucking & Storage,,brendan.page@materialtransport.com,,FORT WORTH,TX,NO,NO,NO,NO,NO,NO,NO,YES,NO,NO,NO,YES,NO,NO,NO,NO,NO,NO,NO,NO,NO,NO,NO,NO,NO,NO,unknown,https://materialtransport.com/,,verified,swl-internal,NOT_FOUND,low
Mayor’s Point Terminal,,,,BRUNSWICK,GA,UNKNOWN,UNKNOWN,UNKNOWN,UNKNOWN,UNKNOWN,UNKNOWN,UNKNOWN,UNKNOWN,UNKNOWN,UNKNOWN,UNKNOWN,UNKNOWN,UNKNOWN,UNKNOWN,UNKNOWN,UNKNOWN,UNKNOWN,UNKNOWN,UNKNOWN,UNKNOWN,UNKNOWN,UNKNOWN,UNKNOWN,UNKNOWN,UNKNOWN,UNKNOWN,unknown,https://gaports.com/cargo/breakbulk/,,listed,rebulk-directory (CSX NS),,
Maysville Rail Port,,,,MAYSVILLE,KY,UNKNOWN,UNKNOWN,UNKNOWN,UNKNOWN,UNKNOWN,UNKNOWN,UNKNOWN,UNKNOWN,UNKNOWN,UNKNOWN,UNKNOWN,UNKNOWN,UNKNOWN,UNKNOWN,UNKNOWN,UNKNOWN,UNKNOWN,UNKNOWN,UNKNOWN,UNKNOWN,UNKNOWN,UNKNOWN,UNKNOWN,UNKNOWN,UNKNOWN,UNKNOWN,unknown,https://mbrail.com/mb-rail-to-open-multimodal-port/,,listed,rebulk-directory (CSX TTIS),,
Mccoy Mc Reload,,,,BURNET,TX,UNKNOWN,UNKNOWN,UNKNOWN,UNKNOWN,UNKNOWN,UNKNOWN,UNKNOWN,UNKNOWN,UNKNOWN,UNKNOWN,UNKNOWN,UNKNOWN,UNKNOWN,UNKNOWN,UNKNOWN,UNKNOWN,UNKNOWN,UNKNOWN,UNKNOWN,UNKNOWN,UNKNOWN,UNKNOWN,UNKNOWN,UNKNOWN,UNKNOWN,UNKNOWN,unknown,https://www.mcreload.com/,,listed,rebulk-directory (BNSF),,
McDonald Farms Enterprises,Franklin Street Terminal,,,DENVER,CO,UNKNOWN,UNKNOWN,UNKNOWN,UNKNOWN,UNKNOWN,UNKNOWN,UNKNOWN,UNKNOWN,UNKNOWN,UNKNOWN,UNKNOWN,UNKNOWN,UNKNOWN,UNKNOWN,UNKNOWN,UNKNOWN,UNKNOWN,UNKNOWN,UNKNOWN,UNKNOWN,UNKNOWN,UNKNOWN,UNKNOWN,UNKNOWN,UNKNOWN,UNKNOWN,unknown,https://mcdonaldfarmsinc.com/,,listed,rebulk-directory (Denver Rock Island Railroad (DRIR) BNSF UP),,
McDuffie Coal Terminal,,,,MOBILE,AL,UNKNOWN,UNKNOWN,UNKNOWN,UNKNOWN,UNKNOWN,UNKNOWN,UNKNOWN,UNKNOWN,UNKNOWN,UNKNOWN,UNKNOWN,UNKNOWN,UNKNOWN,UNKNOWN,UNKNOWN,UNKNOWN,UNKNOWN,UNKNOWN,UNKNOWN,UNKNOWN,UNKNOWN,UNKNOWN,UNKNOWN,UNKNOWN,UNKNOWN,UNKNOWN,unknown,https://alports.com/facilities/coal/,,listed,rebulk-directory (Terminal Railway Alabama State Docks (TASD)),,
McKees Rocks Industrial Enterprises,,,,MCKEES ROCKS,PA,UNKNOWN,UNKNOWN,UNKNOWN,UNKNOWN,UNKNOWN,UNKNOWN,UNKNOWN,UNKNOWN,UNKNOWN,UNKNOWN,UNKNOWN,UNKNOWN,UNKNOWN,UNKNOWN,UNKNOWN,UNKNOWN,UNKNOWN,UNKNOWN,UNKNOWN,UNKNOWN,UNKNOWN,UNKNOWN,UNKNOWN,UNKNOWN,UNKNOWN,UNKNOWN,unknown,https://www.e-mrie.com/,,listed,rebulk-directory (G&W POHC),,
McLendon Enterprises,,,,ELLABELL,GA,UNKNOWN,UNKNOWN,UNKNOWN,UNKNOWN,UNKNOWN,UNKNOWN,UNKNOWN,UNKNOWN,UNKNOWN,UNKNOWN,UNKNOWN,UNKNOWN,UNKNOWN,UNKNOWN,UNKNOWN,UNKNOWN,UNKNOWN,UNKNOWN,UNKNOWN,UNKNOWN,UNKNOWN,UNKNOWN,UNKNOWN,UNKNOWN,UNKNOWN,UNKNOWN,unknown,https://www.mclendonenterprises.com/,,listed,rebulk-directory (G&W GC),,
McPherson Oil,,,,ATLANTA,GA,UNKNOWN,UNKNOWN,UNKNOWN,UNKNOWN,UNKNOWN,UNKNOWN,UNKNOWN,UNKNOWN,UNKNOWN,UNKNOWN,UNKNOWN,UNKNOWN,UNKNOWN,UNKNOWN,UNKNOWN,UNKNOWN,UNKNOWN,UNKNOWN,UNKNOWN,UNKNOWN,UNKNOWN,UNKNOWN,UNKNOWN,UNKNOWN,UNKNOWN,UNKNOWN,unknown,https://www.mcphersonoil.com,,listed,rebulk-directory (NS),,
Meador Warehousing & Distribution,,,,MOBILE,AL,UNKNOWN,UNKNOWN,UNKNOWN,UNKNOWN,UNKNOWN,UNKNOWN,UNKNOWN,UNKNOWN,UNKNOWN,UNKNOWN,UNKNOWN,UNKNOWN,UNKNOWN,UNKNOWN,UNKNOWN,UNKNOWN,UNKNOWN,UNKNOWN,UNKNOWN,UNKNOWN,UNKNOWN,UNKNOWN,UNKNOWN,UNKNOWN,UNKNOWN,UNKNOWN,unknown,https://meadorwarehouse.com/,,listed,rebulk-directory (AGR G&W),,
Medford Team Track,,,,MEDFORD,NY,UNKNOWN,UNKNOWN,UNKNOWN,UNKNOWN,UNKNOWN,UNKNOWN,UNKNOWN,UNKNOWN,UNKNOWN,UNKNOWN,UNKNOWN,UNKNOWN,UNKNOWN,UNKNOWN,UNKNOWN,UNKNOWN,UNKNOWN,UNKNOWN,UNKNOWN,UNKNOWN,UNKNOWN,UNKNOWN,UNKNOWN,UNKNOWN,UNKNOWN,UNKNOWN,unknown,https://www.anacostia.com/our-companies/nya/,,listed,rebulk-directory (New York & Atlantic Railway (NYA)),,
Medina 3T Transload,,,,MEDINA,NY,UNKNOWN,UNKNOWN,UNKNOWN,UNKNOWN,UNKNOWN,UNKNOWN,UNKNOWN,UNKNOWN,UNKNOWN,UNKNOWN,UNKNOWN,UNKNOWN,UNKNOWN,UNKNOWN,UNKNOWN,UNKNOWN,UNKNOWN,UNKNOWN,UNKNOWN,UNKNOWN,UNKNOWN,UNKNOWN,UNKNOWN,UNKNOWN,UNKNOWN,UNKNOWN,unknown,https://www.gvtrail.com/region/western-new-york/,,listed,rebulk-directory (Falls Road Railroad (FRR)),,
Meherrin Fertilizer,,,,CLAXTON,GA,UNKNOWN,UNKNOWN,UNKNOWN,UNKNOWN,UNKNOWN,UNKNOWN,UNKNOWN,UNKNOWN,UNKNOWN,UNKNOWN,UNKNOWN,UNKNOWN,UNKNOWN,UNKNOWN,UNKNOWN,UNKNOWN,UNKNOWN,UNKNOWN,UNKNOWN,UNKNOWN,UNKNOWN,UNKNOWN,UNKNOWN,UNKNOWN,UNKNOWN,UNKNOWN,unknown,https://meherrinfertilizer.com/,,listed,rebulk-directory (G&W GC),,
"Merchants Transloading, Warehoue, Distribution Services",,randyw@merchantsdsm.com,(515) 244-2123,ALTOONA,IA,NO,NO,NO,YES,YES,YES,YES,YES,NO,NO,YES,YES,NO,YES,NO,NO,YES,NO,NO,NO,NO,YES,YES,YES,NO,NO,unknown,http://www.merchantsdsm.com/,,verified,swl-internal,OPERATIONAL,medium
"Merchants Transloading, Warehoue, Distribution Services",,randyw@merchantsdsm.com,(515) 244-2123,DES MOINES,IA,YES,NO,YES,YES,YES,YES,YES,YES,YES,NO,YES,YES,NO,YES,NO,NO,YES,NO,NO,NO,NO,YES,YES,YES,NO,NO,unknown,http://www.merchantsdsm.com/,,verified,swl-internal,OPERATIONAL,medium
Metro Group,,danfloyd@metrogroup.com,,BATTLE MOUNTAIN,NV,NO,NO,NO,NO,NO,NO,NO,NO,NO,NO,NO,YES,NO,NO,NO,NO,NO,NO,NO,NO,NO,NO,NO,NO,NO,NO,unknown,https://www.metrogroup.com/metro-recycling-services/transloading/,,verified,swl-internal,NOT_FOUND,low
Metro Group,,danfloyd@metrogroup.com,(801) 590-4540,SALT LAKE CITY,UT,NO,NO,NO,NO,NO,NO,NO,NO,NO,NO,NO,YES,NO,NO,NO,NO,NO,NO,NO,NO,NO,NO,NO,NO,NO,NO,unknown,http://metrogroup.com/,,verified,swl-internal,OPERATIONAL,high
Metro Metals Corporation,,,,EAST PITTSBURGH,PA,UNKNOWN,UNKNOWN,UNKNOWN,UNKNOWN,UNKNOWN,UNKNOWN,UNKNOWN,UNKNOWN,UNKNOWN,UNKNOWN,UNKNOWN,UNKNOWN,UNKNOWN,UNKNOWN,UNKNOWN,UNKNOWN,UNKNOWN,UNKNOWN,UNKNOWN,UNKNOWN,UNKNOWN,UNKNOWN,UNKNOWN,UNKNOWN,UNKNOWN,UNKNOWN,unknown,,,listed,rebulk-directory (NS URR),,
Metro Park Warehouses,,swedlen@metroparkwarhouses.com,(913) 621-3116,KANSAS CITY,KS,NO,NO,NO,NO,NO,NO,NO,NO,NO,NO,NO,NO,NO,NO,NO,NO,NO,NO,NO,NO,NO,NO,NO,NO,NO,NO,unknown,https://metroparkwarehouses.com/,,verified,swl-internal,OPERATIONAL,high
Metro Park Warehouses,,swedlen@metroparkwarhouses.com,(816) 221-4546,NORTH KANSAS CITY,MO,NO,NO,NO,NO,NO,NO,NO,NO,NO,NO,NO,NO,NO,NO,NO,NO,NO,NO,NO,NO,NO,NO,NO,NO,NO,NO,unknown,https://metroparkwarehouses.com/,,verified,swl-internal,OPERATIONAL,high
Metro Ports Pier G Bulk Terminal,,,,LONG BEACH,CA,UNKNOWN,UNKNOWN,UNKNOWN,UNKNOWN,UNKNOWN,UNKNOWN,UNKNOWN,UNKNOWN,UNKNOWN,UNKNOWN,UNKNOWN,UNKNOWN,UNKNOWN,UNKNOWN,UNKNOWN,UNKNOWN,UNKNOWN,UNKNOWN,UNKNOWN,UNKNOWN,UNKNOWN,UNKNOWN,UNKNOWN,UNKNOWN,UNKNOWN,UNKNOWN,unknown,https://www.metroports.com/,,listed,rebulk-directory (PHL BNSF UP),,
Metro West Transload,,keith@metrowesttransload.com,(817) 396-4549,CRESSON,TX,NO,NO,NO,NO,NO,NO,NO,YES,NO,NO,NO,NO,NO,NO,NO,NO,NO,NO,NO,NO,NO,NO,NO,NO,NO,NO,unknown,http://www.metrowesttransload.com/,,verified,swl-internal,OPERATIONAL,high
MHF Inc.,,,,BUTLER,PA,UNKNOWN,UNKNOWN,UNKNOWN,UNKNOWN,UNKNOWN,UNKNOWN,UNKNOWN,UNKNOWN,UNKNOWN,UNKNOWN,UNKNOWN,UNKNOWN,UNKNOWN,UNKNOWN,UNKNOWN,UNKNOWN,UNKNOWN,UNKNOWN,UNKNOWN,UNKNOWN,UNKNOWN,UNKNOWN,UNKNOWN,UNKNOWN,UNKNOWN,UNKNOWN,unknown,https://www.mhf.com,,listed,rebulk-directory (BPRR NS),,
Mhx LLC,,sales@mhx.solutions,,CUCAMONGA,CA,NO,NO,NO,NO,NO,NO,NO,NO,NO,NO,NO,YES,NO,NO,NO,NO,NO,NO,NO,NO,NO,NO,NO,NO,NO,NO,unknown,https://mhx.solutions/locations/,,verified,swl-internal,NOT_FOUND,low
Mhx LLC,,sales@mhx.solutions,(909) 371-1939,FONTANA,CA,NO,NO,NO,NO,NO,NO,NO,NO,NO,NO,NO,YES,NO,NO,NO,NO,NO,NO,NO,NO,NO,NO,NO,NO,NO,NO,unknown,http://www.mhx.solutions/,,verified,swl-internal,OPERATIONAL,high
Mhx LLC,,sales@mhx.solutions,(800) 825-1205,HELENDALE,CA,NO,NO,NO,NO,NO,NO,NO,NO,NO,NO,NO,YES,NO,NO,NO,NO,NO,NO,NO,NO,NO,NO,NO,NO,NO,NO,unknown,https://mhx.solutions/,,verified,swl-internal,OPERATIONAL,high
Mhx LLC,,sales@mhx.solutions,,LONG BEACH,CA,NO,NO,NO,NO,NO,NO,NO,NO,NO,NO,NO,YES,NO,NO,NO,NO,NO,NO,NO,NO,NO,NO,NO,NO,NO,NO,unknown,https://mhx.solutions/locations/,,verified,swl-internal,NOT_FOUND,low
Mhx LLC,,sales@mhx.solutions,,SOUTH FONTANA,CA,NO,NO,NO,NO,NO,NO,NO,NO,NO,NO,NO,YES,NO,NO,NO,NO,NO,NO,NO,NO,NO,NO,NO,NO,NO,NO,unknown,https://mhx.solutions/locations/,,verified,swl-internal,NOT_FOUND,none
Mhx LLC,,sales@mhx.solutions,(800) 234-2098,STOCKTON,CA,NO,NO,NO,NO,NO,NO,NO,NO,NO,NO,NO,YES,NO,NO,NO,NO,NO,NO,NO,NO,NO,NO,NO,NO,NO,NO,unknown,http://mhx.solutions/,,verified,swl-internal,OPERATIONAL,high
Mhx LLC,,sales@mhx.solutions,(800) 234-2098,VERNON,CA,NO,NO,NO,NO,NO,NO,NO,NO,NO,NO,NO,YES,NO,NO,NO,NO,NO,NO,NO,NO,NO,NO,NO,NO,NO,NO,unknown,http://mhx.solutions/,,verified,swl-internal,OPERATIONAL,high
Miami NS TBT,,,,MIAMI,FL,UNKNOWN,UNKNOWN,UNKNOWN,UNKNOWN,UNKNOWN,UNKNOWN,UNKNOWN,UNKNOWN,UNKNOWN,UNKNOWN,UNKNOWN,UNKNOWN,UNKNOWN,UNKNOWN,UNKNOWN,UNKNOWN,UNKNOWN,UNKNOWN,UNKNOWN,UNKNOWN,UNKNOWN,UNKNOWN,UNKNOWN,UNKNOWN,UNKNOWN,UNKNOWN,unknown,https://www.nscorp.com,,listed,rebulk-directory (FEC NS),,
Michigan Agricultural Commodities,,,,MIDDLETON,MI,UNKNOWN,UNKNOWN,UNKNOWN,UNKNOWN,UNKNOWN,UNKNOWN,UNKNOWN,UNKNOWN,UNKNOWN,UNKNOWN,UNKNOWN,UNKNOWN,UNKNOWN,UNKNOWN,UNKNOWN,UNKNOWN,UNKNOWN,UNKNOWN,UNKNOWN,UNKNOWN,UNKNOWN,UNKNOWN,UNKNOWN,UNKNOWN,UNKNOWN,UNKNOWN,unknown,https://www.michag.com/contact/middleton/,,listed,rebulk-directory (Great Lakes Central Railroad (GLC)),,
Michigan Marine Terminal,,,,RIVER ROUGE,MI,UNKNOWN,UNKNOWN,UNKNOWN,UNKNOWN,UNKNOWN,UNKNOWN,UNKNOWN,UNKNOWN,UNKNOWN,UNKNOWN,UNKNOWN,UNKNOWN,UNKNOWN,UNKNOWN,UNKNOWN,UNKNOWN,UNKNOWN,UNKNOWN,UNKNOWN,UNKNOWN,UNKNOWN,UNKNOWN,UNKNOWN,UNKNOWN,UNKNOWN,UNKNOWN,unknown,https://www.mmtandff.com/,,listed,rebulk-directory (CSX NS),,
Michigan Rail and Storage,,,,COMSTOCK PARK,MI,UNKNOWN,UNKNOWN,UNKNOWN,UNKNOWN,UNKNOWN,UNKNOWN,UNKNOWN,UNKNOWN,UNKNOWN,UNKNOWN,UNKNOWN,UNKNOWN,UNKNOWN,UNKNOWN,UNKNOWN,UNKNOWN,UNKNOWN,UNKNOWN,UNKNOWN,UNKNOWN,UNKNOWN,UNKNOWN,UNKNOWN,UNKNOWN,UNKNOWN,UNKNOWN,unknown,,,listed,rebulk-directory (G&W MQT),,
Michigan Terminals / Wyoming Industrial,,,,WYOMING,MI,UNKNOWN,UNKNOWN,UNKNOWN,UNKNOWN,UNKNOWN,UNKNOWN,UNKNOWN,UNKNOWN,UNKNOWN,UNKNOWN,UNKNOWN,UNKNOWN,UNKNOWN,UNKNOWN,UNKNOWN,UNKNOWN,UNKNOWN,UNKNOWN,UNKNOWN,UNKNOWN,UNKNOWN,UNKNOWN,UNKNOWN,UNKNOWN,UNKNOWN,UNKNOWN,unknown,https://mtwi-michigan.com/,,listed,rebulk-directory (CSX),,
Michigan Timber & Truss Rail Reload,,,,FLINT,MI,UNKNOWN,UNKNOWN,UNKNOWN,UNKNOWN,UNKNOWN,UNKNOWN,UNKNOWN,UNKNOWN,UNKNOWN,UNKNOWN,UNKNOWN,UNKNOWN,UNKNOWN,UNKNOWN,UNKNOWN,UNKNOWN,UNKNOWN,UNKNOWN,UNKNOWN,UNKNOWN,UNKNOWN,UNKNOWN,UNKNOWN,UNKNOWN,UNKNOWN,UNKNOWN,unknown,https://mitimber.com/,,listed,rebulk-directory (CN),,
Mid Columbia Warehouses Inc,,,(509) 547-7761,PASCO,WA,NO,NO,NO,NO,NO,NO,NO,YES,NO,NO,NO,YES,NO,NO,NO,NO,NO,NO,NO,NO,NO,NO,NO,NO,NO,NO,unknown,"https://www.google.com/maps/place/Mid+Columbia+Warehouse+Inc/@46.2168758,-119.0742485,3094m/data=!3m1!1e3!4m5!3m4!1s0x0:0xf5b169e490f904d2!8m2!3d46.2168461!4d-119.0742914",,verified,swl-internal,OPERATIONAL,high
Mid State Packaging Inc.,,,,HILLSBOROUGH,NJ,UNKNOWN,UNKNOWN,UNKNOWN,UNKNOWN,UNKNOWN,UNKNOWN,UNKNOWN,UNKNOWN,UNKNOWN,UNKNOWN,UNKNOWN,UNKNOWN,UNKNOWN,UNKNOWN,UNKNOWN,UNKNOWN,UNKNOWN,UNKNOWN,UNKNOWN,UNKNOWN,UNKNOWN,UNKNOWN,UNKNOWN,UNKNOWN,UNKNOWN,UNKNOWN,unknown,https://www.t-g-c.com,,listed,rebulk-directory (NS),,
Mid State Warehouse,,,,NEWARK,OH,UNKNOWN,UNKNOWN,UNKNOWN,UNKNOWN,UNKNOWN,UNKNOWN,UNKNOWN,UNKNOWN,UNKNOWN,UNKNOWN,UNKNOWN,UNKNOWN,UNKNOWN,UNKNOWN,UNKNOWN,UNKNOWN,UNKNOWN,UNKNOWN,UNKNOWN,UNKNOWN,UNKNOWN,UNKNOWN,UNKNOWN,UNKNOWN,UNKNOWN,UNKNOWN,unknown,,,listed,rebulk-directory (CUOH G&W),,
Mid States Packaging,,,,AUBURN,MA,UNKNOWN,UNKNOWN,UNKNOWN,UNKNOWN,UNKNOWN,UNKNOWN,UNKNOWN,UNKNOWN,UNKNOWN,UNKNOWN,UNKNOWN,UNKNOWN,UNKNOWN,UNKNOWN,UNKNOWN,UNKNOWN,UNKNOWN,UNKNOWN,UNKNOWN,UNKNOWN,UNKNOWN,UNKNOWN,UNKNOWN,UNKNOWN,UNKNOWN,UNKNOWN,unknown,https://www.quantixscs.com/locations/,,listed,rebulk-directory (G&W PW),,
Mid-Atlantic Rail Services Williamsburg Station,,,,WILLIAMSBURG,MD,UNKNOWN,UNKNOWN,UNKNOWN,UNKNOWN,UNKNOWN,UNKNOWN,UNKNOWN,UNKNOWN,UNKNOWN,UNKNOWN,UNKNOWN,UNKNOWN,UNKNOWN,UNKNOWN,UNKNOWN,UNKNOWN,UNKNOWN,UNKNOWN,UNKNOWN,UNKNOWN,UNKNOWN,UNKNOWN,UNKNOWN,UNKNOWN,UNKNOWN,UNKNOWN,unknown,https://midatlanticrailservices.com/services/,,listed,rebulk-directory (Maryland & Delaware Railroad (MDDE)),,
Mid-Atlantic Transloading Inc,,www.linkedin.com/in/brian-burns-78739773,,VIRGINIA BEACH,VA,NO,NO,NO,NO,NO,NO,NO,YES,NO,NO,NO,NO,NO,NO,NO,NO,NO,NO,NO,NO,NO,NO,NO,NO,NO,NO,unknown,"https://www.google.com/maps/place/2429+Fairway+Ave,+Virginia+Beach,+VA+23462/@36.8172499,-76.1480624,16z/data=!4m5!3m4!1s0x89babe25e5093bff:0x1306805e38864c9c!8m2!3d36.817171!4d-76.1440232",,verified,swl-internal,NOT_FOUND,low
Mid-South Bulk Services Inc,,jon.knight@midsouthbulk.com,(870) 735-8550,WEST MEMPHIS,AR,NO,NO,YES,NO,NO,NO,YES,NO,YES,NO,NO,NO,NO,NO,NO,YES,YES,NO,NO,YES,YES,YES,YES,YES,NO,NO,unknown,http://midsouthbulk.com/,,verified,swl-internal,OPERATIONAL,high
Mid-South Terminals,,,,CHATTANOOGA,TN,UNKNOWN,UNKNOWN,UNKNOWN,UNKNOWN,UNKNOWN,UNKNOWN,UNKNOWN,UNKNOWN,UNKNOWN,UNKNOWN,UNKNOWN,UNKNOWN,UNKNOWN,UNKNOWN,UNKNOWN,UNKNOWN,UNKNOWN,UNKNOWN,UNKNOWN,UNKNOWN,UNKNOWN,UNKNOWN,UNKNOWN,UNKNOWN,UNKNOWN,UNKNOWN,unknown,https://serodinoinc.com/mid-south-terminals/,,listed,rebulk-directory (NS),,
Mid-States Packaging,,,,WORCESTER,MA,UNKNOWN,UNKNOWN,UNKNOWN,UNKNOWN,UNKNOWN,UNKNOWN,UNKNOWN,UNKNOWN,UNKNOWN,UNKNOWN,UNKNOWN,UNKNOWN,UNKNOWN,UNKNOWN,UNKNOWN,UNKNOWN,UNKNOWN,UNKNOWN,UNKNOWN,UNKNOWN,UNKNOWN,UNKNOWN,UNKNOWN,UNKNOWN,UNKNOWN,UNKNOWN,unknown,https://www.mspack.com,,listed,rebulk-directory (NS PW),,
Mid-States Packaging,,,,JERSEY CITY,NJ,UNKNOWN,UNKNOWN,UNKNOWN,UNKNOWN,UNKNOWN,UNKNOWN,UNKNOWN,UNKNOWN,UNKNOWN,UNKNOWN,UNKNOWN,UNKNOWN,UNKNOWN,UNKNOWN,UNKNOWN,UNKNOWN,UNKNOWN,UNKNOWN,UNKNOWN,UNKNOWN,UNKNOWN,UNKNOWN,UNKNOWN,UNKNOWN,UNKNOWN,UNKNOWN,unknown,,,listed,rebulk-directory (NS),,
Midcontinent Transload & Freight Solutions LLC,,,,BOX ELDER,SD,UNKNOWN,UNKNOWN,UNKNOWN,UNKNOWN,UNKNOWN,UNKNOWN,UNKNOWN,UNKNOWN,UNKNOWN,UNKNOWN,UNKNOWN,UNKNOWN,UNKNOWN,UNKNOWN,UNKNOWN,UNKNOWN,UNKNOWN,UNKNOWN,UNKNOWN,UNKNOWN,UNKNOWN,UNKNOWN,UNKNOWN,UNKNOWN,UNKNOWN,UNKNOWN,unknown,,,listed,rebulk-directory (RCPE),,
Middletown & New Jersey Railroad Transload,,,,MIDDLETOWN,NY,UNKNOWN,UNKNOWN,UNKNOWN,UNKNOWN,UNKNOWN,UNKNOWN,UNKNOWN,UNKNOWN,UNKNOWN,UNKNOWN,UNKNOWN,UNKNOWN,UNKNOWN,UNKNOWN,UNKNOWN,UNKNOWN,UNKNOWN,UNKNOWN,UNKNOWN,UNKNOWN,UNKNOWN,UNKNOWN,UNKNOWN,UNKNOWN,UNKNOWN,UNKNOWN,unknown,https://regional-rail.com/middletown-nj/,,listed,rebulk-directory (MNJ),,
Midland Transload Yard,,,,MIDLAND,NC,UNKNOWN,UNKNOWN,UNKNOWN,UNKNOWN,UNKNOWN,UNKNOWN,UNKNOWN,UNKNOWN,UNKNOWN,UNKNOWN,UNKNOWN,UNKNOWN,UNKNOWN,UNKNOWN,UNKNOWN,UNKNOWN,UNKNOWN,UNKNOWN,UNKNOWN,UNKNOWN,UNKNOWN,UNKNOWN,UNKNOWN,UNKNOWN,UNKNOWN,UNKNOWN,unknown,https://www.ACWR.com,,listed,rebulk-directory (NS),,
Midstream Texas South Corpus Rail Terminal,,,,CORPUS CHRISTI,TX,UNKNOWN,UNKNOWN,UNKNOWN,UNKNOWN,UNKNOWN,UNKNOWN,UNKNOWN,UNKNOWN,UNKNOWN,UNKNOWN,UNKNOWN,UNKNOWN,UNKNOWN,UNKNOWN,UNKNOWN,UNKNOWN,UNKNOWN,UNKNOWN,UNKNOWN,UNKNOWN,UNKNOWN,UNKNOWN,UNKNOWN,UNKNOWN,UNKNOWN,UNKNOWN,unknown,https://www.midstreamtx.com/midstream-texas-south-corpus-rail-terminal/,,listed,rebulk-directory (CPKC),,
Midwest Bulk Transload,,info@mbtransload.com,,JOLIET,IL,NO,NO,NO,NO,NO,NO,NO,NO,YES,NO,NO,NO,NO,NO,NO,NO,YES,NO,NO,NO,NO,NO,YES,YES,NO,NO,unknown,http://www.mbtransload.com/,,verified,swl-internal,NOT_FOUND,none
Midwest Reload,,mbruns@midwestreload.com,(816) 471-6754,KANSAS CITY,MO,NO,NO,NO,NO,NO,NO,NO,YES,NO,NO,NO,YES,NO,NO,NO,NO,NO,NO,NO,NO,NO,NO,NO,NO,NO,NO,unknown,https://midwestreload.com/,dead_domain,verified,swl-internal,OPERATIONAL,high
Midwest Reload,,mbruns@midwestreload.com,,COLDWATER,OH,NO,NO,NO,NO,NO,NO,NO,YES,NO,NO,NO,YES,NO,NO,NO,NO,NO,NO,NO,NO,NO,NO,NO,NO,NO,NO,unknown,https://midwestreload.com/,dead_domain,verified,swl-internal,NOT_FOUND,low
Midwest Terminal Services,,blue.km61@gmail.com,,HAMMOND,IN,NO,NO,NO,NO,NO,NO,NO,NO,NO,NO,NO,YES,NO,NO,NO,NO,NO,NO,NO,NO,NO,NO,NO,NO,NO,NO,unknown,https://www.transloadgroup.com/,,verified,swl-internal,NOT_FOUND,low
Midwest Terminals,South End,,,TOLEDO,OH,UNKNOWN,UNKNOWN,UNKNOWN,UNKNOWN,UNKNOWN,UNKNOWN,UNKNOWN,UNKNOWN,UNKNOWN,UNKNOWN,UNKNOWN,UNKNOWN,UNKNOWN,UNKNOWN,UNKNOWN,UNKNOWN,UNKNOWN,UNKNOWN,UNKNOWN,UNKNOWN,UNKNOWN,UNKNOWN,UNKNOWN,UNKNOWN,UNKNOWN,UNKNOWN,unknown,https://www.midwestterminals.com,,listed,rebulk-directory (NS),,
Midwest Terminals - Ironville,,,,TOLEDO,OH,UNKNOWN,UNKNOWN,UNKNOWN,UNKNOWN,UNKNOWN,UNKNOWN,UNKNOWN,UNKNOWN,UNKNOWN,UNKNOWN,UNKNOWN,UNKNOWN,UNKNOWN,UNKNOWN,UNKNOWN,UNKNOWN,UNKNOWN,UNKNOWN,UNKNOWN,UNKNOWN,UNKNOWN,UNKNOWN,UNKNOWN,UNKNOWN,UNKNOWN,UNKNOWN,unknown,https://www.midwestterminals.com,,listed,rebulk-directory (NS),,
Midwest Transload LLC,,terry_oetjen@simxtrucking.com,,CUTLER,IL,NO,NO,YES,NO,NO,NO,YES,NO,YES,NO,YES,NO,NO,NO,NO,YES,YES,NO,NO,NO,NO,NO,YES,YES,NO,NO,unknown,http://www.simxtrucking.com/Midwest-Trans-Load.html,,verified,swl-internal,OPERATIONAL,high
Midwest Warehouse & Distribution Systems,,,,NAPERVILLE,IL,UNKNOWN,UNKNOWN,UNKNOWN,UNKNOWN,UNKNOWN,UNKNOWN,UNKNOWN,UNKNOWN,UNKNOWN,UNKNOWN,UNKNOWN,UNKNOWN,UNKNOWN,UNKNOWN,UNKNOWN,UNKNOWN,UNKNOWN,UNKNOWN,UNKNOWN,UNKNOWN,UNKNOWN,UNKNOWN,UNKNOWN,UNKNOWN,UNKNOWN,UNKNOWN,unknown,https://www.ryder.com/,,listed,rebulk-directory (BNSF),,
Midwest Warehousing LLC,,,,LA PORTE,IN,UNKNOWN,UNKNOWN,UNKNOWN,UNKNOWN,UNKNOWN,UNKNOWN,UNKNOWN,UNKNOWN,UNKNOWN,UNKNOWN,UNKNOWN,UNKNOWN,UNKNOWN,UNKNOWN,UNKNOWN,UNKNOWN,UNKNOWN,UNKNOWN,UNKNOWN,UNKNOWN,UNKNOWN,UNKNOWN,UNKNOWN,UNKNOWN,UNKNOWN,UNKNOWN,unknown,https://www.midwestwarehousing.net/,,listed,rebulk-directory (CSS),,
Milano Railway Logistics Services,,info@milanometals.com,(618) 242-4004,MOUNT VERNON,IL,NO,NO,NO,NO,NO,NO,NO,NO,NO,NO,NO,YES,NO,NO,NO,NO,NO,NO,NO,NO,NO,NO,NO,NO,NO,NO,unknown,https://milanorail.com/,,verified,swl-internal,OPERATIONAL,high
Milford 84 Lumber,,,,MILFORD,DE,UNKNOWN,UNKNOWN,UNKNOWN,UNKNOWN,UNKNOWN,UNKNOWN,UNKNOWN,UNKNOWN,UNKNOWN,UNKNOWN,UNKNOWN,UNKNOWN,UNKNOWN,UNKNOWN,UNKNOWN,UNKNOWN,UNKNOWN,UNKNOWN,UNKNOWN,UNKNOWN,UNKNOWN,UNKNOWN,UNKNOWN,UNKNOWN,UNKNOWN,UNKNOWN,unknown,http://84lumber.com/,,listed,rebulk-directory (DCR NS),,
Millard Maritime,,,,THEODORE,AL,UNKNOWN,UNKNOWN,UNKNOWN,UNKNOWN,UNKNOWN,UNKNOWN,UNKNOWN,UNKNOWN,UNKNOWN,UNKNOWN,UNKNOWN,UNKNOWN,UNKNOWN,UNKNOWN,UNKNOWN,UNKNOWN,UNKNOWN,UNKNOWN,UNKNOWN,UNKNOWN,UNKNOWN,UNKNOWN,UNKNOWN,UNKNOWN,UNKNOWN,UNKNOWN,unknown,https://millardmaritime.com/,,listed,rebulk-directory (CSX),,
Miller Intermodal Logistics Services Inc,,info@mils3pl.com,,MOSS POINT,MS,NO,YES,NO,YES,NO,NO,NO,NO,NO,YES,NO,NO,NO,NO,NO,YES,NO,NO,NO,YES,NO,NO,YES,YES,YES,YES,unknown,http://www.mils3pl.com/distributionsupplychain,dead_link,verified,swl-internal,NOT_FOUND,low
Miller Truck & Storage/Miller Warehousing Services,,,,JACKSON,MI,UNKNOWN,UNKNOWN,UNKNOWN,UNKNOWN,UNKNOWN,UNKNOWN,UNKNOWN,UNKNOWN,UNKNOWN,UNKNOWN,UNKNOWN,UNKNOWN,UNKNOWN,UNKNOWN,UNKNOWN,UNKNOWN,UNKNOWN,UNKNOWN,UNKNOWN,UNKNOWN,UNKNOWN,UNKNOWN,UNKNOWN,UNKNOWN,UNKNOWN,UNKNOWN,unknown,https://www.millerwarehousing.com/,,listed,rebulk-directory (NS),,
Milwaukee Bulk Terminal,Kinder Morgan,,,MILWAUKEE,WI,UNKNOWN,UNKNOWN,UNKNOWN,UNKNOWN,UNKNOWN,UNKNOWN,UNKNOWN,UNKNOWN,UNKNOWN,UNKNOWN,UNKNOWN,UNKNOWN,UNKNOWN,UNKNOWN,UNKNOWN,UNKNOWN,UNKNOWN,UNKNOWN,UNKNOWN,UNKNOWN,UNKNOWN,UNKNOWN,UNKNOWN,UNKNOWN,UNKNOWN,UNKNOWN,unknown,https://www.kindermorgan.com/WWWKM/media/Terminals-Bulk/Midwest-Milwaukee-Bulk.pdf,,listed,rebulk-directory (CPKC),,
Mineral Mfg Corp,,,,EUFAULA,AL,UNKNOWN,UNKNOWN,UNKNOWN,UNKNOWN,UNKNOWN,UNKNOWN,UNKNOWN,UNKNOWN,UNKNOWN,UNKNOWN,UNKNOWN,UNKNOWN,UNKNOWN,UNKNOWN,UNKNOWN,UNKNOWN,UNKNOWN,UNKNOWN,UNKNOWN,UNKNOWN,UNKNOWN,UNKNOWN,UNKNOWN,UNKNOWN,UNKNOWN,UNKNOWN,unknown,,,listed,rebulk-directory (G&W GSWR),,
Minnesota Freezer Warehouse Company,,,,ALBERT LEA,MN,UNKNOWN,UNKNOWN,UNKNOWN,UNKNOWN,UNKNOWN,UNKNOWN,UNKNOWN,UNKNOWN,UNKNOWN,UNKNOWN,UNKNOWN,UNKNOWN,UNKNOWN,UNKNOWN,UNKNOWN,UNKNOWN,UNKNOWN,UNKNOWN,UNKNOWN,UNKNOWN,UNKNOWN,UNKNOWN,UNKNOWN,UNKNOWN,UNKNOWN,UNKNOWN,unknown,,,listed,rebulk-directory (UP),,
Mississippi Delta Railroad,"transload; American Services Rail, LLC",,,SWAN LAKE,MS,UNKNOWN,UNKNOWN,UNKNOWN,UNKNOWN,UNKNOWN,UNKNOWN,UNKNOWN,UNKNOWN,UNKNOWN,UNKNOWN,UNKNOWN,UNKNOWN,UNKNOWN,UNKNOWN,UNKNOWN,UNKNOWN,UNKNOWN,UNKNOWN,UNKNOWN,UNKNOWN,UNKNOWN,UNKNOWN,UNKNOWN,UNKNOWN,UNKNOWN,UNKNOWN,unknown,https://amsrail.com/,,listed,rebulk-directory (CN Mississippi),,
Mississippi Export Railroad,Evanston Transloading Site,,,LUCEDALE,MS,UNKNOWN,UNKNOWN,UNKNOWN,UNKNOWN,UNKNOWN,UNKNOWN,UNKNOWN,UNKNOWN,UNKNOWN,UNKNOWN,UNKNOWN,UNKNOWN,UNKNOWN,UNKNOWN,UNKNOWN,UNKNOWN,UNKNOWN,UNKNOWN,UNKNOWN,UNKNOWN,UNKNOWN,UNKNOWN,UNKNOWN,UNKNOWN,UNKNOWN,UNKNOWN,unknown,https://mserr.com/services/transloading/,,listed,rebulk-directory (Mississippi Export Railroad (MSE) CN),,
Mississippi Export Railroad,Helena Transloading Site,,,MOSS POINT,MS,UNKNOWN,UNKNOWN,UNKNOWN,UNKNOWN,UNKNOWN,UNKNOWN,UNKNOWN,UNKNOWN,UNKNOWN,UNKNOWN,UNKNOWN,UNKNOWN,UNKNOWN,UNKNOWN,UNKNOWN,UNKNOWN,UNKNOWN,UNKNOWN,UNKNOWN,UNKNOWN,UNKNOWN,UNKNOWN,UNKNOWN,UNKNOWN,UNKNOWN,UNKNOWN,unknown,https://mserr.com/industrial-sites/helena-transloading-site/,,listed,rebulk-directory (MSE connections),,
Missouri Eastern Railroad,Transload Facility,,,UNION,MO,UNKNOWN,UNKNOWN,UNKNOWN,UNKNOWN,UNKNOWN,UNKNOWN,UNKNOWN,UNKNOWN,UNKNOWN,UNKNOWN,UNKNOWN,UNKNOWN,UNKNOWN,UNKNOWN,UNKNOWN,UNKNOWN,UNKNOWN,UNKNOWN,UNKNOWN,UNKNOWN,UNKNOWN,UNKNOWN,UNKNOWN,UNKNOWN,UNKNOWN,UNKNOWN,unknown,https://jag-transport.com/missouri-eastern-railroad/,,listed,rebulk-directory (MER),,
Missouri North Central Railroad / Motive Rail Chillicothe Transload,,,,CHILLICOTHE,MO,UNKNOWN,UNKNOWN,UNKNOWN,UNKNOWN,UNKNOWN,UNKNOWN,UNKNOWN,UNKNOWN,UNKNOWN,UNKNOWN,UNKNOWN,UNKNOWN,UNKNOWN,UNKNOWN,UNKNOWN,UNKNOWN,UNKNOWN,UNKNOWN,UNKNOWN,UNKNOWN,UNKNOWN,UNKNOWN,UNKNOWN,UNKNOWN,UNKNOWN,UNKNOWN,unknown,https://www.motiverail.com/,,listed,rebulk-directory (MNC CPKC),,
Mitchel Enterprises Transloading,,,,BLUFFTON,IN,UNKNOWN,UNKNOWN,UNKNOWN,UNKNOWN,UNKNOWN,UNKNOWN,UNKNOWN,UNKNOWN,UNKNOWN,UNKNOWN,UNKNOWN,UNKNOWN,UNKNOWN,UNKNOWN,UNKNOWN,UNKNOWN,UNKNOWN,UNKNOWN,UNKNOWN,UNKNOWN,UNKNOWN,UNKNOWN,UNKNOWN,UNKNOWN,UNKNOWN,UNKNOWN,unknown,https://www.mitchelenterprises.com/Transloading/1,,listed,rebulk-directory (NS),,
"Mobilex, LLC",,,,WHITE RIVER JUNCTION,VT,UNKNOWN,UNKNOWN,UNKNOWN,UNKNOWN,UNKNOWN,UNKNOWN,UNKNOWN,UNKNOWN,UNKNOWN,UNKNOWN,UNKNOWN,UNKNOWN,UNKNOWN,UNKNOWN,UNKNOWN,UNKNOWN,UNKNOWN,UNKNOWN,UNKNOWN,UNKNOWN,UNKNOWN,UNKNOWN,UNKNOWN,UNKNOWN,UNKNOWN,UNKNOWN,unknown,,,listed,rebulk-directory (WACR),,
Mode 3 Logistics LLC,,,,KANSAS CITY,MO,UNKNOWN,UNKNOWN,UNKNOWN,UNKNOWN,UNKNOWN,UNKNOWN,UNKNOWN,UNKNOWN,UNKNOWN,UNKNOWN,UNKNOWN,UNKNOWN,UNKNOWN,UNKNOWN,UNKNOWN,UNKNOWN,UNKNOWN,UNKNOWN,UNKNOWN,UNKNOWN,UNKNOWN,UNKNOWN,UNKNOWN,UNKNOWN,UNKNOWN,UNKNOWN,unknown,https://mode3logistics.com/,,listed,rebulk-directory (BNSF),,
Modesto & Empire Traction Transload,,,,MODESTO,CA,UNKNOWN,UNKNOWN,UNKNOWN,UNKNOWN,UNKNOWN,UNKNOWN,UNKNOWN,UNKNOWN,UNKNOWN,UNKNOWN,UNKNOWN,UNKNOWN,UNKNOWN,UNKNOWN,UNKNOWN,UNKNOWN,UNKNOWN,UNKNOWN,UNKNOWN,UNKNOWN,UNKNOWN,UNKNOWN,UNKNOWN,UNKNOWN,UNKNOWN,UNKNOWN,unknown,https://metrr.com/,,listed,rebulk-directory (MET BNSF UP),,
"Mon River Industrial Group, LLC",,,,ALLENPORT,PA,UNKNOWN,UNKNOWN,UNKNOWN,UNKNOWN,UNKNOWN,UNKNOWN,UNKNOWN,UNKNOWN,UNKNOWN,UNKNOWN,UNKNOWN,UNKNOWN,UNKNOWN,UNKNOWN,UNKNOWN,UNKNOWN,UNKNOWN,UNKNOWN,UNKNOWN,UNKNOWN,UNKNOWN,UNKNOWN,UNKNOWN,UNKNOWN,UNKNOWN,UNKNOWN,unknown,,,listed,rebulk-directory (NS),,
Monteverdes,,,,PITTSBURGH,PA,UNKNOWN,UNKNOWN,UNKNOWN,UNKNOWN,UNKNOWN,UNKNOWN,UNKNOWN,UNKNOWN,UNKNOWN,UNKNOWN,UNKNOWN,UNKNOWN,UNKNOWN,UNKNOWN,UNKNOWN,UNKNOWN,UNKNOWN,UNKNOWN,UNKNOWN,UNKNOWN,UNKNOWN,UNKNOWN,UNKNOWN,UNKNOWN,UNKNOWN,UNKNOWN,unknown,https://monteverdes.com/,,listed,rebulk-directory (G&W POHC),,
Montgomery Bulk Transload Facility,,,,MONTGOMERY,IL,UNKNOWN,UNKNOWN,UNKNOWN,UNKNOWN,UNKNOWN,UNKNOWN,UNKNOWN,UNKNOWN,UNKNOWN,UNKNOWN,UNKNOWN,UNKNOWN,UNKNOWN,UNKNOWN,UNKNOWN,UNKNOWN,UNKNOWN,UNKNOWN,UNKNOWN,UNKNOWN,UNKNOWN,UNKNOWN,UNKNOWN,UNKNOWN,UNKNOWN,UNKNOWN,unknown,https://bjryrail.com/locations/,,listed,rebulk-directory (BJRY BNSF),,
Montrose Grain,,,,MONTROSE,MO,UNKNOWN,UNKNOWN,UNKNOWN,UNKNOWN,UNKNOWN,UNKNOWN,UNKNOWN,UNKNOWN,UNKNOWN,UNKNOWN,UNKNOWN,UNKNOWN,UNKNOWN,UNKNOWN,UNKNOWN,UNKNOWN,UNKNOWN,UNKNOWN,UNKNOWN,UNKNOWN,UNKNOWN,UNKNOWN,UNKNOWN,UNKNOWN,UNKNOWN,UNKNOWN,unknown,https://www.montrosegrain.com/,,listed,rebulk-directory (G&W MNA),,
Morristown & Erie,East Frederick Transload Facility,,,CEDAR KNOLLS,NJ,UNKNOWN,UNKNOWN,UNKNOWN,UNKNOWN,UNKNOWN,UNKNOWN,UNKNOWN,UNKNOWN,UNKNOWN,UNKNOWN,UNKNOWN,UNKNOWN,UNKNOWN,UNKNOWN,UNKNOWN,UNKNOWN,UNKNOWN,UNKNOWN,UNKNOWN,UNKNOWN,UNKNOWN,UNKNOWN,UNKNOWN,UNKNOWN,UNKNOWN,UNKNOWN,unknown,https://www.merail.com/east-frederick-transload-facility,,listed,rebulk-directory (Morristown & Erie Railway (ME) CSX NS),,
Morristown & Erie,Jefferson Road Transload Facility,,,CEDAR KNOLLS,NJ,UNKNOWN,UNKNOWN,UNKNOWN,UNKNOWN,UNKNOWN,UNKNOWN,UNKNOWN,UNKNOWN,UNKNOWN,UNKNOWN,UNKNOWN,UNKNOWN,UNKNOWN,UNKNOWN,UNKNOWN,UNKNOWN,UNKNOWN,UNKNOWN,UNKNOWN,UNKNOWN,UNKNOWN,UNKNOWN,UNKNOWN,UNKNOWN,UNKNOWN,UNKNOWN,unknown,https://www.merail.com/jeffersonroad,,listed,rebulk-directory (Morristown & Erie Railway (ME) CSX NS),,
Morristown & Erie,Yard,,,MORRISTOWN,NJ,UNKNOWN,UNKNOWN,UNKNOWN,UNKNOWN,UNKNOWN,UNKNOWN,UNKNOWN,UNKNOWN,UNKNOWN,UNKNOWN,UNKNOWN,UNKNOWN,UNKNOWN,UNKNOWN,UNKNOWN,UNKNOWN,UNKNOWN,UNKNOWN,UNKNOWN,UNKNOWN,UNKNOWN,UNKNOWN,UNKNOWN,UNKNOWN,UNKNOWN,UNKNOWN,unknown,https://www.merail.com/morristownyard,,listed,rebulk-directory (Morristown & Erie Railway (ME) CSX NS),,
Morristown & Erie Railway,,,,WHIPPANY,NJ,UNKNOWN,UNKNOWN,UNKNOWN,UNKNOWN,UNKNOWN,UNKNOWN,UNKNOWN,UNKNOWN,UNKNOWN,UNKNOWN,UNKNOWN,UNKNOWN,UNKNOWN,UNKNOWN,UNKNOWN,UNKNOWN,UNKNOWN,UNKNOWN,UNKNOWN,UNKNOWN,UNKNOWN,UNKNOWN,UNKNOWN,UNKNOWN,UNKNOWN,UNKNOWN,unknown,https://www.merail.com,,listed,rebulk-directory (NS),,
Motus Energy T1/T2 Terminals,,,,BROWNSVILLE,TX,UNKNOWN,UNKNOWN,UNKNOWN,UNKNOWN,UNKNOWN,UNKNOWN,UNKNOWN,UNKNOWN,UNKNOWN,UNKNOWN,UNKNOWN,UNKNOWN,UNKNOWN,UNKNOWN,UNKNOWN,UNKNOWN,UNKNOWN,UNKNOWN,UNKNOWN,UNKNOWN,UNKNOWN,UNKNOWN,UNKNOWN,UNKNOWN,UNKNOWN,UNKNOWN,unknown,https://motus.energy/,,listed,rebulk-directory (BRG),,
Moundsville Industrial Park,,,,MOUNDSVILLE,WV,UNKNOWN,UNKNOWN,UNKNOWN,UNKNOWN,UNKNOWN,UNKNOWN,UNKNOWN,UNKNOWN,UNKNOWN,UNKNOWN,UNKNOWN,UNKNOWN,UNKNOWN,UNKNOWN,UNKNOWN,UNKNOWN,UNKNOWN,UNKNOWN,UNKNOWN,UNKNOWN,UNKNOWN,UNKNOWN,UNKNOWN,UNKNOWN,UNKNOWN,UNKNOWN,unknown,https://moundsvilleindustrialpark.com/,,listed,rebulk-directory (CSX),,
Mountain Reload LLC,,cjm@greatlakesreload.com,,BENSON,AZ,NO,NO,NO,NO,NO,NO,YES,YES,YES,NO,NO,YES,NO,NO,NO,NO,YES,NO,NO,NO,NO,NO,YES,YES,NO,NO,unknown,https://www.transloadgroup.com/,,verified,swl-internal,NOT_FOUND,none
Mountain Reload LLC,,cjm@greatlakesreload.com,,BLOOMINGTON,CA,NO,NO,NO,NO,NO,NO,YES,YES,YES,NO,NO,YES,NO,NO,NO,NO,YES,NO,NO,NO,NO,NO,YES,YES,NO,NO,unknown,https://www.transloadgroup.com/,,verified,swl-internal,NOT_FOUND,none
Mountain Reload LLC,,cjm@greatlakesreload.com,,WEST COLTON,CA,NO,NO,NO,NO,NO,NO,YES,YES,YES,NO,NO,YES,NO,NO,NO,NO,YES,NO,NO,NO,NO,NO,YES,YES,NO,NO,unknown,https://www.transloadgroup.com/,,verified,swl-internal,NOT_FOUND,none
Mountain Reload LLC,,cjm@greatlakesreload.com,(303) 433-1300,DENVER,CO,NO,NO,NO,NO,NO,NO,YES,YES,YES,NO,NO,YES,NO,NO,NO,NO,YES,NO,NO,NO,NO,NO,YES,YES,NO,NO,unknown,https://www.transloadgroup.com/,,verified,swl-internal,OPERATIONAL,high
Mountain View Reload USA Inc,,marketing@mvrgroup.com,(406) 434-9260,SHELBY,MT,NO,NO,NO,NO,NO,NO,NO,YES,NO,NO,NO,NO,NO,NO,NO,NO,NO,NO,NO,NO,NO,NO,NO,NO,NO,NO,unknown,http://mvrgroup.com/,,verified,swl-internal,OPERATIONAL,medium
Mountain View Reload USA Inc,,marketing@mvrgroup.com,(832) 626-2972,ALVIN,TX,NO,NO,NO,NO,NO,NO,NO,YES,NO,NO,NO,NO,NO,NO,NO,NO,NO,NO,NO,NO,NO,NO,NO,NO,NO,NO,unknown,http://www.arrow.ca/reload/,,verified,swl-internal,OPERATIONAL,medium
Mountain View Reload USA Inc,,marketing@mvrgroup.com,(214) 260-0672,IRVING,TX,NO,NO,NO,NO,NO,NO,NO,YES,NO,NO,NO,NO,NO,NO,NO,NO,NO,NO,NO,NO,NO,NO,NO,NO,NO,NO,unknown,https://www.arrow.ca/reload/location/irving-reload/,,verified,swl-internal,OPERATIONAL,medium
Mountain View Reload USA Inc,,marketing@mvrgroup.com,+1 250-374-3831,SUMAS,WA,NO,NO,NO,NO,NO,NO,NO,YES,NO,NO,NO,NO,NO,NO,NO,NO,NO,NO,NO,NO,NO,NO,NO,NO,NO,NO,unknown,https://arrow.ca/reload,,verified,swl-internal,OPERATIONAL,medium
MountainTRAX Industrial Rail Park,,,,LA SALLE,CO,UNKNOWN,UNKNOWN,UNKNOWN,UNKNOWN,UNKNOWN,UNKNOWN,UNKNOWN,UNKNOWN,UNKNOWN,UNKNOWN,UNKNOWN,UNKNOWN,UNKNOWN,UNKNOWN,UNKNOWN,UNKNOWN,UNKNOWN,UNKNOWN,UNKNOWN,UNKNOWN,UNKNOWN,UNKNOWN,UNKNOWN,UNKNOWN,UNKNOWN,UNKNOWN,unknown,https://mountaintraxrail.com/,,listed,rebulk-directory (UP),,
MPR Supply Chain,North Terminal,,,BELLAIRE,OH,UNKNOWN,UNKNOWN,UNKNOWN,UNKNOWN,UNKNOWN,UNKNOWN,UNKNOWN,UNKNOWN,UNKNOWN,UNKNOWN,UNKNOWN,UNKNOWN,UNKNOWN,UNKNOWN,UNKNOWN,UNKNOWN,UNKNOWN,UNKNOWN,UNKNOWN,UNKNOWN,UNKNOWN,UNKNOWN,UNKNOWN,UNKNOWN,UNKNOWN,UNKNOWN,unknown,https://www.mprsupplychain.com/,,listed,rebulk-directory (WE NS),,
MPR Supply Chain,South Terminal,,,BELLAIRE,OH,UNKNOWN,UNKNOWN,UNKNOWN,UNKNOWN,UNKNOWN,UNKNOWN,UNKNOWN,UNKNOWN,UNKNOWN,UNKNOWN,UNKNOWN,UNKNOWN,UNKNOWN,UNKNOWN,UNKNOWN,UNKNOWN,UNKNOWN,UNKNOWN,UNKNOWN,UNKNOWN,UNKNOWN,UNKNOWN,UNKNOWN,UNKNOWN,UNKNOWN,UNKNOWN,unknown,https://www.mprsupplychain.com/,,listed,rebulk-directory (WE NS),,
MSE Escatawpa River Terminal,,,,MOSS POINT,MS,UNKNOWN,UNKNOWN,UNKNOWN,UNKNOWN,UNKNOWN,UNKNOWN,UNKNOWN,UNKNOWN,UNKNOWN,UNKNOWN,UNKNOWN,UNKNOWN,UNKNOWN,UNKNOWN,UNKNOWN,UNKNOWN,UNKNOWN,UNKNOWN,UNKNOWN,UNKNOWN,UNKNOWN,UNKNOWN,UNKNOWN,UNKNOWN,UNKNOWN,UNKNOWN,unknown,https://mserr.com/services/industrial-sites/,,listed,rebulk-directory (MSE NS),,
MT Railcars,,,,STOCKTON,CA,UNKNOWN,UNKNOWN,UNKNOWN,UNKNOWN,UNKNOWN,UNKNOWN,UNKNOWN,UNKNOWN,UNKNOWN,UNKNOWN,UNKNOWN,UNKNOWN,UNKNOWN,UNKNOWN,UNKNOWN,UNKNOWN,UNKNOWN,UNKNOWN,UNKNOWN,UNKNOWN,UNKNOWN,UNKNOWN,UNKNOWN,UNKNOWN,UNKNOWN,UNKNOWN,unknown,https://www.mtrailcars.com/,,listed,rebulk-directory (CCT BNSF UP),,
Murphy Logistics Company,,,,KANSAS CITY,MO,UNKNOWN,UNKNOWN,UNKNOWN,UNKNOWN,UNKNOWN,UNKNOWN,UNKNOWN,UNKNOWN,UNKNOWN,UNKNOWN,UNKNOWN,UNKNOWN,UNKNOWN,UNKNOWN,UNKNOWN,UNKNOWN,UNKNOWN,UNKNOWN,UNKNOWN,UNKNOWN,UNKNOWN,UNKNOWN,UNKNOWN,UNKNOWN,UNKNOWN,UNKNOWN,unknown,https://www.murphylogistics.com/,,listed,rebulk-directory (BNSF),,
Murphy Logistics Eagan Distribution Center,,,,EAGAN,MN,UNKNOWN,UNKNOWN,UNKNOWN,UNKNOWN,UNKNOWN,UNKNOWN,UNKNOWN,UNKNOWN,UNKNOWN,UNKNOWN,UNKNOWN,UNKNOWN,UNKNOWN,UNKNOWN,UNKNOWN,UNKNOWN,UNKNOWN,UNKNOWN,UNKNOWN,UNKNOWN,UNKNOWN,UNKNOWN,UNKNOWN,UNKNOWN,UNKNOWN,UNKNOWN,unknown,https://www.murphylogistics.com/warehousing/mn-warehousing/,,listed,rebulk-directory (CPKC PGR),,
Murphy Warehouse Company,,,,MINNEAPOLIS,MN,UNKNOWN,UNKNOWN,UNKNOWN,UNKNOWN,UNKNOWN,UNKNOWN,UNKNOWN,UNKNOWN,UNKNOWN,UNKNOWN,UNKNOWN,UNKNOWN,UNKNOWN,UNKNOWN,UNKNOWN,UNKNOWN,UNKNOWN,UNKNOWN,UNKNOWN,UNKNOWN,UNKNOWN,UNKNOWN,UNKNOWN,UNKNOWN,UNKNOWN,UNKNOWN,unknown,https://www.murphylogistics.com/,,listed,rebulk-directory (BNSF);bnsf-premier-flipbook,,
Murray Warehousing Inc.,,,,DAVENPORT,IA,UNKNOWN,UNKNOWN,UNKNOWN,UNKNOWN,UNKNOWN,UNKNOWN,UNKNOWN,UNKNOWN,UNKNOWN,UNKNOWN,UNKNOWN,UNKNOWN,UNKNOWN,UNKNOWN,UNKNOWN,UNKNOWN,UNKNOWN,UNKNOWN,UNKNOWN,UNKNOWN,UNKNOWN,UNKNOWN,UNKNOWN,UNKNOWN,UNKNOWN,UNKNOWN,unknown,https://murrayswarehousing.com/,,listed,rebulk-directory (CPKC),,
MVT Warehousing,,,,SANTA TERESA,NM,UNKNOWN,UNKNOWN,UNKNOWN,UNKNOWN,UNKNOWN,UNKNOWN,UNKNOWN,UNKNOWN,UNKNOWN,UNKNOWN,UNKNOWN,UNKNOWN,UNKNOWN,UNKNOWN,UNKNOWN,UNKNOWN,UNKNOWN,UNKNOWN,UNKNOWN,UNKNOWN,UNKNOWN,UNKNOWN,UNKNOWN,UNKNOWN,UNKNOWN,UNKNOWN,unknown,https://www.mvtwarehousing.com/,,listed,rebulk-directory (Santa Teresa Southern Railroad (STS) UP),,
N/A,,n/a,,DUBOIS,PA,YES,NO,YES,YES,YES,YES,YES,YES,YES,YES,YES,YES,YES,YES,YES,YES,YES,NO,NO,YES,NO,YES,YES,YES,NO,NO,unknown,N/A,dead_domain,review,swl-internal,NOT_FOUND,low
"Napoleon, Defiance & Western Transload Station",,,,NAPOLEON,OH,UNKNOWN,UNKNOWN,UNKNOWN,UNKNOWN,UNKNOWN,UNKNOWN,UNKNOWN,UNKNOWN,UNKNOWN,UNKNOWN,UNKNOWN,UNKNOWN,UNKNOWN,UNKNOWN,UNKNOWN,UNKNOWN,UNKNOWN,UNKNOWN,UNKNOWN,UNKNOWN,UNKNOWN,UNKNOWN,UNKNOWN,UNKNOWN,UNKNOWN,UNKNOWN,unknown,https://patriotrail.com/rail/napoleon-defiance-western-railway-co-ndw/,,listed,"rebulk-directory (Napoleon, Defiance & Western Railway (NDW))",,
Nashville Marine Terminal,,,,ASHLAND CITY,TN,UNKNOWN,UNKNOWN,UNKNOWN,UNKNOWN,UNKNOWN,UNKNOWN,UNKNOWN,UNKNOWN,UNKNOWN,UNKNOWN,UNKNOWN,UNKNOWN,UNKNOWN,UNKNOWN,UNKNOWN,UNKNOWN,UNKNOWN,UNKNOWN,UNKNOWN,UNKNOWN,UNKNOWN,UNKNOWN,UNKNOWN,UNKNOWN,UNKNOWN,UNKNOWN,unknown,https://www.gmsbr.com/services/portsandterminals,,listed,rebulk-directory (NWR CSX),,
Nassau Terminal - Kindermorgan,Friendly Road Warehouse,,,FERNANDIANA BEACH,FL,UNKNOWN,UNKNOWN,UNKNOWN,UNKNOWN,UNKNOWN,UNKNOWN,UNKNOWN,UNKNOWN,UNKNOWN,UNKNOWN,UNKNOWN,UNKNOWN,UNKNOWN,UNKNOWN,UNKNOWN,UNKNOWN,UNKNOWN,UNKNOWN,UNKNOWN,UNKNOWN,UNKNOWN,UNKNOWN,UNKNOWN,UNKNOWN,UNKNOWN,UNKNOWN,unknown,https://nassauterminal.com/,,listed,rebulk-directory (FCRD G&W),,
Natchez-Adams County Port,,,,NATCHEZ,MS,UNKNOWN,UNKNOWN,UNKNOWN,UNKNOWN,UNKNOWN,UNKNOWN,UNKNOWN,UNKNOWN,UNKNOWN,UNKNOWN,UNKNOWN,UNKNOWN,UNKNOWN,UNKNOWN,UNKNOWN,UNKNOWN,UNKNOWN,UNKNOWN,UNKNOWN,UNKNOWN,UNKNOWN,UNKNOWN,UNKNOWN,UNKNOWN,UNKNOWN,UNKNOWN,unknown,http://www.natchezport.com/,,listed,rebulk-directory (NTZR CN),,
Natchitoches Parish Port,,,,CAMPTI,LA,UNKNOWN,UNKNOWN,UNKNOWN,UNKNOWN,UNKNOWN,UNKNOWN,UNKNOWN,UNKNOWN,UNKNOWN,UNKNOWN,UNKNOWN,UNKNOWN,UNKNOWN,UNKNOWN,UNKNOWN,UNKNOWN,UNKNOWN,UNKNOWN,UNKNOWN,UNKNOWN,UNKNOWN,UNKNOWN,UNKNOWN,UNKNOWN,UNKNOWN,UNKNOWN,unknown,https://www.natchitochesparishport.com/,,listed,rebulk-directory (CPKC),,
Natural Minerals,,,,BATESVILLE,AR,UNKNOWN,UNKNOWN,UNKNOWN,UNKNOWN,UNKNOWN,UNKNOWN,UNKNOWN,UNKNOWN,UNKNOWN,UNKNOWN,UNKNOWN,UNKNOWN,UNKNOWN,UNKNOWN,UNKNOWN,UNKNOWN,UNKNOWN,UNKNOWN,UNKNOWN,UNKNOWN,UNKNOWN,UNKNOWN,UNKNOWN,UNKNOWN,UNKNOWN,UNKNOWN,unknown,,,listed,rebulk-directory (G&W MNA),,
NBM Railways Van Buren Reload,,,,VAN BUREN,ME,UNKNOWN,UNKNOWN,UNKNOWN,UNKNOWN,UNKNOWN,UNKNOWN,UNKNOWN,UNKNOWN,UNKNOWN,UNKNOWN,UNKNOWN,UNKNOWN,UNKNOWN,UNKNOWN,UNKNOWN,UNKNOWN,UNKNOWN,UNKNOWN,UNKNOWN,UNKNOWN,UNKNOWN,UNKNOWN,UNKNOWN,UNKNOWN,UNKNOWN,UNKNOWN,unknown,https://www.nbmrailways.com/,,listed,rebulk-directory (Maine Northern Railway (MNRY)),,
NEBCO Intermodal,,,,NEBRASKA CITY,NE,UNKNOWN,UNKNOWN,UNKNOWN,UNKNOWN,UNKNOWN,UNKNOWN,UNKNOWN,UNKNOWN,UNKNOWN,UNKNOWN,UNKNOWN,UNKNOWN,UNKNOWN,UNKNOWN,UNKNOWN,UNKNOWN,UNKNOWN,UNKNOWN,UNKNOWN,UNKNOWN,UNKNOWN,UNKNOWN,UNKNOWN,UNKNOWN,UNKNOWN,UNKNOWN,unknown,https://nebcointermodal.com/,,listed,rebulk-directory (UP),,
Neill Carage & Warehouse,,info@neillcartage.com,(708) 547-7676,ALSIP,IL,NO,NO,NO,NO,NO,NO,NO,NO,NO,NO,NO,NO,NO,NO,NO,NO,NO,NO,NO,NO,NO,NO,NO,NO,NO,NO,unknown,http://www.neillcartage.com/,,verified,swl-internal,OPERATIONAL,high
Neill Carage & Warehouse,,info@neillcartage.com,(708) 547-7676,BEDFORD PARK,IL,NO,NO,NO,NO,NO,NO,NO,NO,NO,NO,NO,NO,NO,NO,NO,NO,NO,NO,NO,NO,NO,NO,NO,NO,NO,NO,unknown,http://www.neillcartage.com/,,verified,swl-internal,OPERATIONAL,high
Neill Carage & Warehouse,,info@neillcartage.com,(708) 547-7676,BERKELEY,IL,NO,NO,NO,NO,NO,NO,NO,NO,NO,NO,NO,NO,NO,NO,NO,NO,NO,NO,NO,NO,NO,NO,NO,NO,NO,NO,unknown,http://www.neillcartage.com/,,verified,swl-internal,OPERATIONAL,high
Nelson Brothers LLC,,info@nelsonbrothers.com,,SOUTH CHARLESTON,WV,YES,NO,YES,YES,NO,NO,NO,NO,NO,NO,NO,NO,NO,NO,YES,NO,NO,NO,NO,YES,YES,NO,YES,NO,YES,NO,unknown,http://nelsonbrothers.com/,,verified,swl-internal,OPERATIONAL,high
Nelson Packaging,,,,LIMA,OH,UNKNOWN,UNKNOWN,UNKNOWN,UNKNOWN,UNKNOWN,UNKNOWN,UNKNOWN,UNKNOWN,UNKNOWN,UNKNOWN,UNKNOWN,UNKNOWN,UNKNOWN,UNKNOWN,UNKNOWN,UNKNOWN,UNKNOWN,UNKNOWN,UNKNOWN,UNKNOWN,UNKNOWN,UNKNOWN,UNKNOWN,UNKNOWN,UNKNOWN,UNKNOWN,unknown,https://www.nelsonpackagingco.com/,,listed,rebulk-directory (CFE G&W),,
NEPW Logistics,,,,AUBURN,ME,UNKNOWN,UNKNOWN,UNKNOWN,UNKNOWN,UNKNOWN,UNKNOWN,UNKNOWN,UNKNOWN,UNKNOWN,UNKNOWN,UNKNOWN,UNKNOWN,UNKNOWN,UNKNOWN,UNKNOWN,UNKNOWN,UNKNOWN,UNKNOWN,UNKNOWN,UNKNOWN,UNKNOWN,UNKNOWN,UNKNOWN,UNKNOWN,UNKNOWN,UNKNOWN,unknown,https://www.nepw.com,,listed,rebulk-directory (NS STL&A),,
NEPW Logistics,,,,MECHANIC FALLS,ME,UNKNOWN,UNKNOWN,UNKNOWN,UNKNOWN,UNKNOWN,UNKNOWN,UNKNOWN,UNKNOWN,UNKNOWN,UNKNOWN,UNKNOWN,UNKNOWN,UNKNOWN,UNKNOWN,UNKNOWN,UNKNOWN,UNKNOWN,UNKNOWN,UNKNOWN,UNKNOWN,UNKNOWN,UNKNOWN,UNKNOWN,UNKNOWN,UNKNOWN,UNKNOWN,unknown,https://www.nepw.com,,listed,rebulk-directory (NS STL&A),,
NEPW Logistics,,,,PORTLAND,ME,UNKNOWN,UNKNOWN,UNKNOWN,UNKNOWN,UNKNOWN,UNKNOWN,UNKNOWN,UNKNOWN,UNKNOWN,UNKNOWN,UNKNOWN,UNKNOWN,UNKNOWN,UNKNOWN,UNKNOWN,UNKNOWN,UNKNOWN,UNKNOWN,UNKNOWN,UNKNOWN,UNKNOWN,UNKNOWN,UNKNOWN,UNKNOWN,UNKNOWN,UNKNOWN,unknown,https://www.nepw.com,,listed,rebulk-directory (NS PanAm),,
NEPW Logistics,,,,SCARBOROUGH,ME,UNKNOWN,UNKNOWN,UNKNOWN,UNKNOWN,UNKNOWN,UNKNOWN,UNKNOWN,UNKNOWN,UNKNOWN,UNKNOWN,UNKNOWN,UNKNOWN,UNKNOWN,UNKNOWN,UNKNOWN,UNKNOWN,UNKNOWN,UNKNOWN,UNKNOWN,UNKNOWN,UNKNOWN,UNKNOWN,UNKNOWN,UNKNOWN,UNKNOWN,UNKNOWN,unknown,https://www.nepw.com,,listed,rebulk-directory (NS PanAm),,
NEPW Logistics,,,,SOUTH PARIS,ME,UNKNOWN,UNKNOWN,UNKNOWN,UNKNOWN,UNKNOWN,UNKNOWN,UNKNOWN,UNKNOWN,UNKNOWN,UNKNOWN,UNKNOWN,UNKNOWN,UNKNOWN,UNKNOWN,UNKNOWN,UNKNOWN,UNKNOWN,UNKNOWN,UNKNOWN,UNKNOWN,UNKNOWN,UNKNOWN,UNKNOWN,UNKNOWN,UNKNOWN,UNKNOWN,unknown,https://www.nepw.com,,listed,rebulk-directory (NS STL&A),,
NEPW Logistics Fairfield,,,,FAIRFIELD,ME,UNKNOWN,UNKNOWN,UNKNOWN,UNKNOWN,UNKNOWN,UNKNOWN,UNKNOWN,UNKNOWN,UNKNOWN,UNKNOWN,UNKNOWN,UNKNOWN,UNKNOWN,UNKNOWN,UNKNOWN,UNKNOWN,UNKNOWN,UNKNOWN,UNKNOWN,UNKNOWN,UNKNOWN,UNKNOWN,UNKNOWN,UNKNOWN,UNKNOWN,UNKNOWN,unknown,https://www.nepw.com/,,listed,rebulk-directory (CSX),,
Network Logistics Irving Transload,,,,IRVING,TX,UNKNOWN,UNKNOWN,UNKNOWN,UNKNOWN,UNKNOWN,UNKNOWN,UNKNOWN,UNKNOWN,UNKNOWN,UNKNOWN,UNKNOWN,UNKNOWN,UNKNOWN,UNKNOWN,UNKNOWN,UNKNOWN,UNKNOWN,UNKNOWN,UNKNOWN,UNKNOWN,UNKNOWN,UNKNOWN,UNKNOWN,UNKNOWN,UNKNOWN,UNKNOWN,unknown,,,listed,rebulk-directory (FWWR),,
Networks & Logistics Sa De Cv,,info@netwrokslogistics.com.mx,,SAN LUIS POTOSI,SL,NO,NO,NO,NO,NO,NO,NO,NO,NO,NO,NO,NO,NO,NO,NO,NO,NO,NO,NO,NO,NO,NO,NO,NO,NO,NO,unknown,https://networkslogistics.com.mx/,,verified,swl-internal,NOT_FOUND,low
New England Automotive Gateway,,,,SPENCER,MA,UNKNOWN,UNKNOWN,UNKNOWN,UNKNOWN,UNKNOWN,UNKNOWN,UNKNOWN,UNKNOWN,UNKNOWN,UNKNOWN,UNKNOWN,UNKNOWN,UNKNOWN,UNKNOWN,UNKNOWN,UNKNOWN,UNKNOWN,UNKNOWN,UNKNOWN,UNKNOWN,UNKNOWN,UNKNOWN,UNKNOWN,UNKNOWN,UNKNOWN,UNKNOWN,unknown,,,listed,rebulk-directory (East Brookfield & Spencer Railroad (EBSR) CSX),,
New Farmers Building Corp,,,,KNOXVILLE,TN,UNKNOWN,UNKNOWN,UNKNOWN,UNKNOWN,UNKNOWN,UNKNOWN,UNKNOWN,UNKNOWN,UNKNOWN,UNKNOWN,UNKNOWN,UNKNOWN,UNKNOWN,UNKNOWN,UNKNOWN,UNKNOWN,UNKNOWN,UNKNOWN,UNKNOWN,UNKNOWN,UNKNOWN,UNKNOWN,UNKNOWN,UNKNOWN,UNKNOWN,UNKNOWN,unknown,,,listed,rebulk-directory (NS),,
New Hampshire Northcoast Ossipee Transload,,,,OSSIPEE,NH,UNKNOWN,UNKNOWN,UNKNOWN,UNKNOWN,UNKNOWN,UNKNOWN,UNKNOWN,UNKNOWN,UNKNOWN,UNKNOWN,UNKNOWN,UNKNOWN,UNKNOWN,UNKNOWN,UNKNOWN,UNKNOWN,UNKNOWN,UNKNOWN,UNKNOWN,UNKNOWN,UNKNOWN,UNKNOWN,UNKNOWN,UNKNOWN,UNKNOWN,UNKNOWN,unknown,https://www.nhnorthcoast.com/,,listed,rebulk-directory (NHN),,
New Hampton Transfer and Storage,,,,NEW HAMPTON,IA,UNKNOWN,UNKNOWN,UNKNOWN,UNKNOWN,UNKNOWN,UNKNOWN,UNKNOWN,UNKNOWN,UNKNOWN,UNKNOWN,UNKNOWN,UNKNOWN,UNKNOWN,UNKNOWN,UNKNOWN,UNKNOWN,UNKNOWN,UNKNOWN,UNKNOWN,UNKNOWN,UNKNOWN,UNKNOWN,UNKNOWN,UNKNOWN,UNKNOWN,UNKNOWN,unknown,https://nhwarehouse.com/,,listed,rebulk-directory (CPKC),,
New Hope Railroad (New Hope & Ivyland),freight/transload,,,WARMINSTER,PA,UNKNOWN,UNKNOWN,UNKNOWN,UNKNOWN,UNKNOWN,UNKNOWN,UNKNOWN,UNKNOWN,UNKNOWN,UNKNOWN,UNKNOWN,UNKNOWN,UNKNOWN,UNKNOWN,UNKNOWN,UNKNOWN,UNKNOWN,UNKNOWN,UNKNOWN,UNKNOWN,UNKNOWN,UNKNOWN,UNKNOWN,UNKNOWN,UNKNOWN,UNKNOWN,unknown,https://www.newhoperailroad.com/,,listed,rebulk-directory (CSX New Hope & I Pennsylvania),,
New Jersey Rail Carriers LLC,,,,KEARNY,NJ,UNKNOWN,UNKNOWN,UNKNOWN,UNKNOWN,UNKNOWN,UNKNOWN,UNKNOWN,UNKNOWN,UNKNOWN,UNKNOWN,UNKNOWN,UNKNOWN,UNKNOWN,UNKNOWN,UNKNOWN,UNKNOWN,UNKNOWN,UNKNOWN,UNKNOWN,UNKNOWN,UNKNOWN,UNKNOWN,UNKNOWN,UNKNOWN,UNKNOWN,UNKNOWN,unknown,https://interstatewaste.com/,,listed,rebulk-directory (NS),,
New Madrid County Port Authority,,,,NEW MADRID,MO,UNKNOWN,UNKNOWN,UNKNOWN,UNKNOWN,UNKNOWN,UNKNOWN,UNKNOWN,UNKNOWN,UNKNOWN,UNKNOWN,UNKNOWN,UNKNOWN,UNKNOWN,UNKNOWN,UNKNOWN,UNKNOWN,UNKNOWN,UNKNOWN,UNKNOWN,UNKNOWN,UNKNOWN,UNKNOWN,UNKNOWN,UNKNOWN,UNKNOWN,UNKNOWN,unknown,https://www.newmadridcountyport.com/,,listed,rebulk-directory (UP),,
New Mexico Transloading,,info@nmtransload.com,(505) 873-2486,ALBUQUERQUE,NM,NO,NO,YES,YES,NO,NO,YES,NO,YES,YES,YES,YES,YES,NO,NO,NO,YES,NO,NO,YES,NO,NO,YES,YES,NO,NO,unknown,http://www.nmtransload.com/,,verified,swl-internal,OPERATIONAL,high
New Orleans Cold Storage,,,,LA PORTE,TX,UNKNOWN,UNKNOWN,UNKNOWN,UNKNOWN,UNKNOWN,UNKNOWN,UNKNOWN,UNKNOWN,UNKNOWN,UNKNOWN,UNKNOWN,UNKNOWN,UNKNOWN,UNKNOWN,UNKNOWN,UNKNOWN,UNKNOWN,UNKNOWN,UNKNOWN,UNKNOWN,UNKNOWN,UNKNOWN,UNKNOWN,UNKNOWN,UNKNOWN,UNKNOWN,unknown,https://www.onelineage.com/facilities/houston-la-porte,,listed,rebulk-directory (BNSF),,
"New Orleans Terminal, LLC",,,,NEW ORLEANS,LA,UNKNOWN,UNKNOWN,UNKNOWN,UNKNOWN,UNKNOWN,UNKNOWN,UNKNOWN,UNKNOWN,UNKNOWN,UNKNOWN,UNKNOWN,UNKNOWN,UNKNOWN,UNKNOWN,UNKNOWN,UNKNOWN,UNKNOWN,UNKNOWN,UNKNOWN,UNKNOWN,UNKNOWN,UNKNOWN,UNKNOWN,UNKNOWN,UNKNOWN,UNKNOWN,unknown,https://notml.com/,,listed,rebulk-directory (NOPB NS),,
New Orleans Transloading Industrial Park,Heniff Transportation / NOPB,,,NEW ORLEANS,LA,UNKNOWN,UNKNOWN,UNKNOWN,UNKNOWN,UNKNOWN,UNKNOWN,UNKNOWN,UNKNOWN,UNKNOWN,UNKNOWN,UNKNOWN,UNKNOWN,UNKNOWN,UNKNOWN,UNKNOWN,UNKNOWN,UNKNOWN,UNKNOWN,UNKNOWN,UNKNOWN,UNKNOWN,UNKNOWN,UNKNOWN,UNKNOWN,UNKNOWN,UNKNOWN,unknown,https://portnola.com/info/news-media/press-releases/new-orleans-public-belt-railroad-and-heniff-transportation-systems-llc-celebrate-new-3-million-transloading-industrial-park-in-new-orleans-east,,listed,rebulk-directory (New Orleans),,
New York & Atlantic Railway,,nyamarketing@anacostia.com,(718) 497-3023,LONG ISLAND CITY,NY,NO,NO,NO,NO,YES,NO,NO,YES,NO,NO,NO,NO,NO,NO,NO,NO,YES,NO,NO,NO,NO,NO,NO,NO,NO,NO,unknown,http://www.anacostia.com/railroads/nya,,verified,swl-internal,OPERATIONAL,high
Newberry Sand Terminal,,,,WILLIAMSPORT,PA,UNKNOWN,UNKNOWN,UNKNOWN,UNKNOWN,UNKNOWN,UNKNOWN,UNKNOWN,UNKNOWN,UNKNOWN,UNKNOWN,UNKNOWN,UNKNOWN,UNKNOWN,UNKNOWN,UNKNOWN,UNKNOWN,UNKNOWN,UNKNOWN,UNKNOWN,UNKNOWN,UNKNOWN,UNKNOWN,UNKNOWN,UNKNOWN,UNKNOWN,UNKNOWN,unknown,https://www.nshr.com/transload,,listed,rebulk-directory (LVRR NS CPKC),,
Newburgh & South Shore Railroad Transload,,,,CLEVELAND,OH,UNKNOWN,UNKNOWN,UNKNOWN,UNKNOWN,UNKNOWN,UNKNOWN,UNKNOWN,UNKNOWN,UNKNOWN,UNKNOWN,UNKNOWN,UNKNOWN,UNKNOWN,UNKNOWN,UNKNOWN,UNKNOWN,UNKNOWN,UNKNOWN,UNKNOWN,UNKNOWN,UNKNOWN,UNKNOWN,UNKNOWN,UNKNOWN,UNKNOWN,UNKNOWN,unknown,https://omnitrax.com/newburgh-south-shore-railroad/,,listed,rebulk-directory (NSR),,
Newnan Transload Inc.,,,,NEWNAN,GA,UNKNOWN,UNKNOWN,UNKNOWN,UNKNOWN,UNKNOWN,UNKNOWN,UNKNOWN,UNKNOWN,UNKNOWN,UNKNOWN,UNKNOWN,UNKNOWN,UNKNOWN,UNKNOWN,UNKNOWN,UNKNOWN,UNKNOWN,UNKNOWN,UNKNOWN,UNKNOWN,UNKNOWN,UNKNOWN,UNKNOWN,UNKNOWN,UNKNOWN,UNKNOWN,unknown,https://www.newnantransload.com,,listed,rebulk-directory (NS),,
Newport News Marine Terminal,,,,NEWPORT NEWS,VA,UNKNOWN,UNKNOWN,UNKNOWN,UNKNOWN,UNKNOWN,UNKNOWN,UNKNOWN,UNKNOWN,UNKNOWN,UNKNOWN,UNKNOWN,UNKNOWN,UNKNOWN,UNKNOWN,UNKNOWN,UNKNOWN,UNKNOWN,UNKNOWN,UNKNOWN,UNKNOWN,UNKNOWN,UNKNOWN,UNKNOWN,UNKNOWN,UNKNOWN,UNKNOWN,unknown,https://www.portofvirginia.com/,,listed,rebulk-directory (CSX NS),,
Newton Rail Park Renewable Energy Transload Center,,,,NEWTON,IA,UNKNOWN,UNKNOWN,UNKNOWN,UNKNOWN,UNKNOWN,UNKNOWN,UNKNOWN,UNKNOWN,UNKNOWN,UNKNOWN,UNKNOWN,UNKNOWN,UNKNOWN,UNKNOWN,UNKNOWN,UNKNOWN,UNKNOWN,UNKNOWN,UNKNOWN,UNKNOWN,UNKNOWN,UNKNOWN,UNKNOWN,UNKNOWN,UNKNOWN,UNKNOWN,unknown,https://iaisrr.com/newton-rail-park-rail-ready-market-connected-built-for-reach/,,listed,rebulk-directory (Iowa Interstate Railroad (IAIS)),,
Nexxt Logistics Reno-Sparks Transload Facility,,,,SPARKS,NV,UNKNOWN,UNKNOWN,UNKNOWN,UNKNOWN,UNKNOWN,UNKNOWN,UNKNOWN,UNKNOWN,UNKNOWN,UNKNOWN,UNKNOWN,UNKNOWN,UNKNOWN,UNKNOWN,UNKNOWN,UNKNOWN,UNKNOWN,UNKNOWN,UNKNOWN,UNKNOWN,UNKNOWN,UNKNOWN,UNKNOWN,UNKNOWN,UNKNOWN,UNKNOWN,unknown,https://www.nexxtlogistics.com/transload.html,,listed,rebulk-directory (UP),,
NGL Energy Partners Chesapeake Terminal,,,,CHESAPEAKE,VA,UNKNOWN,UNKNOWN,UNKNOWN,UNKNOWN,UNKNOWN,UNKNOWN,UNKNOWN,UNKNOWN,UNKNOWN,UNKNOWN,UNKNOWN,UNKNOWN,UNKNOWN,UNKNOWN,UNKNOWN,UNKNOWN,UNKNOWN,UNKNOWN,UNKNOWN,UNKNOWN,UNKNOWN,UNKNOWN,UNKNOWN,UNKNOWN,UNKNOWN,UNKNOWN,unknown,https://www.nglenergypartners.com/,,listed,rebulk-directory (NS),,
Nicholas Enterprise,,,,DUBOIS,PA,UNKNOWN,UNKNOWN,UNKNOWN,UNKNOWN,UNKNOWN,UNKNOWN,UNKNOWN,UNKNOWN,UNKNOWN,UNKNOWN,UNKNOWN,UNKNOWN,UNKNOWN,UNKNOWN,UNKNOWN,UNKNOWN,UNKNOWN,UNKNOWN,UNKNOWN,UNKNOWN,UNKNOWN,UNKNOWN,UNKNOWN,UNKNOWN,UNKNOWN,UNKNOWN,unknown,https://www.nicholasinc.com/dubois.html,,listed,rebulk-directory (BPRR G&W),,
Nicholas Enterprises,,,,DUBOIS,PA,UNKNOWN,UNKNOWN,UNKNOWN,UNKNOWN,UNKNOWN,UNKNOWN,UNKNOWN,UNKNOWN,UNKNOWN,UNKNOWN,UNKNOWN,UNKNOWN,UNKNOWN,UNKNOWN,UNKNOWN,UNKNOWN,UNKNOWN,UNKNOWN,UNKNOWN,UNKNOWN,UNKNOWN,UNKNOWN,UNKNOWN,UNKNOWN,UNKNOWN,UNKNOWN,unknown,https://www.nicholasinc.com/,,listed,rebulk-directory (BP NS),,
Nicholson Terminal & Dock,Terminal,,,DETROIT,MI,UNKNOWN,UNKNOWN,UNKNOWN,UNKNOWN,UNKNOWN,UNKNOWN,UNKNOWN,UNKNOWN,UNKNOWN,UNKNOWN,UNKNOWN,UNKNOWN,UNKNOWN,UNKNOWN,UNKNOWN,UNKNOWN,UNKNOWN,UNKNOWN,UNKNOWN,UNKNOWN,UNKNOWN,UNKNOWN,UNKNOWN,UNKNOWN,UNKNOWN,UNKNOWN,unknown,https://www.nicholson-terminal.com/,,listed,rebulk-directory (CSX NS),,
Nicholson Terminal & Dock,Terminal,,,ECORSE,MI,UNKNOWN,UNKNOWN,UNKNOWN,UNKNOWN,UNKNOWN,UNKNOWN,UNKNOWN,UNKNOWN,UNKNOWN,UNKNOWN,UNKNOWN,UNKNOWN,UNKNOWN,UNKNOWN,UNKNOWN,UNKNOWN,UNKNOWN,UNKNOWN,UNKNOWN,UNKNOWN,UNKNOWN,UNKNOWN,UNKNOWN,UNKNOWN,UNKNOWN,UNKNOWN,unknown,https://www.nicholson-terminal.com/,,listed,rebulk-directory (CSX NS),,
Nicholson Transfer & Storage Company Incorporated,,,,EAST POINT,GA,UNKNOWN,UNKNOWN,UNKNOWN,UNKNOWN,UNKNOWN,UNKNOWN,UNKNOWN,UNKNOWN,UNKNOWN,UNKNOWN,UNKNOWN,UNKNOWN,UNKNOWN,UNKNOWN,UNKNOWN,UNKNOWN,UNKNOWN,UNKNOWN,UNKNOWN,UNKNOWN,UNKNOWN,UNKNOWN,UNKNOWN,UNKNOWN,UNKNOWN,UNKNOWN,unknown,https://www.nicholsontransfer.com,,listed,rebulk-directory (NS),,
Nittany Oil Transload Facility,,,,LEWISTOWN,PA,UNKNOWN,UNKNOWN,UNKNOWN,UNKNOWN,UNKNOWN,UNKNOWN,UNKNOWN,UNKNOWN,UNKNOWN,UNKNOWN,UNKNOWN,UNKNOWN,UNKNOWN,UNKNOWN,UNKNOWN,UNKNOWN,UNKNOWN,UNKNOWN,UNKNOWN,UNKNOWN,UNKNOWN,UNKNOWN,UNKNOWN,UNKNOWN,UNKNOWN,UNKNOWN,unknown,,,listed,rebulk-directory (Juniata Valley Railroad (JVRR)),,
NLR Yard Transload Track,,,,SAINT CLOUD,MN,UNKNOWN,UNKNOWN,UNKNOWN,UNKNOWN,UNKNOWN,UNKNOWN,UNKNOWN,UNKNOWN,UNKNOWN,UNKNOWN,UNKNOWN,UNKNOWN,UNKNOWN,UNKNOWN,UNKNOWN,UNKNOWN,UNKNOWN,UNKNOWN,UNKNOWN,UNKNOWN,UNKNOWN,UNKNOWN,UNKNOWN,UNKNOWN,UNKNOWN,UNKNOWN,unknown,https://www.anacostia.com/our-companies/nlr/,,listed,rebulk-directory (NLR BNSF),,
NOGC Kaiser Yard Transload Facility,,,,BELLE CHASSE,LA,UNKNOWN,UNKNOWN,UNKNOWN,UNKNOWN,UNKNOWN,UNKNOWN,UNKNOWN,UNKNOWN,UNKNOWN,UNKNOWN,UNKNOWN,UNKNOWN,UNKNOWN,UNKNOWN,UNKNOWN,UNKNOWN,UNKNOWN,UNKNOWN,UNKNOWN,UNKNOWN,UNKNOWN,UNKNOWN,UNKNOWN,UNKNOWN,UNKNOWN,UNKNOWN,unknown,https://www.rgpc.com/new-orleans-gulf-coast,,listed,rebulk-directory (NOGC UP),,
NOPB Transloading Industrial Park,Public Belt Railroad,,,NEW ORLEANS,LA,UNKNOWN,UNKNOWN,UNKNOWN,UNKNOWN,UNKNOWN,UNKNOWN,UNKNOWN,UNKNOWN,UNKNOWN,UNKNOWN,UNKNOWN,UNKNOWN,UNKNOWN,UNKNOWN,UNKNOWN,UNKNOWN,UNKNOWN,UNKNOWN,UNKNOWN,UNKNOWN,UNKNOWN,UNKNOWN,UNKNOWN,UNKNOWN,UNKNOWN,UNKNOWN,unknown,https://railnola.com/,,listed,rebulk-directory (NOPB connections),,
Nor-Am Cold Storage,,,,SAINT JOSEPH,MO,UNKNOWN,UNKNOWN,UNKNOWN,UNKNOWN,UNKNOWN,UNKNOWN,UNKNOWN,UNKNOWN,UNKNOWN,UNKNOWN,UNKNOWN,UNKNOWN,UNKNOWN,UNKNOWN,UNKNOWN,UNKNOWN,UNKNOWN,UNKNOWN,UNKNOWN,UNKNOWN,UNKNOWN,UNKNOWN,UNKNOWN,UNKNOWN,UNKNOWN,UNKNOWN,unknown,https://www.nor-am.com/locations,,listed,rebulk-directory (BNSF),,
NORAG Hereford Transload,,,,HEREFORD,TX,UNKNOWN,UNKNOWN,UNKNOWN,UNKNOWN,UNKNOWN,UNKNOWN,UNKNOWN,UNKNOWN,UNKNOWN,UNKNOWN,UNKNOWN,UNKNOWN,UNKNOWN,UNKNOWN,UNKNOWN,UNKNOWN,UNKNOWN,UNKNOWN,UNKNOWN,UNKNOWN,UNKNOWN,UNKNOWN,UNKNOWN,UNKNOWN,UNKNOWN,UNKNOWN,unknown,https://www.norag-us.com/,,listed,rebulk-directory (BNSF),,
Norag LLC,,,,KANSAS CITY,MO,UNKNOWN,UNKNOWN,UNKNOWN,UNKNOWN,UNKNOWN,UNKNOWN,UNKNOWN,UNKNOWN,UNKNOWN,UNKNOWN,UNKNOWN,UNKNOWN,UNKNOWN,UNKNOWN,UNKNOWN,UNKNOWN,UNKNOWN,UNKNOWN,UNKNOWN,UNKNOWN,UNKNOWN,UNKNOWN,UNKNOWN,UNKNOWN,UNKNOWN,UNKNOWN,unknown,https://www.norag-us.com/,,listed,rebulk-directory (BNSF),,
NORAMCO Chicago Barge Terminal,,,,LEMONT,IL,UNKNOWN,UNKNOWN,UNKNOWN,UNKNOWN,UNKNOWN,UNKNOWN,UNKNOWN,UNKNOWN,UNKNOWN,UNKNOWN,UNKNOWN,UNKNOWN,UNKNOWN,UNKNOWN,UNKNOWN,UNKNOWN,UNKNOWN,UNKNOWN,UNKNOWN,UNKNOWN,UNKNOWN,UNKNOWN,UNKNOWN,UNKNOWN,UNKNOWN,UNKNOWN,unknown,https://www.noramcochicago.com/,,listed,rebulk-directory (BNSF),,
Nordica Warehouse,,info@nordicawarehouses.com,(605) 336-9152,SIOUX FALLS,SD,NO,NO,NO,NO,NO,NO,NO,NO,NO,NO,NO,NO,NO,NO,NO,NO,NO,NO,NO,NO,NO,NO,NO,NO,NO,NO,unknown,https://www.nordicawarehouses.com/,,verified,swl-internal,OPERATIONAL,high
Norfolk Southern TBT,,fprentiss@superior-carriers.com,(251) 434-5924,MOBILE,AL,YES,NO,YES,YES,YES,YES,YES,NO,YES,YES,YES,NO,YES,NO,NO,YES,NO,NO,YES,YES,NO,YES,YES,YES,YES,YES,unknown,http://www.nscorp.com/,,verified,swl-internal,OPERATIONAL,high
Norfolk Southern TBT,,rjwinther@delawareexpress.com,,EDGEMOOR,DE,YES,NO,YES,YES,YES,YES,YES,NO,YES,YES,YES,NO,YES,NO,NO,YES,NO,NO,YES,YES,NO,YES,YES,YES,YES,YES,unknown,http://www.nscorp.com/content/dam/nscorp/ship/TBTNetworkMap.pdf,dead_link,review,swl-internal,NOT_FOUND,low
Norfolk Southern TBT,,danielp@savageservices.com,,MIAMI,FL,YES,NO,YES,YES,YES,YES,YES,NO,YES,YES,YES,NO,YES,NO,NO,YES,NO,NO,YES,YES,NO,YES,YES,YES,YES,YES,unknown,http://www.nscorp.com/content/dam/nscorp/ship/TBTNetworkMap.pdf,dead_link,verified,swl-internal,NOT_FOUND,low
Norfolk Southern TBT,,robyn.bader@nscorp.com,,DORAVILLE,GA,YES,NO,YES,YES,YES,YES,YES,NO,YES,YES,YES,NO,YES,NO,NO,YES,NO,NO,YES,YES,NO,YES,YES,YES,YES,YES,unknown,http://www.nscorp.com/content/dam/nscorp/ship/TBTNetworkMap.pdf,dead_link,verified,swl-internal,NOT_FOUND,low
Norfolk Southern TBT,,robyn.bader@nscorp.com,,EAST POINT,GA,YES,NO,YES,YES,YES,YES,YES,YES,YES,YES,YES,YES,YES,NO,NO,YES,NO,NO,YES,YES,NO,YES,YES,YES,YES,YES,unknown,http://nscorp.com/,,verified,swl-internal,OPERATIONAL,medium
Norfolk Southern TBT,,robyn.bader@nscorp.com,(773) 451-1510,CHICAGO,IL,YES,NO,YES,YES,YES,YES,YES,YES,YES,YES,YES,NO,YES,NO,NO,NO,YES,NO,NO,NO,NO,NO,YES,YES,YES,NO,unknown,http://www.nscorp.com/content/nscorp/en/shipping-options/intermodal/terminals-and-schedules/chicago-ill-47thstreet.html,,verified,swl-internal,OPERATIONAL,high
Norfolk Southern TBT,,danielp@savageservices.com,(800) 497-2919,EDWARDSVILLE,IL,YES,NO,YES,YES,YES,YES,YES,NO,YES,YES,YES,NO,YES,NO,NO,YES,NO,NO,YES,YES,NO,YES,YES,YES,YES,YES,unknown,http://www.nscorp.com/content/nscorp/en/shipping-options/intermodal/terminals-and-schedules/chicago-ill-calumet.html,,verified,swl-internal,OPERATIONAL,medium
Norfolk Southern TBT,,russell.grande@nscorp.com,(773) 470-4198,STREATOR,IL,YES,NO,YES,YES,YES,YES,YES,NO,YES,YES,YES,NO,YES,NO,NO,YES,NO,NO,YES,YES,NO,YES,YES,YES,YES,YES,unknown,http://www.nscorp.com/,,verified,swl-internal,OPERATIONAL,high
Norfolk Southern TBT,,russell.grande@nscorp.com,,ELKHART,IN,YES,NO,YES,YES,YES,YES,YES,NO,YES,YES,YES,NO,YES,NO,NO,YES,NO,NO,YES,YES,NO,YES,YES,YES,YES,YES,unknown,http://www.nscorp.com/content/dam/nscorp/ship/TBTNetworkMap.pdf,dead_link,verified,swl-internal,OPERATIONAL,medium
Norfolk Southern TBT,,sany.santangelo@nscorp.com,,FORT WAYNE,IN,YES,NO,YES,YES,YES,YES,YES,NO,YES,YES,YES,NO,YES,NO,NO,YES,NO,NO,YES,YES,NO,YES,YES,YES,YES,YES,unknown,http://www.nscorp.com/content/dam/nscorp/ship/TBTNetworkMap.pdf,dead_link,verified,swl-internal,OPERATIONAL,medium
Norfolk Southern TBT,,mmassoglia@watcocompanies.com,(502) 774-9040,LOUISVILLE,KY,YES,NO,YES,YES,YES,YES,YES,NO,YES,YES,YES,NO,YES,NO,NO,YES,NO,NO,YES,YES,NO,YES,YES,YES,YES,YES,unknown,http://www.nscorp.com/content/dam/nscorp/ship/TBTNetworkMap.pdf,dead_link,verified,swl-internal,OPERATIONAL,medium
Norfolk Southern TBT,,mmassoglia@watcocompanies.com,,WILLIS,MI,YES,NO,YES,YES,YES,YES,YES,NO,YES,YES,YES,NO,YES,NO,NO,YES,NO,NO,YES,YES,NO,YES,YES,YES,YES,YES,unknown,http://www.nscorp.com/content/dam/nscorp/ship/TBTNetworkMap.pdf,dead_link,verified,swl-internal,NOT_FOUND,low
Norfolk Southern TBT,,wadkins@ciglogistics.com,,MERIDIAN,MS,YES,NO,YES,YES,YES,YES,YES,NO,YES,YES,YES,NO,YES,NO,NO,YES,NO,NO,YES,YES,NO,YES,YES,YES,YES,YES,unknown,http://www.nscorp.com/content/dam/nscorp/ship/TBTNetworkMap.pdf,dead_link,verified,swl-internal,OPERATIONAL,high
Norfolk Southern TBT,,paul.greene@nscorp.com,,GOLDSBORO,NC,YES,NO,YES,YES,YES,YES,YES,NO,YES,YES,YES,NO,YES,NO,NO,YES,NO,NO,YES,YES,NO,YES,YES,YES,YES,YES,unknown,http://www.nscorp.com/content/dam/nscorp/ship/TBTNetworkMap.pdf,dead_link,verified,swl-internal,NOT_FOUND,low
Norfolk Southern TBT,,james@ciglogistics.com,,BINGHAMTON,NY,YES,NO,YES,YES,YES,YES,YES,YES,YES,YES,YES,YES,NO,NO,NO,NO,YES,NO,NO,YES,NO,YES,YES,YES,NO,NO,unknown,http://www.nscorp.com/content/dam/nscorp/ship/TBTNetworkMap.pdf,dead_link,verified,swl-internal,OPERATIONAL,high
Norfolk Southern TBT,,mmassoglia@watcocompanies.com,,BUFFALO,NY,YES,NO,YES,YES,YES,YES,YES,NO,YES,YES,YES,NO,YES,NO,NO,YES,NO,NO,YES,YES,NO,YES,YES,YES,YES,YES,unknown,http://www.nscorp.com/content/dam/nscorp/ship/TBTNetworkMap.pdf,dead_link,verified,swl-internal,NOT_FOUND,low
Norfolk Southern TBT,,fprentiss@superior-carriers.com,(513) 246-4205,CINCINNATI,OH,YES,NO,YES,YES,YES,YES,YES,NO,YES,YES,YES,NO,YES,NO,NO,YES,NO,NO,YES,YES,NO,YES,YES,YES,YES,YES,unknown,http://www.nscorp.com/,,verified,swl-internal,OPERATIONAL,high
Norfolk Southern TBT,,mmassoglia@watcocompanies.com,(614) 492-4810,COLUMBUS,OH,YES,NO,YES,YES,YES,YES,YES,NO,YES,YES,YES,NO,YES,NO,NO,YES,NO,NO,YES,YES,NO,YES,YES,YES,YES,YES,unknown,http://www.nscorp.com/content/nscorp/en/shipping-options/intermodal/terminals-and-schedules/columbus-ohio.html,,verified,swl-internal,OPERATIONAL,medium
Norfolk Southern TBT,,mmassoglia@watcocompanies.com,,EUCLID,OH,YES,NO,YES,YES,YES,YES,YES,NO,YES,YES,YES,NO,YES,NO,NO,YES,NO,NO,YES,YES,NO,YES,YES,YES,YES,YES,unknown,http://www.nscorp.com/content/dam/nscorp/ship/TBTNetworkMap.pdf,dead_link,verified,swl-internal,NOT_FOUND,low
Norfolk Southern TBT,,mmassoglia@watcocompanies.com,,SANDUSKY,OH,YES,NO,YES,YES,YES,YES,YES,NO,YES,YES,YES,NO,YES,NO,NO,YES,NO,NO,YES,YES,NO,YES,YES,YES,YES,YES,unknown,https://www.norfolksouthern.com/,,verified,swl-internal,OPERATIONAL,medium
Norfolk Southern TBT,,mmassoglia@watcocompanies.com,,CRAFTON,PA,YES,NO,YES,YES,YES,YES,YES,NO,YES,YES,YES,NO,YES,NO,NO,YES,NO,NO,YES,YES,NO,YES,YES,YES,YES,YES,unknown,http://www.nscorp.com/content/dam/nscorp/ship/TBTNetworkMap.pdf,dead_link,verified,swl-internal,NOT_FOUND,low
Norfolk Southern TBT,,jack.darrah@nscorp.com,(717) 593-6001,GREENCASTLE,PA,YES,NO,YES,YES,YES,YES,YES,NO,YES,YES,YES,NO,YES,NO,NO,YES,NO,NO,YES,YES,NO,YES,YES,YES,YES,YES,unknown,http://norfolksouthern.com/,,verified,swl-internal,OPERATIONAL,high
Norfolk Southern TBT,,chad.grinell@nscorp.com,,TAYLOR,PA,YES,NO,YES,YES,YES,YES,YES,NO,YES,YES,YES,NO,YES,NO,NO,YES,NO,NO,YES,YES,NO,YES,YES,YES,YES,YES,unknown,http://www.nscorp.com/content/dam/nscorp/ship/TBTNetworkMap.pdf,dead_link,verified,swl-internal,OPERATIONAL,high
Norfolk Southern TBT,,chris.slasinski@nscorp.com,(423) 697-1063,CHATTANOOGA,TN,YES,NO,YES,YES,YES,YES,YES,NO,YES,YES,YES,NO,YES,NO,NO,YES,NO,NO,YES,YES,NO,YES,YES,YES,YES,YES,unknown,http://www.nscorp.com/content/dam/nscorp/ship/TBTNetworkMap.pdf,dead_link,verified,swl-internal,OPERATIONAL,medium
Norfolk Southern TBT,,jack.darrah@nscorp.com,,ALEXANDRIA,VA,NO,NO,NO,YES,NO,NO,NO,NO,NO,YES,NO,NO,YES,NO,NO,NO,NO,NO,NO,YES,YES,YES,YES,YES,NO,NO,unknown,http://www.nscorp.com/content/dam/nscorp/ship/TBTNetworkMap.pdf,dead_link,verified,swl-internal,NOT_FOUND,none
Norfolk Southern TBT,,brook.emery@nscorp.com,(540) 524-4045,ROANOKE,VA,YES,NO,YES,YES,YES,YES,YES,NO,YES,YES,YES,NO,YES,NO,NO,YES,NO,NO,YES,YES,NO,YES,YES,YES,YES,YES,unknown,https://www.watco.com/service/terminals/roanoke-va-tbt-2/,,verified,swl-internal,OPERATIONAL,medium
Norfolk Southern TBT,,sean.smith@prairietrans.com,,MAIDSVILLE,WV,YES,NO,YES,YES,YES,YES,YES,NO,YES,YES,YES,NO,YES,NO,NO,YES,NO,NO,YES,YES,NO,YES,YES,YES,YES,YES,unknown,http://www.nscorp.com/content/dam/nscorp/ship/TBTNetworkMap.pdf,dead_link,verified,swl-internal,NOT_FOUND,low
Norfolk Southern TBT (RSI Logistics),,info@rsilogistics.com,,JACKSONVILLE,FL,YES,NO,YES,YES,YES,YES,YES,YES,YES,YES,YES,YES,YES,NO,NO,YES,NO,NO,YES,YES,NO,YES,YES,YES,YES,YES,unknown,https://www.rsilogistics.com/rail-solutions/rail-terminal-services/jacksonville-fl/,,verified,swl-internal,NOT_FOUND,low
Norfolk Southern TBT (RSI Logistics),,info@rsilogistics.com,,AUGUSTA,GA,YES,NO,YES,YES,YES,YES,YES,YES,YES,YES,YES,YES,YES,NO,NO,YES,NO,NO,YES,YES,NO,YES,YES,YES,YES,YES,unknown,https://www.rsilogistics.com/rail-solutions/rail-terminal-services/augusta-ga/,,verified,swl-internal,NOT_FOUND,low
Norfolk Southern TBT (RSI Logistics),,info@rsilogistics.com,,DALTON,GA,YES,NO,YES,YES,YES,YES,YES,NO,YES,YES,YES,NO,YES,NO,NO,YES,NO,NO,YES,YES,NO,YES,YES,YES,YES,YES,unknown,https://www.rsilogistics.com/rail-solutions/rail-terminal-services/dalton-ga/,,verified,swl-internal,NOT_FOUND,none
Norfolk Southern TBT (RSI Logistics),,info@rsilogistics.com,,SOMERSET,KY,YES,NO,YES,YES,YES,YES,YES,YES,YES,YES,YES,YES,YES,NO,NO,YES,NO,NO,YES,YES,NO,YES,YES,YES,YES,YES,unknown,https://www.rsilogistics.com/rail-solutions/rail-terminal-services/somerset-ky/,,verified,swl-internal,NOT_FOUND,low
Norfolk Southern TBT (RSI Logistics),,info@rsilogistics.com,,BALTIMORE,MD,YES,NO,YES,YES,YES,YES,YES,YES,YES,YES,YES,YES,YES,NO,NO,YES,NO,NO,YES,YES,NO,YES,YES,YES,NO,NO,unknown,https://www.rsilogistics.com/rail-solutions/rail-terminal-services/baltimore-md/,,verified,swl-internal,NOT_FOUND,none
Norfolk Southern TBT (RSI Logistics),,robyn.bader@nscorp.com,,CHARLOTTE,NC,YES,NO,YES,YES,YES,YES,YES,YES,YES,YES,YES,YES,YES,NO,NO,YES,NO,NO,YES,YES,NO,YES,YES,YES,YES,YES,unknown,https://www.rsilogistics.com/rail-solutions/rail-terminal-services/charlotte-nc/,,verified,swl-internal,NOT_FOUND,low
Norfolk Southern TBT (RSI Logistics),,chad.grinell@nscorp.com,,ELIZABETH,NJ,YES,NO,YES,YES,YES,YES,YES,NO,YES,YES,YES,NO,YES,NO,NO,YES,NO,NO,YES,YES,NO,YES,YES,YES,YES,YES,unknown,https://www.rsilogistics.com/rail-solutions/rail-terminal-services/elizabeth-nj/,,verified,swl-internal,NOT_FOUND,low
Norfolk Southern TBT (RSI Logistics),,info@rsilogistics.com,,POTTSTOWN,PA,YES,NO,YES,YES,YES,YES,YES,NO,YES,YES,YES,YES,YES,NO,NO,YES,NO,NO,YES,YES,NO,YES,YES,YES,YES,YES,unknown,https://www.rsilogistics.com/rail-solutions/rail-terminal-services/pottstown-pa/,,review,swl-internal,CLOSED_TEMPORARILY,medium
Norfolk Southern TBT (RSI Logistics),,info@rsilogistics.com,,COLUMBIA,SC,YES,NO,YES,YES,YES,YES,YES,YES,YES,YES,YES,YES,YES,NO,NO,YES,NO,NO,YES,YES,NO,YES,YES,YES,YES,YES,unknown,https://www.rsilogistics.com/rail-solutions/rail-terminal-services/columbia-sc/,,verified,swl-internal,NOT_FOUND,low
Norfolk Southern TBT (RSI Logistics),,robyn.bader@nscorp.com,,SPARTANBURG,SC,YES,NO,YES,YES,YES,YES,YES,NO,YES,YES,YES,NO,YES,NO,NO,YES,NO,NO,YES,YES,NO,YES,YES,YES,YES,YES,unknown,https://www.rsilogistics.com/rail-solutions/rail-terminal-services/spartanburg-sc/,,verified,swl-internal,NOT_FOUND,low
Norfolk Southern TBT (RSI Logistics),,info@rsilogistics.com,,KNOXVILLE,TN,YES,NO,YES,YES,YES,YES,YES,NO,YES,YES,YES,NO,YES,NO,NO,YES,NO,NO,YES,YES,NO,YES,YES,YES,YES,YES,unknown,https://www.rsilogistics.com/rail-solutions/rail-terminal-services/knoxville-tn/,,verified,swl-internal,NOT_FOUND,low
Norfolk Southern TBT (RSI Logistics),,info@rsilogistics.com,,PETERSBURG,VA,YES,NO,YES,YES,YES,YES,YES,NO,YES,YES,YES,NO,YES,NO,NO,YES,NO,NO,YES,YES,NO,YES,YES,YES,YES,YES,unknown,https://www.rsilogistics.com/rail-solutions/rail-terminal-services/petersburg-va/,,verified,swl-internal,NOT_FOUND,low
North America Stevedoring Company LLC,,christopher.popjoy@qsl.com,(773) 734-4885,CHICAGO,IL,NO,NO,YES,NO,YES,YES,YES,YES,YES,NO,YES,YES,YES,NO,NO,NO,YES,NO,NO,NO,NO,NO,YES,NO,NO,NO,unknown,https://www.qsl.com/en/network#port-A5,,verified,swl-internal,OPERATIONAL,high
North Atlantic Distribution,NORAD,,,NORTH KINGSTOWN,RI,UNKNOWN,UNKNOWN,UNKNOWN,UNKNOWN,UNKNOWN,UNKNOWN,UNKNOWN,UNKNOWN,UNKNOWN,UNKNOWN,UNKNOWN,UNKNOWN,UNKNOWN,UNKNOWN,UNKNOWN,UNKNOWN,UNKNOWN,UNKNOWN,UNKNOWN,UNKNOWN,UNKNOWN,UNKNOWN,UNKNOWN,UNKNOWN,UNKNOWN,UNKNOWN,unknown,https://www.noradinc.com/,,listed,rebulk-directory (SVTX PW),,
North Coast Logistics,,,,BROOK PARK,OH,UNKNOWN,UNKNOWN,UNKNOWN,UNKNOWN,UNKNOWN,UNKNOWN,UNKNOWN,UNKNOWN,UNKNOWN,UNKNOWN,UNKNOWN,UNKNOWN,UNKNOWN,UNKNOWN,UNKNOWN,UNKNOWN,UNKNOWN,UNKNOWN,UNKNOWN,UNKNOWN,UNKNOWN,UNKNOWN,UNKNOWN,UNKNOWN,UNKNOWN,UNKNOWN,unknown,https://www.northcoastlogistics.com/,,listed,rebulk-directory (NS),,
North Mason Fiber,,,,BELFAIR,WA,UNKNOWN,UNKNOWN,UNKNOWN,UNKNOWN,UNKNOWN,UNKNOWN,UNKNOWN,UNKNOWN,UNKNOWN,UNKNOWN,UNKNOWN,UNKNOWN,UNKNOWN,UNKNOWN,UNKNOWN,UNKNOWN,UNKNOWN,UNKNOWN,UNKNOWN,UNKNOWN,UNKNOWN,UNKNOWN,UNKNOWN,UNKNOWN,UNKNOWN,UNKNOWN,unknown,https://northmasonfiber.com/,,listed,rebulk-directory (Puget Sound & Pacific Railroad (PSAP) BNSF),,
North Star Anderson Terminal,,,,ANCHORAGE,AK,UNKNOWN,UNKNOWN,UNKNOWN,UNKNOWN,UNKNOWN,UNKNOWN,UNKNOWN,UNKNOWN,UNKNOWN,UNKNOWN,UNKNOWN,UNKNOWN,UNKNOWN,UNKNOWN,UNKNOWN,UNKNOWN,UNKNOWN,UNKNOWN,UNKNOWN,UNKNOWN,UNKNOWN,UNKNOWN,UNKNOWN,UNKNOWN,UNKNOWN,UNKNOWN,unknown,https://northstarak.com/terminal-stevedoring-services/,,listed,rebulk-directory (ARR),,
North Stratford Transload,,,,NORTH STRATFORD,NH,UNKNOWN,UNKNOWN,UNKNOWN,UNKNOWN,UNKNOWN,UNKNOWN,UNKNOWN,UNKNOWN,UNKNOWN,UNKNOWN,UNKNOWN,UNKNOWN,UNKNOWN,UNKNOWN,UNKNOWN,UNKNOWN,UNKNOWN,UNKNOWN,UNKNOWN,UNKNOWN,UNKNOWN,UNKNOWN,UNKNOWN,UNKNOWN,UNKNOWN,UNKNOWN,unknown,https://vrs.us.com/,,listed,rebulk-directory (NHCR),,
Northern Dry Bulk,,tkunse@nordry.com,,CLARE,MI,NO,NO,NO,NO,NO,NO,NO,NO,NO,NO,YES,NO,NO,NO,NO,YES,NO,NO,NO,NO,NO,NO,YES,NO,NO,NO,unknown,https://northerndrybulk.com/locations/,dead_link,verified,swl-internal,NOT_FOUND,none
Northern Dry Bulk,,tkunse@nordry.com,(989) 386-2389,GRAND RAPIDS,MI,NO,NO,NO,NO,NO,NO,NO,NO,NO,NO,YES,NO,NO,NO,NO,YES,NO,NO,NO,NO,NO,NO,YES,NO,NO,NO,unknown,https://northerndrybulk.com/,,verified,swl-internal,OPERATIONAL,high
Northern Ohio & Western Railway Tiffin Transload,,,,TIFFIN,OH,UNKNOWN,UNKNOWN,UNKNOWN,UNKNOWN,UNKNOWN,UNKNOWN,UNKNOWN,UNKNOWN,UNKNOWN,UNKNOWN,UNKNOWN,UNKNOWN,UNKNOWN,UNKNOWN,UNKNOWN,UNKNOWN,UNKNOWN,UNKNOWN,UNKNOWN,UNKNOWN,UNKNOWN,UNKNOWN,UNKNOWN,UNKNOWN,UNKNOWN,UNKNOWN,unknown,https://omnitrax.com/northern-ohio-western-railway-llc/,,listed,rebulk-directory (Northern Ohio & Western Railway (NOW)),,
Northern Plains Grand Forks Terminal,,,,GRAND FORKS,ND,UNKNOWN,UNKNOWN,UNKNOWN,UNKNOWN,UNKNOWN,UNKNOWN,UNKNOWN,UNKNOWN,UNKNOWN,UNKNOWN,UNKNOWN,UNKNOWN,UNKNOWN,UNKNOWN,UNKNOWN,UNKNOWN,UNKNOWN,UNKNOWN,UNKNOWN,UNKNOWN,UNKNOWN,UNKNOWN,UNKNOWN,UNKNOWN,UNKNOWN,UNKNOWN,unknown,https://www.nprail.com/,,listed,rebulk-directory (BNSF),,
Northern Plains Railroad,Terminal Transload,,,FORDVILLE,ND,UNKNOWN,UNKNOWN,UNKNOWN,UNKNOWN,UNKNOWN,UNKNOWN,UNKNOWN,UNKNOWN,UNKNOWN,UNKNOWN,UNKNOWN,UNKNOWN,UNKNOWN,UNKNOWN,UNKNOWN,UNKNOWN,UNKNOWN,UNKNOWN,UNKNOWN,UNKNOWN,UNKNOWN,UNKNOWN,UNKNOWN,UNKNOWN,UNKNOWN,UNKNOWN,unknown,https://www.nprail.com/railroad/,,listed,rebulk-directory (Northern Plains Railroad (NPR) CPKC),,
Northern Plains Railroad,Terminal Transload,,,LANSFORD,ND,UNKNOWN,UNKNOWN,UNKNOWN,UNKNOWN,UNKNOWN,UNKNOWN,UNKNOWN,UNKNOWN,UNKNOWN,UNKNOWN,UNKNOWN,UNKNOWN,UNKNOWN,UNKNOWN,UNKNOWN,UNKNOWN,UNKNOWN,UNKNOWN,UNKNOWN,UNKNOWN,UNKNOWN,UNKNOWN,UNKNOWN,UNKNOWN,UNKNOWN,UNKNOWN,unknown,https://www.nprail.com/railroad/,,listed,rebulk-directory (Northern Plains Railroad (NPR) CPKC),,
Northern White Sands,,energycs@coviacorp.com,,EL RENO,OK,NO,NO,NO,NO,NO,NO,YES,NO,NO,NO,NO,NO,NO,NO,NO,NO,YES,NO,NO,NO,NO,NO,NO,NO,NO,NO,unknown,https://www.coviacorp.com/energy/northern-white/,dead_link,review,swl-internal,NOT_FOUND,low
Northwest Transloading Facility,,,,MINOT,ND,UNKNOWN,UNKNOWN,UNKNOWN,UNKNOWN,UNKNOWN,UNKNOWN,UNKNOWN,UNKNOWN,UNKNOWN,UNKNOWN,UNKNOWN,UNKNOWN,UNKNOWN,UNKNOWN,UNKNOWN,UNKNOWN,UNKNOWN,UNKNOWN,UNKNOWN,UNKNOWN,UNKNOWN,UNKNOWN,UNKNOWN,UNKNOWN,UNKNOWN,UNKNOWN,unknown,,,listed,bnsf-premier-flipbook,,
Nortonville Rail Company,,,,NEPHI,UT,UNKNOWN,UNKNOWN,UNKNOWN,UNKNOWN,UNKNOWN,UNKNOWN,UNKNOWN,UNKNOWN,UNKNOWN,UNKNOWN,UNKNOWN,UNKNOWN,UNKNOWN,UNKNOWN,UNKNOWN,UNKNOWN,UNKNOWN,UNKNOWN,UNKNOWN,UNKNOWN,UNKNOWN,UNKNOWN,UNKNOWN,UNKNOWN,UNKNOWN,UNKNOWN,unknown,https://nortonvillerail.org/,,listed,rebulk-directory (UP),,
Nova Mud,,,,HOBBS,NM,UNKNOWN,UNKNOWN,UNKNOWN,UNKNOWN,UNKNOWN,UNKNOWN,UNKNOWN,UNKNOWN,UNKNOWN,UNKNOWN,UNKNOWN,UNKNOWN,UNKNOWN,UNKNOWN,UNKNOWN,UNKNOWN,UNKNOWN,UNKNOWN,UNKNOWN,UNKNOWN,UNKNOWN,UNKNOWN,UNKNOWN,UNKNOWN,UNKNOWN,UNKNOWN,unknown,http://www.novamud.com,,listed,rebulk-directory (Texas & New Mexico Railway (TXN) UP),,
NPS Campbell Terminal,,,,CAMPBELL,MN,UNKNOWN,UNKNOWN,UNKNOWN,UNKNOWN,UNKNOWN,UNKNOWN,UNKNOWN,UNKNOWN,UNKNOWN,UNKNOWN,UNKNOWN,UNKNOWN,UNKNOWN,UNKNOWN,UNKNOWN,UNKNOWN,UNKNOWN,UNKNOWN,UNKNOWN,UNKNOWN,UNKNOWN,UNKNOWN,UNKNOWN,UNKNOWN,UNKNOWN,UNKNOWN,unknown,https://www.niagaraportservices.com/,,listed,rebulk-directory (BNSF),,
NS TBTArrow Material,,,,PITTSBURGH,PA,UNKNOWN,UNKNOWN,UNKNOWN,UNKNOWN,UNKNOWN,UNKNOWN,UNKNOWN,UNKNOWN,UNKNOWN,UNKNOWN,UNKNOWN,UNKNOWN,UNKNOWN,UNKNOWN,UNKNOWN,UNKNOWN,UNKNOWN,UNKNOWN,UNKNOWN,UNKNOWN,UNKNOWN,UNKNOWN,UNKNOWN,UNKNOWN,UNKNOWN,UNKNOWN,unknown,https://www.watco.com/service/terminals/crafton-pa-tbt/,,listed,rebulk-directory (G&W POHC),,
NSEW Corp.,Bailey Feed Mill,,,SELMA,NC,UNKNOWN,UNKNOWN,UNKNOWN,UNKNOWN,UNKNOWN,UNKNOWN,UNKNOWN,UNKNOWN,UNKNOWN,UNKNOWN,UNKNOWN,UNKNOWN,UNKNOWN,UNKNOWN,UNKNOWN,UNKNOWN,UNKNOWN,UNKNOWN,UNKNOWN,UNKNOWN,UNKNOWN,UNKNOWN,UNKNOWN,UNKNOWN,UNKNOWN,UNKNOWN,unknown,https://www.baileyfeedmill.com,,listed,rebulk-directory (NS),,
NSG Logistics Cleburne Transload,,,,CLEBURNE,TX,UNKNOWN,UNKNOWN,UNKNOWN,UNKNOWN,UNKNOWN,UNKNOWN,UNKNOWN,UNKNOWN,UNKNOWN,UNKNOWN,UNKNOWN,UNKNOWN,UNKNOWN,UNKNOWN,UNKNOWN,UNKNOWN,UNKNOWN,UNKNOWN,UNKNOWN,UNKNOWN,UNKNOWN,UNKNOWN,UNKNOWN,UNKNOWN,UNKNOWN,UNKNOWN,unknown,https://nsgco.com/,,listed,rebulk-directory (Fort Worth & Western Railroad (FWWR) BNSF UP CPKC),,
NSG Logistics Gothenburg Terminal,,,,GOTHENBURG,NE,UNKNOWN,UNKNOWN,UNKNOWN,UNKNOWN,UNKNOWN,UNKNOWN,UNKNOWN,UNKNOWN,UNKNOWN,UNKNOWN,UNKNOWN,UNKNOWN,UNKNOWN,UNKNOWN,UNKNOWN,UNKNOWN,UNKNOWN,UNKNOWN,UNKNOWN,UNKNOWN,UNKNOWN,UNKNOWN,UNKNOWN,UNKNOWN,UNKNOWN,UNKNOWN,unknown,https://nsgco.com/,,listed,rebulk-directory (UP),,
Nustar,,,,PORTLAND,OR,UNKNOWN,UNKNOWN,UNKNOWN,UNKNOWN,UNKNOWN,UNKNOWN,UNKNOWN,UNKNOWN,UNKNOWN,UNKNOWN,UNKNOWN,UNKNOWN,UNKNOWN,UNKNOWN,UNKNOWN,UNKNOWN,UNKNOWN,UNKNOWN,UNKNOWN,UNKNOWN,UNKNOWN,UNKNOWN,UNKNOWN,UNKNOWN,UNKNOWN,UNKNOWN,unknown,https://www.sunocolp.com/segments/fuel-terminals/view/portland,,listed,rebulk-directory (G&W PNWR),,
Nutrien Ag,,,,HAMILTON CITY,CA,UNKNOWN,UNKNOWN,UNKNOWN,UNKNOWN,UNKNOWN,UNKNOWN,UNKNOWN,UNKNOWN,UNKNOWN,UNKNOWN,UNKNOWN,UNKNOWN,UNKNOWN,UNKNOWN,UNKNOWN,UNKNOWN,UNKNOWN,UNKNOWN,UNKNOWN,UNKNOWN,UNKNOWN,UNKNOWN,UNKNOWN,UNKNOWN,UNKNOWN,UNKNOWN,unknown,https://nutriensolutions.com/content/nutrienagsolutions/us/en/find-location.html,,listed,rebulk-directory (CFNR G&W),,
"NuWeld, Inc.",,,,WILLIAMSPORT,PA,UNKNOWN,UNKNOWN,UNKNOWN,UNKNOWN,UNKNOWN,UNKNOWN,UNKNOWN,UNKNOWN,UNKNOWN,UNKNOWN,UNKNOWN,UNKNOWN,UNKNOWN,UNKNOWN,UNKNOWN,UNKNOWN,UNKNOWN,UNKNOWN,UNKNOWN,UNKNOWN,UNKNOWN,UNKNOWN,UNKNOWN,UNKNOWN,UNKNOWN,UNKNOWN,unknown,https://www.nuweldinc.com,,listed,rebulk-directory (LVRR NS),,
Nwa LLC,,,,MOUNDVILLE,AL,UNKNOWN,UNKNOWN,UNKNOWN,UNKNOWN,UNKNOWN,UNKNOWN,UNKNOWN,UNKNOWN,UNKNOWN,UNKNOWN,UNKNOWN,UNKNOWN,UNKNOWN,UNKNOWN,UNKNOWN,UNKNOWN,UNKNOWN,UNKNOWN,UNKNOWN,UNKNOWN,UNKNOWN,UNKNOWN,UNKNOWN,UNKNOWN,UNKNOWN,UNKNOWN,unknown,,,listed,rebulk-directory (NS),,
NY Terminals,,,,ELIZABETH,NJ,UNKNOWN,UNKNOWN,UNKNOWN,UNKNOWN,UNKNOWN,UNKNOWN,UNKNOWN,UNKNOWN,UNKNOWN,UNKNOWN,UNKNOWN,UNKNOWN,UNKNOWN,UNKNOWN,UNKNOWN,UNKNOWN,UNKNOWN,UNKNOWN,UNKNOWN,UNKNOWN,UNKNOWN,UNKNOWN,UNKNOWN,UNKNOWN,UNKNOWN,UNKNOWN,unknown,,,listed,rebulk-directory (NS),,
NYSW Apulia Station Transload,,,,APULIA STATION,NY,UNKNOWN,UNKNOWN,UNKNOWN,UNKNOWN,UNKNOWN,UNKNOWN,UNKNOWN,UNKNOWN,UNKNOWN,UNKNOWN,UNKNOWN,UNKNOWN,UNKNOWN,UNKNOWN,UNKNOWN,UNKNOWN,UNKNOWN,UNKNOWN,UNKNOWN,UNKNOWN,UNKNOWN,UNKNOWN,UNKNOWN,UNKNOWN,UNKNOWN,UNKNOWN,unknown,https://nysw.com/,,listed,rebulk-directory (NYSW),,
Oakboro Transload Yard,,,,OAKBORO,NC,UNKNOWN,UNKNOWN,UNKNOWN,UNKNOWN,UNKNOWN,UNKNOWN,UNKNOWN,UNKNOWN,UNKNOWN,UNKNOWN,UNKNOWN,UNKNOWN,UNKNOWN,UNKNOWN,UNKNOWN,UNKNOWN,UNKNOWN,UNKNOWN,UNKNOWN,UNKNOWN,UNKNOWN,UNKNOWN,UNKNOWN,UNKNOWN,UNKNOWN,UNKNOWN,unknown,https://Www.ACWR.com,,listed,rebulk-directory (NS),,
Oakley's Terminal Muskogee,,,,MUSKOGEE,OK,UNKNOWN,UNKNOWN,UNKNOWN,UNKNOWN,UNKNOWN,UNKNOWN,UNKNOWN,UNKNOWN,UNKNOWN,UNKNOWN,UNKNOWN,UNKNOWN,UNKNOWN,UNKNOWN,UNKNOWN,UNKNOWN,UNKNOWN,UNKNOWN,UNKNOWN,UNKNOWN,UNKNOWN,UNKNOWN,UNKNOWN,UNKNOWN,UNKNOWN,UNKNOWN,unknown,https://bruceoakley.com/divisions/river-ports/muskogee/,,listed,rebulk-directory (PMR UP),,
OBE / Oneida Business Enterprises Warehousing,,,,RURAL HALL,NC,UNKNOWN,UNKNOWN,UNKNOWN,UNKNOWN,UNKNOWN,UNKNOWN,UNKNOWN,UNKNOWN,UNKNOWN,UNKNOWN,UNKNOWN,UNKNOWN,UNKNOWN,UNKNOWN,UNKNOWN,UNKNOWN,UNKNOWN,UNKNOWN,UNKNOWN,UNKNOWN,UNKNOWN,UNKNOWN,UNKNOWN,UNKNOWN,UNKNOWN,UNKNOWN,unknown,https://obelogistics.com/,,listed,rebulk-directory,,
OBE Transload and Warehouse,,,,ELKIN,NC,UNKNOWN,UNKNOWN,UNKNOWN,UNKNOWN,UNKNOWN,UNKNOWN,UNKNOWN,UNKNOWN,UNKNOWN,UNKNOWN,UNKNOWN,UNKNOWN,UNKNOWN,UNKNOWN,UNKNOWN,UNKNOWN,UNKNOWN,UNKNOWN,UNKNOWN,UNKNOWN,UNKNOWN,UNKNOWN,UNKNOWN,UNKNOWN,UNKNOWN,UNKNOWN,unknown,https://obelogistics.com/,,listed,rebulk-directory (Yadkin Valley Railroad (YVRR) NS),,
Odfjell Terminals,,hou.sales@odfjell.com,(843) 579-4433,NORTH CHARLESTON,SC,YES,NO,NO,YES,NO,YES,NO,NO,NO,YES,NO,NO,NO,NO,NO,NO,NO,NO,NO,YES,YES,NO,YES,YES,YES,NO,unknown,https://scspa.com/sc-ports-locations/north-charleston-terminal/,,verified,swl-internal,OPERATIONAL,medium
Odfjell Terminals,,hou.sales@odfjell.com,(713) 844-2300,SEABROOK,TX,YES,NO,NO,YES,NO,YES,NO,NO,NO,YES,NO,NO,NO,NO,NO,NO,NO,NO,NO,YES,YES,NO,YES,YES,YES,NO,unknown,http://odfjell.com/,,verified,swl-internal,OPERATIONAL,high
Odyssey Railcar,,,,CARTERVILLE,IL,UNKNOWN,UNKNOWN,UNKNOWN,UNKNOWN,UNKNOWN,UNKNOWN,UNKNOWN,UNKNOWN,UNKNOWN,UNKNOWN,UNKNOWN,UNKNOWN,UNKNOWN,UNKNOWN,UNKNOWN,UNKNOWN,UNKNOWN,UNKNOWN,UNKNOWN,UNKNOWN,UNKNOWN,UNKNOWN,UNKNOWN,UNKNOWN,UNKNOWN,UNKNOWN,unknown,https://odysseyrailcar.com/,,listed,rebulk-directory (BNSF COER UP),,
Ohio Commerce Center Transload,,,,LORDSTOWN,OH,UNKNOWN,UNKNOWN,UNKNOWN,UNKNOWN,UNKNOWN,UNKNOWN,UNKNOWN,UNKNOWN,UNKNOWN,UNKNOWN,UNKNOWN,UNKNOWN,UNKNOWN,UNKNOWN,UNKNOWN,UNKNOWN,UNKNOWN,UNKNOWN,UNKNOWN,UNKNOWN,UNKNOWN,UNKNOWN,UNKNOWN,UNKNOWN,UNKNOWN,UNKNOWN,unknown,https://www.ohiocommercecenter.com/,,listed,rebulk-directory (CSX),,
Oklahoma Central Rail Park,Jaguar Transport Holdings,,,EL RENO,OK,UNKNOWN,UNKNOWN,UNKNOWN,UNKNOWN,UNKNOWN,UNKNOWN,UNKNOWN,UNKNOWN,UNKNOWN,UNKNOWN,UNKNOWN,UNKNOWN,UNKNOWN,UNKNOWN,UNKNOWN,UNKNOWN,UNKNOWN,UNKNOWN,UNKNOWN,UNKNOWN,UNKNOWN,UNKNOWN,UNKNOWN,UNKNOWN,UNKNOWN,UNKNOWN,unknown,https://jag-transport.com/oklahoma-central-rail-park/,,listed,rebulk-directory (UP),,
Olb Railway,,,,LINCOLN,NE,UNKNOWN,UNKNOWN,UNKNOWN,UNKNOWN,UNKNOWN,UNKNOWN,UNKNOWN,UNKNOWN,UNKNOWN,UNKNOWN,UNKNOWN,UNKNOWN,UNKNOWN,UNKNOWN,UNKNOWN,UNKNOWN,UNKNOWN,UNKNOWN,UNKNOWN,UNKNOWN,UNKNOWN,UNKNOWN,UNKNOWN,UNKNOWN,UNKNOWN,UNKNOWN,unknown,https://olbrailway.com/,,listed,rebulk-directory (BNSF),,
Olive St site,,,,SOUTH BENS,IN,UNKNOWN,UNKNOWN,UNKNOWN,UNKNOWN,UNKNOWN,UNKNOWN,UNKNOWN,UNKNOWN,UNKNOWN,UNKNOWN,UNKNOWN,UNKNOWN,UNKNOWN,UNKNOWN,UNKNOWN,UNKNOWN,UNKNOWN,UNKNOWN,UNKNOWN,UNKNOWN,UNKNOWN,UNKNOWN,UNKNOWN,UNKNOWN,UNKNOWN,UNKNOWN,unknown,https://Nscorp.com,,listed,rebulk-directory (NS),,
Oliver Seed Company,,,,MILTON,VT,UNKNOWN,UNKNOWN,UNKNOWN,UNKNOWN,UNKNOWN,UNKNOWN,UNKNOWN,UNKNOWN,UNKNOWN,UNKNOWN,UNKNOWN,UNKNOWN,UNKNOWN,UNKNOWN,UNKNOWN,UNKNOWN,UNKNOWN,UNKNOWN,UNKNOWN,UNKNOWN,UNKNOWN,UNKNOWN,UNKNOWN,UNKNOWN,UNKNOWN,UNKNOWN,unknown,https://ldoliverseed.com/,,listed,rebulk-directory (G&W NECR),,
Omaha Track,Industrial Terminal,,,ATTALLA,AL,UNKNOWN,UNKNOWN,UNKNOWN,UNKNOWN,UNKNOWN,UNKNOWN,UNKNOWN,UNKNOWN,UNKNOWN,UNKNOWN,UNKNOWN,UNKNOWN,UNKNOWN,UNKNOWN,UNKNOWN,UNKNOWN,UNKNOWN,UNKNOWN,UNKNOWN,UNKNOWN,UNKNOWN,UNKNOWN,UNKNOWN,UNKNOWN,UNKNOWN,UNKNOWN,unknown,https://www.omahatrack.com/attalla-al/,,listed,rebulk-directory (NS),,
Omaha Track,Industrial Park,,,POND CREEK,OK,UNKNOWN,UNKNOWN,UNKNOWN,UNKNOWN,UNKNOWN,UNKNOWN,UNKNOWN,UNKNOWN,UNKNOWN,UNKNOWN,UNKNOWN,UNKNOWN,UNKNOWN,UNKNOWN,UNKNOWN,UNKNOWN,UNKNOWN,UNKNOWN,UNKNOWN,UNKNOWN,UNKNOWN,UNKNOWN,UNKNOWN,UNKNOWN,UNKNOWN,UNKNOWN,unknown,https://www.omahatrack.com/locations/pond-creek-ok/,,listed,rebulk-directory (UP),,
Omaha Transloading,,steve@omahatransloading.com,(402) 238-8631,COUNCIL BLUFFS,IA,NO,NO,NO,NO,NO,NO,NO,NO,NO,NO,NO,NO,NO,NO,NO,NO,NO,NO,NO,NO,NO,NO,NO,NO,NO,NO,unknown,https://www.watco.com/service/terminals/councilbluffs/,,verified,swl-internal,OPERATIONAL,medium
Omaha Transloading,,steve@omahatransloading.com,(402) 341-2233,OMAHA,NE,NO,NO,NO,NO,NO,NO,NO,NO,NO,NO,NO,NO,NO,NO,NO,NO,NO,NO,NO,NO,NO,NO,NO,NO,NO,NO,unknown,https://www.omahatransloading.com/,,verified,swl-internal,OPERATIONAL,high
Omni Bulk Services West Palm Beach,,,,WEST PALM BEACH,FL,UNKNOWN,UNKNOWN,UNKNOWN,UNKNOWN,UNKNOWN,UNKNOWN,UNKNOWN,UNKNOWN,UNKNOWN,UNKNOWN,UNKNOWN,UNKNOWN,UNKNOWN,UNKNOWN,UNKNOWN,UNKNOWN,UNKNOWN,UNKNOWN,UNKNOWN,UNKNOWN,UNKNOWN,UNKNOWN,UNKNOWN,UNKNOWN,UNKNOWN,UNKNOWN,unknown,https://www.omnibulkservices.com/,,listed,rebulk-directory (Florida East Coast Railway (FEC)),,
Omni Transloading and Logistics,,,,HIALEAH,FL,UNKNOWN,UNKNOWN,UNKNOWN,UNKNOWN,UNKNOWN,UNKNOWN,UNKNOWN,UNKNOWN,UNKNOWN,UNKNOWN,UNKNOWN,UNKNOWN,UNKNOWN,UNKNOWN,UNKNOWN,UNKNOWN,UNKNOWN,UNKNOWN,UNKNOWN,UNKNOWN,UNKNOWN,UNKNOWN,UNKNOWN,UNKNOWN,UNKNOWN,UNKNOWN,unknown,https://www.omnitransloading.com,,listed,rebulk-directory (FEC NS),,
Omni Transloading and Logistics,,,,MIAMI,FL,UNKNOWN,UNKNOWN,UNKNOWN,UNKNOWN,UNKNOWN,UNKNOWN,UNKNOWN,UNKNOWN,UNKNOWN,UNKNOWN,UNKNOWN,UNKNOWN,UNKNOWN,UNKNOWN,UNKNOWN,UNKNOWN,UNKNOWN,UNKNOWN,UNKNOWN,UNKNOWN,UNKNOWN,UNKNOWN,UNKNOWN,UNKNOWN,UNKNOWN,UNKNOWN,unknown,https://www.omnitransloading.com,,listed,rebulk-directory (FEC NS),,
OmniTRAX,Transload,,,BRIDGETON,NJ,UNKNOWN,UNKNOWN,UNKNOWN,UNKNOWN,UNKNOWN,UNKNOWN,UNKNOWN,UNKNOWN,UNKNOWN,UNKNOWN,UNKNOWN,UNKNOWN,UNKNOWN,UNKNOWN,UNKNOWN,UNKNOWN,UNKNOWN,UNKNOWN,UNKNOWN,UNKNOWN,UNKNOWN,UNKNOWN,UNKNOWN,UNKNOWN,UNKNOWN,UNKNOWN,unknown,https://omnitrax.com/rail-transportation/,,listed,rebulk-directory (Winchester & Western Railroad (WW) CSX NS),,
Omnitrax Energy Services,,seubank@omnitrax.com,(970) 235-0247,FT COLLINS,CO,NO,NO,NO,NO,NO,NO,NO,NO,NO,NO,NO,NO,NO,NO,NO,NO,NO,NO,NO,NO,NO,NO,NO,NO,NO,NO,unknown,http://www.providentinspection.com/,,verified,swl-internal,OPERATIONAL,high
Omnitrax Energy Services,,seubank@omnitrax.com,,BIG LAKE,TX,NO,NO,NO,NO,NO,NO,NO,NO,NO,NO,NO,NO,NO,NO,NO,NO,NO,NO,NO,NO,NO,NO,NO,NO,NO,NO,unknown,http://omnitrax.com/wp-content/uploads/2015/01/ATNOLS.pdf,dead_link,review,swl-internal,NOT_FOUND,low
Omnitrax Logistics Services,,seubank@omnitrax.com,,GADSDEN,AL,NO,NO,NO,NO,NO,NO,NO,NO,NO,NO,NO,NO,NO,NO,NO,NO,NO,NO,NO,NO,NO,NO,NO,NO,NO,NO,unknown,http://omnitrax.com/wp-content/uploads/2015/01/ATNOLS.pdf,dead_link,review,swl-internal,NOT_FOUND,none
Omnitrax Logistics Services,,seubank@omnitrax.com,,STOCKTON,CA,NO,NO,NO,NO,NO,NO,NO,NO,NO,NO,NO,NO,NO,NO,NO,NO,NO,NO,NO,NO,NO,NO,NO,NO,NO,NO,unknown,http://omnitrax.com/wp-content/uploads/2015/01/ATNOLS.pdf,dead_link,verified,swl-internal,NOT_FOUND,low
Omnitrax Logistics Services,,seubank@omnitrax.com,(720) 772-7657,GREELEY,CO,NO,NO,NO,NO,NO,NO,NO,NO,NO,NO,NO,NO,NO,NO,NO,NO,NO,NO,NO,NO,NO,NO,NO,NO,NO,NO,unknown,http://omnitrax.com/wp-content/uploads/2015/01/ATNOLS.pdf,dead_link,verified,swl-internal,OPERATIONAL,high
Omnitrax Logistics Services,,seubank@omnitrax.com,,KELIM,CO,NO,NO,NO,NO,NO,NO,NO,NO,NO,NO,NO,NO,NO,NO,NO,NO,NO,NO,NO,NO,NO,NO,NO,NO,NO,NO,unknown,http://omnitrax.com/wp-content/uploads/2015/01/ATNOLS.pdf,dead_link,verified,swl-internal,NOT_FOUND,none
Omnitrax Logistics Services,,seubank@omnitrax.com,,LOVELAND,CO,NO,NO,NO,NO,NO,NO,NO,NO,NO,NO,NO,NO,NO,NO,NO,NO,NO,NO,NO,NO,NO,NO,NO,NO,NO,NO,unknown,http://omnitrax.com/wp-content/uploads/2015/01/ATNOLS.pdf,dead_link,verified,swl-internal,NOT_FOUND,none
Omnitrax Logistics Services,,seubank@omnitrax.com,,WINDSOR,CO,NO,NO,NO,NO,NO,NO,NO,NO,NO,NO,NO,NO,NO,NO,NO,NO,NO,NO,NO,NO,NO,NO,NO,NO,NO,NO,unknown,http://omnitrax.com/wp-content/uploads/2015/01/ATNOLS.pdf,dead_link,verified,swl-internal,NOT_FOUND,none
Omnitrax Logistics Services,,seubank@omnitrax.com,,ALBANY,GA,NO,NO,NO,NO,NO,NO,NO,NO,NO,NO,NO,NO,NO,NO,NO,NO,NO,NO,NO,NO,NO,NO,NO,NO,NO,NO,unknown,http://omnitrax.com/wp-content/uploads/2015/01/ATNOLS.pdf,dead_link,verified,swl-internal,NOT_FOUND,none
Omnitrax Logistics Services,,seubank@omnitrax.com,(404) 362-9802,ATLANTA,GA,NO,NO,NO,NO,NO,NO,NO,NO,NO,NO,NO,NO,NO,NO,NO,NO,NO,NO,NO,NO,NO,NO,NO,NO,NO,NO,unknown,https://omnilogistics.com/locations/omni-logistics-atlanta-logistics-company-in-atlanta-georgia/?y_source=1_NTI1NjQ2NjktNzE1LWxvY2F0aW9uLndlYnNpdGU%3D,,verified,swl-internal,OPERATIONAL,medium
Omnitrax Logistics Services,,seubank@omnitrax.com,,BAINVILLE,MT,NO,NO,NO,NO,NO,NO,NO,NO,NO,NO,NO,NO,NO,NO,NO,NO,NO,NO,NO,NO,NO,NO,NO,NO,NO,NO,unknown,http://omnitrax.com/wp-content/uploads/2015/01/ATNOLS.pdf,dead_link,review,swl-internal,NOT_FOUND,low
Omnitrax Logistics Services,,seubank@omnitrax.com,,LACKAWANNA,NY,NO,NO,NO,NO,NO,NO,NO,NO,NO,NO,NO,NO,NO,NO,NO,NO,NO,NO,NO,NO,NO,NO,NO,NO,NO,NO,unknown,http://omnitrax.com/wp-content/uploads/2015/01/ATNOLS.pdf,dead_link,review,swl-internal,NOT_FOUND,none
Omnitrax Logistics Services,,seubank@omnitrax.com,,SAND SPRINGS,OK,NO,NO,NO,NO,NO,NO,NO,NO,NO,NO,NO,NO,NO,NO,NO,NO,NO,NO,NO,NO,NO,NO,NO,NO,NO,NO,unknown,http://omnitrax.com/wp-content/uploads/2015/01/ATNOLS.pdf,dead_link,review,swl-internal,NOT_FOUND,low
Omnitrax Logistics Services,,seubank@omnitrax.com,,TULSA,OK,NO,NO,NO,NO,NO,NO,NO,NO,NO,NO,NO,NO,NO,NO,NO,NO,NO,NO,NO,NO,NO,NO,NO,NO,NO,NO,unknown,http://omnitrax.com/wp-content/uploads/2015/01/ATNOLS.pdf,dead_link,verified,swl-internal,OPERATIONAL,high
Omnitrax Logistics Services,,seubank@omnitrax.com,,BORGER,TX,NO,NO,NO,NO,NO,NO,NO,NO,NO,NO,NO,NO,NO,NO,NO,NO,NO,NO,NO,NO,NO,NO,NO,NO,NO,NO,unknown,http://omnitrax.com/wp-content/uploads/2015/01/ATNOLS.pdf,dead_link,verified,swl-internal,NOT_FOUND,none
Omnitrax Logistics Services,,seubank@omnitrax.com,(956) 372-1880,BROWNSVILLE,TX,NO,NO,NO,NO,NO,NO,NO,NO,NO,NO,NO,NO,NO,NO,NO,NO,NO,NO,NO,NO,NO,NO,NO,NO,NO,NO,unknown,http://omnitrax.com/wp-content/uploads/2015/01/ATNOLS.pdf,dead_link,verified,swl-internal,OPERATIONAL,medium
Oneida Business Enterprises,,,,GENEVA,NY,UNKNOWN,UNKNOWN,UNKNOWN,UNKNOWN,UNKNOWN,UNKNOWN,UNKNOWN,UNKNOWN,UNKNOWN,UNKNOWN,UNKNOWN,UNKNOWN,UNKNOWN,UNKNOWN,UNKNOWN,UNKNOWN,UNKNOWN,UNKNOWN,UNKNOWN,UNKNOWN,UNKNOWN,UNKNOWN,UNKNOWN,UNKNOWN,UNKNOWN,UNKNOWN,unknown,https://obegov.com,,listed,rebulk-directory (FGLK NS),,
Ontario Midland Railroad,Transload,,,NEWARK,NY,UNKNOWN,UNKNOWN,UNKNOWN,UNKNOWN,UNKNOWN,UNKNOWN,UNKNOWN,UNKNOWN,UNKNOWN,UNKNOWN,UNKNOWN,UNKNOWN,UNKNOWN,UNKNOWN,UNKNOWN,UNKNOWN,UNKNOWN,UNKNOWN,UNKNOWN,UNKNOWN,UNKNOWN,UNKNOWN,UNKNOWN,UNKNOWN,UNKNOWN,UNKNOWN,unknown,https://ontariomidland.com/,,listed,rebulk-directory (OMID),,
Ontario Midland Railroad,Xerox Park Transload,,,WEBSTER,NY,UNKNOWN,UNKNOWN,UNKNOWN,UNKNOWN,UNKNOWN,UNKNOWN,UNKNOWN,UNKNOWN,UNKNOWN,UNKNOWN,UNKNOWN,UNKNOWN,UNKNOWN,UNKNOWN,UNKNOWN,UNKNOWN,UNKNOWN,UNKNOWN,UNKNOWN,UNKNOWN,UNKNOWN,UNKNOWN,UNKNOWN,UNKNOWN,UNKNOWN,UNKNOWN,unknown,https://ontariomidland.com/,,listed,rebulk-directory (OMID),,
"Oregon Eastern Railroad, LLC",,,,VALE,OR,UNKNOWN,UNKNOWN,UNKNOWN,UNKNOWN,UNKNOWN,UNKNOWN,UNKNOWN,UNKNOWN,UNKNOWN,UNKNOWN,UNKNOWN,UNKNOWN,UNKNOWN,UNKNOWN,UNKNOWN,UNKNOWN,UNKNOWN,UNKNOWN,UNKNOWN,UNKNOWN,UNKNOWN,UNKNOWN,UNKNOWN,UNKNOWN,UNKNOWN,UNKNOWN,unknown,https://jag-transport.com/,,listed,rebulk-directory (Oregon Easte),,
Oregon Transfer,,www.oregontransfer.com/?page_id=14,,MILWAUKEE,OR,NO,NO,NO,NO,NO,NO,NO,NO,NO,NO,NO,NO,NO,NO,NO,NO,NO,NO,NO,NO,NO,NO,NO,NO,NO,NO,unknown,https://oregontransfer.com/?page_id=2611#transportation,dead_domain,verified,swl-internal,OPERATIONAL,high
Oregon Transfer,,www.oregontransfer.com/?page_id=14,,PORTLAND,OR,NO,NO,NO,NO,NO,NO,NO,NO,NO,NO,NO,NO,NO,NO,NO,NO,NO,NO,NO,NO,NO,NO,NO,NO,NO,NO,unknown,https://oregontransfer.com/?page_id=2611#transportation,dead_domain,verified,swl-internal,OPERATIONAL,high
Oroville Reman & Reload Inc,,,(509) 476-2935,OROVILLE,WA,NO,NO,NO,NO,NO,NO,NO,YES,NO,NO,NO,NO,NO,NO,NO,NO,NO,NO,NO,NO,NO,NO,NO,NO,NO,NO,unknown,http://www.orovilleremanandreload.com/,,verified,swl-internal,OPERATIONAL,high
Ouachita Railroad Transload,,,,EL DORADO,AR,UNKNOWN,UNKNOWN,UNKNOWN,UNKNOWN,UNKNOWN,UNKNOWN,UNKNOWN,UNKNOWN,UNKNOWN,UNKNOWN,UNKNOWN,UNKNOWN,UNKNOWN,UNKNOWN,UNKNOWN,UNKNOWN,UNKNOWN,UNKNOWN,UNKNOWN,UNKNOWN,UNKNOWN,UNKNOWN,UNKNOWN,UNKNOWN,UNKNOWN,UNKNOWN,unknown,https://omnitrax.com/,,listed,rebulk-directory (Ouachita Railroad (OUCH)),,
Ouachita Terminals Inc.,,,,WEST MONROE,LA,UNKNOWN,UNKNOWN,UNKNOWN,UNKNOWN,UNKNOWN,UNKNOWN,UNKNOWN,UNKNOWN,UNKNOWN,UNKNOWN,UNKNOWN,UNKNOWN,UNKNOWN,UNKNOWN,UNKNOWN,UNKNOWN,UNKNOWN,UNKNOWN,UNKNOWN,UNKNOWN,UNKNOWN,UNKNOWN,UNKNOWN,UNKNOWN,UNKNOWN,UNKNOWN,unknown,,,listed,rebulk-directory (CPKC),,
Overflo Public Warehouse,Dillon Street,,,BALTIMORE,MD,UNKNOWN,UNKNOWN,UNKNOWN,UNKNOWN,UNKNOWN,UNKNOWN,UNKNOWN,UNKNOWN,UNKNOWN,UNKNOWN,UNKNOWN,UNKNOWN,UNKNOWN,UNKNOWN,UNKNOWN,UNKNOWN,UNKNOWN,UNKNOWN,UNKNOWN,UNKNOWN,UNKNOWN,UNKNOWN,UNKNOWN,UNKNOWN,UNKNOWN,UNKNOWN,unknown,,,listed,rebulk-directory (Canton Railroad (CTN) CSX NS),,
Owensboro Riverport,,,,OWENSBORO,KY,UNKNOWN,UNKNOWN,UNKNOWN,UNKNOWN,UNKNOWN,UNKNOWN,UNKNOWN,UNKNOWN,UNKNOWN,UNKNOWN,UNKNOWN,UNKNOWN,UNKNOWN,UNKNOWN,UNKNOWN,UNKNOWN,UNKNOWN,UNKNOWN,UNKNOWN,UNKNOWN,UNKNOWN,UNKNOWN,UNKNOWN,UNKNOWN,UNKNOWN,UNKNOWN,unknown,https://owensbororiverport.com/,,listed,rebulk-directory (CSX),,
Ozark Transmodal,,,,GATEWAY,AR,UNKNOWN,UNKNOWN,UNKNOWN,UNKNOWN,UNKNOWN,UNKNOWN,UNKNOWN,UNKNOWN,UNKNOWN,UNKNOWN,UNKNOWN,UNKNOWN,UNKNOWN,UNKNOWN,UNKNOWN,UNKNOWN,UNKNOWN,UNKNOWN,UNKNOWN,UNKNOWN,UNKNOWN,UNKNOWN,UNKNOWN,UNKNOWN,UNKNOWN,UNKNOWN,unknown,https://www.amrailroad.com/,,listed,rebulk-directory (Arkansas & Missouri Railroad (AM)),,
Ozark Transmodal Inc.,,,,SPRINGDALE,AR,UNKNOWN,UNKNOWN,UNKNOWN,UNKNOWN,UNKNOWN,UNKNOWN,UNKNOWN,UNKNOWN,UNKNOWN,UNKNOWN,UNKNOWN,UNKNOWN,UNKNOWN,UNKNOWN,UNKNOWN,UNKNOWN,UNKNOWN,UNKNOWN,UNKNOWN,UNKNOWN,UNKNOWN,UNKNOWN,UNKNOWN,UNKNOWN,UNKNOWN,UNKNOWN,unknown,https://www.amrailroad.com/freight/ozark-transmodal-inc,,listed,rebulk-directory (BNSF),,
Ozark Transmodal Inc.,,,,PURDY,MO,UNKNOWN,UNKNOWN,UNKNOWN,UNKNOWN,UNKNOWN,UNKNOWN,UNKNOWN,UNKNOWN,UNKNOWN,UNKNOWN,UNKNOWN,UNKNOWN,UNKNOWN,UNKNOWN,UNKNOWN,UNKNOWN,UNKNOWN,UNKNOWN,UNKNOWN,UNKNOWN,UNKNOWN,UNKNOWN,UNKNOWN,UNKNOWN,UNKNOWN,UNKNOWN,unknown,,,listed,rebulk-directory (BNSF),,
O’Neal Steel,,,,BREAUX BRIDGE,LA,UNKNOWN,UNKNOWN,UNKNOWN,UNKNOWN,UNKNOWN,UNKNOWN,UNKNOWN,UNKNOWN,UNKNOWN,UNKNOWN,UNKNOWN,UNKNOWN,UNKNOWN,UNKNOWN,UNKNOWN,UNKNOWN,UNKNOWN,UNKNOWN,UNKNOWN,UNKNOWN,UNKNOWN,UNKNOWN,UNKNOWN,UNKNOWN,UNKNOWN,UNKNOWN,unknown,https://www.onealsteel.com/locations/lafayette-la/,,listed,rebulk-directory (G&W LDRR),,
"P&H Warehouse, INC",,,,BLASDELL,NY,UNKNOWN,UNKNOWN,UNKNOWN,UNKNOWN,UNKNOWN,UNKNOWN,UNKNOWN,UNKNOWN,UNKNOWN,UNKNOWN,UNKNOWN,UNKNOWN,UNKNOWN,UNKNOWN,UNKNOWN,UNKNOWN,UNKNOWN,UNKNOWN,UNKNOWN,UNKNOWN,UNKNOWN,UNKNOWN,UNKNOWN,UNKNOWN,UNKNOWN,UNKNOWN,unknown,,,listed,rebulk-directory (BPRR NS),,
P&S Railyard,,,,SCOTTDALE,PA,UNKNOWN,UNKNOWN,UNKNOWN,UNKNOWN,UNKNOWN,UNKNOWN,UNKNOWN,UNKNOWN,UNKNOWN,UNKNOWN,UNKNOWN,UNKNOWN,UNKNOWN,UNKNOWN,UNKNOWN,UNKNOWN,UNKNOWN,UNKNOWN,UNKNOWN,UNKNOWN,UNKNOWN,UNKNOWN,UNKNOWN,UNKNOWN,UNKNOWN,UNKNOWN,unknown,,,listed,rebulk-directory (NS SWP),,
Pacific Coast Container Inc,,info@pcclogistics.com,,CARSON,CA,NO,NO,NO,NO,NO,NO,NO,NO,NO,NO,NO,NO,NO,NO,NO,NO,NO,NO,NO,NO,NO,NO,NO,NO,NO,NO,unknown,https://pcclogistics.com/locations/,,verified,swl-internal,NOT_FOUND,low
Pacific Coast Container Inc,,info@pcclogistics.com,(510) 692-2544,OAKLAND,CA,NO,NO,NO,NO,NO,NO,NO,NO,NO,NO,NO,NO,NO,NO,NO,NO,NO,NO,NO,NO,NO,NO,NO,NO,NO,NO,unknown,https://pcclogistics.com/locations/,,verified,swl-internal,OPERATIONAL,high
Pacific Coast Container Inc,,info@pcclogistics.com,,SEATTLE,WA,NO,NO,NO,NO,NO,NO,NO,NO,NO,NO,NO,NO,NO,NO,NO,NO,NO,NO,NO,NO,NO,NO,NO,NO,NO,NO,unknown,https://pcclogistics.com/locations/,,verified,swl-internal,NOT_FOUND,low
Pacific Coast Container Inc,,info@pcclogistics.com,,TACOMA,WA,NO,NO,NO,NO,NO,NO,NO,NO,NO,NO,NO,NO,NO,NO,NO,NO,NO,NO,NO,NO,NO,NO,NO,NO,NO,NO,unknown,https://pcclogistics.com/locations/,,verified,swl-internal,NOT_FOUND,low
Pacific Steel & Recycling,,,,DORA,AL,UNKNOWN,UNKNOWN,UNKNOWN,UNKNOWN,UNKNOWN,UNKNOWN,UNKNOWN,UNKNOWN,UNKNOWN,UNKNOWN,UNKNOWN,UNKNOWN,UNKNOWN,UNKNOWN,UNKNOWN,UNKNOWN,UNKNOWN,UNKNOWN,UNKNOWN,UNKNOWN,UNKNOWN,UNKNOWN,UNKNOWN,UNKNOWN,UNKNOWN,UNKNOWN,unknown,https://www.pacific-steel.com,,listed,rebulk-directory (NS),,
Pacific Terminals Ltd,,nctucker@pacificterminals.com,(206) 981-2230,SEATTLE,WA,NO,NO,NO,NO,NO,NO,NO,NO,NO,NO,NO,NO,NO,NO,NO,NO,NO,NO,NO,NO,NO,NO,NO,NO,NO,NO,unknown,http://www.pacificterminals.com/,,verified,swl-internal,OPERATIONAL,high
Pacorini Metals,,,,BALTIMORE,MD,UNKNOWN,UNKNOWN,UNKNOWN,UNKNOWN,UNKNOWN,UNKNOWN,UNKNOWN,UNKNOWN,UNKNOWN,UNKNOWN,UNKNOWN,UNKNOWN,UNKNOWN,UNKNOWN,UNKNOWN,UNKNOWN,UNKNOWN,UNKNOWN,UNKNOWN,UNKNOWN,UNKNOWN,UNKNOWN,UNKNOWN,UNKNOWN,UNKNOWN,UNKNOWN,unknown,,,listed,rebulk-directory (NS),,
Palmetto Railways,,,,CHARLESTON,SC,UNKNOWN,UNKNOWN,UNKNOWN,UNKNOWN,UNKNOWN,UNKNOWN,UNKNOWN,UNKNOWN,UNKNOWN,UNKNOWN,UNKNOWN,UNKNOWN,UNKNOWN,UNKNOWN,UNKNOWN,UNKNOWN,UNKNOWN,UNKNOWN,UNKNOWN,UNKNOWN,UNKNOWN,UNKNOWN,UNKNOWN,UNKNOWN,UNKNOWN,UNKNOWN,unknown,https://palmettorailways.com,,listed,rebulk-directory (CSX NS Palmetto Rai),,
Palmetto Railways,Navy Base Terminal / Navy Base Intermodal Facility,,,NORTH CHARLESTON,SC,UNKNOWN,UNKNOWN,UNKNOWN,UNKNOWN,UNKNOWN,UNKNOWN,UNKNOWN,UNKNOWN,UNKNOWN,UNKNOWN,UNKNOWN,UNKNOWN,UNKNOWN,UNKNOWN,UNKNOWN,UNKNOWN,UNKNOWN,UNKNOWN,UNKNOWN,UNKNOWN,UNKNOWN,UNKNOWN,UNKNOWN,UNKNOWN,UNKNOWN,UNKNOWN,unknown,https://palmettorailways.com/,,listed,rebulk-directory (CSX NS Palmetto Rai),,
Palmetto Railways,former Navy base,,,NORTH CHARLESTON,SC,UNKNOWN,UNKNOWN,UNKNOWN,UNKNOWN,UNKNOWN,UNKNOWN,UNKNOWN,UNKNOWN,UNKNOWN,UNKNOWN,UNKNOWN,UNKNOWN,UNKNOWN,UNKNOWN,UNKNOWN,UNKNOWN,UNKNOWN,UNKNOWN,UNKNOWN,UNKNOWN,UNKNOWN,UNKNOWN,UNKNOWN,UNKNOWN,UNKNOWN,UNKNOWN,unknown,https://palmettorailways.com/,,listed,rebulk-directory (CSX NS Palmetto Rai),,
Palmetto Railways - Charity Church,,,,HUGER,SC,UNKNOWN,UNKNOWN,UNKNOWN,UNKNOWN,UNKNOWN,UNKNOWN,UNKNOWN,UNKNOWN,UNKNOWN,UNKNOWN,UNKNOWN,UNKNOWN,UNKNOWN,UNKNOWN,UNKNOWN,UNKNOWN,UNKNOWN,UNKNOWN,UNKNOWN,UNKNOWN,UNKNOWN,UNKNOWN,UNKNOWN,UNKNOWN,UNKNOWN,UNKNOWN,unknown,https://palmettorailways.com/customers-and-services/,,listed,rebulk-directory (Palmetto Railways (ECBR) CSX),,
Palmetto Railways - Salkehatchie Subdivision,,,,HAMPTON,SC,UNKNOWN,UNKNOWN,UNKNOWN,UNKNOWN,UNKNOWN,UNKNOWN,UNKNOWN,UNKNOWN,UNKNOWN,UNKNOWN,UNKNOWN,UNKNOWN,UNKNOWN,UNKNOWN,UNKNOWN,UNKNOWN,UNKNOWN,UNKNOWN,UNKNOWN,UNKNOWN,UNKNOWN,UNKNOWN,UNKNOWN,UNKNOWN,UNKNOWN,UNKNOWN,unknown,https://palmettorailways.com/,,listed,rebulk-directory (CSX Palmetto Rai),,
Palumbo Trucking,,,,BRANFORD,CT,UNKNOWN,UNKNOWN,UNKNOWN,UNKNOWN,UNKNOWN,UNKNOWN,UNKNOWN,UNKNOWN,UNKNOWN,UNKNOWN,UNKNOWN,UNKNOWN,UNKNOWN,UNKNOWN,UNKNOWN,UNKNOWN,UNKNOWN,UNKNOWN,UNKNOWN,UNKNOWN,UNKNOWN,UNKNOWN,UNKNOWN,UNKNOWN,UNKNOWN,UNKNOWN,unknown,https://palumbotruckingct.com/,,listed,rebulk-directory (G&W PW),,
Palumbo Trucking Middletown Railyard,,,,MIDDLETOWN,CT,UNKNOWN,UNKNOWN,UNKNOWN,UNKNOWN,UNKNOWN,UNKNOWN,UNKNOWN,UNKNOWN,UNKNOWN,UNKNOWN,UNKNOWN,UNKNOWN,UNKNOWN,UNKNOWN,UNKNOWN,UNKNOWN,UNKNOWN,UNKNOWN,UNKNOWN,UNKNOWN,UNKNOWN,UNKNOWN,UNKNOWN,UNKNOWN,UNKNOWN,UNKNOWN,unknown,https://palumbotruckingct.com/,,listed,rebulk-directory (Providence & Worcester Railroad (PW)),,
Palumbo Trucking New Haven Railyard,,,,NEW HAVEN,CT,UNKNOWN,UNKNOWN,UNKNOWN,UNKNOWN,UNKNOWN,UNKNOWN,UNKNOWN,UNKNOWN,UNKNOWN,UNKNOWN,UNKNOWN,UNKNOWN,UNKNOWN,UNKNOWN,UNKNOWN,UNKNOWN,UNKNOWN,UNKNOWN,UNKNOWN,UNKNOWN,UNKNOWN,UNKNOWN,UNKNOWN,UNKNOWN,UNKNOWN,UNKNOWN,unknown,https://palumbotruckingct.com/,,listed,rebulk-directory (Providence & Worcester Railroad (PW)),,
Palumbo Trucking Wallingford Railyard,,,,WALLINGFORD,CT,UNKNOWN,UNKNOWN,UNKNOWN,UNKNOWN,UNKNOWN,UNKNOWN,UNKNOWN,UNKNOWN,UNKNOWN,UNKNOWN,UNKNOWN,UNKNOWN,UNKNOWN,UNKNOWN,UNKNOWN,UNKNOWN,UNKNOWN,UNKNOWN,UNKNOWN,UNKNOWN,UNKNOWN,UNKNOWN,UNKNOWN,UNKNOWN,UNKNOWN,UNKNOWN,unknown,https://palumbotruckingct.com/,,listed,rebulk-directory (Providence & Worcester Railroad (PW)),,
Panhandle Northern Railroad,,,,BORGER,TX,UNKNOWN,UNKNOWN,UNKNOWN,UNKNOWN,UNKNOWN,UNKNOWN,UNKNOWN,UNKNOWN,UNKNOWN,UNKNOWN,UNKNOWN,UNKNOWN,UNKNOWN,UNKNOWN,UNKNOWN,UNKNOWN,UNKNOWN,UNKNOWN,UNKNOWN,UNKNOWN,UNKNOWN,UNKNOWN,UNKNOWN,UNKNOWN,UNKNOWN,UNKNOWN,unknown,https://omnitrax.com/panhandle-northern-railroad/,,listed,rebulk-directory (BNSF),,
Panther Industries,,www.linkedin.com/in/panther-industries-inc-3a4a33130,+1 780-475-4880,STURGEON COUNTY,AB,YES,NO,NO,YES,NO,NO,YES,YES,NO,NO,NO,YES,NO,NO,NO,NO,NO,NO,NO,NO,YES,NO,NO,YES,NO,NO,unknown,http://pantherindustriesinc.com/,,verified,swl-internal,OPERATIONAL,high
Panther Industries,,www.linkedin.com/in/panther-industries-inc-3a4a33130,,ALLAN MINES,SK,NO,NO,YES,NO,NO,NO,YES,YES,NO,NO,NO,YES,YES,NO,NO,NO,YES,NO,NO,NO,NO,NO,YES,YES,NO,NO,unknown,,,verified,swl-internal,NOT_FOUND,none
Panther Industries,,www.linkedin.com/in/panther-industries-inc-3a4a33130,+1 306-567-2814,DAVISDON,SK,NO,NO,YES,NO,NO,NO,YES,YES,NO,NO,NO,YES,YES,NO,NO,NO,YES,NO,NO,NO,NO,NO,YES,YES,NO,NO,unknown,http://pantherindustriesinc.com/,,verified,swl-internal,OPERATIONAL,high
Paris Brothers Inc.,,,,KANSAS CITY,MO,UNKNOWN,UNKNOWN,UNKNOWN,UNKNOWN,UNKNOWN,UNKNOWN,UNKNOWN,UNKNOWN,UNKNOWN,UNKNOWN,UNKNOWN,UNKNOWN,UNKNOWN,UNKNOWN,UNKNOWN,UNKNOWN,UNKNOWN,UNKNOWN,UNKNOWN,UNKNOWN,UNKNOWN,UNKNOWN,UNKNOWN,UNKNOWN,UNKNOWN,UNKNOWN,unknown,https://parisbrothers.com/,,listed,rebulk-directory (BNSF),,
Paris Foods Corporation,,,,HOUSTON,DE,UNKNOWN,UNKNOWN,UNKNOWN,UNKNOWN,UNKNOWN,UNKNOWN,UNKNOWN,UNKNOWN,UNKNOWN,UNKNOWN,UNKNOWN,UNKNOWN,UNKNOWN,UNKNOWN,UNKNOWN,UNKNOWN,UNKNOWN,UNKNOWN,UNKNOWN,UNKNOWN,UNKNOWN,UNKNOWN,UNKNOWN,UNKNOWN,UNKNOWN,UNKNOWN,unknown,http://www.parisfoods.com/,,listed,rebulk-directory (DCR NS),,
Park City Diesel Transloader,,,,PARK CITY,MT,UNKNOWN,UNKNOWN,UNKNOWN,UNKNOWN,UNKNOWN,UNKNOWN,UNKNOWN,UNKNOWN,UNKNOWN,UNKNOWN,UNKNOWN,UNKNOWN,UNKNOWN,UNKNOWN,UNKNOWN,UNKNOWN,UNKNOWN,UNKNOWN,UNKNOWN,UNKNOWN,UNKNOWN,UNKNOWN,UNKNOWN,UNKNOWN,UNKNOWN,UNKNOWN,unknown,https://www.exxonmobil.com/en/wholesale-fuels/diesel-transloading-facility,,listed,rebulk-directory (BNSF),,
Parke Warehouses and Toll Processing,,,,DECATUR,IL,UNKNOWN,UNKNOWN,UNKNOWN,UNKNOWN,UNKNOWN,UNKNOWN,UNKNOWN,UNKNOWN,UNKNOWN,UNKNOWN,UNKNOWN,UNKNOWN,UNKNOWN,UNKNOWN,UNKNOWN,UNKNOWN,UNKNOWN,UNKNOWN,UNKNOWN,UNKNOWN,UNKNOWN,UNKNOWN,UNKNOWN,UNKNOWN,UNKNOWN,UNKNOWN,unknown,https://www.parkewarehouses.com/,,listed,rebulk-directory (NS),,
Parker Towing,Pickens County Port,,,PICKENSVILLE,AL,UNKNOWN,UNKNOWN,UNKNOWN,UNKNOWN,UNKNOWN,UNKNOWN,UNKNOWN,UNKNOWN,UNKNOWN,UNKNOWN,UNKNOWN,UNKNOWN,UNKNOWN,UNKNOWN,UNKNOWN,UNKNOWN,UNKNOWN,UNKNOWN,UNKNOWN,UNKNOWN,UNKNOWN,UNKNOWN,UNKNOWN,UNKNOWN,UNKNOWN,UNKNOWN,unknown,https://www.gmsbr.com/services/portsandterminals,,listed,rebulk-directory (Alabama & Gulf Coast Railway (AGR)),,
Partners Dinensional Services LLC,,info@partnerswarehouse.com,,EOLA,IL,NO,NO,NO,NO,NO,NO,NO,YES,NO,NO,NO,YES,NO,NO,NO,NO,NO,NO,NO,NO,NO,NO,NO,NO,NO,NO,unknown,http://www.partnerswarehouse.com/facilities/aurora-eola/,,verified,swl-internal,NOT_FOUND,low
Partners Warehouse,,,,ELWOOD,IL,UNKNOWN,UNKNOWN,UNKNOWN,UNKNOWN,UNKNOWN,UNKNOWN,UNKNOWN,UNKNOWN,UNKNOWN,UNKNOWN,UNKNOWN,UNKNOWN,UNKNOWN,UNKNOWN,UNKNOWN,UNKNOWN,UNKNOWN,UNKNOWN,UNKNOWN,UNKNOWN,UNKNOWN,UNKNOWN,UNKNOWN,UNKNOWN,UNKNOWN,UNKNOWN,unknown,https://www.partnerswarehouse.com/,,listed,rebulk-directory (BNSF),,
Pasha Stevedoring & Terminals,,,,WILMINGTON,CA,UNKNOWN,UNKNOWN,UNKNOWN,UNKNOWN,UNKNOWN,UNKNOWN,UNKNOWN,UNKNOWN,UNKNOWN,UNKNOWN,UNKNOWN,UNKNOWN,UNKNOWN,UNKNOWN,UNKNOWN,UNKNOWN,UNKNOWN,UNKNOWN,UNKNOWN,UNKNOWN,UNKNOWN,UNKNOWN,UNKNOWN,UNKNOWN,UNKNOWN,UNKNOWN,unknown,https://www.pashagroup.com/locations/pasha-stevedoring-terminals-lp-wilmington/518,,listed,rebulk-directory (PHL BNSF UP),,
Pate Stevedoring Port of Pensacola Terminal,,,,PENSACOLA,FL,UNKNOWN,UNKNOWN,UNKNOWN,UNKNOWN,UNKNOWN,UNKNOWN,UNKNOWN,UNKNOWN,UNKNOWN,UNKNOWN,UNKNOWN,UNKNOWN,UNKNOWN,UNKNOWN,UNKNOWN,UNKNOWN,UNKNOWN,UNKNOWN,UNKNOWN,UNKNOWN,UNKNOWN,UNKNOWN,UNKNOWN,UNKNOWN,UNKNOWN,UNKNOWN,unknown,https://www.logistecterminals.com/network/pensacola/,,listed,rebulk-directory (CSX),,
Patriot Rail,Port of AL,,,FLORENCE,AL,UNKNOWN,UNKNOWN,UNKNOWN,UNKNOWN,UNKNOWN,UNKNOWN,UNKNOWN,UNKNOWN,UNKNOWN,UNKNOWN,UNKNOWN,UNKNOWN,UNKNOWN,UNKNOWN,UNKNOWN,UNKNOWN,UNKNOWN,UNKNOWN,UNKNOWN,UNKNOWN,UNKNOWN,UNKNOWN,UNKNOWN,UNKNOWN,UNKNOWN,UNKNOWN,unknown,https://patriotrail.com/wp-content/uploads/2026/03/HYDRA-PORT-OF-FLORENCEds7bhmmRev.pdf,,listed,rebulk-directory (CSX TSRR),,
Patriot Rail,,,,MERCED,CA,UNKNOWN,UNKNOWN,UNKNOWN,UNKNOWN,UNKNOWN,UNKNOWN,UNKNOWN,UNKNOWN,UNKNOWN,UNKNOWN,UNKNOWN,UNKNOWN,UNKNOWN,UNKNOWN,UNKNOWN,UNKNOWN,UNKNOWN,UNKNOWN,UNKNOWN,UNKNOWN,UNKNOWN,UNKNOWN,UNKNOWN,UNKNOWN,UNKNOWN,UNKNOWN,unknown,https://patriotrail.com/wp-content/uploads/2026/03/HYDRA-MERCEDds2bhmm.pdf,,listed,rebulk-directory (BNSF MCVR),,
Patriot Rail,Atlanta Metro,,,CANTON,GA,UNKNOWN,UNKNOWN,UNKNOWN,UNKNOWN,UNKNOWN,UNKNOWN,UNKNOWN,UNKNOWN,UNKNOWN,UNKNOWN,UNKNOWN,UNKNOWN,UNKNOWN,UNKNOWN,UNKNOWN,UNKNOWN,UNKNOWN,UNKNOWN,UNKNOWN,UNKNOWN,UNKNOWN,UNKNOWN,UNKNOWN,UNKNOWN,UNKNOWN,UNKNOWN,unknown,https://patriotrail.com/wp-content/uploads/2025/01/PR113_TransloadingOnePagerm1bh.pdf,,listed,rebulk-directory (CSX GNRR),,
Patriot Rail,,,,GIBSLAND,LA,UNKNOWN,UNKNOWN,UNKNOWN,UNKNOWN,UNKNOWN,UNKNOWN,UNKNOWN,UNKNOWN,UNKNOWN,UNKNOWN,UNKNOWN,UNKNOWN,UNKNOWN,UNKNOWN,UNKNOWN,UNKNOWN,UNKNOWN,UNKNOWN,UNKNOWN,UNKNOWN,UNKNOWN,UNKNOWN,UNKNOWN,UNKNOWN,UNKNOWN,UNKNOWN,unknown,https://patriotrail.com/wp-content/uploads/2025/01/PR113_TransloadingOnePagerm1bh.pdf,,listed,rebulk-directory (CPKC LNW UP),,
Patriot Rail,Denton Rail Park,,,KRUM,TX,UNKNOWN,UNKNOWN,UNKNOWN,UNKNOWN,UNKNOWN,UNKNOWN,UNKNOWN,UNKNOWN,UNKNOWN,UNKNOWN,UNKNOWN,UNKNOWN,UNKNOWN,UNKNOWN,UNKNOWN,UNKNOWN,UNKNOWN,UNKNOWN,UNKNOWN,UNKNOWN,UNKNOWN,UNKNOWN,UNKNOWN,UNKNOWN,UNKNOWN,UNKNOWN,unknown,https://patriotrail.com/wp-content/uploads/2026/03/HYDRA-DENTONds2bhmm.pdf,,listed,rebulk-directory (CPKC Denton Rail),,
Patriot Rail,,,,WEST HAVEN,UT,UNKNOWN,UNKNOWN,UNKNOWN,UNKNOWN,UNKNOWN,UNKNOWN,UNKNOWN,UNKNOWN,UNKNOWN,UNKNOWN,UNKNOWN,UNKNOWN,UNKNOWN,UNKNOWN,UNKNOWN,UNKNOWN,UNKNOWN,UNKNOWN,UNKNOWN,UNKNOWN,UNKNOWN,UNKNOWN,UNKNOWN,UNKNOWN,UNKNOWN,UNKNOWN,unknown,https://patriotrail.com/wp-content/uploads/2026/03/UCRY-WEST-HAVENds10bhmm.pdf,,listed,rebulk-directory (BNSF UCRY UP),,
Pattison Railcar Solutions,,,,PRAIRIE DU CHIEN,WI,UNKNOWN,UNKNOWN,UNKNOWN,UNKNOWN,UNKNOWN,UNKNOWN,UNKNOWN,UNKNOWN,UNKNOWN,UNKNOWN,UNKNOWN,UNKNOWN,UNKNOWN,UNKNOWN,UNKNOWN,UNKNOWN,UNKNOWN,UNKNOWN,UNKNOWN,UNKNOWN,UNKNOWN,UNKNOWN,UNKNOWN,UNKNOWN,UNKNOWN,UNKNOWN,unknown,https://pattisoncompany.com/,,listed,rebulk-directory (BNSF),,
Patton Warehousing,,,,MILTON,PA,UNKNOWN,UNKNOWN,UNKNOWN,UNKNOWN,UNKNOWN,UNKNOWN,UNKNOWN,UNKNOWN,UNKNOWN,UNKNOWN,UNKNOWN,UNKNOWN,UNKNOWN,UNKNOWN,UNKNOWN,UNKNOWN,UNKNOWN,UNKNOWN,UNKNOWN,UNKNOWN,UNKNOWN,UNKNOWN,UNKNOWN,UNKNOWN,UNKNOWN,UNKNOWN,unknown,https://www.pattonwarehousing.com,,listed,rebulk-directory (NS),,
Paulsboro Marine Terminal,,,,PAULSBORO,NJ,UNKNOWN,UNKNOWN,UNKNOWN,UNKNOWN,UNKNOWN,UNKNOWN,UNKNOWN,UNKNOWN,UNKNOWN,UNKNOWN,UNKNOWN,UNKNOWN,UNKNOWN,UNKNOWN,UNKNOWN,UNKNOWN,UNKNOWN,UNKNOWN,UNKNOWN,UNKNOWN,UNKNOWN,UNKNOWN,UNKNOWN,UNKNOWN,UNKNOWN,UNKNOWN,unknown,https://www.holtlogistics.com/facilities/paulsboro-marine-terminal/,,listed,rebulk-directory (CSX NS CPKC),,
Pavlich Rail Car Unloading,Bayard Avenue,,,KANSAS CITY,KS,UNKNOWN,UNKNOWN,UNKNOWN,UNKNOWN,UNKNOWN,UNKNOWN,UNKNOWN,UNKNOWN,UNKNOWN,UNKNOWN,UNKNOWN,UNKNOWN,UNKNOWN,UNKNOWN,UNKNOWN,UNKNOWN,UNKNOWN,UNKNOWN,UNKNOWN,UNKNOWN,UNKNOWN,UNKNOWN,UNKNOWN,UNKNOWN,UNKNOWN,UNKNOWN,unknown,https://pavlichinc.com/rail-car-unloading/,,listed,rebulk-directory (UP),,
Pavlich Rail Car Unloading,South 5th Street,,,KANSAS CITY,KS,UNKNOWN,UNKNOWN,UNKNOWN,UNKNOWN,UNKNOWN,UNKNOWN,UNKNOWN,UNKNOWN,UNKNOWN,UNKNOWN,UNKNOWN,UNKNOWN,UNKNOWN,UNKNOWN,UNKNOWN,UNKNOWN,UNKNOWN,UNKNOWN,UNKNOWN,UNKNOWN,UNKNOWN,UNKNOWN,UNKNOWN,UNKNOWN,UNKNOWN,UNKNOWN,unknown,https://pavlichinc.com/rail-car-unloading/,,listed,rebulk-directory (UP),,
Paw Paw River Transload LLC,,,,HARTFORD,MI,UNKNOWN,UNKNOWN,UNKNOWN,UNKNOWN,UNKNOWN,UNKNOWN,UNKNOWN,UNKNOWN,UNKNOWN,UNKNOWN,UNKNOWN,UNKNOWN,UNKNOWN,UNKNOWN,UNKNOWN,UNKNOWN,UNKNOWN,UNKNOWN,UNKNOWN,UNKNOWN,UNKNOWN,UNKNOWN,UNKNOWN,UNKNOWN,UNKNOWN,UNKNOWN,unknown,,,listed,rebulk-directory (CSX WMI),,
Pax Industries,Transload,,,BLACKSBURG,SC,UNKNOWN,UNKNOWN,UNKNOWN,UNKNOWN,UNKNOWN,UNKNOWN,UNKNOWN,UNKNOWN,UNKNOWN,UNKNOWN,UNKNOWN,UNKNOWN,UNKNOWN,UNKNOWN,UNKNOWN,UNKNOWN,UNKNOWN,UNKNOWN,UNKNOWN,UNKNOWN,UNKNOWN,UNKNOWN,UNKNOWN,UNKNOWN,UNKNOWN,UNKNOWN,unknown,https://paxind.com/,,listed,rebulk-directory (Carolina Coastal Railway (CLNA)),,
"Pax Industries, Inc.",,,,DULUTH,GA,UNKNOWN,UNKNOWN,UNKNOWN,UNKNOWN,UNKNOWN,UNKNOWN,UNKNOWN,UNKNOWN,UNKNOWN,UNKNOWN,UNKNOWN,UNKNOWN,UNKNOWN,UNKNOWN,UNKNOWN,UNKNOWN,UNKNOWN,UNKNOWN,UNKNOWN,UNKNOWN,UNKNOWN,UNKNOWN,UNKNOWN,UNKNOWN,UNKNOWN,UNKNOWN,unknown,https://www.paxind.com,,listed,rebulk-directory (NS),,
Paxton Bonded Storage Incorporated,,,,WILSON,NC,UNKNOWN,UNKNOWN,UNKNOWN,UNKNOWN,UNKNOWN,UNKNOWN,UNKNOWN,UNKNOWN,UNKNOWN,UNKNOWN,UNKNOWN,UNKNOWN,UNKNOWN,UNKNOWN,UNKNOWN,UNKNOWN,UNKNOWN,UNKNOWN,UNKNOWN,UNKNOWN,UNKNOWN,UNKNOWN,UNKNOWN,UNKNOWN,UNKNOWN,UNKNOWN,unknown,https://paxtonbondedstorages.com/,,listed,rebulk-directory (NS),,
PCC Logistics,Port of Rd. Facility,,,TACOMA,WA,UNKNOWN,UNKNOWN,UNKNOWN,UNKNOWN,UNKNOWN,UNKNOWN,UNKNOWN,UNKNOWN,UNKNOWN,UNKNOWN,UNKNOWN,UNKNOWN,UNKNOWN,UNKNOWN,UNKNOWN,UNKNOWN,UNKNOWN,UNKNOWN,UNKNOWN,UNKNOWN,UNKNOWN,UNKNOWN,UNKNOWN,UNKNOWN,UNKNOWN,UNKNOWN,unknown,https://pcclogistics.com/port-of-tacoma-rd-facility/,,listed,rebulk-directory (BNSF Railway Union Pacific Railroad),,
Pcp,,,,PARKER,AZ,UNKNOWN,UNKNOWN,UNKNOWN,UNKNOWN,UNKNOWN,UNKNOWN,UNKNOWN,UNKNOWN,UNKNOWN,UNKNOWN,UNKNOWN,UNKNOWN,UNKNOWN,UNKNOWN,UNKNOWN,UNKNOWN,UNKNOWN,UNKNOWN,UNKNOWN,UNKNOWN,UNKNOWN,UNKNOWN,UNKNOWN,UNKNOWN,UNKNOWN,UNKNOWN,unknown,,,listed,rebulk-directory (ARZC G&W),,
PDM Railcar & Cross-Docking Services,,,,BOONE,IA,UNKNOWN,UNKNOWN,UNKNOWN,UNKNOWN,UNKNOWN,UNKNOWN,UNKNOWN,UNKNOWN,UNKNOWN,UNKNOWN,UNKNOWN,UNKNOWN,UNKNOWN,UNKNOWN,UNKNOWN,UNKNOWN,UNKNOWN,UNKNOWN,UNKNOWN,UNKNOWN,UNKNOWN,UNKNOWN,UNKNOWN,UNKNOWN,UNKNOWN,UNKNOWN,unknown,https://pdmcompany.com/warehousing/railcar_cross_dock_services/,,listed,rebulk-directory (Boone & Scenic Valley Railroad (BSV)),,
Peachey Rail Works,,,,LEBANON,PA,UNKNOWN,UNKNOWN,UNKNOWN,UNKNOWN,UNKNOWN,UNKNOWN,UNKNOWN,UNKNOWN,UNKNOWN,UNKNOWN,UNKNOWN,UNKNOWN,UNKNOWN,UNKNOWN,UNKNOWN,UNKNOWN,UNKNOWN,UNKNOWN,UNKNOWN,UNKNOWN,UNKNOWN,UNKNOWN,UNKNOWN,UNKNOWN,UNKNOWN,UNKNOWN,unknown,https://Www.Peacheytransport.com,,listed,rebulk-directory (NS),,
Pecos Transload Terminal,,,,PECOS,TX,UNKNOWN,UNKNOWN,UNKNOWN,UNKNOWN,UNKNOWN,UNKNOWN,UNKNOWN,UNKNOWN,UNKNOWN,UNKNOWN,UNKNOWN,UNKNOWN,UNKNOWN,UNKNOWN,UNKNOWN,UNKNOWN,UNKNOWN,UNKNOWN,UNKNOWN,UNKNOWN,UNKNOWN,UNKNOWN,UNKNOWN,UNKNOWN,UNKNOWN,UNKNOWN,unknown,,,listed,rebulk-directory (UP),,
Pedernal Transload,,,,ENCINO,NM,UNKNOWN,UNKNOWN,UNKNOWN,UNKNOWN,UNKNOWN,UNKNOWN,UNKNOWN,UNKNOWN,UNKNOWN,UNKNOWN,UNKNOWN,UNKNOWN,UNKNOWN,UNKNOWN,UNKNOWN,UNKNOWN,UNKNOWN,UNKNOWN,UNKNOWN,UNKNOWN,UNKNOWN,UNKNOWN,UNKNOWN,UNKNOWN,UNKNOWN,UNKNOWN,unknown,https://www.bnsflogistics.com/,,listed,rebulk-directory (BNSF),,
Pee Dee River Railway,Sterling Transport Transload,,,BENNETTSVILLE,SC,UNKNOWN,UNKNOWN,UNKNOWN,UNKNOWN,UNKNOWN,UNKNOWN,UNKNOWN,UNKNOWN,UNKNOWN,UNKNOWN,UNKNOWN,UNKNOWN,UNKNOWN,UNKNOWN,UNKNOWN,UNKNOWN,UNKNOWN,UNKNOWN,UNKNOWN,UNKNOWN,UNKNOWN,UNKNOWN,UNKNOWN,UNKNOWN,UNKNOWN,UNKNOWN,unknown,https://aberdeen-rockfish.com/freight-services/freight-pee-dee-river-railway/,,listed,rebulk-directory (Pee Dee River Railway (PDRR) CSX),,
Pegasus National Inc.,,,,BIRMINGHAM,AL,UNKNOWN,UNKNOWN,UNKNOWN,UNKNOWN,UNKNOWN,UNKNOWN,UNKNOWN,UNKNOWN,UNKNOWN,UNKNOWN,UNKNOWN,UNKNOWN,UNKNOWN,UNKNOWN,UNKNOWN,UNKNOWN,UNKNOWN,UNKNOWN,UNKNOWN,UNKNOWN,UNKNOWN,UNKNOWN,UNKNOWN,UNKNOWN,UNKNOWN,UNKNOWN,unknown,,,listed,rebulk-directory (BNSF),,
Pemiscot County Port Authority Rail-Truck Transload Site,,,,HAYTI,MO,UNKNOWN,UNKNOWN,UNKNOWN,UNKNOWN,UNKNOWN,UNKNOWN,UNKNOWN,UNKNOWN,UNKNOWN,UNKNOWN,UNKNOWN,UNKNOWN,UNKNOWN,UNKNOWN,UNKNOWN,UNKNOWN,UNKNOWN,UNKNOWN,UNKNOWN,UNKNOWN,UNKNOWN,UNKNOWN,UNKNOWN,UNKNOWN,UNKNOWN,UNKNOWN,unknown,https://www.pemiscotport.com/,,listed,rebulk-directory (PCPA BNSF),,
Peninsula Terminal Co,,jevizcarra@peninsulaterminal.com,(503) 285-5023,NORTH PORTLAND,OR,NO,NO,NO,NO,NO,NO,NO,NO,NO,NO,NO,NO,NO,NO,NO,NO,NO,NO,NO,NO,NO,NO,NO,NO,NO,NO,unknown,https://peninsulaterminal.com/,,verified,swl-internal,OPERATIONAL,high
"Pennco Warehouse, Inc.",,,,PENNINGTON,AL,UNKNOWN,UNKNOWN,UNKNOWN,UNKNOWN,UNKNOWN,UNKNOWN,UNKNOWN,UNKNOWN,UNKNOWN,UNKNOWN,UNKNOWN,UNKNOWN,UNKNOWN,UNKNOWN,UNKNOWN,UNKNOWN,UNKNOWN,UNKNOWN,UNKNOWN,UNKNOWN,UNKNOWN,UNKNOWN,UNKNOWN,UNKNOWN,UNKNOWN,UNKNOWN,unknown,,,listed,rebulk-directory (G&W MNBR),,
Pennsylvania & Southern Railway Bulk Products Transload,,,,CHAMBERSBURG,PA,UNKNOWN,UNKNOWN,UNKNOWN,UNKNOWN,UNKNOWN,UNKNOWN,UNKNOWN,UNKNOWN,UNKNOWN,UNKNOWN,UNKNOWN,UNKNOWN,UNKNOWN,UNKNOWN,UNKNOWN,UNKNOWN,UNKNOWN,UNKNOWN,UNKNOWN,UNKNOWN,UNKNOWN,UNKNOWN,UNKNOWN,UNKNOWN,UNKNOWN,UNKNOWN,unknown,https://railenterprisegroup.com/,,listed,rebulk-directory (Pennsylvania & Southern Railway CSX),,
Penny Newman Grain,Terminal,,,STOCKTON,CA,UNKNOWN,UNKNOWN,UNKNOWN,UNKNOWN,UNKNOWN,UNKNOWN,UNKNOWN,UNKNOWN,UNKNOWN,UNKNOWN,UNKNOWN,UNKNOWN,UNKNOWN,UNKNOWN,UNKNOWN,UNKNOWN,UNKNOWN,UNKNOWN,UNKNOWN,UNKNOWN,UNKNOWN,UNKNOWN,UNKNOWN,UNKNOWN,UNKNOWN,UNKNOWN,unknown,https://penny-newman.com/,,listed,rebulk-directory (CCT BNSF UP),,
Peoples Cartage,,,,MASSILLON,OH,UNKNOWN,UNKNOWN,UNKNOWN,UNKNOWN,UNKNOWN,UNKNOWN,UNKNOWN,UNKNOWN,UNKNOWN,UNKNOWN,UNKNOWN,UNKNOWN,UNKNOWN,UNKNOWN,UNKNOWN,UNKNOWN,UNKNOWN,UNKNOWN,UNKNOWN,UNKNOWN,UNKNOWN,UNKNOWN,UNKNOWN,UNKNOWN,UNKNOWN,UNKNOWN,unknown,https://totaldistribution.com/,,listed,rebulk-directory (Wheeling & Lake Erie Railway (W&LE)),,
Petersburg NS TBT,,,,PETERSBURG,VA,UNKNOWN,UNKNOWN,UNKNOWN,UNKNOWN,UNKNOWN,UNKNOWN,UNKNOWN,UNKNOWN,UNKNOWN,UNKNOWN,UNKNOWN,UNKNOWN,UNKNOWN,UNKNOWN,UNKNOWN,UNKNOWN,UNKNOWN,UNKNOWN,UNKNOWN,UNKNOWN,UNKNOWN,UNKNOWN,UNKNOWN,UNKNOWN,UNKNOWN,UNKNOWN,unknown,https://www.nscorp.com,,listed,rebulk-directory (NS),,
Phillips 66 Palermo Rail Terminal,,,,PALERMO,ND,UNKNOWN,UNKNOWN,UNKNOWN,UNKNOWN,UNKNOWN,UNKNOWN,UNKNOWN,UNKNOWN,UNKNOWN,UNKNOWN,UNKNOWN,UNKNOWN,UNKNOWN,UNKNOWN,UNKNOWN,UNKNOWN,UNKNOWN,UNKNOWN,UNKNOWN,UNKNOWN,UNKNOWN,UNKNOWN,UNKNOWN,UNKNOWN,UNKNOWN,UNKNOWN,unknown,https://www.phillips66.com/midstream/,,listed,rebulk-directory (BNSF),,
Phillips Station,,,(410) 348-5135,KENNEDYVILLE,MD,NO,NO,NO,NO,YES,NO,NO,NO,NO,NO,NO,NO,NO,NO,NO,NO,YES,NO,NO,NO,NO,NO,NO,YES,NO,NO,unknown,http://www.phillipstruckingllc.net/,,verified,swl-internal,OPERATIONAL,high
Phoenix Rail Johnstown Transload,,,,JOHNSTOWN,PA,UNKNOWN,UNKNOWN,UNKNOWN,UNKNOWN,UNKNOWN,UNKNOWN,UNKNOWN,UNKNOWN,UNKNOWN,UNKNOWN,UNKNOWN,UNKNOWN,UNKNOWN,UNKNOWN,UNKNOWN,UNKNOWN,UNKNOWN,UNKNOWN,UNKNOWN,UNKNOWN,UNKNOWN,UNKNOWN,UNKNOWN,UNKNOWN,UNKNOWN,UNKNOWN,unknown,https://phoenixrail.com/,,listed,rebulk-directory (Lehigh Valley Rail Management (LVRM) NS CSX),,
Pickens Railway Company,,huntersims@pickenrailway.com,,CORNELIA,GA,NO,NO,NO,NO,NO,NO,NO,NO,NO,NO,NO,NO,NO,NO,NO,NO,NO,NO,NO,NO,NO,NO,NO,NO,NO,NO,unknown,https://www.pickensrailway.com/,,verified,swl-internal,NOT_FOUND,low
Pike Lincoln County Port Authority,,,,CLARKSVILLE,MO,UNKNOWN,UNKNOWN,UNKNOWN,UNKNOWN,UNKNOWN,UNKNOWN,UNKNOWN,UNKNOWN,UNKNOWN,UNKNOWN,UNKNOWN,UNKNOWN,UNKNOWN,UNKNOWN,UNKNOWN,UNKNOWN,UNKNOWN,UNKNOWN,UNKNOWN,UNKNOWN,UNKNOWN,UNKNOWN,UNKNOWN,UNKNOWN,UNKNOWN,UNKNOWN,unknown,https://pikelincolnport.org/,,listed,rebulk-directory (BNSF),,
Pineville NS TBT,,,,PINEVILLE,NC,UNKNOWN,UNKNOWN,UNKNOWN,UNKNOWN,UNKNOWN,UNKNOWN,UNKNOWN,UNKNOWN,UNKNOWN,UNKNOWN,UNKNOWN,UNKNOWN,UNKNOWN,UNKNOWN,UNKNOWN,UNKNOWN,UNKNOWN,UNKNOWN,UNKNOWN,UNKNOWN,UNKNOWN,UNKNOWN,UNKNOWN,UNKNOWN,UNKNOWN,UNKNOWN,unknown,https://www.nscorp.com,,listed,rebulk-directory (NS),,
Pingree Transload LLC,RRVW,,,PINGREE,ND,UNKNOWN,UNKNOWN,UNKNOWN,UNKNOWN,UNKNOWN,UNKNOWN,UNKNOWN,UNKNOWN,UNKNOWN,UNKNOWN,UNKNOWN,UNKNOWN,UNKNOWN,UNKNOWN,UNKNOWN,UNKNOWN,UNKNOWN,UNKNOWN,UNKNOWN,UNKNOWN,UNKNOWN,UNKNOWN,UNKNOWN,UNKNOWN,UNKNOWN,UNKNOWN,unknown,https://www.peterson.ag/about-us/pingree-transload/,,listed,rebulk-directory (RRVW),,
Pinnacle Machine Works,,,,HOUSTON,TX,UNKNOWN,UNKNOWN,UNKNOWN,UNKNOWN,UNKNOWN,UNKNOWN,UNKNOWN,UNKNOWN,UNKNOWN,UNKNOWN,UNKNOWN,UNKNOWN,UNKNOWN,UNKNOWN,UNKNOWN,UNKNOWN,UNKNOWN,UNKNOWN,UNKNOWN,UNKNOWN,UNKNOWN,UNKNOWN,UNKNOWN,UNKNOWN,UNKNOWN,UNKNOWN,unknown,https://pinnaclemw.com/,,listed,rebulk-directory (BNSF),,
Pinney Dock Terminal,,,,ASHTABULA,OH,UNKNOWN,UNKNOWN,UNKNOWN,UNKNOWN,UNKNOWN,UNKNOWN,UNKNOWN,UNKNOWN,UNKNOWN,UNKNOWN,UNKNOWN,UNKNOWN,UNKNOWN,UNKNOWN,UNKNOWN,UNKNOWN,UNKNOWN,UNKNOWN,UNKNOWN,UNKNOWN,UNKNOWN,UNKNOWN,UNKNOWN,UNKNOWN,UNKNOWN,UNKNOWN,unknown,https://www.kindermorgan.com/,,listed,rebulk-directory (NS CSX),,
Pioneer Commodities,,,,JEROME,ID,UNKNOWN,UNKNOWN,UNKNOWN,UNKNOWN,UNKNOWN,UNKNOWN,UNKNOWN,UNKNOWN,UNKNOWN,UNKNOWN,UNKNOWN,UNKNOWN,UNKNOWN,UNKNOWN,UNKNOWN,UNKNOWN,UNKNOWN,UNKNOWN,UNKNOWN,UNKNOWN,UNKNOWN,UNKNOWN,UNKNOWN,UNKNOWN,UNKNOWN,UNKNOWN,unknown,https://pioneerfeed.com/,,listed,rebulk-directory (EIRR),,
Pioneer Commodities USA,,,,NORTH BRUNSWICK,NJ,UNKNOWN,UNKNOWN,UNKNOWN,UNKNOWN,UNKNOWN,UNKNOWN,UNKNOWN,UNKNOWN,UNKNOWN,UNKNOWN,UNKNOWN,UNKNOWN,UNKNOWN,UNKNOWN,UNKNOWN,UNKNOWN,UNKNOWN,UNKNOWN,UNKNOWN,UNKNOWN,UNKNOWN,UNKNOWN,UNKNOWN,UNKNOWN,UNKNOWN,UNKNOWN,unknown,,,listed,rebulk-directory (NS),,
Piper Logistics,Rail Warehouse,,,INDIANAPOLIS,IN,UNKNOWN,UNKNOWN,UNKNOWN,UNKNOWN,UNKNOWN,UNKNOWN,UNKNOWN,UNKNOWN,UNKNOWN,UNKNOWN,UNKNOWN,UNKNOWN,UNKNOWN,UNKNOWN,UNKNOWN,UNKNOWN,UNKNOWN,UNKNOWN,UNKNOWN,UNKNOWN,UNKNOWN,UNKNOWN,UNKNOWN,UNKNOWN,UNKNOWN,UNKNOWN,unknown,https://www.piperlogistics.com/our-locations/,,listed,rebulk-directory (CSX),,
Pittsburgh & Conneaut Dock Company,Harbor,,,CONNEAUT,OH,UNKNOWN,UNKNOWN,UNKNOWN,UNKNOWN,UNKNOWN,UNKNOWN,UNKNOWN,UNKNOWN,UNKNOWN,UNKNOWN,UNKNOWN,UNKNOWN,UNKNOWN,UNKNOWN,UNKNOWN,UNKNOWN,UNKNOWN,UNKNOWN,UNKNOWN,UNKNOWN,UNKNOWN,UNKNOWN,UNKNOWN,UNKNOWN,UNKNOWN,UNKNOWN,unknown,https://www.cn.ca/,,listed,rebulk-directory (Bessemer & Lake Erie Railroad (BLE) CN),,
Pittsburgh Intermodal Terminals,,,,AMBRIDGE,PA,UNKNOWN,UNKNOWN,UNKNOWN,UNKNOWN,UNKNOWN,UNKNOWN,UNKNOWN,UNKNOWN,UNKNOWN,UNKNOWN,UNKNOWN,UNKNOWN,UNKNOWN,UNKNOWN,UNKNOWN,UNKNOWN,UNKNOWN,UNKNOWN,UNKNOWN,UNKNOWN,UNKNOWN,UNKNOWN,UNKNOWN,UNKNOWN,UNKNOWN,UNKNOWN,unknown,https://www.nicholasinc.com,,listed,rebulk-directory (NS),,
Plains St. James Rail Terminal,,,,ST. JAMES,LA,UNKNOWN,UNKNOWN,UNKNOWN,UNKNOWN,UNKNOWN,UNKNOWN,UNKNOWN,UNKNOWN,UNKNOWN,UNKNOWN,UNKNOWN,UNKNOWN,UNKNOWN,UNKNOWN,UNKNOWN,UNKNOWN,UNKNOWN,UNKNOWN,UNKNOWN,UNKNOWN,UNKNOWN,UNKNOWN,UNKNOWN,UNKNOWN,UNKNOWN,UNKNOWN,unknown,https://www.plains.com/,,listed,rebulk-directory (UP),,
Plant Improvement Company,,,,DORAVILLE,GA,UNKNOWN,UNKNOWN,UNKNOWN,UNKNOWN,UNKNOWN,UNKNOWN,UNKNOWN,UNKNOWN,UNKNOWN,UNKNOWN,UNKNOWN,UNKNOWN,UNKNOWN,UNKNOWN,UNKNOWN,UNKNOWN,UNKNOWN,UNKNOWN,UNKNOWN,UNKNOWN,UNKNOWN,UNKNOWN,UNKNOWN,UNKNOWN,UNKNOWN,UNKNOWN,unknown,,,listed,rebulk-directory (NS),,
Plastic Conversion Services,,www.linkedin.com/in/michael-putt-26301554,,WINTER HAVEN,FL,NO,NO,NO,NO,NO,NO,NO,NO,NO,NO,YES,NO,NO,NO,NO,YES,NO,NO,NO,NO,NO,YES,YES,YES,NO,NO,unknown,https://plasticconversion.com/,,verified,swl-internal,NOT_FOUND,low
Plastic Express,,mike.coots@plasticexpress.com,(626) 336-8111,KINGMAN,AZ,NO,NO,NO,NO,NO,NO,NO,NO,NO,NO,YES,NO,NO,NO,NO,NO,NO,NO,NO,NO,NO,NO,YES,YES,NO,NO,unknown,http://www.plasticexpress.com/,,verified,swl-internal,OPERATIONAL,high
Plastic Express,,mike.coots@plasticexpress.com,,ANAHEIM,CA,NO,NO,NO,NO,NO,NO,NO,NO,NO,NO,YES,NO,NO,NO,NO,NO,NO,NO,NO,NO,NO,NO,YES,YES,NO,NO,unknown,http://www.plasticexpress.com/operations/,,verified,swl-internal,NOT_FOUND,none
Plastic Express,,mike.coots@plasticexpress.com,,CITY OF INDUSTRY,CA,NO,NO,NO,NO,NO,NO,NO,NO,NO,NO,YES,NO,NO,NO,NO,NO,NO,NO,NO,NO,NO,NO,YES,YES,NO,NO,unknown,http://www.plasticexpress.com/operations/,,verified,swl-internal,NOT_FOUND,none
Plastic Express,,mike.coots@plasticexpress.com,(626) 336-8111,COMMERCE,CA,NO,NO,NO,NO,NO,NO,NO,NO,NO,NO,YES,NO,NO,NO,NO,NO,NO,NO,NO,NO,NO,NO,YES,YES,NO,NO,unknown,https://www.plasticexpress.com/,,verified,swl-internal,OPERATIONAL,high
Plastic Express,,mike.coots@plasticexpress.com,,FULLERTON,CA,NO,NO,NO,NO,NO,NO,NO,NO,NO,NO,YES,NO,NO,NO,NO,NO,NO,NO,NO,NO,NO,NO,YES,YES,NO,NO,unknown,http://www.plasticexpress.com/operations/,,verified,swl-internal,NOT_FOUND,none
Plastic Express,,mike.coots@plasticexpress.com,,NATIONAL CITY,CA,NO,NO,NO,NO,NO,NO,NO,NO,NO,NO,YES,NO,NO,NO,NO,NO,NO,NO,NO,NO,NO,NO,YES,YES,NO,NO,unknown,http://www.plasticexpress.com/operations/,,verified,swl-internal,NOT_FOUND,low
Plastic Express,,mike.coots@plasticexpress.com,(626) 336-8111,PICO RIVERA,CA,NO,NO,NO,NO,NO,NO,NO,NO,NO,NO,YES,NO,NO,NO,NO,NO,NO,NO,NO,NO,NO,NO,YES,YES,NO,NO,unknown,http://www.plasticexpress.com/,,verified,swl-internal,OPERATIONAL,high
Plastic Express,,mike.coots@plasticexpress.com,(626) 336-8111,RANCHO CUCAMONGA,CA,NO,NO,NO,NO,NO,NO,NO,NO,NO,NO,YES,NO,NO,NO,NO,NO,NO,NO,NO,NO,NO,NO,YES,YES,NO,NO,unknown,http://www.plasticexpress.com/,,verified,swl-internal,OPERATIONAL,high
Plastic Express,,mike.coots@plasticexpress.com,,SAN BERNARDINO,CA,NO,NO,NO,NO,NO,NO,NO,NO,NO,NO,YES,NO,NO,NO,NO,NO,NO,NO,NO,NO,NO,NO,YES,YES,NO,NO,unknown,http://www.plasticexpress.com/operations/,,verified,swl-internal,NOT_FOUND,none
Plastic Express,,mike.coots@plasticexpress.com,,SAN DIEGO,CA,NO,NO,NO,NO,NO,NO,NO,NO,NO,NO,YES,NO,NO,NO,NO,NO,NO,NO,NO,NO,NO,NO,YES,YES,NO,NO,unknown,http://www.plasticexpress.com/operations/,,verified,swl-internal,NOT_FOUND,none
Plastic Express,,mike.coots@plasticexpress.com,,SOUTH ANAHEIM,CA,NO,NO,NO,NO,NO,NO,NO,NO,NO,NO,YES,NO,NO,NO,NO,NO,NO,NO,NO,NO,NO,NO,YES,YES,NO,NO,unknown,http://www.plasticexpress.com/operations/,,verified,swl-internal,OPERATIONAL,high
Plastic Express,,mike.coots@plasticexpress.com,(626) 336-8111,STOCKTON,CA,NO,NO,NO,NO,NO,NO,NO,NO,NO,NO,YES,NO,NO,NO,NO,NO,NO,NO,NO,NO,NO,NO,YES,YES,NO,NO,unknown,https://www.plasticexpress.com/,,verified,swl-internal,OPERATIONAL,high
Plastic Express,,mike.coots@plasticexpress.com,(626) 336-8899,VIDAL,CA,NO,NO,NO,NO,NO,NO,NO,NO,NO,NO,YES,NO,NO,NO,NO,NO,NO,NO,NO,NO,NO,NO,YES,YES,NO,NO,unknown,https://www.plasticexpress.com/,,verified,swl-internal,OPERATIONAL,high
Plastic Express,,mike.coots@plasticexpress.com,(626) 336-8111,POOLER,GA,NO,NO,NO,NO,NO,NO,NO,NO,NO,NO,YES,NO,NO,NO,NO,NO,NO,NO,NO,NO,NO,NO,YES,YES,NO,NO,unknown,http://www.plasticexpress.com/about-us/,,verified,swl-internal,OPERATIONAL,high
Plastic Express,,mike.coots@plasticexpress.com,,CHICAGO,IL,NO,NO,NO,NO,NO,NO,NO,NO,NO,NO,YES,NO,NO,NO,NO,NO,NO,NO,NO,NO,NO,NO,YES,YES,NO,NO,unknown,http://www.plasticexpress.com/operations/,,verified,swl-internal,NOT_FOUND,none
Plastic Express,,mike.coots@plasticexpress.com,,WOLCOTT,IN,NO,NO,NO,NO,NO,NO,NO,NO,NO,NO,YES,NO,NO,NO,NO,NO,NO,NO,NO,NO,NO,NO,YES,YES,NO,NO,unknown,http://www.plasticexpress.com/operations/,,verified,swl-internal,NOT_FOUND,none
Plastic Express,,mike.coots@plasticexpress.com,,MINNEAPOLIS,MN,NO,NO,NO,NO,NO,NO,NO,NO,NO,NO,YES,NO,NO,NO,NO,NO,NO,NO,NO,NO,NO,NO,YES,YES,NO,NO,unknown,http://www.plasticexpress.com/operations/,,verified,swl-internal,NOT_FOUND,low
Plastic Express,,mike.coots@plasticexpress.com,,ST PAUL,MN,NO,NO,NO,NO,NO,NO,NO,NO,NO,NO,YES,NO,NO,NO,NO,NO,NO,NO,NO,NO,NO,NO,YES,YES,NO,NO,unknown,http://www.plasticexpress.com/operations/,,verified,swl-internal,NOT_FOUND,low
Plastic Express,Terminal,,,STATESVILLE,NC,UNKNOWN,UNKNOWN,UNKNOWN,UNKNOWN,UNKNOWN,UNKNOWN,UNKNOWN,UNKNOWN,UNKNOWN,UNKNOWN,UNKNOWN,UNKNOWN,UNKNOWN,UNKNOWN,UNKNOWN,UNKNOWN,UNKNOWN,UNKNOWN,UNKNOWN,UNKNOWN,UNKNOWN,UNKNOWN,UNKNOWN,UNKNOWN,UNKNOWN,UNKNOWN,unknown,https://www.plasticexpress.com/operations/bulk-terminals/,,listed,rebulk-directory (Norfolk Southern (NS)),,
Plastic Express,New Jersey Yard,,,SADDLE BROOK,NJ,UNKNOWN,UNKNOWN,UNKNOWN,UNKNOWN,UNKNOWN,UNKNOWN,UNKNOWN,UNKNOWN,UNKNOWN,UNKNOWN,UNKNOWN,UNKNOWN,UNKNOWN,UNKNOWN,UNKNOWN,UNKNOWN,UNKNOWN,UNKNOWN,UNKNOWN,UNKNOWN,UNKNOWN,UNKNOWN,UNKNOWN,UNKNOWN,UNKNOWN,UNKNOWN,unknown,https://www.plasticexpress.com/operations/bulk-terminals/,,listed,rebulk-directory (NYSW connections:),,
Plastic Express,Yard,,,MOAPA,NV,UNKNOWN,UNKNOWN,UNKNOWN,UNKNOWN,UNKNOWN,UNKNOWN,UNKNOWN,UNKNOWN,UNKNOWN,UNKNOWN,UNKNOWN,UNKNOWN,UNKNOWN,UNKNOWN,UNKNOWN,UNKNOWN,UNKNOWN,UNKNOWN,UNKNOWN,UNKNOWN,UNKNOWN,UNKNOWN,UNKNOWN,UNKNOWN,UNKNOWN,UNKNOWN,unknown,https://www.plasticexpress.com/operations/bulk-terminals/,,listed,rebulk-directory (UP),,
Plastic Express,,mike.coots@plasticexpress.com,,GUILDERLAND CENTER,NY,NO,NO,NO,NO,NO,NO,NO,NO,NO,NO,YES,NO,NO,NO,NO,NO,NO,NO,NO,NO,NO,NO,YES,YES,NO,NO,unknown,http://www.plasticexpress.com/operations/,,verified,swl-internal,NOT_FOUND,low
Plastic Express,,mike.coots@plasticexpress.com,(918) 241-1515 ext. 19,SAND SPRINGS,OK,NO,NO,NO,NO,NO,NO,NO,NO,NO,NO,YES,NO,NO,NO,NO,NO,NO,NO,NO,NO,NO,NO,YES,YES,NO,NO,unknown,https://www.parker-plastics.com/,,verified,swl-internal,OPERATIONAL,medium
Plastic Express,,mike.coots@plasticexpress.com,(626) 336-8111,TULSA,OK,NO,NO,NO,NO,NO,NO,NO,NO,NO,NO,YES,NO,NO,NO,NO,NO,NO,NO,NO,NO,NO,NO,YES,YES,NO,NO,unknown,https://www.plasticexpress.com/,,verified,swl-internal,OPERATIONAL,high
Plastic Express,,mike.coots@plasticexpress.com,(626) 336-8111,PORTLAND,OR,NO,NO,NO,NO,NO,NO,NO,NO,NO,NO,YES,NO,NO,NO,NO,NO,NO,NO,NO,NO,NO,NO,YES,YES,NO,NO,unknown,http://www.plasticexpress.com/,,verified,swl-internal,OPERATIONAL,high
Plastic Express,,mike.coots@plasticexpress.com,,SALEM,OR,NO,NO,NO,NO,NO,NO,NO,NO,NO,NO,YES,NO,NO,NO,NO,NO,NO,NO,NO,NO,NO,NO,YES,YES,NO,NO,unknown,http://www.plasticexpress.com/operations/,,verified,swl-internal,NOT_FOUND,low
Plastic Express,,mike.coots@plasticexpress.com,(626) 336-8111,PASADENA,TX,NO,NO,NO,NO,NO,NO,NO,NO,NO,NO,YES,NO,NO,NO,NO,NO,NO,NO,NO,NO,NO,NO,YES,YES,NO,NO,unknown,http://www.plasticexpress.com/,,verified,swl-internal,OPERATIONAL,high
Plastic Express,Harold Gatty Drive,,,SALT LAKE CITY,UT,UNKNOWN,UNKNOWN,UNKNOWN,UNKNOWN,UNKNOWN,UNKNOWN,UNKNOWN,UNKNOWN,UNKNOWN,UNKNOWN,UNKNOWN,UNKNOWN,UNKNOWN,UNKNOWN,UNKNOWN,UNKNOWN,UNKNOWN,UNKNOWN,UNKNOWN,UNKNOWN,UNKNOWN,UNKNOWN,UNKNOWN,UNKNOWN,UNKNOWN,UNKNOWN,unknown,https://www.plasticexpress.com/,,listed,rebulk-directory (BNSF UP),,
Plastic Express,,mike.coots@plasticexpress.com,,KENT,WA,NO,NO,NO,NO,NO,NO,NO,NO,NO,NO,YES,NO,NO,NO,NO,NO,NO,NO,NO,NO,NO,NO,YES,YES,NO,NO,unknown,http://www.plasticexpress.com/operations/,,verified,swl-internal,NOT_FOUND,none
Plastic Express,,mike.coots@plasticexpress.com,(253) 922-7448,TACOMA,WA,NO,NO,NO,NO,NO,NO,NO,NO,NO,NO,YES,NO,NO,NO,NO,NO,NO,NO,NO,NO,NO,NO,YES,YES,NO,NO,unknown,http://www.plasticexpress.com/operations/,,verified,swl-internal,OPERATIONAL,high
Plastic Express,,mike.coots@plasticexpress.com,,VANCOUVER,WA,NO,NO,NO,NO,NO,NO,NO,NO,NO,NO,YES,NO,NO,NO,NO,NO,NO,NO,NO,NO,NO,NO,YES,YES,NO,NO,unknown,http://www.plasticexpress.com/operations/,,verified,swl-internal,NOT_FOUND,none
Plastic Express - 2932 W 500 S,,,,SALT LAKE CITY,UT,UNKNOWN,UNKNOWN,UNKNOWN,UNKNOWN,UNKNOWN,UNKNOWN,UNKNOWN,UNKNOWN,UNKNOWN,UNKNOWN,UNKNOWN,UNKNOWN,UNKNOWN,UNKNOWN,UNKNOWN,UNKNOWN,UNKNOWN,UNKNOWN,UNKNOWN,UNKNOWN,UNKNOWN,UNKNOWN,UNKNOWN,UNKNOWN,UNKNOWN,UNKNOWN,unknown,https://www.plasticexpress.com/,,listed,rebulk-directory (UP),,
Plastic Express - Raritan Center Distribution Center,,,,EDISON,NJ,UNKNOWN,UNKNOWN,UNKNOWN,UNKNOWN,UNKNOWN,UNKNOWN,UNKNOWN,UNKNOWN,UNKNOWN,UNKNOWN,UNKNOWN,UNKNOWN,UNKNOWN,UNKNOWN,UNKNOWN,UNKNOWN,UNKNOWN,UNKNOWN,UNKNOWN,UNKNOWN,UNKNOWN,UNKNOWN,UNKNOWN,UNKNOWN,UNKNOWN,UNKNOWN,unknown,https://www.plasticexpress.com/operations/bulk-terminals/,,listed,rebulk-directory (CSX NS),,
Ponderosa Solutions,,,,BUCKEYE,AZ,UNKNOWN,UNKNOWN,UNKNOWN,UNKNOWN,UNKNOWN,UNKNOWN,UNKNOWN,UNKNOWN,UNKNOWN,UNKNOWN,UNKNOWN,UNKNOWN,UNKNOWN,UNKNOWN,UNKNOWN,UNKNOWN,UNKNOWN,UNKNOWN,UNKNOWN,UNKNOWN,UNKNOWN,UNKNOWN,UNKNOWN,UNKNOWN,UNKNOWN,UNKNOWN,unknown,https://theponderosasolution.com/,,listed,rebulk-directory,,
Ponderosa Solutions,,,,GREELEY,CO,UNKNOWN,UNKNOWN,UNKNOWN,UNKNOWN,UNKNOWN,UNKNOWN,UNKNOWN,UNKNOWN,UNKNOWN,UNKNOWN,UNKNOWN,UNKNOWN,UNKNOWN,UNKNOWN,UNKNOWN,UNKNOWN,UNKNOWN,UNKNOWN,UNKNOWN,UNKNOWN,UNKNOWN,UNKNOWN,UNKNOWN,UNKNOWN,UNKNOWN,UNKNOWN,unknown,https://theponderosasolution.com/,,listed,rebulk-directory,,
Ponderosa Solutions,,,,CARMI,IL,UNKNOWN,UNKNOWN,UNKNOWN,UNKNOWN,UNKNOWN,UNKNOWN,UNKNOWN,UNKNOWN,UNKNOWN,UNKNOWN,UNKNOWN,UNKNOWN,UNKNOWN,UNKNOWN,UNKNOWN,UNKNOWN,UNKNOWN,UNKNOWN,UNKNOWN,UNKNOWN,UNKNOWN,UNKNOWN,UNKNOWN,UNKNOWN,UNKNOWN,UNKNOWN,unknown,https://theponderosasolution.com/,,listed,rebulk-directory (BNSF),,
Ponderosa Solutions,,,,ST PAUL,MN,UNKNOWN,UNKNOWN,UNKNOWN,UNKNOWN,UNKNOWN,UNKNOWN,UNKNOWN,UNKNOWN,UNKNOWN,UNKNOWN,UNKNOWN,UNKNOWN,UNKNOWN,UNKNOWN,UNKNOWN,UNKNOWN,UNKNOWN,UNKNOWN,UNKNOWN,UNKNOWN,UNKNOWN,UNKNOWN,UNKNOWN,UNKNOWN,UNKNOWN,UNKNOWN,unknown,https://theponderosasolution.com/services/,,listed,rebulk-directory,,
Ponderosa Solutions,,,,CATOOSA,OK,UNKNOWN,UNKNOWN,UNKNOWN,UNKNOWN,UNKNOWN,UNKNOWN,UNKNOWN,UNKNOWN,UNKNOWN,UNKNOWN,UNKNOWN,UNKNOWN,UNKNOWN,UNKNOWN,UNKNOWN,UNKNOWN,UNKNOWN,UNKNOWN,UNKNOWN,UNKNOWN,UNKNOWN,UNKNOWN,UNKNOWN,UNKNOWN,UNKNOWN,UNKNOWN,unknown,https://theponderosasolution.com/,,listed,rebulk-directory (BNSF CPKC Union Pacific),,
Ponderosa Solutions,,,,BELLE FOURCHE,SD,UNKNOWN,UNKNOWN,UNKNOWN,UNKNOWN,UNKNOWN,UNKNOWN,UNKNOWN,UNKNOWN,UNKNOWN,UNKNOWN,UNKNOWN,UNKNOWN,UNKNOWN,UNKNOWN,UNKNOWN,UNKNOWN,UNKNOWN,UNKNOWN,UNKNOWN,UNKNOWN,UNKNOWN,UNKNOWN,UNKNOWN,UNKNOWN,UNKNOWN,UNKNOWN,unknown,https://theponderosasolution.com/,,listed,rebulk-directory,,
Ponderosa Solutions Great Falls Transload Terminal,,,,GREAT FALLS,MT,UNKNOWN,UNKNOWN,UNKNOWN,UNKNOWN,UNKNOWN,UNKNOWN,UNKNOWN,UNKNOWN,UNKNOWN,UNKNOWN,UNKNOWN,UNKNOWN,UNKNOWN,UNKNOWN,UNKNOWN,UNKNOWN,UNKNOWN,UNKNOWN,UNKNOWN,UNKNOWN,UNKNOWN,UNKNOWN,UNKNOWN,UNKNOWN,UNKNOWN,UNKNOWN,unknown,https://theponderosasolution.com/,,listed,rebulk-directory (BNSF),,
Port Allegany Transload Facility,,,,PORT ALLEGANY,PA,UNKNOWN,UNKNOWN,UNKNOWN,UNKNOWN,UNKNOWN,UNKNOWN,UNKNOWN,UNKNOWN,UNKNOWN,UNKNOWN,UNKNOWN,UNKNOWN,UNKNOWN,UNKNOWN,UNKNOWN,UNKNOWN,UNKNOWN,UNKNOWN,UNKNOWN,UNKNOWN,UNKNOWN,UNKNOWN,UNKNOWN,UNKNOWN,UNKNOWN,UNKNOWN,unknown,https://www.lansberrytrucking.com/,,listed,rebulk-directory (WNYP NS),,
Port Bienville Intermodal Transload Facility,,,,BAY ST. LOUIS,MS,UNKNOWN,UNKNOWN,UNKNOWN,UNKNOWN,UNKNOWN,UNKNOWN,UNKNOWN,UNKNOWN,UNKNOWN,UNKNOWN,UNKNOWN,UNKNOWN,UNKNOWN,UNKNOWN,UNKNOWN,UNKNOWN,UNKNOWN,UNKNOWN,UNKNOWN,UNKNOWN,UNKNOWN,UNKNOWN,UNKNOWN,UNKNOWN,UNKNOWN,UNKNOWN,unknown,https://www.portairspace.com/port-bienville-industrial-park,,listed,rebulk-directory (Port Bienville Railroad (PBVR) CSX),,
Port Cargo Service,,,,ST. ROSE,LA,UNKNOWN,UNKNOWN,UNKNOWN,UNKNOWN,UNKNOWN,UNKNOWN,UNKNOWN,UNKNOWN,UNKNOWN,UNKNOWN,UNKNOWN,UNKNOWN,UNKNOWN,UNKNOWN,UNKNOWN,UNKNOWN,UNKNOWN,UNKNOWN,UNKNOWN,UNKNOWN,UNKNOWN,UNKNOWN,UNKNOWN,UNKNOWN,UNKNOWN,UNKNOWN,unknown,https://portcargo.com/,,listed,rebulk-directory (CPKC),,
Port Contractors Rail Transshipment Facility,,,,NEW CASTLE,DE,UNKNOWN,UNKNOWN,UNKNOWN,UNKNOWN,UNKNOWN,UNKNOWN,UNKNOWN,UNKNOWN,UNKNOWN,UNKNOWN,UNKNOWN,UNKNOWN,UNKNOWN,UNKNOWN,UNKNOWN,UNKNOWN,UNKNOWN,UNKNOWN,UNKNOWN,UNKNOWN,UNKNOWN,UNKNOWN,UNKNOWN,UNKNOWN,UNKNOWN,UNKNOWN,unknown,https://enstructure.com/,,listed,rebulk-directory (NS),,
Port Elizabeth Terminal & Warehouse Corporation,,,,BAYONNE,NJ,UNKNOWN,UNKNOWN,UNKNOWN,UNKNOWN,UNKNOWN,UNKNOWN,UNKNOWN,UNKNOWN,UNKNOWN,UNKNOWN,UNKNOWN,UNKNOWN,UNKNOWN,UNKNOWN,UNKNOWN,UNKNOWN,UNKNOWN,UNKNOWN,UNKNOWN,UNKNOWN,UNKNOWN,UNKNOWN,UNKNOWN,UNKNOWN,UNKNOWN,UNKNOWN,unknown,https://thejudgeorg.com/what-we-do/,,listed,rebulk-directory (NS),,
Port Fisher Terminals,,,,BAY CITY,MI,UNKNOWN,UNKNOWN,UNKNOWN,UNKNOWN,UNKNOWN,UNKNOWN,UNKNOWN,UNKNOWN,UNKNOWN,UNKNOWN,UNKNOWN,UNKNOWN,UNKNOWN,UNKNOWN,UNKNOWN,UNKNOWN,UNKNOWN,UNKNOWN,UNKNOWN,UNKNOWN,UNKNOWN,UNKNOWN,UNKNOWN,UNKNOWN,UNKNOWN,UNKNOWN,unknown,https://www.portfisher.com/,,listed,rebulk-directory (Lake State Railway (LSRC)),,
Port Freeport Railyard,,,,FREEPORT,TX,UNKNOWN,UNKNOWN,UNKNOWN,UNKNOWN,UNKNOWN,UNKNOWN,UNKNOWN,UNKNOWN,UNKNOWN,UNKNOWN,UNKNOWN,UNKNOWN,UNKNOWN,UNKNOWN,UNKNOWN,UNKNOWN,UNKNOWN,UNKNOWN,UNKNOWN,UNKNOWN,UNKNOWN,UNKNOWN,UNKNOWN,UNKNOWN,UNKNOWN,UNKNOWN,unknown,https://www.portfreeport.com/,,listed,rebulk-directory (UP Rail Link),,
Port Harbor Railroad Granite City Transload,,,,GRANITE CITY,IL,UNKNOWN,UNKNOWN,UNKNOWN,UNKNOWN,UNKNOWN,UNKNOWN,UNKNOWN,UNKNOWN,UNKNOWN,UNKNOWN,UNKNOWN,UNKNOWN,UNKNOWN,UNKNOWN,UNKNOWN,UNKNOWN,UNKNOWN,UNKNOWN,UNKNOWN,UNKNOWN,UNKNOWN,UNKNOWN,UNKNOWN,UNKNOWN,UNKNOWN,UNKNOWN,unknown,https://www.portharborrailroad.com/,,listed,rebulk-directory (PHRR BNSF CN CPKC + 3),,
Port Jersey Logistics,,,,MONROE TOWNSHIP,NJ,UNKNOWN,UNKNOWN,UNKNOWN,UNKNOWN,UNKNOWN,UNKNOWN,UNKNOWN,UNKNOWN,UNKNOWN,UNKNOWN,UNKNOWN,UNKNOWN,UNKNOWN,UNKNOWN,UNKNOWN,UNKNOWN,UNKNOWN,UNKNOWN,UNKNOWN,UNKNOWN,UNKNOWN,UNKNOWN,UNKNOWN,UNKNOWN,UNKNOWN,UNKNOWN,unknown,https://pjlnetwork.com/,,listed,rebulk-directory (NS),,
Port Manatee Railroad Transload Facility,,,,PALMETTO,FL,UNKNOWN,UNKNOWN,UNKNOWN,UNKNOWN,UNKNOWN,UNKNOWN,UNKNOWN,UNKNOWN,UNKNOWN,UNKNOWN,UNKNOWN,UNKNOWN,UNKNOWN,UNKNOWN,UNKNOWN,UNKNOWN,UNKNOWN,UNKNOWN,UNKNOWN,UNKNOWN,UNKNOWN,UNKNOWN,UNKNOWN,UNKNOWN,UNKNOWN,UNKNOWN,unknown,https://regional-rail.com/port-manatee-railroad/,,listed,rebulk-directory (Port Manatee Railroad (PMR) CSX),,
Port Manchac Intermodal Terminal,,,,MANCHAC,LA,UNKNOWN,UNKNOWN,UNKNOWN,UNKNOWN,UNKNOWN,UNKNOWN,UNKNOWN,UNKNOWN,UNKNOWN,UNKNOWN,UNKNOWN,UNKNOWN,UNKNOWN,UNKNOWN,UNKNOWN,UNKNOWN,UNKNOWN,UNKNOWN,UNKNOWN,UNKNOWN,UNKNOWN,UNKNOWN,UNKNOWN,UNKNOWN,UNKNOWN,UNKNOWN,unknown,https://portmanchac.com/,,listed,rebulk-directory (CN),,
Port of Albany-Rensselaer,,,,ALBANY,NY,UNKNOWN,UNKNOWN,UNKNOWN,UNKNOWN,UNKNOWN,UNKNOWN,UNKNOWN,UNKNOWN,UNKNOWN,UNKNOWN,UNKNOWN,UNKNOWN,UNKNOWN,UNKNOWN,UNKNOWN,UNKNOWN,UNKNOWN,UNKNOWN,UNKNOWN,UNKNOWN,UNKNOWN,UNKNOWN,UNKNOWN,UNKNOWN,UNKNOWN,UNKNOWN,unknown,https://www.portofalbany.us/,,listed,rebulk-directory (Albany Port Railroad (APRR) CSX CPKC),,
Port of Beaumont,,,,BEAUMONT,TX,UNKNOWN,UNKNOWN,UNKNOWN,UNKNOWN,UNKNOWN,UNKNOWN,UNKNOWN,UNKNOWN,UNKNOWN,UNKNOWN,UNKNOWN,UNKNOWN,UNKNOWN,UNKNOWN,UNKNOWN,UNKNOWN,UNKNOWN,UNKNOWN,UNKNOWN,UNKNOWN,UNKNOWN,UNKNOWN,UNKNOWN,UNKNOWN,UNKNOWN,UNKNOWN,unknown,https://www.pobtx.com/,,listed,rebulk-directory (BNSF UP CPKC),,
Port of Buffalo,Buffalo Lake Port,,,LACKAWANNA,NY,UNKNOWN,UNKNOWN,UNKNOWN,UNKNOWN,UNKNOWN,UNKNOWN,UNKNOWN,UNKNOWN,UNKNOWN,UNKNOWN,UNKNOWN,UNKNOWN,UNKNOWN,UNKNOWN,UNKNOWN,UNKNOWN,UNKNOWN,UNKNOWN,UNKNOWN,UNKNOWN,UNKNOWN,UNKNOWN,UNKNOWN,UNKNOWN,UNKNOWN,UNKNOWN,unknown,https://www.portofbuffalo.com/,,listed,rebulk-directory (Buffalo Southern Railroad (BSOR)),,
Port of Caddo-Bossier General Cargo Dock,,,,SHREVEPORT,LA,UNKNOWN,UNKNOWN,UNKNOWN,UNKNOWN,UNKNOWN,UNKNOWN,UNKNOWN,UNKNOWN,UNKNOWN,UNKNOWN,UNKNOWN,UNKNOWN,UNKNOWN,UNKNOWN,UNKNOWN,UNKNOWN,UNKNOWN,UNKNOWN,UNKNOWN,UNKNOWN,UNKNOWN,UNKNOWN,UNKNOWN,UNKNOWN,UNKNOWN,UNKNOWN,unknown,https://portcb.com/,,listed,"rebulk-directory (UP CPKC Rail Link, Inc.)",,
Port of Cates Landing,,,,TIPTONVILLE,TN,UNKNOWN,UNKNOWN,UNKNOWN,UNKNOWN,UNKNOWN,UNKNOWN,UNKNOWN,UNKNOWN,UNKNOWN,UNKNOWN,UNKNOWN,UNKNOWN,UNKNOWN,UNKNOWN,UNKNOWN,UNKNOWN,UNKNOWN,UNKNOWN,UNKNOWN,UNKNOWN,UNKNOWN,UNKNOWN,UNKNOWN,UNKNOWN,UNKNOWN,UNKNOWN,unknown,https://www.portofcateslandingtn.gov/,,listed,rebulk-directory (TennKen Railroad CN),,
Port of Chehalis Grain Terminal & Transload Facility,,,,CHEHALIS,WA,UNKNOWN,UNKNOWN,UNKNOWN,UNKNOWN,UNKNOWN,UNKNOWN,UNKNOWN,UNKNOWN,UNKNOWN,UNKNOWN,UNKNOWN,UNKNOWN,UNKNOWN,UNKNOWN,UNKNOWN,UNKNOWN,UNKNOWN,UNKNOWN,UNKNOWN,UNKNOWN,UNKNOWN,UNKNOWN,UNKNOWN,UNKNOWN,UNKNOWN,UNKNOWN,unknown,https://portofchehalis.com/swwagp-faqs/,,listed,rebulk-directory (BNSF),,
Port of Cleveland,,,,CLEVELAND,OH,UNKNOWN,UNKNOWN,UNKNOWN,UNKNOWN,UNKNOWN,UNKNOWN,UNKNOWN,UNKNOWN,UNKNOWN,UNKNOWN,UNKNOWN,UNKNOWN,UNKNOWN,UNKNOWN,UNKNOWN,UNKNOWN,UNKNOWN,UNKNOWN,UNKNOWN,UNKNOWN,UNKNOWN,UNKNOWN,UNKNOWN,UNKNOWN,UNKNOWN,UNKNOWN,unknown,https://www.portofcleveland.com/transloading/,,listed,rebulk-directory (NS),,
Port of Florence,Lauderdale County Port Authority,,,FLORENCE,AL,UNKNOWN,UNKNOWN,UNKNOWN,UNKNOWN,UNKNOWN,UNKNOWN,UNKNOWN,UNKNOWN,UNKNOWN,UNKNOWN,UNKNOWN,UNKNOWN,UNKNOWN,UNKNOWN,UNKNOWN,UNKNOWN,UNKNOWN,UNKNOWN,UNKNOWN,UNKNOWN,UNKNOWN,UNKNOWN,UNKNOWN,UNKNOWN,UNKNOWN,UNKNOWN,unknown,http://www.portofflorence.org/,,listed,rebulk-directory (Tennessee So),,
Port of Grays Harbor Terminal 4,,,,ABERDEEN,WA,UNKNOWN,UNKNOWN,UNKNOWN,UNKNOWN,UNKNOWN,UNKNOWN,UNKNOWN,UNKNOWN,UNKNOWN,UNKNOWN,UNKNOWN,UNKNOWN,UNKNOWN,UNKNOWN,UNKNOWN,UNKNOWN,UNKNOWN,UNKNOWN,UNKNOWN,UNKNOWN,UNKNOWN,UNKNOWN,UNKNOWN,UNKNOWN,UNKNOWN,UNKNOWN,unknown,https://www.portofgraysharbor.com/terminal-info,,listed,rebulk-directory (Puget Sound & Pacific Railroad (PSAP) BNSF UP),,
Port of Greenville,,,,GREENVILLE,MS,UNKNOWN,UNKNOWN,UNKNOWN,UNKNOWN,UNKNOWN,UNKNOWN,UNKNOWN,UNKNOWN,UNKNOWN,UNKNOWN,UNKNOWN,UNKNOWN,UNKNOWN,UNKNOWN,UNKNOWN,UNKNOWN,UNKNOWN,UNKNOWN,UNKNOWN,UNKNOWN,UNKNOWN,UNKNOWN,UNKNOWN,UNKNOWN,UNKNOWN,UNKNOWN,unknown,https://portofgreenville.com/,,listed,rebulk-directory (CAGY G&W),,
Port of Gulfport,,,,GULFPORT,MS,UNKNOWN,UNKNOWN,UNKNOWN,UNKNOWN,UNKNOWN,UNKNOWN,UNKNOWN,UNKNOWN,UNKNOWN,UNKNOWN,UNKNOWN,UNKNOWN,UNKNOWN,UNKNOWN,UNKNOWN,UNKNOWN,UNKNOWN,UNKNOWN,UNKNOWN,UNKNOWN,UNKNOWN,UNKNOWN,UNKNOWN,UNKNOWN,UNKNOWN,UNKNOWN,unknown,https://shipmspa.com/,,listed,rebulk-directory (CPKC),,
Port of Hueneme Auto/Ro-Ro Terminal,,,,PORT HUENEME,CA,UNKNOWN,UNKNOWN,UNKNOWN,UNKNOWN,UNKNOWN,UNKNOWN,UNKNOWN,UNKNOWN,UNKNOWN,UNKNOWN,UNKNOWN,UNKNOWN,UNKNOWN,UNKNOWN,UNKNOWN,UNKNOWN,UNKNOWN,UNKNOWN,UNKNOWN,UNKNOWN,UNKNOWN,UNKNOWN,UNKNOWN,UNKNOWN,UNKNOWN,UNKNOWN,unknown,https://www.portofhueneme.org/,,listed,rebulk-directory (VCRR UP),,
Port of Indiana,,,,PORTAGE,IN,UNKNOWN,UNKNOWN,UNKNOWN,UNKNOWN,UNKNOWN,UNKNOWN,UNKNOWN,UNKNOWN,UNKNOWN,UNKNOWN,UNKNOWN,UNKNOWN,UNKNOWN,UNKNOWN,UNKNOWN,UNKNOWN,UNKNOWN,UNKNOWN,UNKNOWN,UNKNOWN,UNKNOWN,UNKNOWN,UNKNOWN,UNKNOWN,UNKNOWN,UNKNOWN,unknown,https://www.portsofindiana.com/locations/burns-harbor/,,listed,rebulk-directory (NS),,
Port of Lake Charles Bulk Terminal No. 1,,,,LAKE CHARLES,LA,UNKNOWN,UNKNOWN,UNKNOWN,UNKNOWN,UNKNOWN,UNKNOWN,UNKNOWN,UNKNOWN,UNKNOWN,UNKNOWN,UNKNOWN,UNKNOWN,UNKNOWN,UNKNOWN,UNKNOWN,UNKNOWN,UNKNOWN,UNKNOWN,UNKNOWN,UNKNOWN,UNKNOWN,UNKNOWN,UNKNOWN,UNKNOWN,UNKNOWN,UNKNOWN,unknown,https://portlc.com/our-business/marine/,,listed,rebulk-directory (LCH UP CPKC),,
Port of Leetsdale,,,,LEETSDALE,PA,UNKNOWN,UNKNOWN,UNKNOWN,UNKNOWN,UNKNOWN,UNKNOWN,UNKNOWN,UNKNOWN,UNKNOWN,UNKNOWN,UNKNOWN,UNKNOWN,UNKNOWN,UNKNOWN,UNKNOWN,UNKNOWN,UNKNOWN,UNKNOWN,UNKNOWN,UNKNOWN,UNKNOWN,UNKNOWN,UNKNOWN,UNKNOWN,UNKNOWN,UNKNOWN,unknown,https://beemactrucking.com/,,listed,rebulk-directory (NS),,
Port of Lewiston,,,,LEWISTON,ID,UNKNOWN,UNKNOWN,UNKNOWN,UNKNOWN,UNKNOWN,UNKNOWN,UNKNOWN,UNKNOWN,UNKNOWN,UNKNOWN,UNKNOWN,UNKNOWN,UNKNOWN,UNKNOWN,UNKNOWN,UNKNOWN,UNKNOWN,UNKNOWN,UNKNOWN,UNKNOWN,UNKNOWN,UNKNOWN,UNKNOWN,UNKNOWN,UNKNOWN,UNKNOWN,unknown,https://portoflewiston.com/,,listed,rebulk-directory (GRNW),,
Port of Longview Marine Terminals and Warehouse Complex,,,,LONGVIEW,WA,UNKNOWN,UNKNOWN,UNKNOWN,UNKNOWN,UNKNOWN,UNKNOWN,UNKNOWN,UNKNOWN,UNKNOWN,UNKNOWN,UNKNOWN,UNKNOWN,UNKNOWN,UNKNOWN,UNKNOWN,UNKNOWN,UNKNOWN,UNKNOWN,UNKNOWN,UNKNOWN,UNKNOWN,UNKNOWN,UNKNOWN,UNKNOWN,UNKNOWN,UNKNOWN,unknown,https://www.portoflongview.com/,,listed,rebulk-directory (BNSF UP),,
Port of Louisville Bulk Commodity Terminal,,,,LOUISVILLE,KY,UNKNOWN,UNKNOWN,UNKNOWN,UNKNOWN,UNKNOWN,UNKNOWN,UNKNOWN,UNKNOWN,UNKNOWN,UNKNOWN,UNKNOWN,UNKNOWN,UNKNOWN,UNKNOWN,UNKNOWN,UNKNOWN,UNKNOWN,UNKNOWN,UNKNOWN,UNKNOWN,UNKNOWN,UNKNOWN,UNKNOWN,UNKNOWN,UNKNOWN,UNKNOWN,unknown,https://www.portoflouisville.com/,,listed,rebulk-directory (CSX NS PAL),,
Port of Manitowoc Transload and Warehousing Terminal,,,,MANITOWOC,WI,UNKNOWN,UNKNOWN,UNKNOWN,UNKNOWN,UNKNOWN,UNKNOWN,UNKNOWN,UNKNOWN,UNKNOWN,UNKNOWN,UNKNOWN,UNKNOWN,UNKNOWN,UNKNOWN,UNKNOWN,UNKNOWN,UNKNOWN,UNKNOWN,UNKNOWN,UNKNOWN,UNKNOWN,UNKNOWN,UNKNOWN,UNKNOWN,UNKNOWN,UNKNOWN,unknown,https://portofmanitowoc.com/,,listed,rebulk-directory (CN),,
Port of Monroe,,,,MONROE,MI,UNKNOWN,UNKNOWN,UNKNOWN,UNKNOWN,UNKNOWN,UNKNOWN,UNKNOWN,UNKNOWN,UNKNOWN,UNKNOWN,UNKNOWN,UNKNOWN,UNKNOWN,UNKNOWN,UNKNOWN,UNKNOWN,UNKNOWN,UNKNOWN,UNKNOWN,UNKNOWN,UNKNOWN,UNKNOWN,UNKNOWN,UNKNOWN,UNKNOWN,UNKNOWN,unknown,https://Drmmgmt.com,,listed,rebulk-directory (NS),,
Port Of Montana Port Authority,,kathy@portofmontana.org,(406) 723-4321,SILVER BOW,MT,NO,NO,NO,NO,NO,NO,NO,YES,NO,NO,NO,YES,NO,NO,NO,NO,NO,NO,NO,NO,NO,NO,NO,NO,NO,NO,unknown,http://www.portofmontana.org/,,verified,swl-internal,OPERATIONAL,high
Port of Morehead City General Cargo Terminal,,,,MOREHEAD CITY,NC,UNKNOWN,UNKNOWN,UNKNOWN,UNKNOWN,UNKNOWN,UNKNOWN,UNKNOWN,UNKNOWN,UNKNOWN,UNKNOWN,UNKNOWN,UNKNOWN,UNKNOWN,UNKNOWN,UNKNOWN,UNKNOWN,UNKNOWN,UNKNOWN,UNKNOWN,UNKNOWN,UNKNOWN,UNKNOWN,UNKNOWN,UNKNOWN,UNKNOWN,UNKNOWN,unknown,https://ncports.com/port-facilities/port-of-morehead-city/,,listed,rebulk-directory (Carolina Coastal Railway (CLNA) NS),,
Port of Morgan City,,,,MORGAN CITY,LA,UNKNOWN,UNKNOWN,UNKNOWN,UNKNOWN,UNKNOWN,UNKNOWN,UNKNOWN,UNKNOWN,UNKNOWN,UNKNOWN,UNKNOWN,UNKNOWN,UNKNOWN,UNKNOWN,UNKNOWN,UNKNOWN,UNKNOWN,UNKNOWN,UNKNOWN,UNKNOWN,UNKNOWN,UNKNOWN,UNKNOWN,UNKNOWN,UNKNOWN,UNKNOWN,unknown,https://portofmc.com/marine-terminal/,,listed,rebulk-directory (G&W LDRR),,
Port of Morrow Warehousing,,,,BOARDMAN,OR,UNKNOWN,UNKNOWN,UNKNOWN,UNKNOWN,UNKNOWN,UNKNOWN,UNKNOWN,UNKNOWN,UNKNOWN,UNKNOWN,UNKNOWN,UNKNOWN,UNKNOWN,UNKNOWN,UNKNOWN,UNKNOWN,UNKNOWN,UNKNOWN,UNKNOWN,UNKNOWN,UNKNOWN,UNKNOWN,UNKNOWN,UNKNOWN,UNKNOWN,UNKNOWN,unknown,https://portofmorrow.com/warehousing,,listed,rebulk-directory (UP),,
Port of Nenana,,,,NENANA,AK,UNKNOWN,UNKNOWN,UNKNOWN,UNKNOWN,UNKNOWN,UNKNOWN,UNKNOWN,UNKNOWN,UNKNOWN,UNKNOWN,UNKNOWN,UNKNOWN,UNKNOWN,UNKNOWN,UNKNOWN,UNKNOWN,UNKNOWN,UNKNOWN,UNKNOWN,UNKNOWN,UNKNOWN,UNKNOWN,UNKNOWN,UNKNOWN,UNKNOWN,UNKNOWN,unknown,https://www.cityofnenana.com/about-3-2,,listed,rebulk-directory (ARR),,
Port Of Ogdensburg,,jrishe@ogdensport.com,,OGDENSBURG,NY,NO,NO,NO,NO,NO,NO,NO,YES,YES,NO,NO,YES,NO,YES,NO,NO,YES,NO,NO,NO,NO,NO,NO,YES,NO,NO,unknown,http://www.ogdensport.com/,,verified,swl-internal,NOT_FOUND,low
Port of Ohio at Pier 48,,,,WELLSVILLE,OH,UNKNOWN,UNKNOWN,UNKNOWN,UNKNOWN,UNKNOWN,UNKNOWN,UNKNOWN,UNKNOWN,UNKNOWN,UNKNOWN,UNKNOWN,UNKNOWN,UNKNOWN,UNKNOWN,UNKNOWN,UNKNOWN,UNKNOWN,UNKNOWN,UNKNOWN,UNKNOWN,UNKNOWN,UNKNOWN,UNKNOWN,UNKNOWN,UNKNOWN,UNKNOWN,unknown,https://www.portofohio.com/,,listed,rebulk-directory (NS),,
Port of Olympia Marine Terminal,,,,OLYMPIA,WA,UNKNOWN,UNKNOWN,UNKNOWN,UNKNOWN,UNKNOWN,UNKNOWN,UNKNOWN,UNKNOWN,UNKNOWN,UNKNOWN,UNKNOWN,UNKNOWN,UNKNOWN,UNKNOWN,UNKNOWN,UNKNOWN,UNKNOWN,UNKNOWN,UNKNOWN,UNKNOWN,UNKNOWN,UNKNOWN,UNKNOWN,UNKNOWN,UNKNOWN,UNKNOWN,unknown,https://seaport.portolympia.com/,,listed,rebulk-directory (BNSF UP),,
Port Of Tucson,,receptionist@portoftucson.com,(520) 574-1320,TUCSON,AZ,NO,NO,NO,NO,NO,NO,NO,YES,NO,NO,NO,YES,NO,NO,NO,NO,NO,NO,NO,NO,NO,NO,NO,NO,NO,NO,unknown,https://0370bdc.netsolhost.com/PortofTucson/,,verified,swl-internal,OPERATIONAL,high
Port of West St. Mary,,,,FRANKLIN,LA,UNKNOWN,UNKNOWN,UNKNOWN,UNKNOWN,UNKNOWN,UNKNOWN,UNKNOWN,UNKNOWN,UNKNOWN,UNKNOWN,UNKNOWN,UNKNOWN,UNKNOWN,UNKNOWN,UNKNOWN,UNKNOWN,UNKNOWN,UNKNOWN,UNKNOWN,UNKNOWN,UNKNOWN,UNKNOWN,UNKNOWN,UNKNOWN,UNKNOWN,UNKNOWN,unknown,https://www.portofwsm.com/,,listed,rebulk-directory (G&W LDRR),,
Port Of West Virginia,,akaufman@empirede.com,(304) 914-4624,FOLLANSBEE,WV,YES,YES,YES,YES,YES,YES,YES,YES,YES,YES,YES,YES,NO,NO,NO,NO,NO,NO,NO,NO,NO,NO,NO,NO,NO,NO,unknown,http://www.portofwestvirginia.com/,,verified,swl-internal,OPERATIONAL,high
Port of Wilmington Cold Storage,,,,WILMINGTON,NC,UNKNOWN,UNKNOWN,UNKNOWN,UNKNOWN,UNKNOWN,UNKNOWN,UNKNOWN,UNKNOWN,UNKNOWN,UNKNOWN,UNKNOWN,UNKNOWN,UNKNOWN,UNKNOWN,UNKNOWN,UNKNOWN,UNKNOWN,UNKNOWN,UNKNOWN,UNKNOWN,UNKNOWN,UNKNOWN,UNKNOWN,UNKNOWN,UNKNOWN,UNKNOWN,unknown,https://pwcold.com/,,listed,rebulk-directory (Wilmington Terminal Railroad (WTRY) CSX),,
Port Priority Express (The Triangle Group),,,,SOUTH KEARNY,NJ,UNKNOWN,UNKNOWN,UNKNOWN,UNKNOWN,UNKNOWN,UNKNOWN,UNKNOWN,UNKNOWN,UNKNOWN,UNKNOWN,UNKNOWN,UNKNOWN,UNKNOWN,UNKNOWN,UNKNOWN,UNKNOWN,UNKNOWN,UNKNOWN,UNKNOWN,UNKNOWN,UNKNOWN,UNKNOWN,UNKNOWN,UNKNOWN,UNKNOWN,UNKNOWN,unknown,https://www.thetrianglegroup.com/,,listed,rebulk-directory (CSX NS),,
Porter Logistics,"Facility 2, Fulton Campus",,,ATLANTA,GA,UNKNOWN,UNKNOWN,UNKNOWN,UNKNOWN,UNKNOWN,UNKNOWN,UNKNOWN,UNKNOWN,UNKNOWN,UNKNOWN,UNKNOWN,UNKNOWN,UNKNOWN,UNKNOWN,UNKNOWN,UNKNOWN,UNKNOWN,UNKNOWN,UNKNOWN,UNKNOWN,UNKNOWN,UNKNOWN,UNKNOWN,UNKNOWN,UNKNOWN,UNKNOWN,unknown,https://www.porter-logistics.com/3pl-services/transload/atlanta,,listed,rebulk-directory (CSX),,
Porter Logistics Tampa Rail Warehouse,,,,TAMPA,FL,UNKNOWN,UNKNOWN,UNKNOWN,UNKNOWN,UNKNOWN,UNKNOWN,UNKNOWN,UNKNOWN,UNKNOWN,UNKNOWN,UNKNOWN,UNKNOWN,UNKNOWN,UNKNOWN,UNKNOWN,UNKNOWN,UNKNOWN,UNKNOWN,UNKNOWN,UNKNOWN,UNKNOWN,UNKNOWN,UNKNOWN,UNKNOWN,UNKNOWN,UNKNOWN,unknown,https://www.porter-logistics.com/,,listed,rebulk-directory (CSX),,
Porter Wholesale Lumber Inc.,,,,MOSBY,MS,UNKNOWN,UNKNOWN,UNKNOWN,UNKNOWN,UNKNOWN,UNKNOWN,UNKNOWN,UNKNOWN,UNKNOWN,UNKNOWN,UNKNOWN,UNKNOWN,UNKNOWN,UNKNOWN,UNKNOWN,UNKNOWN,UNKNOWN,UNKNOWN,UNKNOWN,UNKNOWN,UNKNOWN,UNKNOWN,UNKNOWN,UNKNOWN,UNKNOWN,UNKNOWN,unknown,,,listed,rebulk-directory (CPKC),,
Potential Industries Transloading Facility,,,,WILMINGTON,CA,UNKNOWN,UNKNOWN,UNKNOWN,UNKNOWN,UNKNOWN,UNKNOWN,UNKNOWN,UNKNOWN,UNKNOWN,UNKNOWN,UNKNOWN,UNKNOWN,UNKNOWN,UNKNOWN,UNKNOWN,UNKNOWN,UNKNOWN,UNKNOWN,UNKNOWN,UNKNOWN,UNKNOWN,UNKNOWN,UNKNOWN,UNKNOWN,UNKNOWN,UNKNOWN,unknown,https://potentialindustries.com/,,listed,rebulk-directory (PHL BNSF UP),,
Pottstown NS TBT,,,,POTTSTOWN,PA,UNKNOWN,UNKNOWN,UNKNOWN,UNKNOWN,UNKNOWN,UNKNOWN,UNKNOWN,UNKNOWN,UNKNOWN,UNKNOWN,UNKNOWN,UNKNOWN,UNKNOWN,UNKNOWN,UNKNOWN,UNKNOWN,UNKNOWN,UNKNOWN,UNKNOWN,UNKNOWN,UNKNOWN,UNKNOWN,UNKNOWN,UNKNOWN,UNKNOWN,UNKNOWN,unknown,https://www.nscorp.com,,listed,rebulk-directory (NS),,
"Prairie Sand & Gravel / Ernest ""Doc"" Dillman Harbor",,,,PRAIRIE DU CHIEN,WI,UNKNOWN,UNKNOWN,UNKNOWN,UNKNOWN,UNKNOWN,UNKNOWN,UNKNOWN,UNKNOWN,UNKNOWN,UNKNOWN,UNKNOWN,UNKNOWN,UNKNOWN,UNKNOWN,UNKNOWN,UNKNOWN,UNKNOWN,UNKNOWN,UNKNOWN,UNKNOWN,UNKNOWN,UNKNOWN,UNKNOWN,UNKNOWN,UNKNOWN,UNKNOWN,unknown,https://www.prairiesandandgravel.com/,,listed,rebulk-directory (WSOR BNSF),,
Prairie Transportation,Logans Ferry Transload,,,NEW KENSINGTON,PA,UNKNOWN,UNKNOWN,UNKNOWN,UNKNOWN,UNKNOWN,UNKNOWN,UNKNOWN,UNKNOWN,UNKNOWN,UNKNOWN,UNKNOWN,UNKNOWN,UNKNOWN,UNKNOWN,UNKNOWN,UNKNOWN,UNKNOWN,UNKNOWN,UNKNOWN,UNKNOWN,UNKNOWN,UNKNOWN,UNKNOWN,UNKNOWN,UNKNOWN,UNKNOWN,unknown,https://prairietrans.com/,,listed,rebulk-directory (AVR NS),,
Precision Components Inc. ***Up Purchased**,,,,PHOENIX,AZ,UNKNOWN,UNKNOWN,UNKNOWN,UNKNOWN,UNKNOWN,UNKNOWN,UNKNOWN,UNKNOWN,UNKNOWN,UNKNOWN,UNKNOWN,UNKNOWN,UNKNOWN,UNKNOWN,UNKNOWN,UNKNOWN,UNKNOWN,UNKNOWN,UNKNOWN,UNKNOWN,UNKNOWN,UNKNOWN,UNKNOWN,UNKNOWN,UNKNOWN,UNKNOWN,unknown,https://mhx.solutions/locations/,,listed,rebulk-directory (BNSF),,
Precision Terminal Logistics,Blissville Rail Terminal,,,LONG ISLAND CITY,NY,UNKNOWN,UNKNOWN,UNKNOWN,UNKNOWN,UNKNOWN,UNKNOWN,UNKNOWN,UNKNOWN,UNKNOWN,UNKNOWN,UNKNOWN,UNKNOWN,UNKNOWN,UNKNOWN,UNKNOWN,UNKNOWN,UNKNOWN,UNKNOWN,UNKNOWN,UNKNOWN,UNKNOWN,UNKNOWN,UNKNOWN,UNKNOWN,UNKNOWN,UNKNOWN,unknown,https://www.precisiontl.com/,,listed,rebulk-directory (NYA),,
Precision Terminal Logistics LLC,,jhodge@precisiontl.com,,JEFFERSONVILLE,IN,NO,NO,NO,NO,YES,NO,NO,NO,NO,NO,NO,NO,NO,NO,NO,YES,NO,NO,NO,NO,NO,NO,YES,YES,NO,NO,unknown,https://www.precisiontl.com/#,,verified,swl-internal,NOT_FOUND,low
Precision Terminal Logistics LLC,,jhodge@precisiontl.com,(601) 939-3113,JACKSON,MS,NO,NO,NO,NO,NO,NO,YES,NO,NO,NO,NO,NO,NO,NO,NO,NO,NO,NO,NO,NO,NO,NO,NO,YES,NO,NO,unknown,http://www.precisiontl.com/,,verified,swl-internal,OPERATIONAL,high
Precision Terminal Logistics LLC,,jhodge@precisiontl.com,,PEARL,MS,NO,NO,NO,NO,NO,NO,YES,NO,NO,NO,NO,NO,NO,NO,NO,NO,NO,NO,NO,NO,NO,NO,NO,YES,NO,NO,unknown,https://www.precisiontl.com/#,,verified,swl-internal,NOT_FOUND,none
Precision Terminal Logistics LLC,,jhodge@precisiontl.com,,LOVING,NM,NO,NO,NO,NO,NO,NO,YES,NO,NO,NO,NO,NO,NO,NO,NO,NO,NO,NO,NO,NO,NO,NO,NO,YES,NO,NO,unknown,https://www.precisiontl.com/#,,verified,swl-internal,NOT_FOUND,none
Precision Terminal Logistics LLC,,jhodge@precisiontl.com,,EL RENO,OK,NO,NO,NO,NO,NO,NO,YES,NO,NO,NO,NO,NO,NO,NO,NO,NO,NO,NO,NO,NO,NO,NO,NO,NO,NO,NO,unknown,https://www.precisiontl.com/#,,verified,swl-internal,NOT_FOUND,none
Precision Terminal Logistics LLC,,jhodge@precisiontl.com,,ELMENDORF,TX,NO,NO,NO,NO,NO,NO,YES,NO,NO,NO,NO,NO,NO,NO,NO,NO,NO,NO,NO,NO,NO,NO,NO,NO,NO,NO,unknown,https://www.precisiontl.com/#,,verified,swl-internal,NOT_FOUND,low
Precision Terminal Logistics LLC,,jhodge@precisiontl.com,,SAN ANTONIO,TX,NO,NO,NO,NO,NO,NO,YES,NO,NO,NO,NO,NO,NO,NO,NO,NO,NO,NO,NO,NO,NO,NO,NO,YES,NO,NO,unknown,https://www.precisiontl.com/#,,verified,swl-internal,NOT_FOUND,none
Premier Logistics Solutions,Harbor Logistics / NOVA Infrastructure,,,HANAHAN,SC,UNKNOWN,UNKNOWN,UNKNOWN,UNKNOWN,UNKNOWN,UNKNOWN,UNKNOWN,UNKNOWN,UNKNOWN,UNKNOWN,UNKNOWN,UNKNOWN,UNKNOWN,UNKNOWN,UNKNOWN,UNKNOWN,UNKNOWN,UNKNOWN,UNKNOWN,UNKNOWN,UNKNOWN,UNKNOWN,UNKNOWN,UNKNOWN,UNKNOWN,UNKNOWN,unknown,https://harborlogistics.com/,,listed,rebulk-directory,,
Price Trucking,,,,BUFFALO,NY,UNKNOWN,UNKNOWN,UNKNOWN,UNKNOWN,UNKNOWN,UNKNOWN,UNKNOWN,UNKNOWN,UNKNOWN,UNKNOWN,UNKNOWN,UNKNOWN,UNKNOWN,UNKNOWN,UNKNOWN,UNKNOWN,UNKNOWN,UNKNOWN,UNKNOWN,UNKNOWN,UNKNOWN,UNKNOWN,UNKNOWN,UNKNOWN,UNKNOWN,UNKNOWN,unknown,,,listed,rebulk-directory (BPRR G&W),,
Prime Distribution Services,,,,BONDSVILLE,MA,UNKNOWN,UNKNOWN,UNKNOWN,UNKNOWN,UNKNOWN,UNKNOWN,UNKNOWN,UNKNOWN,UNKNOWN,UNKNOWN,UNKNOWN,UNKNOWN,UNKNOWN,UNKNOWN,UNKNOWN,UNKNOWN,UNKNOWN,UNKNOWN,UNKNOWN,UNKNOWN,UNKNOWN,UNKNOWN,UNKNOWN,UNKNOWN,UNKNOWN,UNKNOWN,unknown,https://sherwoodlumber.com/locations/,,listed,rebulk-directory (G&W NECR),,
Prineville Freight Depot,,,(541) 480-4330,PRINEVILLE,OR,NO,NO,NO,NO,NO,NO,NO,NO,NO,NO,NO,NO,NO,NO,NO,NO,NO,NO,NO,NO,NO,NO,NO,NO,NO,NO,unknown,"https://www.google.com/maps/place/Prineville+freight+depot/@44.3346988,-120.8897522,377m/data=!3m1!1e3!4m5!3m4!1s0x0:0x3a157e73af9edf0f!8m2!3d44.335032!4d-120.890846",,verified,swl-internal,OPERATIONAL,high
PRM Trucking,,,,WHITE PIGEON,MI,UNKNOWN,UNKNOWN,UNKNOWN,UNKNOWN,UNKNOWN,UNKNOWN,UNKNOWN,UNKNOWN,UNKNOWN,UNKNOWN,UNKNOWN,UNKNOWN,UNKNOWN,UNKNOWN,UNKNOWN,UNKNOWN,UNKNOWN,UNKNOWN,UNKNOWN,UNKNOWN,UNKNOWN,UNKNOWN,UNKNOWN,UNKNOWN,UNKNOWN,UNKNOWN,unknown,https://www.prmtrucking.com/,,listed,rebulk-directory,,
Pro Trade International Transfer Services,,,,VA BEACH,VA,UNKNOWN,UNKNOWN,UNKNOWN,UNKNOWN,UNKNOWN,UNKNOWN,UNKNOWN,UNKNOWN,UNKNOWN,UNKNOWN,UNKNOWN,UNKNOWN,UNKNOWN,UNKNOWN,UNKNOWN,UNKNOWN,UNKNOWN,UNKNOWN,UNKNOWN,UNKNOWN,UNKNOWN,UNKNOWN,UNKNOWN,UNKNOWN,UNKNOWN,UNKNOWN,unknown,,,listed,rebulk-directory (BB NS),,
Progressive Rail Bloomington Transload,,,,BLOOMINGTON,MN,UNKNOWN,UNKNOWN,UNKNOWN,UNKNOWN,UNKNOWN,UNKNOWN,UNKNOWN,UNKNOWN,UNKNOWN,UNKNOWN,UNKNOWN,UNKNOWN,UNKNOWN,UNKNOWN,UNKNOWN,UNKNOWN,UNKNOWN,UNKNOWN,UNKNOWN,UNKNOWN,UNKNOWN,UNKNOWN,UNKNOWN,UNKNOWN,UNKNOWN,UNKNOWN,unknown,https://progressiverail.com/rrpgr/pgr.html,,listed,rebulk-directory (PGR),,
Progressive Rail Lakeville Transload,,,,LAKEVILLE,MN,UNKNOWN,UNKNOWN,UNKNOWN,UNKNOWN,UNKNOWN,UNKNOWN,UNKNOWN,UNKNOWN,UNKNOWN,UNKNOWN,UNKNOWN,UNKNOWN,UNKNOWN,UNKNOWN,UNKNOWN,UNKNOWN,UNKNOWN,UNKNOWN,UNKNOWN,UNKNOWN,UNKNOWN,UNKNOWN,UNKNOWN,UNKNOWN,UNKNOWN,UNKNOWN,unknown,https://progressiverail.com/rrpgr/pgr.html,,listed,rebulk-directory (PGR),,
Prologis,,,,CHARLOTTE,NC,UNKNOWN,UNKNOWN,UNKNOWN,UNKNOWN,UNKNOWN,UNKNOWN,UNKNOWN,UNKNOWN,UNKNOWN,UNKNOWN,UNKNOWN,UNKNOWN,UNKNOWN,UNKNOWN,UNKNOWN,UNKNOWN,UNKNOWN,UNKNOWN,UNKNOWN,UNKNOWN,UNKNOWN,UNKNOWN,UNKNOWN,UNKNOWN,UNKNOWN,UNKNOWN,unknown,https://www.prologue.com,,listed,rebulk-directory (NS),,
Pronto Distribution,,,,PORTLAND,OR,UNKNOWN,UNKNOWN,UNKNOWN,UNKNOWN,UNKNOWN,UNKNOWN,UNKNOWN,UNKNOWN,UNKNOWN,UNKNOWN,UNKNOWN,UNKNOWN,UNKNOWN,UNKNOWN,UNKNOWN,UNKNOWN,UNKNOWN,UNKNOWN,UNKNOWN,UNKNOWN,UNKNOWN,UNKNOWN,UNKNOWN,UNKNOWN,UNKNOWN,UNKNOWN,unknown,http://prontodist.com/,,listed,rebulk-directory (BNSF),,
Pvs Transportation,,sales@pvschemicals.com,(800) 284-9735,DETROIT,MI,YES,NO,NO,YES,NO,NO,NO,NO,NO,YES,NO,NO,YES,NO,YES,NO,NO,NO,NO,YES,YES,NO,YES,YES,YES,NO,unknown,https://www.pvschemicals.com/our-services/,,verified,swl-internal,OPERATIONAL,high
Pyramid LLC,,,,PITTSBURGH,PA,UNKNOWN,UNKNOWN,UNKNOWN,UNKNOWN,UNKNOWN,UNKNOWN,UNKNOWN,UNKNOWN,UNKNOWN,UNKNOWN,UNKNOWN,UNKNOWN,UNKNOWN,UNKNOWN,UNKNOWN,UNKNOWN,UNKNOWN,UNKNOWN,UNKNOWN,UNKNOWN,UNKNOWN,UNKNOWN,UNKNOWN,UNKNOWN,UNKNOWN,UNKNOWN,unknown,https://www.lhtterminals.com/,,listed,rebulk-directory (G&W POHC),,
QSL America,,,,CHICAGO,IL,UNKNOWN,UNKNOWN,UNKNOWN,UNKNOWN,UNKNOWN,UNKNOWN,UNKNOWN,UNKNOWN,UNKNOWN,UNKNOWN,UNKNOWN,UNKNOWN,UNKNOWN,UNKNOWN,UNKNOWN,UNKNOWN,UNKNOWN,UNKNOWN,UNKNOWN,UNKNOWN,UNKNOWN,UNKNOWN,UNKNOWN,UNKNOWN,UNKNOWN,UNKNOWN,unknown,https://qsl.com/our-network/chicago-lake-calumet/,,listed,rebulk-directory (NS),,
QSL New Orleans,,,,NEW ORLEANS,LA,UNKNOWN,UNKNOWN,UNKNOWN,UNKNOWN,UNKNOWN,UNKNOWN,UNKNOWN,UNKNOWN,UNKNOWN,UNKNOWN,UNKNOWN,UNKNOWN,UNKNOWN,UNKNOWN,UNKNOWN,UNKNOWN,UNKNOWN,UNKNOWN,UNKNOWN,UNKNOWN,UNKNOWN,UNKNOWN,UNKNOWN,UNKNOWN,UNKNOWN,UNKNOWN,unknown,https://qsl.com/network/,,listed,rebulk-directory (NOPB NS),,
QSL New Orleans (QSL America / Quebec Stevedoring) - NOPB,,,,NEW ORLEANS,LA,UNKNOWN,UNKNOWN,UNKNOWN,UNKNOWN,UNKNOWN,UNKNOWN,UNKNOWN,UNKNOWN,UNKNOWN,UNKNOWN,UNKNOWN,UNKNOWN,UNKNOWN,UNKNOWN,UNKNOWN,UNKNOWN,UNKNOWN,UNKNOWN,UNKNOWN,UNKNOWN,UNKNOWN,UNKNOWN,UNKNOWN,UNKNOWN,UNKNOWN,UNKNOWN,unknown,https://qsl.com/our-network/new-orleans-first-street/,,listed,rebulk-directory (New Orleans),,
QSL Pascagoula Terminal,,,,PASCAGOULA,MS,UNKNOWN,UNKNOWN,UNKNOWN,UNKNOWN,UNKNOWN,UNKNOWN,UNKNOWN,UNKNOWN,UNKNOWN,UNKNOWN,UNKNOWN,UNKNOWN,UNKNOWN,UNKNOWN,UNKNOWN,UNKNOWN,UNKNOWN,UNKNOWN,UNKNOWN,UNKNOWN,UNKNOWN,UNKNOWN,UNKNOWN,UNKNOWN,UNKNOWN,UNKNOWN,unknown,https://qsl.com/our-network/pascagoula/,,listed,rebulk-directory (CSX Mississippi Export Railroad (MSE) CN),,
Quality Distribution,,info@bakersfieldqdc.com,(661) 588-8203,BAKERSFIELD,CA,NO,NO,NO,NO,YES,NO,NO,NO,NO,NO,NO,NO,NO,NO,NO,NO,YES,NO,NO,NO,NO,NO,NO,NO,NO,NO,unknown,http://bakersfieldqdc.com/,,verified,swl-internal,OPERATIONAL,high
Quality Distribution Inc.,,,,SALT LAKE CITY,UT,UNKNOWN,UNKNOWN,UNKNOWN,UNKNOWN,UNKNOWN,UNKNOWN,UNKNOWN,UNKNOWN,UNKNOWN,UNKNOWN,UNKNOWN,UNKNOWN,UNKNOWN,UNKNOWN,UNKNOWN,UNKNOWN,UNKNOWN,UNKNOWN,UNKNOWN,UNKNOWN,UNKNOWN,UNKNOWN,UNKNOWN,UNKNOWN,UNKNOWN,UNKNOWN,unknown,https://qdislc.com/locations/salt-lake-city/,,listed,rebulk-directory (BNSF),,
Quality Transload Inc,,sales@qualitydistribution.com,(618) 875-2855,EAST ST LOUIS,IL,YES,NO,NO,YES,NO,NO,NO,NO,NO,YES,NO,NO,YES,NO,NO,NO,NO,NO,NO,YES,NO,NO,YES,YES,YES,YES,unknown,https://qualitycarriers.com/our-customers/qc-tools/location-search/,,verified,swl-internal,OPERATIONAL,medium
Quality Transload Inc,,sales@qualitydistribution.com,,MEMPHIS,TN,YES,NO,NO,YES,NO,NO,NO,NO,NO,YES,NO,NO,YES,NO,NO,NO,NO,NO,NO,YES,NO,NO,YES,YES,YES,YES,unknown,https://www.qualitydistribution.com/About-QDI/Our-Companies/Quality-Transload-Terminals.aspx,dead_link,verified,swl-internal,NOT_FOUND,low
Quality Transload Inc,,sales@qualitydistribution.com,(281) 474-3673,PASADENA,TX,YES,NO,NO,YES,NO,NO,NO,NO,NO,YES,NO,NO,YES,NO,NO,NO,NO,NO,NO,YES,NO,NO,YES,YES,YES,YES,unknown,https://www.qualitycarriersinc.com/,,verified,swl-internal,OPERATIONAL,medium
Quality Transload Inc,,sales@qualitydistribution.com,,SAGINAW,TX,YES,NO,NO,YES,NO,NO,NO,NO,NO,YES,NO,NO,YES,NO,NO,NO,NO,NO,NO,YES,NO,NO,YES,YES,YES,YES,unknown,https://www.qualitydistribution.com/About-QDI/Our-Companies/Quality-Transload-Terminals.aspx,dead_link,verified,swl-internal,NOT_FOUND,low
Quality Transload Inc,,sales@qualitydistribution.com,,ROANOKE,VA,YES,NO,NO,YES,NO,NO,NO,NO,NO,YES,NO,NO,YES,NO,NO,NO,NO,NO,NO,YES,NO,NO,YES,YES,YES,YES,unknown,https://www.qualitydistribution.com/About-QDI/Our-Companies/Quality-Transload-Terminals.aspx,dead_link,verified,swl-internal,NOT_FOUND,none
Quality Transload Inc,,sales@qualitydistribution.com,(866) 208-7763,KENT,WA,YES,NO,NO,YES,NO,NO,NO,NO,NO,YES,NO,NO,YES,NO,NO,NO,NO,NO,NO,YES,NO,NO,YES,YES,YES,YES,unknown,https://www.qualitycarriersinc.com/,,verified,swl-internal,OPERATIONAL,medium
Quality Transload Inc,,sales@qualitydistribution.com,(920) 749-0536,APPLETON,WI,YES,NO,NO,YES,NO,NO,NO,NO,NO,YES,NO,NO,YES,NO,NO,NO,NO,NO,NO,YES,NO,NO,YES,YES,YES,YES,unknown,https://www.qualitycarriersinc.com/,,verified,swl-internal,OPERATIONAL,medium
Quality Warehouse,,,,RIDGWAY,PA,UNKNOWN,UNKNOWN,UNKNOWN,UNKNOWN,UNKNOWN,UNKNOWN,UNKNOWN,UNKNOWN,UNKNOWN,UNKNOWN,UNKNOWN,UNKNOWN,UNKNOWN,UNKNOWN,UNKNOWN,UNKNOWN,UNKNOWN,UNKNOWN,UNKNOWN,UNKNOWN,UNKNOWN,UNKNOWN,UNKNOWN,UNKNOWN,UNKNOWN,UNKNOWN,unknown,,,listed,rebulk-directory (BPRR G&W),,
Quantix Charleston Facility,,,,MONCKS CORNER,SC,UNKNOWN,UNKNOWN,UNKNOWN,UNKNOWN,UNKNOWN,UNKNOWN,UNKNOWN,UNKNOWN,UNKNOWN,UNKNOWN,UNKNOWN,UNKNOWN,UNKNOWN,UNKNOWN,UNKNOWN,UNKNOWN,UNKNOWN,UNKNOWN,UNKNOWN,UNKNOWN,UNKNOWN,UNKNOWN,UNKNOWN,UNKNOWN,UNKNOWN,UNKNOWN,unknown,https://www.quantixscs.com/,,listed,rebulk-directory (CSX),,
Quantix Ware Facility,,,,WARE,MA,UNKNOWN,UNKNOWN,UNKNOWN,UNKNOWN,UNKNOWN,UNKNOWN,UNKNOWN,UNKNOWN,UNKNOWN,UNKNOWN,UNKNOWN,UNKNOWN,UNKNOWN,UNKNOWN,UNKNOWN,UNKNOWN,UNKNOWN,UNKNOWN,UNKNOWN,UNKNOWN,UNKNOWN,UNKNOWN,UNKNOWN,UNKNOWN,UNKNOWN,UNKNOWN,unknown,https://www.quantixscs.com/locations/,,listed,rebulk-directory (Massachusetts Central Railroad (MCER)),,
Queen City Warehouse,,,,SPRINGFIELD,MO,UNKNOWN,UNKNOWN,UNKNOWN,UNKNOWN,UNKNOWN,UNKNOWN,UNKNOWN,UNKNOWN,UNKNOWN,UNKNOWN,UNKNOWN,UNKNOWN,UNKNOWN,UNKNOWN,UNKNOWN,UNKNOWN,UNKNOWN,UNKNOWN,UNKNOWN,UNKNOWN,UNKNOWN,UNKNOWN,UNKNOWN,UNKNOWN,UNKNOWN,UNKNOWN,unknown,,,listed,bnsf-premier-flipbook,,
Quest Liner,,,,SOUIX CITY,IA,UNKNOWN,UNKNOWN,UNKNOWN,UNKNOWN,UNKNOWN,UNKNOWN,UNKNOWN,UNKNOWN,UNKNOWN,UNKNOWN,UNKNOWN,UNKNOWN,UNKNOWN,UNKNOWN,UNKNOWN,UNKNOWN,UNKNOWN,UNKNOWN,UNKNOWN,UNKNOWN,UNKNOWN,UNKNOWN,UNKNOWN,UNKNOWN,UNKNOWN,UNKNOWN,unknown,https://questliner.com/,,listed,rebulk-directory (BNSF Railway (BNSF)),,
Quest Liner,,,,DE GRAFF,OH,UNKNOWN,UNKNOWN,UNKNOWN,UNKNOWN,UNKNOWN,UNKNOWN,UNKNOWN,UNKNOWN,UNKNOWN,UNKNOWN,UNKNOWN,UNKNOWN,UNKNOWN,UNKNOWN,UNKNOWN,UNKNOWN,UNKNOWN,UNKNOWN,UNKNOWN,UNKNOWN,UNKNOWN,UNKNOWN,UNKNOWN,UNKNOWN,UNKNOWN,UNKNOWN,unknown,https://questliner.com/,,listed,rebulk-directory (CSX),,
R&G Reload Center,,,,WINCHESTER,VA,UNKNOWN,UNKNOWN,UNKNOWN,UNKNOWN,UNKNOWN,UNKNOWN,UNKNOWN,UNKNOWN,UNKNOWN,UNKNOWN,UNKNOWN,UNKNOWN,UNKNOWN,UNKNOWN,UNKNOWN,UNKNOWN,UNKNOWN,UNKNOWN,UNKNOWN,UNKNOWN,UNKNOWN,UNKNOWN,UNKNOWN,UNKNOWN,UNKNOWN,UNKNOWN,unknown,https://www.rgreload.com/,,listed,rebulk-directory (CSX),,
R.J. Corman,Gadsden Yard,,,GLENCOE,AL,UNKNOWN,UNKNOWN,UNKNOWN,UNKNOWN,UNKNOWN,UNKNOWN,UNKNOWN,UNKNOWN,UNKNOWN,UNKNOWN,UNKNOWN,UNKNOWN,UNKNOWN,UNKNOWN,UNKNOWN,UNKNOWN,UNKNOWN,UNKNOWN,UNKNOWN,UNKNOWN,UNKNOWN,UNKNOWN,UNKNOWN,UNKNOWN,UNKNOWN,UNKNOWN,unknown,https://www.rjcorman.com/companies/transload-connect/locations,,listed,rebulk-directory (CSX),,
R.J. Corman,Terminal,,,GREENVILLE,OH,UNKNOWN,UNKNOWN,UNKNOWN,UNKNOWN,UNKNOWN,UNKNOWN,UNKNOWN,UNKNOWN,UNKNOWN,UNKNOWN,UNKNOWN,UNKNOWN,UNKNOWN,UNKNOWN,UNKNOWN,UNKNOWN,UNKNOWN,UNKNOWN,UNKNOWN,UNKNOWN,UNKNOWN,UNKNOWN,UNKNOWN,UNKNOWN,UNKNOWN,UNKNOWN,unknown,https://www.rjcorman.com/companies/transload-connect/locations,,listed,rebulk-directory (CSX RJCW),,
R.J. Corman,RSL Terminal,,,MASSILLON,OH,UNKNOWN,UNKNOWN,UNKNOWN,UNKNOWN,UNKNOWN,UNKNOWN,UNKNOWN,UNKNOWN,UNKNOWN,UNKNOWN,UNKNOWN,UNKNOWN,UNKNOWN,UNKNOWN,UNKNOWN,UNKNOWN,UNKNOWN,UNKNOWN,UNKNOWN,UNKNOWN,UNKNOWN,UNKNOWN,UNKNOWN,UNKNOWN,UNKNOWN,UNKNOWN,unknown,https://www.rjcorman.com/companies/transload-connect/locations,,listed,rebulk-directory (CSX NS RJCL),,
R.J. Corman,Industrial Park,,,CLEARFIELD,PA,UNKNOWN,UNKNOWN,UNKNOWN,UNKNOWN,UNKNOWN,UNKNOWN,UNKNOWN,UNKNOWN,UNKNOWN,UNKNOWN,UNKNOWN,UNKNOWN,UNKNOWN,UNKNOWN,UNKNOWN,UNKNOWN,UNKNOWN,UNKNOWN,UNKNOWN,UNKNOWN,UNKNOWN,UNKNOWN,UNKNOWN,UNKNOWN,UNKNOWN,UNKNOWN,unknown,https://www.rjcorman.com/companies/transload-connect/locations,,listed,rebulk-directory (NS RJCP),,
R.J. Corman,Columbia Yard,,,CHAPIN,SC,UNKNOWN,UNKNOWN,UNKNOWN,UNKNOWN,UNKNOWN,UNKNOWN,UNKNOWN,UNKNOWN,UNKNOWN,UNKNOWN,UNKNOWN,UNKNOWN,UNKNOWN,UNKNOWN,UNKNOWN,UNKNOWN,UNKNOWN,UNKNOWN,UNKNOWN,UNKNOWN,UNKNOWN,UNKNOWN,UNKNOWN,UNKNOWN,UNKNOWN,UNKNOWN,unknown,https://www.rjcorman.com/companies/transload-connect/locations,,listed,rebulk-directory (CSX),,
R.J. Corman,Transload,,,MT. HOPE,WV,UNKNOWN,UNKNOWN,UNKNOWN,UNKNOWN,UNKNOWN,UNKNOWN,UNKNOWN,UNKNOWN,UNKNOWN,UNKNOWN,UNKNOWN,UNKNOWN,UNKNOWN,UNKNOWN,UNKNOWN,UNKNOWN,UNKNOWN,UNKNOWN,UNKNOWN,UNKNOWN,UNKNOWN,UNKNOWN,UNKNOWN,UNKNOWN,UNKNOWN,UNKNOWN,unknown,https://www.rjcorman.com/companies/transload-connect/locations,,listed,rebulk-directory (CSX RJCV),,
R.J. Corman Owego Transload,,,,OWEGO,NY,UNKNOWN,UNKNOWN,UNKNOWN,UNKNOWN,UNKNOWN,UNKNOWN,UNKNOWN,UNKNOWN,UNKNOWN,UNKNOWN,UNKNOWN,UNKNOWN,UNKNOWN,UNKNOWN,UNKNOWN,UNKNOWN,UNKNOWN,UNKNOWN,UNKNOWN,UNKNOWN,UNKNOWN,UNKNOWN,UNKNOWN,UNKNOWN,UNKNOWN,UNKNOWN,unknown,https://www.rjcorman.com/companies/transload-connect,,listed,rebulk-directory (OHRY),,
R.J. Corman Transload Connect,Transload,,,WHITEVILLE,NC,UNKNOWN,UNKNOWN,UNKNOWN,UNKNOWN,UNKNOWN,UNKNOWN,UNKNOWN,UNKNOWN,UNKNOWN,UNKNOWN,UNKNOWN,UNKNOWN,UNKNOWN,UNKNOWN,UNKNOWN,UNKNOWN,UNKNOWN,UNKNOWN,UNKNOWN,UNKNOWN,UNKNOWN,UNKNOWN,UNKNOWN,UNKNOWN,UNKNOWN,UNKNOWN,unknown,https://www.rjcorman.com/companies/transload-connect/locations,,listed,rebulk-directory (CSX RJCS),,
Rail & Transload Inc,,lindsay.brisky@transloadwi.com,(920) 261-4229,WATERTOWN,WI,NO,NO,YES,NO,YES,NO,NO,NO,NO,NO,NO,NO,NO,NO,NO,NO,YES,NO,NO,NO,NO,NO,YES,YES,NO,NO,unknown,http://transloadwi.com/,,verified,swl-internal,OPERATIONAL,high
Rail Logix Alamo Junction,,,,ELMENDORF,TX,UNKNOWN,UNKNOWN,UNKNOWN,UNKNOWN,UNKNOWN,UNKNOWN,UNKNOWN,UNKNOWN,UNKNOWN,UNKNOWN,UNKNOWN,UNKNOWN,UNKNOWN,UNKNOWN,UNKNOWN,UNKNOWN,UNKNOWN,UNKNOWN,UNKNOWN,UNKNOWN,UNKNOWN,UNKNOWN,UNKNOWN,UNKNOWN,UNKNOWN,UNKNOWN,unknown,https://rail-logix.com/locations/rail-logix-alamo-junction/,,listed,rebulk-directory (BNSF UP),,
Rail Logix AmeriPort Industrial Park,,,,BAYTOWN,TX,UNKNOWN,UNKNOWN,UNKNOWN,UNKNOWN,UNKNOWN,UNKNOWN,UNKNOWN,UNKNOWN,UNKNOWN,UNKNOWN,UNKNOWN,UNKNOWN,UNKNOWN,UNKNOWN,UNKNOWN,UNKNOWN,UNKNOWN,UNKNOWN,UNKNOWN,UNKNOWN,UNKNOWN,UNKNOWN,UNKNOWN,UNKNOWN,UNKNOWN,UNKNOWN,unknown,https://rail-logix.com/locations/,,listed,rebulk-directory (BNSF UP),,
Rail Logix Port Crossing Commerce Center,,,,LA PORTE,TX,UNKNOWN,UNKNOWN,UNKNOWN,UNKNOWN,UNKNOWN,UNKNOWN,UNKNOWN,UNKNOWN,UNKNOWN,UNKNOWN,UNKNOWN,UNKNOWN,UNKNOWN,UNKNOWN,UNKNOWN,UNKNOWN,UNKNOWN,UNKNOWN,UNKNOWN,UNKNOWN,UNKNOWN,UNKNOWN,UNKNOWN,UNKNOWN,UNKNOWN,UNKNOWN,unknown,https://rail-logix.com/locations/,,listed,rebulk-directory (UP),,
Rail Logix Railport,,,,CARVILLE,LA,UNKNOWN,UNKNOWN,UNKNOWN,UNKNOWN,UNKNOWN,UNKNOWN,UNKNOWN,UNKNOWN,UNKNOWN,UNKNOWN,UNKNOWN,UNKNOWN,UNKNOWN,UNKNOWN,UNKNOWN,UNKNOWN,UNKNOWN,UNKNOWN,UNKNOWN,UNKNOWN,UNKNOWN,UNKNOWN,UNKNOWN,UNKNOWN,UNKNOWN,UNKNOWN,unknown,https://rail-logix.com/locations/rail-logix-railport/,,listed,rebulk-directory (CN),,
Rail Modal Group,Grain Terminal,,,KANSAS CITY,MO,UNKNOWN,UNKNOWN,UNKNOWN,UNKNOWN,UNKNOWN,UNKNOWN,UNKNOWN,UNKNOWN,UNKNOWN,UNKNOWN,UNKNOWN,UNKNOWN,UNKNOWN,UNKNOWN,UNKNOWN,UNKNOWN,UNKNOWN,UNKNOWN,UNKNOWN,UNKNOWN,UNKNOWN,UNKNOWN,UNKNOWN,UNKNOWN,UNKNOWN,UNKNOWN,unknown,https://www.railmodalgroup.com/kansas-city-mo,,listed,rebulk-directory (BNSF CPKC NS UP + 2),,
Rail Modal Group Fremont Terminal,,,,FREMONT,NE,UNKNOWN,UNKNOWN,UNKNOWN,UNKNOWN,UNKNOWN,UNKNOWN,UNKNOWN,UNKNOWN,UNKNOWN,UNKNOWN,UNKNOWN,UNKNOWN,UNKNOWN,UNKNOWN,UNKNOWN,UNKNOWN,UNKNOWN,UNKNOWN,UNKNOWN,UNKNOWN,UNKNOWN,UNKNOWN,UNKNOWN,UNKNOWN,UNKNOWN,UNKNOWN,unknown,https://www.railmodalgroup.com/fremont-ne,,listed,rebulk-directory (BNSF),,
Rail Modal Group Minot Intermodal Facility,,,,MINOT,ND,UNKNOWN,UNKNOWN,UNKNOWN,UNKNOWN,UNKNOWN,UNKNOWN,UNKNOWN,UNKNOWN,UNKNOWN,UNKNOWN,UNKNOWN,UNKNOWN,UNKNOWN,UNKNOWN,UNKNOWN,UNKNOWN,UNKNOWN,UNKNOWN,UNKNOWN,UNKNOWN,UNKNOWN,UNKNOWN,UNKNOWN,UNKNOWN,UNKNOWN,UNKNOWN,unknown,https://www.railmodalgroup.com/minot-nd,,listed,rebulk-directory (BNSF),,
Rail to Road St. Joe Terminal,,,,SAINT JOSEPH,MN,UNKNOWN,UNKNOWN,UNKNOWN,UNKNOWN,UNKNOWN,UNKNOWN,UNKNOWN,UNKNOWN,UNKNOWN,UNKNOWN,UNKNOWN,UNKNOWN,UNKNOWN,UNKNOWN,UNKNOWN,UNKNOWN,UNKNOWN,UNKNOWN,UNKNOWN,UNKNOWN,UNKNOWN,UNKNOWN,UNKNOWN,UNKNOWN,UNKNOWN,UNKNOWN,unknown,https://railtoroad.com/transloading/,,listed,rebulk-directory (BNSF),,
Rail to Road Transloading,Agate Terminal,,,WORTHINGTON,MN,UNKNOWN,UNKNOWN,UNKNOWN,UNKNOWN,UNKNOWN,UNKNOWN,UNKNOWN,UNKNOWN,UNKNOWN,UNKNOWN,UNKNOWN,UNKNOWN,UNKNOWN,UNKNOWN,UNKNOWN,UNKNOWN,UNKNOWN,UNKNOWN,UNKNOWN,UNKNOWN,UNKNOWN,UNKNOWN,UNKNOWN,UNKNOWN,UNKNOWN,UNKNOWN,unknown,https://railtoroad.com/locations/,,listed,rebulk-directory (Ellis & East UP),,
Rail To Road Transloading,,transload@railtoroad.com,(605) 336-5855,SIOUX FALLS,SD,NO,NO,NO,NO,NO,NO,YES,NO,NO,NO,NO,NO,NO,NO,NO,NO,NO,NO,NO,NO,NO,NO,NO,NO,NO,NO,unknown,https://railtoroad.com/,,verified,swl-internal,OPERATIONAL,high
Rail Transfer Inc.,,,,SAINT PAUL,MN,UNKNOWN,UNKNOWN,UNKNOWN,UNKNOWN,UNKNOWN,UNKNOWN,UNKNOWN,UNKNOWN,UNKNOWN,UNKNOWN,UNKNOWN,UNKNOWN,UNKNOWN,UNKNOWN,UNKNOWN,UNKNOWN,UNKNOWN,UNKNOWN,UNKNOWN,UNKNOWN,UNKNOWN,UNKNOWN,UNKNOWN,UNKNOWN,UNKNOWN,UNKNOWN,unknown,https://railtransfer.com/,,listed,rebulk-directory (BNSF),,
Railco Coal Terminal,,,,PRICE,UT,UNKNOWN,UNKNOWN,UNKNOWN,UNKNOWN,UNKNOWN,UNKNOWN,UNKNOWN,UNKNOWN,UNKNOWN,UNKNOWN,UNKNOWN,UNKNOWN,UNKNOWN,UNKNOWN,UNKNOWN,UNKNOWN,UNKNOWN,UNKNOWN,UNKNOWN,UNKNOWN,UNKNOWN,UNKNOWN,UNKNOWN,UNKNOWN,UNKNOWN,UNKNOWN,unknown,,,listed,rebulk-directory (UP),,
Railraod Track Construction & Maintenance Inc.,,,,SANTA TERESA,NM,UNKNOWN,UNKNOWN,UNKNOWN,UNKNOWN,UNKNOWN,UNKNOWN,UNKNOWN,UNKNOWN,UNKNOWN,UNKNOWN,UNKNOWN,UNKNOWN,UNKNOWN,UNKNOWN,UNKNOWN,UNKNOWN,UNKNOWN,UNKNOWN,UNKNOWN,UNKNOWN,UNKNOWN,UNKNOWN,UNKNOWN,UNKNOWN,UNKNOWN,UNKNOWN,unknown,,,listed,rebulk-directory (BNSF),,
Railroad Distribution Services,,,,WESTFIELD,MA,UNKNOWN,UNKNOWN,UNKNOWN,UNKNOWN,UNKNOWN,UNKNOWN,UNKNOWN,UNKNOWN,UNKNOWN,UNKNOWN,UNKNOWN,UNKNOWN,UNKNOWN,UNKNOWN,UNKNOWN,UNKNOWN,UNKNOWN,UNKNOWN,UNKNOWN,UNKNOWN,UNKNOWN,UNKNOWN,UNKNOWN,UNKNOWN,UNKNOWN,UNKNOWN,unknown,https://www.Pinsly.com,,listed,rebulk-directory (NS PVRR),,
"Railroad Resource Services, LLC",,,,BAY MINETTE,AL,UNKNOWN,UNKNOWN,UNKNOWN,UNKNOWN,UNKNOWN,UNKNOWN,UNKNOWN,UNKNOWN,UNKNOWN,UNKNOWN,UNKNOWN,UNKNOWN,UNKNOWN,UNKNOWN,UNKNOWN,UNKNOWN,UNKNOWN,UNKNOWN,UNKNOWN,UNKNOWN,UNKNOWN,UNKNOWN,UNKNOWN,UNKNOWN,UNKNOWN,UNKNOWN,unknown,https://www.rrrllc.net/,,listed,rebulk-directory (CSX),,
RailSync Transload Facility,,,,CEDAR CITY,UT,UNKNOWN,UNKNOWN,UNKNOWN,UNKNOWN,UNKNOWN,UNKNOWN,UNKNOWN,UNKNOWN,UNKNOWN,UNKNOWN,UNKNOWN,UNKNOWN,UNKNOWN,UNKNOWN,UNKNOWN,UNKNOWN,UNKNOWN,UNKNOWN,UNKNOWN,UNKNOWN,UNKNOWN,UNKNOWN,UNKNOWN,UNKNOWN,UNKNOWN,UNKNOWN,unknown,https://railsync.io/,,listed,rebulk-directory (UP),,
Rainier Rail Western Junction Transload,,,,TENINO,WA,UNKNOWN,UNKNOWN,UNKNOWN,UNKNOWN,UNKNOWN,UNKNOWN,UNKNOWN,UNKNOWN,UNKNOWN,UNKNOWN,UNKNOWN,UNKNOWN,UNKNOWN,UNKNOWN,UNKNOWN,UNKNOWN,UNKNOWN,UNKNOWN,UNKNOWN,UNKNOWN,UNKNOWN,UNKNOWN,UNKNOWN,UNKNOWN,UNKNOWN,UNKNOWN,unknown,https://rainierrail.com/,,listed,rebulk-directory (Rainier Rail BNSF UP),,
Ramsey Express,D St Warehouse; Port of,,,STOCKTON,CA,UNKNOWN,UNKNOWN,UNKNOWN,UNKNOWN,UNKNOWN,UNKNOWN,UNKNOWN,UNKNOWN,UNKNOWN,UNKNOWN,UNKNOWN,UNKNOWN,UNKNOWN,UNKNOWN,UNKNOWN,UNKNOWN,UNKNOWN,UNKNOWN,UNKNOWN,UNKNOWN,UNKNOWN,UNKNOWN,UNKNOWN,UNKNOWN,UNKNOWN,UNKNOWN,unknown,https://ramseyxpress.com/locations/,,listed,rebulk-directory (BNSF UP),,
Ramsey Express,Port of Warehouses; Port 1/2/3,,,STOCKTON,CA,UNKNOWN,UNKNOWN,UNKNOWN,UNKNOWN,UNKNOWN,UNKNOWN,UNKNOWN,UNKNOWN,UNKNOWN,UNKNOWN,UNKNOWN,UNKNOWN,UNKNOWN,UNKNOWN,UNKNOWN,UNKNOWN,UNKNOWN,UNKNOWN,UNKNOWN,UNKNOWN,UNKNOWN,UNKNOWN,UNKNOWN,UNKNOWN,UNKNOWN,UNKNOWN,unknown,https://ramseyxpress.com/locations/,,listed,rebulk-directory (BNSF UP),,
Ramsey Express - Fremont Warehouse,Port of,,,STOCKTON,CA,UNKNOWN,UNKNOWN,UNKNOWN,UNKNOWN,UNKNOWN,UNKNOWN,UNKNOWN,UNKNOWN,UNKNOWN,UNKNOWN,UNKNOWN,UNKNOWN,UNKNOWN,UNKNOWN,UNKNOWN,UNKNOWN,UNKNOWN,UNKNOWN,UNKNOWN,UNKNOWN,UNKNOWN,UNKNOWN,UNKNOWN,UNKNOWN,UNKNOWN,UNKNOWN,unknown,https://ramseyxpress.com/locations/,,listed,rebulk-directory (BNSF UP),,
Ramsey Express - Gertrude Warehouse,,,,STOCKTON,CA,UNKNOWN,UNKNOWN,UNKNOWN,UNKNOWN,UNKNOWN,UNKNOWN,UNKNOWN,UNKNOWN,UNKNOWN,UNKNOWN,UNKNOWN,UNKNOWN,UNKNOWN,UNKNOWN,UNKNOWN,UNKNOWN,UNKNOWN,UNKNOWN,UNKNOWN,UNKNOWN,UNKNOWN,UNKNOWN,UNKNOWN,UNKNOWN,UNKNOWN,UNKNOWN,unknown,https://ramseyxpress.com/locations/,,listed,rebulk-directory (BNSF UP),,
Randolph Transload,,,,RANDOLPH,MN,UNKNOWN,UNKNOWN,UNKNOWN,UNKNOWN,UNKNOWN,UNKNOWN,UNKNOWN,UNKNOWN,UNKNOWN,UNKNOWN,UNKNOWN,UNKNOWN,UNKNOWN,UNKNOWN,UNKNOWN,UNKNOWN,UNKNOWN,UNKNOWN,UNKNOWN,UNKNOWN,UNKNOWN,UNKNOWN,UNKNOWN,UNKNOWN,UNKNOWN,UNKNOWN,unknown,https://progressiverail.com/rrcvrc/cvrc.html,,listed,rebulk-directory (Cannon Valley Railroad (CVRC)),,
Ray-Mont Logistics,Port Norfolk Transload Facility,,,PORTSMOUTH,VA,UNKNOWN,UNKNOWN,UNKNOWN,UNKNOWN,UNKNOWN,UNKNOWN,UNKNOWN,UNKNOWN,UNKNOWN,UNKNOWN,UNKNOWN,UNKNOWN,UNKNOWN,UNKNOWN,UNKNOWN,UNKNOWN,UNKNOWN,UNKNOWN,UNKNOWN,UNKNOWN,UNKNOWN,UNKNOWN,UNKNOWN,UNKNOWN,UNKNOWN,UNKNOWN,unknown,https://www.ray-mont.com/,,listed,rebulk-directory (Norfolk & Portsmouth Belt Line (NPBL) CSX NS),,
Ray-Mont Logistics - Charleston,,,,NORTH CHARLESTON,SC,UNKNOWN,UNKNOWN,UNKNOWN,UNKNOWN,UNKNOWN,UNKNOWN,UNKNOWN,UNKNOWN,UNKNOWN,UNKNOWN,UNKNOWN,UNKNOWN,UNKNOWN,UNKNOWN,UNKNOWN,UNKNOWN,UNKNOWN,UNKNOWN,UNKNOWN,UNKNOWN,UNKNOWN,UNKNOWN,UNKNOWN,UNKNOWN,UNKNOWN,UNKNOWN,unknown,https://www.ray-mont.com/,,listed,rebulk-directory (CSX NS),,
Ray-Mont Logistics Seattle,,,,SEATTLE,WA,UNKNOWN,UNKNOWN,UNKNOWN,UNKNOWN,UNKNOWN,UNKNOWN,UNKNOWN,UNKNOWN,UNKNOWN,UNKNOWN,UNKNOWN,UNKNOWN,UNKNOWN,UNKNOWN,UNKNOWN,UNKNOWN,UNKNOWN,UNKNOWN,UNKNOWN,UNKNOWN,UNKNOWN,UNKNOWN,UNKNOWN,UNKNOWN,UNKNOWN,UNKNOWN,unknown,https://www.ray-mont.com/,,listed,rebulk-directory (BNSF),,
RB Products Scottsville Transload,,,,SCOTTSVILLE,TX,UNKNOWN,UNKNOWN,UNKNOWN,UNKNOWN,UNKNOWN,UNKNOWN,UNKNOWN,UNKNOWN,UNKNOWN,UNKNOWN,UNKNOWN,UNKNOWN,UNKNOWN,UNKNOWN,UNKNOWN,UNKNOWN,UNKNOWN,UNKNOWN,UNKNOWN,UNKNOWN,UNKNOWN,UNKNOWN,UNKNOWN,UNKNOWN,UNKNOWN,UNKNOWN,unknown,https://www.rbproductsinc.com/,,listed,rebulk-directory (BNSF CN CPKC CSX + 2),,
"Rcp Transit, Inc.",,,,ISLAND POND,VT,UNKNOWN,UNKNOWN,UNKNOWN,UNKNOWN,UNKNOWN,UNKNOWN,UNKNOWN,UNKNOWN,UNKNOWN,UNKNOWN,UNKNOWN,UNKNOWN,UNKNOWN,UNKNOWN,UNKNOWN,UNKNOWN,UNKNOWN,UNKNOWN,UNKNOWN,UNKNOWN,UNKNOWN,UNKNOWN,UNKNOWN,UNKNOWN,UNKNOWN,UNKNOWN,unknown,,,listed,rebulk-directory (G&W SLR),,
RCR Hempstead Rail Park,,cody@rcrrailco.com,(346) 462-5545,HEMPSTEAD,TX,YES,YES,YES,YES,YES,YES,YES,YES,YES,YES,YES,YES,YES,NO,NO,YES,NO,NO,YES,YES,NO,YES,YES,YES,YES,NO,unknown,https://hempstead.rcrrailco.com/,,verified,swl-internal,OPERATIONAL,high
RCR Taylor Rail Park,,cody@rcrrailco.com,(346) 462-5545,TAYLOR,TX,YES,YES,YES,YES,YES,YES,YES,YES,YES,YES,YES,YES,YES,NO,NO,YES,NO,NO,YES,YES,NO,YES,YES,YES,YES,NO,unknown,https://www.rcrrailco.com/,,verified,swl-internal,OPERATIONAL,high
Recycling Management Resources,,,,RICHMOND,VA,UNKNOWN,UNKNOWN,UNKNOWN,UNKNOWN,UNKNOWN,UNKNOWN,UNKNOWN,UNKNOWN,UNKNOWN,UNKNOWN,UNKNOWN,UNKNOWN,UNKNOWN,UNKNOWN,UNKNOWN,UNKNOWN,UNKNOWN,UNKNOWN,UNKNOWN,UNKNOWN,UNKNOWN,UNKNOWN,UNKNOWN,UNKNOWN,UNKNOWN,UNKNOWN,unknown,https://www.recyclingmr.com/,,listed,rebulk-directory (CSX),,
Red River Oilfield Services,Stony Creek Rail Yard,,,WILLISTON,ND,UNKNOWN,UNKNOWN,UNKNOWN,UNKNOWN,UNKNOWN,UNKNOWN,UNKNOWN,UNKNOWN,UNKNOWN,UNKNOWN,UNKNOWN,UNKNOWN,UNKNOWN,UNKNOWN,UNKNOWN,UNKNOWN,UNKNOWN,UNKNOWN,UNKNOWN,UNKNOWN,UNKNOWN,UNKNOWN,UNKNOWN,UNKNOWN,UNKNOWN,UNKNOWN,unknown,https://www.redriversupply.us/,,listed,rebulk-directory (BNSF),,
Red River Supply Inc,,www.linkedin.com/in/torrey-vestal-013687110,(701) 774-3904,WILLISTON,ND,NO,NO,NO,NO,NO,NO,NO,NO,NO,NO,NO,NO,NO,NO,NO,NO,NO,NO,NO,NO,NO,NO,NO,NO,NO,NO,unknown,http://www.redriversupply.us/,,verified,swl-internal,OPERATIONAL,high
Red River Valley & Western Railroad,Transload,,,CASSELTON,ND,UNKNOWN,UNKNOWN,UNKNOWN,UNKNOWN,UNKNOWN,UNKNOWN,UNKNOWN,UNKNOWN,UNKNOWN,UNKNOWN,UNKNOWN,UNKNOWN,UNKNOWN,UNKNOWN,UNKNOWN,UNKNOWN,UNKNOWN,UNKNOWN,UNKNOWN,UNKNOWN,UNKNOWN,UNKNOWN,UNKNOWN,UNKNOWN,UNKNOWN,UNKNOWN,unknown,https://www.rrvw.net/transload,,listed,rebulk-directory (BNSF Red River Va),,
Refugio Transload Terminal,,,,REFUGIO,TX,UNKNOWN,UNKNOWN,UNKNOWN,UNKNOWN,UNKNOWN,UNKNOWN,UNKNOWN,UNKNOWN,UNKNOWN,UNKNOWN,UNKNOWN,UNKNOWN,UNKNOWN,UNKNOWN,UNKNOWN,UNKNOWN,UNKNOWN,UNKNOWN,UNKNOWN,UNKNOWN,UNKNOWN,UNKNOWN,UNKNOWN,UNKNOWN,UNKNOWN,UNKNOWN,unknown,https://www.watco.com/service/terminals/refugio-transload-terminal/,,listed,rebulk-directory (BNSF UP),,
Reile's Transfer & Delivery Inc,,www.linkedin.com/in/chris-brucks-7bb44bb,(701) 232-5109,GRAND FORKS,ND,NO,NO,NO,NO,NO,NO,NO,NO,NO,NO,NO,NO,NO,NO,NO,NO,NO,NO,NO,NO,NO,NO,NO,NO,NO,NO,unknown,http://www.reiles.com/,,verified,swl-internal,OPERATIONAL,medium
Reist Popcorn Company,,,,MT. JOY,PA,UNKNOWN,UNKNOWN,UNKNOWN,UNKNOWN,UNKNOWN,UNKNOWN,UNKNOWN,UNKNOWN,UNKNOWN,UNKNOWN,UNKNOWN,UNKNOWN,UNKNOWN,UNKNOWN,UNKNOWN,UNKNOWN,UNKNOWN,UNKNOWN,UNKNOWN,UNKNOWN,UNKNOWN,UNKNOWN,UNKNOWN,UNKNOWN,UNKNOWN,UNKNOWN,unknown,https://www.reistpopcorn.com,,listed,rebulk-directory (NS),,
Repauno Port & Rail Terminal,,,,GIBBSTOWN,NJ,UNKNOWN,UNKNOWN,UNKNOWN,UNKNOWN,UNKNOWN,UNKNOWN,UNKNOWN,UNKNOWN,UNKNOWN,UNKNOWN,UNKNOWN,UNKNOWN,UNKNOWN,UNKNOWN,UNKNOWN,UNKNOWN,UNKNOWN,UNKNOWN,UNKNOWN,UNKNOWN,UNKNOWN,UNKNOWN,UNKNOWN,UNKNOWN,UNKNOWN,UNKNOWN,unknown,https://www.repauno.com/,,listed,rebulk-directory (Conrail Shared Assets Operations (CSAO) CSX NS),,
ReSource Waste Services-Charter Environmental Lawrence Transload,,,,LAWRENCE,MA,UNKNOWN,UNKNOWN,UNKNOWN,UNKNOWN,UNKNOWN,UNKNOWN,UNKNOWN,UNKNOWN,UNKNOWN,UNKNOWN,UNKNOWN,UNKNOWN,UNKNOWN,UNKNOWN,UNKNOWN,UNKNOWN,UNKNOWN,UNKNOWN,UNKNOWN,UNKNOWN,UNKNOWN,UNKNOWN,UNKNOWN,UNKNOWN,UNKNOWN,UNKNOWN,unknown,https://resourcewasteservices.com/,,listed,rebulk-directory (CSX),,
Resources Warehouse,,,,NORTH BERGEN,NJ,UNKNOWN,UNKNOWN,UNKNOWN,UNKNOWN,UNKNOWN,UNKNOWN,UNKNOWN,UNKNOWN,UNKNOWN,UNKNOWN,UNKNOWN,UNKNOWN,UNKNOWN,UNKNOWN,UNKNOWN,UNKNOWN,UNKNOWN,UNKNOWN,UNKNOWN,UNKNOWN,UNKNOWN,UNKNOWN,UNKNOWN,UNKNOWN,UNKNOWN,UNKNOWN,unknown,https://www.resources-warehouse.com,,listed,rebulk-directory (NS NYSW),,
RFMX Corp,,,,DENVER,CO,UNKNOWN,UNKNOWN,UNKNOWN,UNKNOWN,UNKNOWN,UNKNOWN,UNKNOWN,UNKNOWN,UNKNOWN,UNKNOWN,UNKNOWN,UNKNOWN,UNKNOWN,UNKNOWN,UNKNOWN,UNKNOWN,UNKNOWN,UNKNOWN,UNKNOWN,UNKNOWN,UNKNOWN,UNKNOWN,UNKNOWN,UNKNOWN,UNKNOWN,UNKNOWN,unknown,https://www.rfmx.net,,listed,rebulk-directory (UP),,
Rgl Logistics,,,,GREEN BAY,WI,UNKNOWN,UNKNOWN,UNKNOWN,UNKNOWN,UNKNOWN,UNKNOWN,UNKNOWN,UNKNOWN,UNKNOWN,UNKNOWN,UNKNOWN,UNKNOWN,UNKNOWN,UNKNOWN,UNKNOWN,UNKNOWN,UNKNOWN,UNKNOWN,UNKNOWN,UNKNOWN,UNKNOWN,UNKNOWN,UNKNOWN,UNKNOWN,UNKNOWN,UNKNOWN,unknown,https://www.rgllogistics.com/,,listed,rebulk-directory (CN),,
Richmond Hill Team Track,,,,JAMAICA,NY,UNKNOWN,UNKNOWN,UNKNOWN,UNKNOWN,UNKNOWN,UNKNOWN,UNKNOWN,UNKNOWN,UNKNOWN,UNKNOWN,UNKNOWN,UNKNOWN,UNKNOWN,UNKNOWN,UNKNOWN,UNKNOWN,UNKNOWN,UNKNOWN,UNKNOWN,UNKNOWN,UNKNOWN,UNKNOWN,UNKNOWN,UNKNOWN,UNKNOWN,UNKNOWN,unknown,https://www.anacostia.com/our-companies/nya/,,listed,rebulk-directory (New York & Atlantic Railway (NYA)),,
Richmond Marine Terminal,,,,RICHMOND,VA,UNKNOWN,UNKNOWN,UNKNOWN,UNKNOWN,UNKNOWN,UNKNOWN,UNKNOWN,UNKNOWN,UNKNOWN,UNKNOWN,UNKNOWN,UNKNOWN,UNKNOWN,UNKNOWN,UNKNOWN,UNKNOWN,UNKNOWN,UNKNOWN,UNKNOWN,UNKNOWN,UNKNOWN,UNKNOWN,UNKNOWN,UNKNOWN,UNKNOWN,UNKNOWN,unknown,https://www.portofvirginia.com/,,listed,rebulk-directory (CSX NS),,
River Materials Inc. Terminal,,,,MCKEESPORT,PA,UNKNOWN,UNKNOWN,UNKNOWN,UNKNOWN,UNKNOWN,UNKNOWN,UNKNOWN,UNKNOWN,UNKNOWN,UNKNOWN,UNKNOWN,UNKNOWN,UNKNOWN,UNKNOWN,UNKNOWN,UNKNOWN,UNKNOWN,UNKNOWN,UNKNOWN,UNKNOWN,UNKNOWN,UNKNOWN,UNKNOWN,UNKNOWN,UNKNOWN,UNKNOWN,unknown,http://www.rivermaterialsinc.com/,,listed,rebulk-directory (CSX),,
River Point LLC,,,,MARMET,WV,UNKNOWN,UNKNOWN,UNKNOWN,UNKNOWN,UNKNOWN,UNKNOWN,UNKNOWN,UNKNOWN,UNKNOWN,UNKNOWN,UNKNOWN,UNKNOWN,UNKNOWN,UNKNOWN,UNKNOWN,UNKNOWN,UNKNOWN,UNKNOWN,UNKNOWN,UNKNOWN,UNKNOWN,UNKNOWN,UNKNOWN,UNKNOWN,UNKNOWN,UNKNOWN,unknown,https://www.rtcltd.com/river-point-llc,,listed,rebulk-directory (CSX),,
River Ridge Railroad Transload,,,,CHARLESTOWN,IN,UNKNOWN,UNKNOWN,UNKNOWN,UNKNOWN,UNKNOWN,UNKNOWN,UNKNOWN,UNKNOWN,UNKNOWN,UNKNOWN,UNKNOWN,UNKNOWN,UNKNOWN,UNKNOWN,UNKNOWN,UNKNOWN,UNKNOWN,UNKNOWN,UNKNOWN,UNKNOWN,UNKNOWN,UNKNOWN,UNKNOWN,UNKNOWN,UNKNOWN,UNKNOWN,unknown,https://www.riverridgecc.com/companies/river-ridge-railroad/,,listed,rebulk-directory (River Ridge Railroad CSX),,
River's Edge Terminals,,,,GRANITE CITY,IL,UNKNOWN,UNKNOWN,UNKNOWN,UNKNOWN,UNKNOWN,UNKNOWN,UNKNOWN,UNKNOWN,UNKNOWN,UNKNOWN,UNKNOWN,UNKNOWN,UNKNOWN,UNKNOWN,UNKNOWN,UNKNOWN,UNKNOWN,UNKNOWN,UNKNOWN,UNKNOWN,UNKNOWN,UNKNOWN,UNKNOWN,UNKNOWN,UNKNOWN,UNKNOWN,unknown,https://www.riversedgeterminals.com/,,listed,rebulk-directory,,
RiverLift Industries,Glass House Road Rail Terminal,,,JEFFERSON HILLS,PA,UNKNOWN,UNKNOWN,UNKNOWN,UNKNOWN,UNKNOWN,UNKNOWN,UNKNOWN,UNKNOWN,UNKNOWN,UNKNOWN,UNKNOWN,UNKNOWN,UNKNOWN,UNKNOWN,UNKNOWN,UNKNOWN,UNKNOWN,UNKNOWN,UNKNOWN,UNKNOWN,UNKNOWN,UNKNOWN,UNKNOWN,UNKNOWN,UNKNOWN,UNKNOWN,unknown,https://www.riverliftindustries.com/,,listed,rebulk-directory (NS),,
Riverlift Industries,,,,WEST ELIZABETH,PA,UNKNOWN,UNKNOWN,UNKNOWN,UNKNOWN,UNKNOWN,UNKNOWN,UNKNOWN,UNKNOWN,UNKNOWN,UNKNOWN,UNKNOWN,UNKNOWN,UNKNOWN,UNKNOWN,UNKNOWN,UNKNOWN,UNKNOWN,UNKNOWN,UNKNOWN,UNKNOWN,UNKNOWN,UNKNOWN,UNKNOWN,UNKNOWN,UNKNOWN,UNKNOWN,unknown,https://Riverliftindustries.com,,listed,rebulk-directory (NS),,
Riverport Railroad,,,,SAVANNA,IL,UNKNOWN,UNKNOWN,UNKNOWN,UNKNOWN,UNKNOWN,UNKNOWN,UNKNOWN,UNKNOWN,UNKNOWN,UNKNOWN,UNKNOWN,UNKNOWN,UNKNOWN,UNKNOWN,UNKNOWN,UNKNOWN,UNKNOWN,UNKNOWN,UNKNOWN,UNKNOWN,UNKNOWN,UNKNOWN,UNKNOWN,UNKNOWN,UNKNOWN,UNKNOWN,unknown,https://riverportrailroad.com/,,listed,rebulk-directory (BNSF);bnsf-premier-flipbook,,
Riverside & Pickering Marine Terminal,,,,NEWINGTON,NH,UNKNOWN,UNKNOWN,UNKNOWN,UNKNOWN,UNKNOWN,UNKNOWN,UNKNOWN,UNKNOWN,UNKNOWN,UNKNOWN,UNKNOWN,UNKNOWN,UNKNOWN,UNKNOWN,UNKNOWN,UNKNOWN,UNKNOWN,UNKNOWN,UNKNOWN,UNKNOWN,UNKNOWN,UNKNOWN,UNKNOWN,UNKNOWN,UNKNOWN,UNKNOWN,unknown,https://riversideandpickering.com/terminal-2/,,listed,rebulk-directory (CSX),,
Riverside Reload Center,,rdesrosier@vrs.us.com,(802) 463-2030,RIVERSIDE,VT,NO,NO,NO,NO,NO,NO,NO,YES,YES,NO,NO,YES,NO,YES,NO,NO,YES,NO,NO,NO,NO,NO,NO,YES,NO,NO,unknown,http://www.vrs.us.com/partners/riverside.html,,verified,swl-internal,OPERATIONAL,high
Rj Corman,,nicholas.spalding@rjcorman.com,,GADSDEN,AL,YES,NO,YES,YES,NO,NO,YES,YES,YES,YES,YES,YES,NO,YES,NO,NO,NO,NO,NO,NO,NO,NO,YES,YES,NO,NO,unknown,RJ Corman Transload Location Guide.pdf,dead_domain,review,swl-internal,NOT_FOUND,low
Rj Corman,,nicholas.spalding@rjcorman.com,(904) 964-2100,STARKE,FL,NO,NO,NO,NO,NO,NO,NO,YES,YES,YES,YES,YES,NO,NO,NO,NO,NO,NO,NO,NO,NO,NO,YES,YES,NO,NO,unknown,http://rjcorman.com/,,verified,swl-internal,OPERATIONAL,medium
Rj Corman,,shannon.drown@rjcorman.com,,LEXINGTON,KY,YES,NO,YES,YES,YES,YES,NO,NO,YES,YES,YES,NO,YES,NO,NO,YES,YES,NO,NO,YES,YES,YES,YES,YES,NO,NO,unknown,RJ Corman Transload Location Guide.pdf,dead_domain,verified,swl-internal,OPERATIONAL,high
Rj Corman,,adam.boyles@rjcorman.com,,WHITEVILLE,NC,NO,NO,NO,NO,NO,NO,NO,YES,NO,NO,NO,NO,NO,NO,NO,NO,NO,NO,NO,NO,NO,NO,NO,YES,NO,NO,unknown,https://www.rjcorman.com/,,verified,swl-internal,OPERATIONAL,high
Rj Corman,,john.gogniat@rjcorman.com,,BUCKLAND,OH,NO,NO,NO,NO,YES,NO,NO,NO,NO,NO,YES,NO,NO,YES,NO,NO,YES,NO,NO,NO,NO,NO,YES,NO,NO,NO,unknown,RJ Corman Transload Location Guide.pdf,dead_domain,review,swl-internal,NOT_FOUND,none
Rj Corman,,nicholas.spalding@rjcorman.com,,CELINA,OH,NO,NO,NO,NO,YES,YES,NO,YES,NO,NO,NO,YES,NO,YES,NO,NO,YES,NO,NO,NO,NO,YES,YES,NO,NO,NO,unknown,RJ Corman Transload Location Guide.pdf,dead_domain,review,swl-internal,NOT_FOUND,low
Rj Corman,,grant.chaney@rjcorman.com,,COOKEVILLE,TN,NO,NO,YES,YES,YES,YES,YES,YES,YES,YES,YES,YES,NO,NO,NO,NO,NO,NO,NO,NO,NO,NO,NO,NO,NO,NO,unknown,RJ Corman Transload Location Guide.pdf,dead_domain,review,swl-internal,NOT_FOUND,low
Rj Corman,,grant.chaney@rjcorman.com,,OLD HICKORY,TN,NO,NO,YES,YES,YES,YES,YES,NO,YES,YES,YES,NO,NO,NO,NO,NO,NO,NO,NO,NO,NO,NO,YES,YES,NO,NO,unknown,RJ Corman Transload Location Guide.pdf,dead_domain,review,swl-internal,NOT_FOUND,low
Rj Corman,,nicholas.spalding@rjcorman.com,,GLASGOW,VA,NO,NO,YES,YES,YES,YES,YES,YES,YES,YES,YES,YES,NO,NO,NO,NO,NO,NO,NO,NO,NO,NO,NO,YES,NO,NO,unknown,RJ Corman Transload Location Guide.pdf,dead_domain,verified,swl-internal,OPERATIONAL,high
Rj Corman,,adam.boyles@rjcorman.com,(304) 465-8517,MT HOPE,WV,NO,NO,YES,YES,YES,YES,YES,NO,YES,YES,YES,NO,NO,NO,NO,NO,NO,NO,NO,NO,NO,NO,NO,NO,NO,NO,unknown,https://www.rjcorman.com/companies/railroad-company/our-short-lines,,verified,swl-internal,OPERATIONAL,medium
Rj Corman (RSI Logistics),,adam.boyles@rjcorman.com,(859) 881-6849,WOODBURN,KY,NO,NO,YES,YES,NO,NO,YES,YES,YES,YES,YES,YES,NO,NO,NO,NO,NO,NO,NO,NO,NO,NO,NO,YES,NO,NO,unknown,http://www.rjcorman.com/,,verified,swl-internal,OPERATIONAL,medium
Rj Corman (RSI Logistics),,adam.boyles@rjcorman.com,(330) 602-7847,DOVER,OH,NO,NO,YES,YES,NO,NO,YES,YES,YES,YES,YES,YES,NO,NO,NO,NO,NO,NO,NO,NO,NO,NO,NO,NO,NO,NO,unknown,http://www.rjcorman.com/,,verified,swl-internal,OPERATIONAL,medium
Rj Corman (RSI Logistics),,adam.boyles@rjcorman.com,,ALLENTOWN,PA,NO,NO,NO,NO,NO,NO,YES,YES,YES,NO,YES,YES,NO,NO,NO,NO,NO,NO,NO,NO,NO,NO,NO,NO,NO,NO,unknown,,,verified,swl-internal,OPERATIONAL,medium
Rj Corman (RSI Logistics),,adam.boyles@rjcorman.com,,CONWAY,SC,NO,NO,YES,NO,NO,NO,YES,YES,YES,NO,YES,YES,NO,NO,NO,NO,NO,NO,NO,NO,NO,NO,NO,NO,NO,NO,unknown,,,verified,swl-internal,NOT_FOUND,none
Rj Corman (RSI Logistics),,adam.boyles@rjcorman.com,(419) 394-7400,CLARKSVILLE,TN,NO,NO,YES,YES,NO,NO,YES,YES,YES,YES,YES,YES,NO,NO,NO,NO,NO,NO,NO,NO,NO,NO,NO,NO,NO,NO,unknown,http://www.rjcorman.com/,,verified,swl-internal,OPERATIONAL,medium
Rj Corman (RSI Logistics),,adam.boyles@rjcorman.com,,LEBANON,TN,NO,NO,YES,YES,NO,NO,YES,YES,YES,YES,YES,YES,NO,NO,NO,NO,NO,NO,NO,NO,NO,NO,NO,NO,NO,NO,unknown,,,verified,swl-internal,NOT_FOUND,none
Rj Corman (RSI Logistics),,adam.boyles@rjcorman.com,,DIBOLL,TX,NO,NO,YES,YES,NO,NO,YES,YES,YES,YES,YES,YES,NO,NO,NO,NO,NO,NO,NO,NO,NO,NO,NO,NO,NO,NO,unknown,,,verified,swl-internal,NOT_FOUND,low
Rjr Trans Loading,,www.linkedin.com/in/tracey-stephens-5a4abb60,(405) 262-1747,EL RENO,OK,NO,NO,NO,NO,NO,NO,YES,NO,NO,NO,NO,NO,NO,NO,NO,NO,YES,NO,NO,NO,NO,NO,NO,NO,NO,NO,unknown,http://jrtransportinc.com/,,verified,swl-internal,OPERATIONAL,medium
Rjr Trans Loading,,www.linkedin.com/in/tracey-stephens-5a4abb60,(580) 456-7300,POCASSET,OK,NO,NO,NO,NO,NO,NO,YES,NO,NO,NO,NO,NO,NO,NO,NO,NO,YES,NO,NO,NO,NO,NO,NO,NO,NO,NO,unknown,"https://www.google.com/maps/place/Pocasset,+OK+73079/@35.210812,-97.9514226,228m/data=!3m1!1e3!4m5!3m4!1s0x87ad8e18aea8bbf9:0x6b76022860e8cced!8m2!3d35.1936734!4d-97.9525455",,verified,swl-internal,OPERATIONAL,medium
RMT Companies,,,,GOLDEN,CO,UNKNOWN,UNKNOWN,UNKNOWN,UNKNOWN,UNKNOWN,UNKNOWN,UNKNOWN,UNKNOWN,UNKNOWN,UNKNOWN,UNKNOWN,UNKNOWN,UNKNOWN,UNKNOWN,UNKNOWN,UNKNOWN,UNKNOWN,UNKNOWN,UNKNOWN,UNKNOWN,UNKNOWN,UNKNOWN,UNKNOWN,UNKNOWN,UNKNOWN,UNKNOWN,unknown,https://www.rmtcompanies.com/locations,,listed,rebulk-directory (BNSF),,
RMT Companies,Terminal,,,WINDSOR,CO,UNKNOWN,UNKNOWN,UNKNOWN,UNKNOWN,UNKNOWN,UNKNOWN,UNKNOWN,UNKNOWN,UNKNOWN,UNKNOWN,UNKNOWN,UNKNOWN,UNKNOWN,UNKNOWN,UNKNOWN,UNKNOWN,UNKNOWN,UNKNOWN,UNKNOWN,UNKNOWN,UNKNOWN,UNKNOWN,UNKNOWN,UNKNOWN,UNKNOWN,UNKNOWN,unknown,https://www.rmtcompanies.com/locations,,listed,rebulk-directory (UP and BNSF shortline co),,
Robertson Bonded Warehouse,,,,LUBBOCK,TX,UNKNOWN,UNKNOWN,UNKNOWN,UNKNOWN,UNKNOWN,UNKNOWN,UNKNOWN,UNKNOWN,UNKNOWN,UNKNOWN,UNKNOWN,UNKNOWN,UNKNOWN,UNKNOWN,UNKNOWN,UNKNOWN,UNKNOWN,UNKNOWN,UNKNOWN,UNKNOWN,UNKNOWN,UNKNOWN,UNKNOWN,UNKNOWN,UNKNOWN,UNKNOWN,unknown,https://robertsonbonded.com/,,listed,rebulk-directory (BNSF),,
Robinson Terminal Warehouse Coroporation,,,,SPRINGFIELD,VA,UNKNOWN,UNKNOWN,UNKNOWN,UNKNOWN,UNKNOWN,UNKNOWN,UNKNOWN,UNKNOWN,UNKNOWN,UNKNOWN,UNKNOWN,UNKNOWN,UNKNOWN,UNKNOWN,UNKNOWN,UNKNOWN,UNKNOWN,UNKNOWN,UNKNOWN,UNKNOWN,UNKNOWN,UNKNOWN,UNKNOWN,UNKNOWN,UNKNOWN,UNKNOWN,unknown,https://RobinsonTerminal.com,,listed,rebulk-directory (NS),,
Rochester & Erie Railway Transload,,,,ROCHESTER,IN,UNKNOWN,UNKNOWN,UNKNOWN,UNKNOWN,UNKNOWN,UNKNOWN,UNKNOWN,UNKNOWN,UNKNOWN,UNKNOWN,UNKNOWN,UNKNOWN,UNKNOWN,UNKNOWN,UNKNOWN,UNKNOWN,UNKNOWN,UNKNOWN,UNKNOWN,UNKNOWN,UNKNOWN,UNKNOWN,UNKNOWN,UNKNOWN,UNKNOWN,UNKNOWN,unknown,https://rochesteranderie.com/services/transload/,,listed,rebulk-directory (RERY NS),,
Rock & Rail,Highway 34 Terminal,,,JOHNSTOWN,CO,UNKNOWN,UNKNOWN,UNKNOWN,UNKNOWN,UNKNOWN,UNKNOWN,UNKNOWN,UNKNOWN,UNKNOWN,UNKNOWN,UNKNOWN,UNKNOWN,UNKNOWN,UNKNOWN,UNKNOWN,UNKNOWN,UNKNOWN,UNKNOWN,UNKNOWN,UNKNOWN,UNKNOWN,UNKNOWN,UNKNOWN,UNKNOWN,UNKNOWN,UNKNOWN,unknown,https://rockandrail.com/,,listed,rebulk-directory (UP Rock & Rail (RRRR)),,
Rock Island River Terminal Corporation,,tom.streight@alterlogistics.com,(309) 788-7683,ROCK ISLAND,IL,NO,NO,NO,NO,NO,NO,YES,YES,YES,NO,NO,YES,NO,NO,NO,NO,NO,NO,NO,NO,NO,NO,NO,NO,NO,NO,unknown,https://www.alterlogistics.com/,,verified,swl-internal,OPERATIONAL,medium
Rocky Mount Transload,,,,ROCKY MOUNT,NC,UNKNOWN,UNKNOWN,UNKNOWN,UNKNOWN,UNKNOWN,UNKNOWN,UNKNOWN,UNKNOWN,UNKNOWN,UNKNOWN,UNKNOWN,UNKNOWN,UNKNOWN,UNKNOWN,UNKNOWN,UNKNOWN,UNKNOWN,UNKNOWN,UNKNOWN,UNKNOWN,UNKNOWN,UNKNOWN,UNKNOWN,UNKNOWN,UNKNOWN,UNKNOWN,unknown,https://regional-rail.com/carolina-coastal-railway/,,listed,rebulk-directory (Carolina Coastal Railway (CLNA)),,
Rocky Mountain Transload Inc,,info@rmtcompanies.com,(303) 287-3291,BRIGHTON,CO,NO,NO,YES,NO,NO,NO,YES,NO,YES,NO,NO,NO,NO,NO,NO,NO,YES,NO,NO,NO,NO,NO,YES,YES,NO,NO,unknown,https://www.rmtcompanies.com/locations,,verified,swl-internal,OPERATIONAL,high
Rocky Mountain Transload Inc,,info@rmtcompanies.com,,COMMERCE CITY,CO,NO,NO,YES,NO,NO,NO,YES,NO,YES,NO,NO,NO,NO,NO,NO,NO,YES,NO,NO,NO,NO,NO,YES,YES,NO,NO,unknown,https://www.rmtcompanies.com/locations,,verified,swl-internal,NOT_FOUND,none
Rocky Mountain Transload Inc,,info@rmtcompanies.com,,DENVER,CO,NO,NO,YES,NO,NO,NO,YES,NO,YES,NO,NO,NO,NO,NO,NO,NO,YES,NO,NO,NO,NO,NO,YES,YES,NO,NO,unknown,https://www.rmtcompanies.com/locations,,verified,swl-internal,NOT_FOUND,none
Rocky Mountain Transload Inc,,info@rmtcompanies.com,,LUCERNE,CO,NO,NO,YES,NO,NO,NO,YES,NO,YES,NO,NO,NO,NO,NO,NO,NO,YES,NO,NO,NO,NO,NO,YES,YES,NO,NO,unknown,https://www.rmtcompanies.com/locations,,verified,swl-internal,NOT_FOUND,low
Rocky Mountain Transload Inc,,info@rmtcompanies.com,,WINDSOR,CO,NO,NO,YES,NO,NO,NO,YES,NO,YES,NO,NO,NO,NO,NO,NO,NO,YES,NO,NO,NO,NO,NO,YES,YES,NO,NO,unknown,http://www.rmtcompanies.com/,,verified,swl-internal,OPERATIONAL,high
Roemer Construction Co,,,,WABASHA,MN,UNKNOWN,UNKNOWN,UNKNOWN,UNKNOWN,UNKNOWN,UNKNOWN,UNKNOWN,UNKNOWN,UNKNOWN,UNKNOWN,UNKNOWN,UNKNOWN,UNKNOWN,UNKNOWN,UNKNOWN,UNKNOWN,UNKNOWN,UNKNOWN,UNKNOWN,UNKNOWN,UNKNOWN,UNKNOWN,UNKNOWN,UNKNOWN,UNKNOWN,UNKNOWN,unknown,,,listed,rebulk-directory (CPKC),,
Roseburg Forest,,,,JUNCTION CITY,OR,UNKNOWN,UNKNOWN,UNKNOWN,UNKNOWN,UNKNOWN,UNKNOWN,UNKNOWN,UNKNOWN,UNKNOWN,UNKNOWN,UNKNOWN,UNKNOWN,UNKNOWN,UNKNOWN,UNKNOWN,UNKNOWN,UNKNOWN,UNKNOWN,UNKNOWN,UNKNOWN,UNKNOWN,UNKNOWN,UNKNOWN,UNKNOWN,UNKNOWN,UNKNOWN,unknown,https://www.junctioncityreload.com/,,listed,rebulk-directory (G&W PNWR),,
RRR Tank Properties,,,,JOLIET,IL,UNKNOWN,UNKNOWN,UNKNOWN,UNKNOWN,UNKNOWN,UNKNOWN,UNKNOWN,UNKNOWN,UNKNOWN,UNKNOWN,UNKNOWN,UNKNOWN,UNKNOWN,UNKNOWN,UNKNOWN,UNKNOWN,UNKNOWN,UNKNOWN,UNKNOWN,UNKNOWN,UNKNOWN,UNKNOWN,UNKNOWN,UNKNOWN,UNKNOWN,UNKNOWN,unknown,https://www.dconstruction.com/rrr-tank,,listed,rebulk-directory (CSX),,
RRVW Breckenridge Crossdock and Transload Tracks,,,,BRECKENRIDGE,MN,UNKNOWN,UNKNOWN,UNKNOWN,UNKNOWN,UNKNOWN,UNKNOWN,UNKNOWN,UNKNOWN,UNKNOWN,UNKNOWN,UNKNOWN,UNKNOWN,UNKNOWN,UNKNOWN,UNKNOWN,UNKNOWN,UNKNOWN,UNKNOWN,UNKNOWN,UNKNOWN,UNKNOWN,UNKNOWN,UNKNOWN,UNKNOWN,UNKNOWN,UNKNOWN,unknown,https://www.rrvw.net/transload,,listed,rebulk-directory (RRVW),,
Rsi Leasing,,,,LACKAWANNA,NY,UNKNOWN,UNKNOWN,UNKNOWN,UNKNOWN,UNKNOWN,UNKNOWN,UNKNOWN,UNKNOWN,UNKNOWN,UNKNOWN,UNKNOWN,UNKNOWN,UNKNOWN,UNKNOWN,UNKNOWN,UNKNOWN,UNKNOWN,UNKNOWN,UNKNOWN,UNKNOWN,UNKNOWN,UNKNOWN,UNKNOWN,UNKNOWN,UNKNOWN,UNKNOWN,unknown,https://www.rsilogistics.com/rail-solutions/terminal-operations/buffalo-ny-reload/,,listed,rebulk-directory (CN),,
RSI Logistics,,info@rsilogistics.com,,FORT LAUDERDALE,FL,YES,NO,YES,YES,YES,YES,YES,YES,YES,YES,YES,YES,YES,NO,YES,YES,YES,NO,NO,YES,NO,YES,YES,YES,NO,NO,unknown,https://www.rsilogistics.com/rail-solutions/rail-terminal-services/fort-lauderdale-fl/,,verified,swl-internal,NOT_FOUND,low
RSI Logistics,,info@rsilogistics.com,(616) 514-1718,GRAND RAPIDS,MI,YES,NO,YES,YES,YES,YES,YES,NO,YES,YES,YES,NO,YES,YES,YES,YES,YES,NO,NO,YES,NO,YES,YES,YES,NO,NO,unknown,https://www.rsilogistics.com/rail-solutions/rail-terminal-services/grand-rapids-mi/,,verified,swl-internal,OPERATIONAL,medium
RSI Logistics,,info@rsilogistics.com,,BUFFALO,NY,YES,NO,YES,YES,YES,YES,YES,YES,YES,YES,YES,YES,YES,YES,YES,YES,YES,YES,NO,NO,NO,YES,YES,YES,NO,NO,unknown,https://www.rsilogistics.com/rail-solutions/rail-terminal-services/buffalo-ny-transload/,,verified,swl-internal,NOT_FOUND,low
RSI Logistics,Terminal,,,HUGO,OK,UNKNOWN,UNKNOWN,UNKNOWN,UNKNOWN,UNKNOWN,UNKNOWN,UNKNOWN,UNKNOWN,UNKNOWN,UNKNOWN,UNKNOWN,UNKNOWN,UNKNOWN,UNKNOWN,UNKNOWN,UNKNOWN,UNKNOWN,UNKNOWN,UNKNOWN,UNKNOWN,UNKNOWN,UNKNOWN,UNKNOWN,UNKNOWN,UNKNOWN,UNKNOWN,unknown,https://www.rsilogistics.com/rail-solutions/rail-terminal-services/hugo-ok/,,listed,rebulk-directory,,
RSI Logistics,,info@rsilogistics.com,,GEORGETOWN,SC,YES,NO,YES,YES,YES,YES,YES,YES,YES,YES,YES,YES,YES,YES,YES,YES,YES,YES,NO,NO,NO,YES,YES,YES,NO,NO,unknown,https://www.rsilogistics.com/rail-solutions/rail-terminal-services/georgetown-sc/,,verified,swl-internal,NOT_FOUND,low
RSI Logistics,Terminal,,,ETTER,TX,UNKNOWN,UNKNOWN,UNKNOWN,UNKNOWN,UNKNOWN,UNKNOWN,UNKNOWN,UNKNOWN,UNKNOWN,UNKNOWN,UNKNOWN,UNKNOWN,UNKNOWN,UNKNOWN,UNKNOWN,UNKNOWN,UNKNOWN,UNKNOWN,UNKNOWN,UNKNOWN,UNKNOWN,UNKNOWN,UNKNOWN,UNKNOWN,UNKNOWN,UNKNOWN,unknown,https://www.rsilogistics.com/rail-solutions/rail-terminal-services/etter-tx/,,listed,rebulk-directory,,
RSI Logistics,Terminal,,,VIDOR,TX,UNKNOWN,UNKNOWN,UNKNOWN,UNKNOWN,UNKNOWN,UNKNOWN,UNKNOWN,UNKNOWN,UNKNOWN,UNKNOWN,UNKNOWN,UNKNOWN,UNKNOWN,UNKNOWN,UNKNOWN,UNKNOWN,UNKNOWN,UNKNOWN,UNKNOWN,UNKNOWN,UNKNOWN,UNKNOWN,UNKNOWN,UNKNOWN,UNKNOWN,UNKNOWN,unknown,https://www.rsilogistics.com/rail-solutions/rail-terminal-services/vidor-tx/,,listed,rebulk-directory,,
RSI Logistics Inc (Development),,info@rsilogistics.com,,MADISON,IN,YES,NO,YES,YES,YES,YES,YES,YES,YES,YES,YES,YES,YES,NO,NO,YES,YES,NO,NO,YES,NO,YES,YES,YES,NO,NO,unknown,https://www.rsilogistics.com/rail-solutions/rail-terminal-services/madison-in/,,verified,swl-internal,NOT_FOUND,low
Rsl Railroad LLC,,garret@rslrail.com,,MASSILLON,OH,NO,NO,NO,NO,NO,NO,YES,NO,YES,NO,NO,YES,NO,NO,NO,NO,YES,NO,NO,NO,NO,NO,YES,YES,NO,NO,unknown,https://www.massillonlogistics.com/companies/republic-short-line/,,verified,swl-internal,NOT_FOUND,low
Runyon Industries Inc,,sales@runyonindustries.com,(901) 353-4484,MEMPHIS,TN,NO,NO,NO,NO,YES,YES,NO,NO,NO,NO,NO,NO,YES,NO,NO,NO,NO,NO,NO,YES,YES,NO,YES,YES,YES,YES,unknown,https://www.runyonind.com/,,verified,swl-internal,OPERATIONAL,high
Russell Contracting,,,,DUBOIS,PA,UNKNOWN,UNKNOWN,UNKNOWN,UNKNOWN,UNKNOWN,UNKNOWN,UNKNOWN,UNKNOWN,UNKNOWN,UNKNOWN,UNKNOWN,UNKNOWN,UNKNOWN,UNKNOWN,UNKNOWN,UNKNOWN,UNKNOWN,UNKNOWN,UNKNOWN,UNKNOWN,UNKNOWN,UNKNOWN,UNKNOWN,UNKNOWN,UNKNOWN,UNKNOWN,unknown,,,listed,rebulk-directory (BPRR G&W),,
Russo Brothers,,,,HARTFORD,CT,UNKNOWN,UNKNOWN,UNKNOWN,UNKNOWN,UNKNOWN,UNKNOWN,UNKNOWN,UNKNOWN,UNKNOWN,UNKNOWN,UNKNOWN,UNKNOWN,UNKNOWN,UNKNOWN,UNKNOWN,UNKNOWN,UNKNOWN,UNKNOWN,UNKNOWN,UNKNOWN,UNKNOWN,UNKNOWN,UNKNOWN,UNKNOWN,UNKNOWN,UNKNOWN,unknown,,,listed,rebulk-directory (CSO G&W),,
Rvj Inc,,www.linkedin.com/in/david-johansson-646b89159,(978) 537-5164,LEOMINSTER,MA,NO,NO,NO,NO,NO,NO,NO,NO,NO,NO,YES,NO,NO,NO,NO,YES,NO,NO,NO,NO,NO,NO,NO,YES,NO,NO,unknown,"https://www.google.com/maps/place/56+Nashua+St,+Leominster,+MA+01453/@42.5381298,-71.7411641,824m/data=!3m2!1e3!4b1!4m5!3m4!1s0x89e3ef4a05c99cb7:0x44cd9064e10edd5b!8m2!3d42.5381259!4d-71.7389754",,verified,swl-internal,OPERATIONAL,high
Rvj Inc,,www.linkedin.com/in/david-johansson-646b89159,,WORCESTER,MA,NO,NO,NO,NO,NO,NO,NO,NO,NO,NO,YES,NO,NO,NO,NO,YES,NO,NO,NO,NO,NO,NO,NO,YES,NO,NO,unknown,"https://www.google.com/maps/place/390+Southbridge+St,+Worcester,+MA+01610/@42.2487931,-71.8077027,348m/data=!3m1!1e3!4m5!3m4!1s0x89e405d562f23ef5:0x1c3c38f35250eb85!8m2!3d42.248929!4d-71.8076158",,verified,swl-internal,NOT_FOUND,none
Rvtr,,,,WHITE CITY,OR,UNKNOWN,UNKNOWN,UNKNOWN,UNKNOWN,UNKNOWN,UNKNOWN,UNKNOWN,UNKNOWN,UNKNOWN,UNKNOWN,UNKNOWN,UNKNOWN,UNKNOWN,UNKNOWN,UNKNOWN,UNKNOWN,UNKNOWN,UNKNOWN,UNKNOWN,UNKNOWN,UNKNOWN,UNKNOWN,UNKNOWN,UNKNOWN,UNKNOWN,UNKNOWN,unknown,https://www.roguevalleyrr.com/,,listed,rebulk-directory (CORP G&W),,
Ryan Trucking Co.,Bulk Transfer,,,BEAVER DAM,KY,UNKNOWN,UNKNOWN,UNKNOWN,UNKNOWN,UNKNOWN,UNKNOWN,UNKNOWN,UNKNOWN,UNKNOWN,UNKNOWN,UNKNOWN,UNKNOWN,UNKNOWN,UNKNOWN,UNKNOWN,UNKNOWN,UNKNOWN,UNKNOWN,UNKNOWN,UNKNOWN,UNKNOWN,UNKNOWN,UNKNOWN,UNKNOWN,UNKNOWN,UNKNOWN,unknown,,,listed,rebulk-directory (PAL),,
S H Bell,,,,EAST LIVERPOOL,OH,UNKNOWN,UNKNOWN,UNKNOWN,UNKNOWN,UNKNOWN,UNKNOWN,UNKNOWN,UNKNOWN,UNKNOWN,UNKNOWN,UNKNOWN,UNKNOWN,UNKNOWN,UNKNOWN,UNKNOWN,UNKNOWN,UNKNOWN,UNKNOWN,UNKNOWN,UNKNOWN,UNKNOWN,UNKNOWN,UNKNOWN,UNKNOWN,UNKNOWN,UNKNOWN,unknown,https://SHBELLCO.COM,,listed,rebulk-directory (NS),,
S.H. Bell Patapsco Avenue Terminal,,,,BALTIMORE,MD,UNKNOWN,UNKNOWN,UNKNOWN,UNKNOWN,UNKNOWN,UNKNOWN,UNKNOWN,UNKNOWN,UNKNOWN,UNKNOWN,UNKNOWN,UNKNOWN,UNKNOWN,UNKNOWN,UNKNOWN,UNKNOWN,UNKNOWN,UNKNOWN,UNKNOWN,UNKNOWN,UNKNOWN,UNKNOWN,UNKNOWN,UNKNOWN,UNKNOWN,UNKNOWN,unknown,https://shbellco.com/facilities/baltimore-patapsco-avenue-terminal/,,listed,rebulk-directory (CSX),,
S.H. Bell South Avenue O Terminal,,,,CHICAGO,IL,UNKNOWN,UNKNOWN,UNKNOWN,UNKNOWN,UNKNOWN,UNKNOWN,UNKNOWN,UNKNOWN,UNKNOWN,UNKNOWN,UNKNOWN,UNKNOWN,UNKNOWN,UNKNOWN,UNKNOWN,UNKNOWN,UNKNOWN,UNKNOWN,UNKNOWN,UNKNOWN,UNKNOWN,UNKNOWN,UNKNOWN,UNKNOWN,UNKNOWN,UNKNOWN,unknown,https://shbellco.com/facilities/chicago-south-avenue-terminal/,,listed,rebulk-directory (NS IHB),,
Salt Lake Transloading Services,,,,SALT LAKE CITY,UT,UNKNOWN,UNKNOWN,UNKNOWN,UNKNOWN,UNKNOWN,UNKNOWN,UNKNOWN,UNKNOWN,UNKNOWN,UNKNOWN,UNKNOWN,UNKNOWN,UNKNOWN,UNKNOWN,UNKNOWN,UNKNOWN,UNKNOWN,UNKNOWN,UNKNOWN,UNKNOWN,UNKNOWN,UNKNOWN,UNKNOWN,UNKNOWN,UNKNOWN,UNKNOWN,unknown,https://patriotrail.com/salt-lake-transloading-services/,,listed,"rebulk-directory (Salt Lake, Garfield & Western Railway (SLGW) BNSF UP)",,
San Angelo Rail Port,,,,SAN ANGELO,TX,UNKNOWN,UNKNOWN,UNKNOWN,UNKNOWN,UNKNOWN,UNKNOWN,UNKNOWN,UNKNOWN,UNKNOWN,UNKNOWN,UNKNOWN,UNKNOWN,UNKNOWN,UNKNOWN,UNKNOWN,UNKNOWN,UNKNOWN,UNKNOWN,UNKNOWN,UNKNOWN,UNKNOWN,UNKNOWN,UNKNOWN,UNKNOWN,UNKNOWN,UNKNOWN,unknown,,,listed,rebulk-directory (TXPF),,
San Francisco Bay Railroad Pier 96 Transload,,,,SAN FRANCISCO,CA,UNKNOWN,UNKNOWN,UNKNOWN,UNKNOWN,UNKNOWN,UNKNOWN,UNKNOWN,UNKNOWN,UNKNOWN,UNKNOWN,UNKNOWN,UNKNOWN,UNKNOWN,UNKNOWN,UNKNOWN,UNKNOWN,UNKNOWN,UNKNOWN,UNKNOWN,UNKNOWN,UNKNOWN,UNKNOWN,UNKNOWN,UNKNOWN,UNKNOWN,UNKNOWN,unknown,,,listed,rebulk-directory (SFBR UP),,
San Pedro Forklift Rail Transload,,,,WILMINGTON,CA,UNKNOWN,UNKNOWN,UNKNOWN,UNKNOWN,UNKNOWN,UNKNOWN,UNKNOWN,UNKNOWN,UNKNOWN,UNKNOWN,UNKNOWN,UNKNOWN,UNKNOWN,UNKNOWN,UNKNOWN,UNKNOWN,UNKNOWN,UNKNOWN,UNKNOWN,UNKNOWN,UNKNOWN,UNKNOWN,UNKNOWN,UNKNOWN,UNKNOWN,UNKNOWN,unknown,https://spflogistics.com/,,listed,rebulk-directory (PHL BNSF UP),,
Sandersville Railroad Bulk Transfer Facility,,,,SANDERSVILLE,GA,UNKNOWN,UNKNOWN,UNKNOWN,UNKNOWN,UNKNOWN,UNKNOWN,UNKNOWN,UNKNOWN,UNKNOWN,UNKNOWN,UNKNOWN,UNKNOWN,UNKNOWN,UNKNOWN,UNKNOWN,UNKNOWN,UNKNOWN,UNKNOWN,UNKNOWN,UNKNOWN,UNKNOWN,UNKNOWN,UNKNOWN,UNKNOWN,UNKNOWN,UNKNOWN,unknown,https://www.sandersvillerailroad.com,,listed,rebulk-directory (NS SAN),,
Sandersville Railroad Reload,,,,SANDERSVILLE,GA,UNKNOWN,UNKNOWN,UNKNOWN,UNKNOWN,UNKNOWN,UNKNOWN,UNKNOWN,UNKNOWN,UNKNOWN,UNKNOWN,UNKNOWN,UNKNOWN,UNKNOWN,UNKNOWN,UNKNOWN,UNKNOWN,UNKNOWN,UNKNOWN,UNKNOWN,UNKNOWN,UNKNOWN,UNKNOWN,UNKNOWN,UNKNOWN,UNKNOWN,UNKNOWN,unknown,https://www.sandersvillerailroad.com/,,listed,rebulk-directory (NS SAN),,
Sandusky Dock,,,,SANDUSKY,OH,UNKNOWN,UNKNOWN,UNKNOWN,UNKNOWN,UNKNOWN,UNKNOWN,UNKNOWN,UNKNOWN,UNKNOWN,UNKNOWN,UNKNOWN,UNKNOWN,UNKNOWN,UNKNOWN,UNKNOWN,UNKNOWN,UNKNOWN,UNKNOWN,UNKNOWN,UNKNOWN,UNKNOWN,UNKNOWN,UNKNOWN,UNKNOWN,UNKNOWN,UNKNOWN,unknown,,,listed,rebulk-directory (NS),,
Santa Clara Warehouses (Yandell Companies),363 Industrial Way,,,BENICIA,CA,UNKNOWN,UNKNOWN,UNKNOWN,UNKNOWN,UNKNOWN,UNKNOWN,UNKNOWN,UNKNOWN,UNKNOWN,UNKNOWN,UNKNOWN,UNKNOWN,UNKNOWN,UNKNOWN,UNKNOWN,UNKNOWN,UNKNOWN,UNKNOWN,UNKNOWN,UNKNOWN,UNKNOWN,UNKNOWN,UNKNOWN,UNKNOWN,UNKNOWN,UNKNOWN,unknown,https://www.yandellcompanies.com/,,listed,rebulk-directory (UP),,
Santa Maria Valley Railroad Osburn Railyard,,,,SANTA MARIA,CA,UNKNOWN,UNKNOWN,UNKNOWN,UNKNOWN,UNKNOWN,UNKNOWN,UNKNOWN,UNKNOWN,UNKNOWN,UNKNOWN,UNKNOWN,UNKNOWN,UNKNOWN,UNKNOWN,UNKNOWN,UNKNOWN,UNKNOWN,UNKNOWN,UNKNOWN,UNKNOWN,UNKNOWN,UNKNOWN,UNKNOWN,UNKNOWN,UNKNOWN,UNKNOWN,unknown,https://omnitrax.com/our-managed-railroad-santa-maria-valley/,,listed,rebulk-directory (SMV UP),,
Sargent Docks & Terminals,,www.linkedin.com/in/rob-bingham-41a8707,(989) 752-3101,SAGINAW,MI,NO,NO,NO,NO,NO,NO,NO,NO,YES,NO,NO,NO,NO,NO,NO,NO,YES,NO,NO,NO,NO,NO,NO,YES,NO,NO,unknown,http://www.sargentdocks.com/,,verified,swl-internal,OPERATIONAL,high
Sauder EDC,,,,ARCHBOLD,OH,UNKNOWN,UNKNOWN,UNKNOWN,UNKNOWN,UNKNOWN,UNKNOWN,UNKNOWN,UNKNOWN,UNKNOWN,UNKNOWN,UNKNOWN,UNKNOWN,UNKNOWN,UNKNOWN,UNKNOWN,UNKNOWN,UNKNOWN,UNKNOWN,UNKNOWN,UNKNOWN,UNKNOWN,UNKNOWN,UNKNOWN,UNKNOWN,UNKNOWN,UNKNOWN,unknown,https://Www.sauder.com,,listed,rebulk-directory (NS),,
Savage,,,,DELAWARE CITY,DE,UNKNOWN,UNKNOWN,UNKNOWN,UNKNOWN,UNKNOWN,UNKNOWN,UNKNOWN,UNKNOWN,UNKNOWN,UNKNOWN,UNKNOWN,UNKNOWN,UNKNOWN,UNKNOWN,UNKNOWN,UNKNOWN,UNKNOWN,UNKNOWN,UNKNOWN,UNKNOWN,UNKNOWN,UNKNOWN,UNKNOWN,UNKNOWN,UNKNOWN,UNKNOWN,unknown,https://savageco.com/locations/,,listed,rebulk-directory (Norfolk Southern Railway (NS)),,
Savage,Reno Transload,,,MCCARRAN,NV,UNKNOWN,UNKNOWN,UNKNOWN,UNKNOWN,UNKNOWN,UNKNOWN,UNKNOWN,UNKNOWN,UNKNOWN,UNKNOWN,UNKNOWN,UNKNOWN,UNKNOWN,UNKNOWN,UNKNOWN,UNKNOWN,UNKNOWN,UNKNOWN,UNKNOWN,UNKNOWN,UNKNOWN,UNKNOWN,UNKNOWN,UNKNOWN,UNKNOWN,UNKNOWN,unknown,https://savageco.com/,,listed,rebulk-directory (UP),,
Savage,"Cleveland, OH",,,BROOK PARK,OH,UNKNOWN,UNKNOWN,UNKNOWN,UNKNOWN,UNKNOWN,UNKNOWN,UNKNOWN,UNKNOWN,UNKNOWN,UNKNOWN,UNKNOWN,UNKNOWN,UNKNOWN,UNKNOWN,UNKNOWN,UNKNOWN,UNKNOWN,UNKNOWN,UNKNOWN,UNKNOWN,UNKNOWN,UNKNOWN,UNKNOWN,UNKNOWN,UNKNOWN,UNKNOWN,unknown,https://savageco.com/locations/,,listed,rebulk-directory,,
Savage,"New Stanton, PA Transload Terminal",,,MOUNT PLEASANT (EAST HUNTINGDON TWP),PA,UNKNOWN,UNKNOWN,UNKNOWN,UNKNOWN,UNKNOWN,UNKNOWN,UNKNOWN,UNKNOWN,UNKNOWN,UNKNOWN,UNKNOWN,UNKNOWN,UNKNOWN,UNKNOWN,UNKNOWN,UNKNOWN,UNKNOWN,UNKNOWN,UNKNOWN,UNKNOWN,UNKNOWN,UNKNOWN,UNKNOWN,UNKNOWN,UNKNOWN,UNKNOWN,unknown,https://savageco.com/,,listed,rebulk-directory (CSX NS Southwest Pe),,
Savage Brownsville Transload Terminal,,,,BROWNSVILLE,TX,UNKNOWN,UNKNOWN,UNKNOWN,UNKNOWN,UNKNOWN,UNKNOWN,UNKNOWN,UNKNOWN,UNKNOWN,UNKNOWN,UNKNOWN,UNKNOWN,UNKNOWN,UNKNOWN,UNKNOWN,UNKNOWN,UNKNOWN,UNKNOWN,UNKNOWN,UNKNOWN,UNKNOWN,UNKNOWN,UNKNOWN,UNKNOWN,UNKNOWN,UNKNOWN,unknown,https://www.savageservices.com/,,listed,rebulk-directory (Brownsville & Rio Grande International Railway (BRG) UP CPKC),,
"Savage Cedar City, UT Transload",,,,CEDAR CITY,UT,UNKNOWN,UNKNOWN,UNKNOWN,UNKNOWN,UNKNOWN,UNKNOWN,UNKNOWN,UNKNOWN,UNKNOWN,UNKNOWN,UNKNOWN,UNKNOWN,UNKNOWN,UNKNOWN,UNKNOWN,UNKNOWN,UNKNOWN,UNKNOWN,UNKNOWN,UNKNOWN,UNKNOWN,UNKNOWN,UNKNOWN,UNKNOWN,UNKNOWN,UNKNOWN,unknown,https://savageco.com/,,listed,rebulk-directory (UP),,
Savage Chicago NS Thoroughbred Bulk Terminal,,,,CHICAGO,IL,UNKNOWN,UNKNOWN,UNKNOWN,UNKNOWN,UNKNOWN,UNKNOWN,UNKNOWN,UNKNOWN,UNKNOWN,UNKNOWN,UNKNOWN,UNKNOWN,UNKNOWN,UNKNOWN,UNKNOWN,UNKNOWN,UNKNOWN,UNKNOWN,UNKNOWN,UNKNOWN,UNKNOWN,UNKNOWN,UNKNOWN,UNKNOWN,UNKNOWN,UNKNOWN,unknown,https://savageco.com/,,listed,rebulk-directory (NS),,
Savage Pocatello Transload Terminal,,,,POCATELLO,ID,UNKNOWN,UNKNOWN,UNKNOWN,UNKNOWN,UNKNOWN,UNKNOWN,UNKNOWN,UNKNOWN,UNKNOWN,UNKNOWN,UNKNOWN,UNKNOWN,UNKNOWN,UNKNOWN,UNKNOWN,UNKNOWN,UNKNOWN,UNKNOWN,UNKNOWN,UNKNOWN,UNKNOWN,UNKNOWN,UNKNOWN,UNKNOWN,UNKNOWN,UNKNOWN,unknown,https://savageco.com/transload/,,listed,rebulk-directory (UP),,
Savage Railport - Southern Idaho,,,,POCATELLO,ID,UNKNOWN,UNKNOWN,UNKNOWN,UNKNOWN,UNKNOWN,UNKNOWN,UNKNOWN,UNKNOWN,UNKNOWN,UNKNOWN,UNKNOWN,UNKNOWN,UNKNOWN,UNKNOWN,UNKNOWN,UNKNOWN,UNKNOWN,UNKNOWN,UNKNOWN,UNKNOWN,UNKNOWN,UNKNOWN,UNKNOWN,UNKNOWN,UNKNOWN,UNKNOWN,unknown,https://savageco.com/transload/,,listed,rebulk-directory (UP),,
Savage Safe Handling Inc,,danielp@savageservices.com,(207) 440-2500,AUBURN,ME,YES,NO,YES,YES,YES,YES,YES,NO,YES,YES,YES,NO,YES,NO,NO,NO,YES,NO,NO,YES,NO,YES,YES,YES,YES,YES,unknown,https://savageco.com/services/transload-facilities/auburn-maine/,,verified,swl-internal,OPERATIONAL,medium
Savage Service Corp,,danielp@savageservices.com,,BIRMINGHAM,AL,YES,NO,YES,YES,YES,YES,YES,NO,YES,YES,YES,NO,YES,NO,NO,NO,YES,NO,NO,YES,NO,YES,YES,YES,YES,YES,unknown,https://www.savageservices.com/services/terminal-transload/,,verified,swl-internal,NOT_FOUND,low
Savage Service Corp,,danielp@savageservices.com,(310) 847-4080,SANTA FE SPINGS,CA,YES,NO,YES,YES,YES,YES,YES,NO,YES,YES,YES,NO,YES,NO,NO,NO,YES,NO,NO,YES,NO,YES,YES,YES,YES,YES,unknown,https://savageservices.com/,,verified,swl-internal,OPERATIONAL,high
Savage Service Corp,,danielp@savageservices.com,(303) 922-2148,COLORADO SPRINGS,CO,YES,NO,YES,YES,YES,YES,YES,NO,YES,YES,YES,NO,YES,NO,NO,NO,YES,NO,NO,YES,NO,YES,YES,YES,YES,YES,unknown,https://www.savageservices.com/,,verified,swl-internal,OPERATIONAL,high
Savage Service Corp,,danielp@savageservices.com,(303) 288-0097,HENDERSON,CO,YES,NO,YES,YES,YES,YES,YES,NO,YES,YES,YES,NO,YES,NO,NO,NO,YES,NO,NO,YES,NO,YES,YES,YES,YES,YES,unknown,https://savageco.com/transload/denver-colorado/,,verified,swl-internal,OPERATIONAL,high
Savage Service Corp,,danielp@savageservices.com,(970) 665-9357,RIFLE,CO,YES,NO,YES,YES,YES,YES,YES,NO,YES,YES,YES,NO,YES,NO,NO,NO,YES,NO,NO,YES,NO,YES,YES,YES,YES,YES,unknown,https://savageservices.com/,,verified,swl-internal,OPERATIONAL,high
Savage Service Corp,,danielp@savageservices.com,(386) 755-9097,LAKE CITY,FL,YES,NO,YES,YES,YES,YES,YES,NO,YES,YES,YES,NO,YES,NO,NO,NO,YES,NO,NO,YES,NO,YES,YES,YES,YES,YES,unknown,https://www.savageservices.com/services/terminal-transload/,,verified,swl-internal,OPERATIONAL,high
Savage Service Corp,,danielp@savageservices.com,,DAVENPORT,IA,YES,NO,YES,YES,YES,YES,YES,NO,YES,YES,YES,NO,YES,NO,NO,NO,YES,NO,NO,YES,NO,YES,YES,YES,YES,YES,unknown,https://www.savageservices.com/services/terminal-transload/,,verified,swl-internal,NOT_FOUND,low
Savage Service Corp,,danielp@savageservices.com,,VENICE,IL,YES,NO,YES,YES,YES,YES,YES,NO,YES,YES,YES,NO,YES,NO,NO,NO,YES,NO,NO,YES,NO,YES,YES,YES,YES,YES,unknown,https://www.savageservices.com/services/terminal-transload/,,verified,swl-internal,NOT_FOUND,none
Savage Service Corp,,danielp@savageservices.com,,HAMMOND,IN,NO,NO,NO,NO,NO,NO,NO,NO,NO,NO,NO,YES,NO,NO,NO,NO,NO,NO,NO,NO,NO,NO,NO,NO,NO,NO,unknown,https://www.savageservices.com/services/terminal-transload/,,verified,swl-internal,NOT_FOUND,low
Savage Service Corp,,danielp@savageservices.com,(316) 321-3184,EL DORADO,KS,YES,NO,YES,YES,YES,YES,YES,NO,YES,YES,YES,NO,YES,NO,NO,NO,YES,NO,NO,YES,NO,YES,YES,YES,YES,YES,unknown,https://savageco.com/transload/el-dorado-kansas/,,verified,swl-internal,OPERATIONAL,medium
Savage Service Corp,,danielp@savageservices.com,(801) 944-6600,WESTLAKE,LA,YES,NO,YES,YES,YES,YES,YES,NO,YES,YES,YES,NO,YES,NO,NO,NO,YES,NO,NO,YES,NO,YES,YES,YES,YES,YES,unknown,https://savageco.com/transload/westlake-louisiana/,,verified,swl-internal,OPERATIONAL,medium
Savage Service Corp,,danielp@savageservices.com,,MELVINDALE,MI,YES,NO,YES,YES,YES,YES,YES,NO,YES,YES,YES,NO,YES,NO,NO,NO,YES,NO,NO,YES,NO,YES,YES,YES,YES,YES,unknown,https://www.savageservices.com/services/terminal-transload/,,verified,swl-internal,NOT_FOUND,low
Savage Service Corp,,danielp@savageservices.com,(701) 774-9301,TRENTON,ND,YES,NO,YES,YES,YES,YES,YES,NO,YES,YES,YES,NO,YES,NO,NO,NO,YES,NO,NO,YES,NO,YES,YES,YES,YES,YES,unknown,https://savageservices.com/,,verified,swl-internal,OPERATIONAL,high
Savage Service Corp,,danielp@savageservices.com,,ELKO,NV,YES,NO,YES,YES,YES,YES,YES,NO,YES,YES,YES,NO,YES,NO,NO,NO,YES,NO,NO,YES,NO,YES,YES,YES,YES,YES,unknown,https://www.savageservices.com/services/terminal-transload/,,verified,swl-internal,NOT_FOUND,low
Savage Service Corp,,danielp@savageservices.com,(585) 500-5170,ROCHESTER,NY,YES,NO,YES,YES,YES,YES,YES,NO,YES,YES,YES,NO,YES,NO,NO,NO,YES,NO,NO,YES,NO,YES,YES,YES,YES,YES,unknown,https://savageco.com/transload/rochester-new-york/,,verified,swl-internal,OPERATIONAL,medium
Savage Service Corp,,danielp@savageservices.com,,LORDSTOWN,OH,YES,NO,YES,YES,YES,YES,YES,NO,YES,YES,YES,NO,YES,NO,NO,NO,YES,NO,NO,YES,NO,YES,YES,YES,YES,YES,unknown,https://www.savageservices.com/services/terminal-transload/,,verified,swl-internal,NOT_FOUND,low
Savage Service Corp,,danielp@savageservices.com,,ZANESVILLE,OH,YES,NO,YES,YES,YES,YES,YES,NO,YES,YES,YES,NO,YES,NO,NO,NO,YES,NO,NO,YES,NO,YES,YES,YES,YES,YES,unknown,https://www.savageservices.com/services/terminal-transload/,,verified,swl-internal,NOT_FOUND,low
Savage Service Corp,,danielp@savageservices.com,,MOUNT PLEASANT,PA,YES,NO,YES,YES,YES,YES,YES,NO,YES,YES,YES,NO,YES,NO,NO,NO,YES,NO,NO,YES,NO,YES,YES,YES,YES,YES,unknown,https://www.savageservices.com/services/terminal-transload/,,verified,swl-internal,NOT_FOUND,low
Savage Service Corp,,danielp@savageservices.com,(267) 770-9649,PHILADELPHIA,PA,YES,NO,YES,YES,YES,YES,YES,NO,YES,YES,YES,NO,YES,NO,NO,NO,YES,NO,NO,YES,NO,YES,YES,YES,YES,YES,unknown,https://www.tsavageconstruction.com/,,verified,swl-internal,OPERATIONAL,medium
Savage Service Corp,,danielp@savageservices.com,(570) 888-0090,SAYRE,PA,YES,NO,YES,YES,YES,YES,YES,NO,YES,YES,YES,NO,YES,NO,NO,NO,YES,NO,NO,YES,NO,YES,YES,YES,YES,YES,unknown,https://savageco.com/transload/sayre-pennsylvania/,,verified,swl-internal,OPERATIONAL,medium
Savage Service Corp,,danielp@savageservices.com,,BIG SPRING,TX,YES,NO,YES,YES,YES,YES,YES,NO,YES,YES,YES,NO,YES,NO,NO,NO,YES,NO,NO,YES,NO,YES,YES,YES,YES,YES,unknown,https://www.savageservices.com/services/terminal-transload/,,review,swl-internal,CLOSED_TEMPORARILY,high
Savage Service Corp,,danielp@savageservices.com,(409) 935-8388,GALVESTON,TX,YES,NO,YES,YES,YES,YES,YES,NO,YES,YES,YES,NO,YES,NO,NO,NO,YES,NO,NO,YES,NO,YES,YES,YES,YES,YES,unknown,https://savageservices.com/,,verified,swl-internal,OPERATIONAL,high
Savage Service Corp,,danielp@savageservices.com,(801) 944-6600,MIDVALE,UT,YES,NO,YES,YES,YES,YES,YES,NO,YES,YES,YES,NO,YES,NO,NO,NO,YES,NO,NO,YES,NO,YES,YES,YES,YES,YES,unknown,https://savageservices.com/,,verified,swl-internal,OPERATIONAL,high
Savage Service Corp,,danielp@savageservices.com,(435) 637-5664,PRICE,UT,YES,NO,YES,YES,YES,YES,YES,NO,YES,YES,YES,NO,YES,NO,NO,NO,YES,NO,NO,YES,NO,YES,YES,YES,YES,YES,unknown,https://savageco.com/transload/price-utah/,,verified,swl-internal,OPERATIONAL,medium
Savage Service Corp,,danielp@savageservices.com,(800) 827-4439,TOOELE,UT,YES,NO,YES,YES,YES,YES,YES,NO,YES,YES,YES,NO,YES,NO,NO,NO,YES,NO,NO,YES,NO,YES,YES,YES,YES,YES,unknown,https://savageservices.com/,,verified,swl-internal,OPERATIONAL,medium
Savage Services,Transload Facility,,,SHELBY,MT,UNKNOWN,UNKNOWN,UNKNOWN,UNKNOWN,UNKNOWN,UNKNOWN,UNKNOWN,UNKNOWN,UNKNOWN,UNKNOWN,UNKNOWN,UNKNOWN,UNKNOWN,UNKNOWN,UNKNOWN,UNKNOWN,UNKNOWN,UNKNOWN,UNKNOWN,UNKNOWN,UNKNOWN,UNKNOWN,UNKNOWN,UNKNOWN,UNKNOWN,UNKNOWN,unknown,https://savageco.com/transload/,,listed,rebulk-directory (BNSF),,
Savage Services,,,,JUNCTION CITY,OR,UNKNOWN,UNKNOWN,UNKNOWN,UNKNOWN,UNKNOWN,UNKNOWN,UNKNOWN,UNKNOWN,UNKNOWN,UNKNOWN,UNKNOWN,UNKNOWN,UNKNOWN,UNKNOWN,UNKNOWN,UNKNOWN,UNKNOWN,UNKNOWN,UNKNOWN,UNKNOWN,UNKNOWN,UNKNOWN,UNKNOWN,UNKNOWN,UNKNOWN,UNKNOWN,unknown,,,listed,rebulk-directory (G&W PNWR),,
Savage Services,,,,SALEM,OR,UNKNOWN,UNKNOWN,UNKNOWN,UNKNOWN,UNKNOWN,UNKNOWN,UNKNOWN,UNKNOWN,UNKNOWN,UNKNOWN,UNKNOWN,UNKNOWN,UNKNOWN,UNKNOWN,UNKNOWN,UNKNOWN,UNKNOWN,UNKNOWN,UNKNOWN,UNKNOWN,UNKNOWN,UNKNOWN,UNKNOWN,UNKNOWN,UNKNOWN,UNKNOWN,unknown,,,listed,rebulk-directory (G&W PNWR),,
Savage Silver Bow Transload Facility,,,,BUTTE,MT,UNKNOWN,UNKNOWN,UNKNOWN,UNKNOWN,UNKNOWN,UNKNOWN,UNKNOWN,UNKNOWN,UNKNOWN,UNKNOWN,UNKNOWN,UNKNOWN,UNKNOWN,UNKNOWN,UNKNOWN,UNKNOWN,UNKNOWN,UNKNOWN,UNKNOWN,UNKNOWN,UNKNOWN,UNKNOWN,UNKNOWN,UNKNOWN,UNKNOWN,UNKNOWN,unknown,https://savageco.com/butte-montana/,,listed,rebulk-directory (BNSF UP),,
Savage St. Louis Thoroughbred Bulk Terminal,,,,EDWARDSVILLE,IL,UNKNOWN,UNKNOWN,UNKNOWN,UNKNOWN,UNKNOWN,UNKNOWN,UNKNOWN,UNKNOWN,UNKNOWN,UNKNOWN,UNKNOWN,UNKNOWN,UNKNOWN,UNKNOWN,UNKNOWN,UNKNOWN,UNKNOWN,UNKNOWN,UNKNOWN,UNKNOWN,UNKNOWN,UNKNOWN,UNKNOWN,UNKNOWN,UNKNOWN,UNKNOWN,unknown,https://savageco.com/,,listed,rebulk-directory (NS),,
Savage Transload Network LLC,,,,JUNCTION CITY,OR,UNKNOWN,UNKNOWN,UNKNOWN,UNKNOWN,UNKNOWN,UNKNOWN,UNKNOWN,UNKNOWN,UNKNOWN,UNKNOWN,UNKNOWN,UNKNOWN,UNKNOWN,UNKNOWN,UNKNOWN,UNKNOWN,UNKNOWN,UNKNOWN,UNKNOWN,UNKNOWN,UNKNOWN,UNKNOWN,UNKNOWN,UNKNOWN,UNKNOWN,UNKNOWN,unknown,,,listed,rebulk-directory (BNSF),,
Savage Transload Network LLC,,,,SALEM,OR,UNKNOWN,UNKNOWN,UNKNOWN,UNKNOWN,UNKNOWN,UNKNOWN,UNKNOWN,UNKNOWN,UNKNOWN,UNKNOWN,UNKNOWN,UNKNOWN,UNKNOWN,UNKNOWN,UNKNOWN,UNKNOWN,UNKNOWN,UNKNOWN,UNKNOWN,UNKNOWN,UNKNOWN,UNKNOWN,UNKNOWN,UNKNOWN,UNKNOWN,UNKNOWN,unknown,,,listed,rebulk-directory (BNSF),,
Savannah Industrial Transportation,,,,RINCON,GA,UNKNOWN,UNKNOWN,UNKNOWN,UNKNOWN,UNKNOWN,UNKNOWN,UNKNOWN,UNKNOWN,UNKNOWN,UNKNOWN,UNKNOWN,UNKNOWN,UNKNOWN,UNKNOWN,UNKNOWN,UNKNOWN,UNKNOWN,UNKNOWN,UNKNOWN,UNKNOWN,UNKNOWN,UNKNOWN,UNKNOWN,UNKNOWN,UNKNOWN,UNKNOWN,unknown,https://omnitrax.com/savannah-gateway-industrial-hub-2/,,listed,rebulk-directory (Savannah Industrial Transportation (SIT) CSX NS),,
Savannah Re-Load,,,,GARDEN CITY,GA,UNKNOWN,UNKNOWN,UNKNOWN,UNKNOWN,UNKNOWN,UNKNOWN,UNKNOWN,UNKNOWN,UNKNOWN,UNKNOWN,UNKNOWN,UNKNOWN,UNKNOWN,UNKNOWN,UNKNOWN,UNKNOWN,UNKNOWN,UNKNOWN,UNKNOWN,UNKNOWN,UNKNOWN,UNKNOWN,UNKNOWN,UNKNOWN,UNKNOWN,UNKNOWN,unknown,,,listed,rebulk-directory (AWRY NS),,
Sawtooth Caverns NGL Storage and Transload Facility,,,,DELTA,UT,UNKNOWN,UNKNOWN,UNKNOWN,UNKNOWN,UNKNOWN,UNKNOWN,UNKNOWN,UNKNOWN,UNKNOWN,UNKNOWN,UNKNOWN,UNKNOWN,UNKNOWN,UNKNOWN,UNKNOWN,UNKNOWN,UNKNOWN,UNKNOWN,UNKNOWN,UNKNOWN,UNKNOWN,UNKNOWN,UNKNOWN,UNKNOWN,UNKNOWN,UNKNOWN,unknown,https://sawtoothcaverns.com/,,listed,rebulk-directory (UP),,
Scf Lewis And Clark Terminals Mrt,,,,SAINT LOUIS,MO,UNKNOWN,UNKNOWN,UNKNOWN,UNKNOWN,UNKNOWN,UNKNOWN,UNKNOWN,UNKNOWN,UNKNOWN,UNKNOWN,UNKNOWN,UNKNOWN,UNKNOWN,UNKNOWN,UNKNOWN,UNKNOWN,UNKNOWN,UNKNOWN,UNKNOWN,UNKNOWN,UNKNOWN,UNKNOWN,UNKNOWN,UNKNOWN,UNKNOWN,UNKNOWN,unknown,https://ingraminfrastructure.com/,,listed,rebulk-directory (BNSF),,
Scharf Carri Materials Co,,,,EAST PEORIA,IL,UNKNOWN,UNKNOWN,UNKNOWN,UNKNOWN,UNKNOWN,UNKNOWN,UNKNOWN,UNKNOWN,UNKNOWN,UNKNOWN,UNKNOWN,UNKNOWN,UNKNOWN,UNKNOWN,UNKNOWN,UNKNOWN,UNKNOWN,UNKNOWN,UNKNOWN,UNKNOWN,UNKNOWN,UNKNOWN,UNKNOWN,UNKNOWN,UNKNOWN,UNKNOWN,unknown,,,listed,rebulk-directory (G&W TPW),,
Schiller Park Transload,,,,SCHILLER PARK,IL,UNKNOWN,UNKNOWN,UNKNOWN,UNKNOWN,UNKNOWN,UNKNOWN,UNKNOWN,UNKNOWN,UNKNOWN,UNKNOWN,UNKNOWN,UNKNOWN,UNKNOWN,UNKNOWN,UNKNOWN,UNKNOWN,UNKNOWN,UNKNOWN,UNKNOWN,UNKNOWN,UNKNOWN,UNKNOWN,UNKNOWN,UNKNOWN,UNKNOWN,UNKNOWN,unknown,https://www.cpkcr.com/en/our-markets/transload,,listed,rebulk-directory (CPKC),,
Scoular Grain,,,,GOODLAND,KS,UNKNOWN,UNKNOWN,UNKNOWN,UNKNOWN,UNKNOWN,UNKNOWN,UNKNOWN,UNKNOWN,UNKNOWN,UNKNOWN,UNKNOWN,UNKNOWN,UNKNOWN,UNKNOWN,UNKNOWN,UNKNOWN,UNKNOWN,UNKNOWN,UNKNOWN,UNKNOWN,UNKNOWN,UNKNOWN,UNKNOWN,UNKNOWN,UNKNOWN,UNKNOWN,unknown,https://www.scoular.com/,,listed,rebulk-directory (G&W KYLE),,
Sdiy Choice Terminal,,jared.gooch@gwrr.com,,SAN DIEGO,CA,NO,NO,NO,NO,NO,NO,NO,NO,NO,NO,YES,NO,NO,NO,NO,NO,NO,NO,NO,NO,NO,NO,NO,NO,NO,NO,unknown,https://www.san.org/,,verified,swl-internal,OPERATIONAL,medium
Sea Jet Warehousing & Distribution,,,,EDISON,NJ,UNKNOWN,UNKNOWN,UNKNOWN,UNKNOWN,UNKNOWN,UNKNOWN,UNKNOWN,UNKNOWN,UNKNOWN,UNKNOWN,UNKNOWN,UNKNOWN,UNKNOWN,UNKNOWN,UNKNOWN,UNKNOWN,UNKNOWN,UNKNOWN,UNKNOWN,UNKNOWN,UNKNOWN,UNKNOWN,UNKNOWN,UNKNOWN,UNKNOWN,UNKNOWN,unknown,https://www.sea-jet.com,,listed,rebulk-directory (NS),,
"Sea Pac Transport Services, LLC",,,,SEATTLE,WA,UNKNOWN,UNKNOWN,UNKNOWN,UNKNOWN,UNKNOWN,UNKNOWN,UNKNOWN,UNKNOWN,UNKNOWN,UNKNOWN,UNKNOWN,UNKNOWN,UNKNOWN,UNKNOWN,UNKNOWN,UNKNOWN,UNKNOWN,UNKNOWN,UNKNOWN,UNKNOWN,UNKNOWN,UNKNOWN,UNKNOWN,UNKNOWN,UNKNOWN,UNKNOWN,unknown,,,listed,rebulk-directory (BNSF UP);bnsf-premier-flipbook,,
Sea-3 Newington Propane Terminal,,,,NEWINGTON,NH,UNKNOWN,UNKNOWN,UNKNOWN,UNKNOWN,UNKNOWN,UNKNOWN,UNKNOWN,UNKNOWN,UNKNOWN,UNKNOWN,UNKNOWN,UNKNOWN,UNKNOWN,UNKNOWN,UNKNOWN,UNKNOWN,UNKNOWN,UNKNOWN,UNKNOWN,UNKNOWN,UNKNOWN,UNKNOWN,UNKNOWN,UNKNOWN,UNKNOWN,UNKNOWN,unknown,https://blacklinemidstream.com/project/newington-nh/,,listed,rebulk-directory (CSX),,
Seaboard Bulk Terminals,,,,GRANDE PRAIRIE,AB,UNKNOWN,UNKNOWN,UNKNOWN,UNKNOWN,UNKNOWN,UNKNOWN,UNKNOWN,UNKNOWN,UNKNOWN,UNKNOWN,UNKNOWN,UNKNOWN,UNKNOWN,UNKNOWN,UNKNOWN,UNKNOWN,UNKNOWN,UNKNOWN,UNKNOWN,UNKNOWN,UNKNOWN,UNKNOWN,UNKNOWN,UNKNOWN,UNKNOWN,UNKNOWN,unknown,,,listed,bulktransporter,,
Seaford Transload Terminal,,,,SEAFORD,DE,UNKNOWN,UNKNOWN,UNKNOWN,UNKNOWN,UNKNOWN,UNKNOWN,UNKNOWN,UNKNOWN,UNKNOWN,UNKNOWN,UNKNOWN,UNKNOWN,UNKNOWN,UNKNOWN,UNKNOWN,UNKNOWN,UNKNOWN,UNKNOWN,UNKNOWN,UNKNOWN,UNKNOWN,UNKNOWN,UNKNOWN,UNKNOWN,UNKNOWN,UNKNOWN,unknown,https://www.carloadexpress.com,,listed,rebulk-directory (DCR NS),,
Seaonus Refrigerated Services,,,,MOBILE,AL,UNKNOWN,UNKNOWN,UNKNOWN,UNKNOWN,UNKNOWN,UNKNOWN,UNKNOWN,UNKNOWN,UNKNOWN,UNKNOWN,UNKNOWN,UNKNOWN,UNKNOWN,UNKNOWN,UNKNOWN,UNKNOWN,UNKNOWN,UNKNOWN,UNKNOWN,UNKNOWN,UNKNOWN,UNKNOWN,UNKNOWN,UNKNOWN,UNKNOWN,UNKNOWN,unknown,https://enstructure.com/network/gulf-coast/,,listed,rebulk-directory (BNSF),,
Seaonus Steverdoring Services Jax,,,,JACKSONVILLE,FL,UNKNOWN,UNKNOWN,UNKNOWN,UNKNOWN,UNKNOWN,UNKNOWN,UNKNOWN,UNKNOWN,UNKNOWN,UNKNOWN,UNKNOWN,UNKNOWN,UNKNOWN,UNKNOWN,UNKNOWN,UNKNOWN,UNKNOWN,UNKNOWN,UNKNOWN,UNKNOWN,UNKNOWN,UNKNOWN,UNKNOWN,UNKNOWN,UNKNOWN,UNKNOWN,unknown,https://enstructure.com/network/southeast/,,listed,rebulk-directory (NS),,
SeaPort Sound Terminal,,,,TACOMA,WA,UNKNOWN,UNKNOWN,UNKNOWN,UNKNOWN,UNKNOWN,UNKNOWN,UNKNOWN,UNKNOWN,UNKNOWN,UNKNOWN,UNKNOWN,UNKNOWN,UNKNOWN,UNKNOWN,UNKNOWN,UNKNOWN,UNKNOWN,UNKNOWN,UNKNOWN,UNKNOWN,UNKNOWN,UNKNOWN,UNKNOWN,UNKNOWN,UNKNOWN,UNKNOWN,unknown,,,listed,rebulk-directory (Tacoma Rail (TMBL) BNSF UP),,
Seaview Transportation Company Transload,,,,NORTH KINGSTOWN,RI,UNKNOWN,UNKNOWN,UNKNOWN,UNKNOWN,UNKNOWN,UNKNOWN,UNKNOWN,UNKNOWN,UNKNOWN,UNKNOWN,UNKNOWN,UNKNOWN,UNKNOWN,UNKNOWN,UNKNOWN,UNKNOWN,UNKNOWN,UNKNOWN,UNKNOWN,UNKNOWN,UNKNOWN,UNKNOWN,UNKNOWN,UNKNOWN,UNKNOWN,UNKNOWN,unknown,https://seaviewrr.com/,,listed,rebulk-directory (SVTX PW),,
Seaway Bulk Services,,railroad@sover.net,(315) 393-3970,ODGDENSBURG,NY,NO,NO,NO,NO,NO,NO,NO,YES,YES,NO,NO,YES,NO,YES,NO,NO,YES,NO,NO,NO,NO,NO,NO,YES,NO,NO,unknown,http://www.vrs.us.com/partners/sbs.html,,verified,swl-internal,OPERATIONAL,medium
Security Bonded Warehouse,,,,RALEIGH,NC,UNKNOWN,UNKNOWN,UNKNOWN,UNKNOWN,UNKNOWN,UNKNOWN,UNKNOWN,UNKNOWN,UNKNOWN,UNKNOWN,UNKNOWN,UNKNOWN,UNKNOWN,UNKNOWN,UNKNOWN,UNKNOWN,UNKNOWN,UNKNOWN,UNKNOWN,UNKNOWN,UNKNOWN,UNKNOWN,UNKNOWN,UNKNOWN,UNKNOWN,UNKNOWN,unknown,https://securitybonded.com/,,listed,rebulk-directory (NS),,
Seminole Gulf Railway Arcadia Transload,,,,ARCADIA,FL,UNKNOWN,UNKNOWN,UNKNOWN,UNKNOWN,UNKNOWN,UNKNOWN,UNKNOWN,UNKNOWN,UNKNOWN,UNKNOWN,UNKNOWN,UNKNOWN,UNKNOWN,UNKNOWN,UNKNOWN,UNKNOWN,UNKNOWN,UNKNOWN,UNKNOWN,UNKNOWN,UNKNOWN,UNKNOWN,UNKNOWN,UNKNOWN,UNKNOWN,UNKNOWN,unknown,https://www.floridarail.com/,,listed,rebulk-directory (Seminole Gulf Railway (SGLR)),,
Seminole Gulf Railway North Fort Myers Transload,,,,NORTH FORT MYERS,FL,UNKNOWN,UNKNOWN,UNKNOWN,UNKNOWN,UNKNOWN,UNKNOWN,UNKNOWN,UNKNOWN,UNKNOWN,UNKNOWN,UNKNOWN,UNKNOWN,UNKNOWN,UNKNOWN,UNKNOWN,UNKNOWN,UNKNOWN,UNKNOWN,UNKNOWN,UNKNOWN,UNKNOWN,UNKNOWN,UNKNOWN,UNKNOWN,UNKNOWN,UNKNOWN,unknown,https://www.floridarail.com/,,listed,rebulk-directory (Seminole Gulf Railway (SGLR)),,
Seminole Gulf Railway Sarasota Transload,,,,SARASOTA,FL,UNKNOWN,UNKNOWN,UNKNOWN,UNKNOWN,UNKNOWN,UNKNOWN,UNKNOWN,UNKNOWN,UNKNOWN,UNKNOWN,UNKNOWN,UNKNOWN,UNKNOWN,UNKNOWN,UNKNOWN,UNKNOWN,UNKNOWN,UNKNOWN,UNKNOWN,UNKNOWN,UNKNOWN,UNKNOWN,UNKNOWN,UNKNOWN,UNKNOWN,UNKNOWN,unknown,https://www.floridarail.com/,,listed,rebulk-directory (Seminole Gulf Railway (SGLR)),,
Semo Port,,info@semoport.com,(573) 264-4045,SCOTT CITY,MO,NO,NO,YES,NO,YES,NO,NO,NO,NO,NO,YES,NO,NO,YES,NO,NO,YES,NO,NO,NO,NO,NO,NO,YES,NO,NO,unknown,https://www.semoport.com/home-railroad/,,verified,swl-internal,OPERATIONAL,high
Senergy Canton Terminal,,,,CANTON,SD,UNKNOWN,UNKNOWN,UNKNOWN,UNKNOWN,UNKNOWN,UNKNOWN,UNKNOWN,UNKNOWN,UNKNOWN,UNKNOWN,UNKNOWN,UNKNOWN,UNKNOWN,UNKNOWN,UNKNOWN,UNKNOWN,UNKNOWN,UNKNOWN,UNKNOWN,UNKNOWN,UNKNOWN,UNKNOWN,UNKNOWN,UNKNOWN,UNKNOWN,UNKNOWN,unknown,https://senergyterminal.co/,,listed,rebulk-directory (BNSF),,
Separation and Recovery Systems - SRS@SMS Rail Depot,,,,LOGAN TOWNSHIP,NJ,UNKNOWN,UNKNOWN,UNKNOWN,UNKNOWN,UNKNOWN,UNKNOWN,UNKNOWN,UNKNOWN,UNKNOWN,UNKNOWN,UNKNOWN,UNKNOWN,UNKNOWN,UNKNOWN,UNKNOWN,UNKNOWN,UNKNOWN,UNKNOWN,UNKNOWN,UNKNOWN,UNKNOWN,UNKNOWN,UNKNOWN,UNKNOWN,UNKNOWN,UNKNOWN,unknown,https://www.sarexusa.com/,,listed,rebulk-directory (SMS Rail Lines (SLRS)),,
Sequatchie Valley Switching Company,Team Track,,,BRIDGEPORT,AL,UNKNOWN,UNKNOWN,UNKNOWN,UNKNOWN,UNKNOWN,UNKNOWN,UNKNOWN,UNKNOWN,UNKNOWN,UNKNOWN,UNKNOWN,UNKNOWN,UNKNOWN,UNKNOWN,UNKNOWN,UNKNOWN,UNKNOWN,UNKNOWN,UNKNOWN,UNKNOWN,UNKNOWN,UNKNOWN,UNKNOWN,UNKNOWN,UNKNOWN,UNKNOWN,unknown,https://ironhorseresources.com/sequatchie-valley-switching-company-llc/,,listed,rebulk-directory (Sequatchie Valley Switching Company (SQSC) CSX),,
Service One Transportation Bulk Transload,,,,PLYMOUTH,WI,UNKNOWN,UNKNOWN,UNKNOWN,UNKNOWN,UNKNOWN,UNKNOWN,UNKNOWN,UNKNOWN,UNKNOWN,UNKNOWN,UNKNOWN,UNKNOWN,UNKNOWN,UNKNOWN,UNKNOWN,UNKNOWN,UNKNOWN,UNKNOWN,UNKNOWN,UNKNOWN,UNKNOWN,UNKNOWN,UNKNOWN,UNKNOWN,UNKNOWN,UNKNOWN,unknown,https://www.serviceonetransportation.com/bulk-truck-transloading/,,listed,rebulk-directory (WSOR),,
Session Peanuts,,,,ENTERPRISE,AL,UNKNOWN,UNKNOWN,UNKNOWN,UNKNOWN,UNKNOWN,UNKNOWN,UNKNOWN,UNKNOWN,UNKNOWN,UNKNOWN,UNKNOWN,UNKNOWN,UNKNOWN,UNKNOWN,UNKNOWN,UNKNOWN,UNKNOWN,UNKNOWN,UNKNOWN,UNKNOWN,UNKNOWN,UNKNOWN,UNKNOWN,UNKNOWN,UNKNOWN,UNKNOWN,unknown,https://sessionspeanuts.net/,,listed,rebulk-directory (G&W WGCR),,
Seven Rivers Intermodal Terminal LLC,,laurie@sevenriversintermodal.com,(507) 474-9450,WINONA,MN,NO,NO,YES,NO,NO,NO,NO,NO,YES,NO,NO,NO,NO,NO,NO,NO,YES,NO,NO,NO,NO,NO,NO,YES,NO,NO,unknown,https://www.sevenriversintermodal.com/,,verified,swl-internal,OPERATIONAL,high
Seville Material Transfer,,,(386) 749-2012,SEVILLE,FL,NO,NO,NO,NO,NO,NO,NO,NO,NO,NO,NO,NO,NO,NO,NO,NO,NO,NO,NO,NO,NO,NO,NO,NO,NO,NO,unknown,,,verified,swl-internal,OPERATIONAL,high
"Shale Rail, LLC",Northeast Freight Transfer family,,,TOWANDA,PA,UNKNOWN,UNKNOWN,UNKNOWN,UNKNOWN,UNKNOWN,UNKNOWN,UNKNOWN,UNKNOWN,UNKNOWN,UNKNOWN,UNKNOWN,UNKNOWN,UNKNOWN,UNKNOWN,UNKNOWN,UNKNOWN,UNKNOWN,UNKNOWN,UNKNOWN,UNKNOWN,UNKNOWN,UNKNOWN,UNKNOWN,UNKNOWN,UNKNOWN,UNKNOWN,unknown,https://www.nefreighttransfer.com/,,listed,rebulk-directory (Norfolk Southern),,
Shamokin Valley Transload Facility,,,,COAL TOWNSHIP,PA,UNKNOWN,UNKNOWN,UNKNOWN,UNKNOWN,UNKNOWN,UNKNOWN,UNKNOWN,UNKNOWN,UNKNOWN,UNKNOWN,UNKNOWN,UNKNOWN,UNKNOWN,UNKNOWN,UNKNOWN,UNKNOWN,UNKNOWN,UNKNOWN,UNKNOWN,UNKNOWN,UNKNOWN,UNKNOWN,UNKNOWN,UNKNOWN,UNKNOWN,UNKNOWN,unknown,https://www.nshr.com/transload,,listed,rebulk-directory (SVRR NS CPKC),,
Shaver Wood Products,,,,STATESVILLE,NC,UNKNOWN,UNKNOWN,UNKNOWN,UNKNOWN,UNKNOWN,UNKNOWN,UNKNOWN,UNKNOWN,UNKNOWN,UNKNOWN,UNKNOWN,UNKNOWN,UNKNOWN,UNKNOWN,UNKNOWN,UNKNOWN,UNKNOWN,UNKNOWN,UNKNOWN,UNKNOWN,UNKNOWN,UNKNOWN,UNKNOWN,UNKNOWN,UNKNOWN,UNKNOWN,unknown,https://shaverreload.com/,,listed,rebulk-directory (NS),,
Shelburne Transload Facility,,,,SHELBURNE,VT,UNKNOWN,UNKNOWN,UNKNOWN,UNKNOWN,UNKNOWN,UNKNOWN,UNKNOWN,UNKNOWN,UNKNOWN,UNKNOWN,UNKNOWN,UNKNOWN,UNKNOWN,UNKNOWN,UNKNOWN,UNKNOWN,UNKNOWN,UNKNOWN,UNKNOWN,UNKNOWN,UNKNOWN,UNKNOWN,UNKNOWN,UNKNOWN,UNKNOWN,UNKNOWN,unknown,https://vrs.us.com/services/vrs-connect/,,listed,rebulk-directory (VTR),,
Shelby Distribution,,,,SHELBY,NC,UNKNOWN,UNKNOWN,UNKNOWN,UNKNOWN,UNKNOWN,UNKNOWN,UNKNOWN,UNKNOWN,UNKNOWN,UNKNOWN,UNKNOWN,UNKNOWN,UNKNOWN,UNKNOWN,UNKNOWN,UNKNOWN,UNKNOWN,UNKNOWN,UNKNOWN,UNKNOWN,UNKNOWN,UNKNOWN,UNKNOWN,UNKNOWN,UNKNOWN,UNKNOWN,unknown,https://www.commtrex.com/,,listed,rebulk-directory (CSX NS),,
Shepaug Lumber Distribution Facility,,,,NEWTOWN,CT,UNKNOWN,UNKNOWN,UNKNOWN,UNKNOWN,UNKNOWN,UNKNOWN,UNKNOWN,UNKNOWN,UNKNOWN,UNKNOWN,UNKNOWN,UNKNOWN,UNKNOWN,UNKNOWN,UNKNOWN,UNKNOWN,UNKNOWN,UNKNOWN,UNKNOWN,UNKNOWN,UNKNOWN,UNKNOWN,UNKNOWN,UNKNOWN,UNKNOWN,UNKNOWN,unknown,https://www.hrrc.com/,,listed,rebulk-directory (Housatonic Railroad (HRRC)),,
Ship Creek Industrial Complex / Central Recycling Services,,,,ANCHORAGE,AK,UNKNOWN,UNKNOWN,UNKNOWN,UNKNOWN,UNKNOWN,UNKNOWN,UNKNOWN,UNKNOWN,UNKNOWN,UNKNOWN,UNKNOWN,UNKNOWN,UNKNOWN,UNKNOWN,UNKNOWN,UNKNOWN,UNKNOWN,UNKNOWN,UNKNOWN,UNKNOWN,UNKNOWN,UNKNOWN,UNKNOWN,UNKNOWN,UNKNOWN,UNKNOWN,unknown,https://beringstraits.com/crs/,,listed,rebulk-directory (ARR),,
SHIPIT Logistics,formerly American Export Lines,,,LOS ANGELES,CA,UNKNOWN,UNKNOWN,UNKNOWN,UNKNOWN,UNKNOWN,UNKNOWN,UNKNOWN,UNKNOWN,UNKNOWN,UNKNOWN,UNKNOWN,UNKNOWN,UNKNOWN,UNKNOWN,UNKNOWN,UNKNOWN,UNKNOWN,UNKNOWN,UNKNOWN,UNKNOWN,UNKNOWN,UNKNOWN,UNKNOWN,UNKNOWN,UNKNOWN,UNKNOWN,unknown,https://www.shipit.com/transloading-warehouse,,listed,rebulk-directory,,
Shippers Warehouse of Georgia,,,,JONESBORO,GA,UNKNOWN,UNKNOWN,UNKNOWN,UNKNOWN,UNKNOWN,UNKNOWN,UNKNOWN,UNKNOWN,UNKNOWN,UNKNOWN,UNKNOWN,UNKNOWN,UNKNOWN,UNKNOWN,UNKNOWN,UNKNOWN,UNKNOWN,UNKNOWN,UNKNOWN,UNKNOWN,UNKNOWN,UNKNOWN,UNKNOWN,UNKNOWN,UNKNOWN,UNKNOWN,unknown,,,listed,rebulk-directory (NS),,
Shippingport Industrial Park Transload,,,,SHIPPINGPORT,PA,UNKNOWN,UNKNOWN,UNKNOWN,UNKNOWN,UNKNOWN,UNKNOWN,UNKNOWN,UNKNOWN,UNKNOWN,UNKNOWN,UNKNOWN,UNKNOWN,UNKNOWN,UNKNOWN,UNKNOWN,UNKNOWN,UNKNOWN,UNKNOWN,UNKNOWN,UNKNOWN,UNKNOWN,UNKNOWN,UNKNOWN,UNKNOWN,UNKNOWN,UNKNOWN,unknown,https://shippingportindustrialpark.com/,,listed,rebulk-directory (CSX),,
Shipyard River Terminal-Kinder Morgan,,,,CHARLESTON,SC,UNKNOWN,UNKNOWN,UNKNOWN,UNKNOWN,UNKNOWN,UNKNOWN,UNKNOWN,UNKNOWN,UNKNOWN,UNKNOWN,UNKNOWN,UNKNOWN,UNKNOWN,UNKNOWN,UNKNOWN,UNKNOWN,UNKNOWN,UNKNOWN,UNKNOWN,UNKNOWN,UNKNOWN,UNKNOWN,UNKNOWN,UNKNOWN,UNKNOWN,UNKNOWN,unknown,https://www.kindermorgan.com/business/terminals/,,listed,rebulk-directory (NS),,
Sibley Transportation Bangor Warehouse,,,,BANGOR,ME,UNKNOWN,UNKNOWN,UNKNOWN,UNKNOWN,UNKNOWN,UNKNOWN,UNKNOWN,UNKNOWN,UNKNOWN,UNKNOWN,UNKNOWN,UNKNOWN,UNKNOWN,UNKNOWN,UNKNOWN,UNKNOWN,UNKNOWN,UNKNOWN,UNKNOWN,UNKNOWN,UNKNOWN,UNKNOWN,UNKNOWN,UNKNOWN,UNKNOWN,UNKNOWN,unknown,https://www.sibleytransport.com/,,listed,rebulk-directory (CSX),,
Sierra Northern Railway,Transload,,,SANTA PAULA,CA,UNKNOWN,UNKNOWN,UNKNOWN,UNKNOWN,UNKNOWN,UNKNOWN,UNKNOWN,UNKNOWN,UNKNOWN,UNKNOWN,UNKNOWN,UNKNOWN,UNKNOWN,UNKNOWN,UNKNOWN,UNKNOWN,UNKNOWN,UNKNOWN,UNKNOWN,UNKNOWN,UNKNOWN,UNKNOWN,UNKNOWN,UNKNOWN,UNKNOWN,UNKNOWN,unknown,https://www.sierranorthern.com/,,listed,rebulk-directory (SERA UP),,
Sierra Northern Railway,Port of Sacramento Transload,,,WEST SACRAMENTO,CA,UNKNOWN,UNKNOWN,UNKNOWN,UNKNOWN,UNKNOWN,UNKNOWN,UNKNOWN,UNKNOWN,UNKNOWN,UNKNOWN,UNKNOWN,UNKNOWN,UNKNOWN,UNKNOWN,UNKNOWN,UNKNOWN,UNKNOWN,UNKNOWN,UNKNOWN,UNKNOWN,UNKNOWN,UNKNOWN,UNKNOWN,UNKNOWN,UNKNOWN,UNKNOWN,unknown,https://www.sierranorthern.com/,,listed,rebulk-directory (SERA),,
Sierra Pacific Distribution,,,,MODESTO,CA,UNKNOWN,UNKNOWN,UNKNOWN,UNKNOWN,UNKNOWN,UNKNOWN,UNKNOWN,UNKNOWN,UNKNOWN,UNKNOWN,UNKNOWN,UNKNOWN,UNKNOWN,UNKNOWN,UNKNOWN,UNKNOWN,UNKNOWN,UNKNOWN,UNKNOWN,UNKNOWN,UNKNOWN,UNKNOWN,UNKNOWN,UNKNOWN,UNKNOWN,UNKNOWN,unknown,https://spwg.com/,,listed,rebulk-directory (BNSF),,
Silver Spring Shores Lumber Transload,,,,OCALA,FL,UNKNOWN,UNKNOWN,UNKNOWN,UNKNOWN,UNKNOWN,UNKNOWN,UNKNOWN,UNKNOWN,UNKNOWN,UNKNOWN,UNKNOWN,UNKNOWN,UNKNOWN,UNKNOWN,UNKNOWN,UNKNOWN,UNKNOWN,UNKNOWN,UNKNOWN,UNKNOWN,UNKNOWN,UNKNOWN,UNKNOWN,UNKNOWN,UNKNOWN,UNKNOWN,unknown,https://regional-rail.com/florida-northern/,,listed,rebulk-directory (Florida Northern Railroad (FNOR)),,
Sindall Warehouse and Distribution,,,,NEW HOLLAND,PA,UNKNOWN,UNKNOWN,UNKNOWN,UNKNOWN,UNKNOWN,UNKNOWN,UNKNOWN,UNKNOWN,UNKNOWN,UNKNOWN,UNKNOWN,UNKNOWN,UNKNOWN,UNKNOWN,UNKNOWN,UNKNOWN,UNKNOWN,UNKNOWN,UNKNOWN,UNKNOWN,UNKNOWN,UNKNOWN,UNKNOWN,UNKNOWN,UNKNOWN,UNKNOWN,unknown,https://www.sindalls.com,,listed,rebulk-directory (NS),,
SJ Transportation Company Facility,,,,WOODSTOWN,NJ,UNKNOWN,UNKNOWN,UNKNOWN,UNKNOWN,UNKNOWN,UNKNOWN,UNKNOWN,UNKNOWN,UNKNOWN,UNKNOWN,UNKNOWN,UNKNOWN,UNKNOWN,UNKNOWN,UNKNOWN,UNKNOWN,UNKNOWN,UNKNOWN,UNKNOWN,UNKNOWN,UNKNOWN,UNKNOWN,UNKNOWN,UNKNOWN,UNKNOWN,UNKNOWN,unknown,https://sjtransportation.com/,,listed,rebulk-directory (SMS Rail Lines (SLRS) CSX NS),,
Sjvr Choice Terminal,,fdavid.siegel@gwrr.com,,MARICOPA,CA,NO,NO,NO,NO,NO,NO,NO,NO,NO,NO,NO,NO,NO,NO,NO,NO,NO,NO,NO,NO,NO,NO,NO,NO,NO,NO,unknown,https://www.gwrr.com/railroads/north_america/san_joaquin_valley_railroad#m_tab-one-panel,dead_link,verified,swl-internal,NOT_FOUND,low
Slc Transfer,,ddemers@me.com,,BURLINGTON,VT,NO,NO,NO,NO,NO,NO,NO,NO,YES,NO,NO,NO,NO,YES,NO,NO,YES,NO,NO,NO,NO,NO,NO,YES,NO,NO,unknown,http://www.vrs.us.com/vrs_connect/SLCtransfer.html,,verified,swl-internal,NOT_FOUND,low
SMART Petaluma Transload Facility,,,,PETALUMA,CA,UNKNOWN,UNKNOWN,UNKNOWN,UNKNOWN,UNKNOWN,UNKNOWN,UNKNOWN,UNKNOWN,UNKNOWN,UNKNOWN,UNKNOWN,UNKNOWN,UNKNOWN,UNKNOWN,UNKNOWN,UNKNOWN,UNKNOWN,UNKNOWN,UNKNOWN,UNKNOWN,UNKNOWN,UNKNOWN,UNKNOWN,UNKNOWN,UNKNOWN,UNKNOWN,unknown,https://www.sonomamarintrain.org/smart-freight,,listed,rebulk-directory (SMART Freight CFNR UP),,
SMART Schellville Transload Facility,,,,SCHELLVILLE,CA,UNKNOWN,UNKNOWN,UNKNOWN,UNKNOWN,UNKNOWN,UNKNOWN,UNKNOWN,UNKNOWN,UNKNOWN,UNKNOWN,UNKNOWN,UNKNOWN,UNKNOWN,UNKNOWN,UNKNOWN,UNKNOWN,UNKNOWN,UNKNOWN,UNKNOWN,UNKNOWN,UNKNOWN,UNKNOWN,UNKNOWN,UNKNOWN,UNKNOWN,UNKNOWN,unknown,https://www.sonomamarintrain.org/smart-freight,,listed,rebulk-directory (SMART Freight CFNR UP),,
Smart Warehousing,,,,JACKSONVILLE,AR,UNKNOWN,UNKNOWN,UNKNOWN,UNKNOWN,UNKNOWN,UNKNOWN,UNKNOWN,UNKNOWN,UNKNOWN,UNKNOWN,UNKNOWN,UNKNOWN,UNKNOWN,UNKNOWN,UNKNOWN,UNKNOWN,UNKNOWN,UNKNOWN,UNKNOWN,UNKNOWN,UNKNOWN,UNKNOWN,UNKNOWN,UNKNOWN,UNKNOWN,UNKNOWN,unknown,https://www.smartwarehousing.com/warehouses-contacts,,listed,rebulk-directory (AKMD G&W),,
Smith Transportation,,,,ROARING SPRINGS,PA,UNKNOWN,UNKNOWN,UNKNOWN,UNKNOWN,UNKNOWN,UNKNOWN,UNKNOWN,UNKNOWN,UNKNOWN,UNKNOWN,UNKNOWN,UNKNOWN,UNKNOWN,UNKNOWN,UNKNOWN,UNKNOWN,UNKNOWN,UNKNOWN,UNKNOWN,UNKNOWN,UNKNOWN,UNKNOWN,UNKNOWN,UNKNOWN,UNKNOWN,UNKNOWN,unknown,https://smithtransport.com/,,listed,rebulk-directory (EV NS),,
"SMS Rail Lines (SMS Rail Service, Inc.) - Pureland Industrial Park",,,,BRIDGEPORT,NJ,UNKNOWN,UNKNOWN,UNKNOWN,UNKNOWN,UNKNOWN,UNKNOWN,UNKNOWN,UNKNOWN,UNKNOWN,UNKNOWN,UNKNOWN,UNKNOWN,UNKNOWN,UNKNOWN,UNKNOWN,UNKNOWN,UNKNOWN,UNKNOWN,UNKNOWN,UNKNOWN,UNKNOWN,UNKNOWN,UNKNOWN,UNKNOWN,UNKNOWN,UNKNOWN,unknown,https://smsrail.com/,,listed,rebulk-directory (SLRS),,
Sms Transloading Services,,jmccreavy@smsrail.com,(856) 467-4800,LOGAN TOWNSHIP,NJ,YES,NO,YES,YES,NO,NO,YES,NO,YES,YES,NO,NO,YES,NO,NO,YES,YES,NO,NO,YES,NO,NO,YES,YES,YES,YES,unknown,https://www.smsrail.com/,,verified,swl-internal,OPERATIONAL,medium
Sms Transloading Services,,jmccreavy@smsrail.com,,HUDSON FALLS,NY,YES,NO,YES,YES,NO,NO,YES,NO,YES,YES,NO,NO,YES,NO,NO,YES,YES,NO,NO,YES,NO,NO,YES,YES,YES,NO,unknown,https://www.smsrail.com/rail-to-truck-transfers,dead_link,verified,swl-internal,NOT_FOUND,low
SMT Bulk Transload,,,,BLOOMINGDALE,GA,UNKNOWN,UNKNOWN,UNKNOWN,UNKNOWN,UNKNOWN,UNKNOWN,UNKNOWN,UNKNOWN,UNKNOWN,UNKNOWN,UNKNOWN,UNKNOWN,UNKNOWN,UNKNOWN,UNKNOWN,UNKNOWN,UNKNOWN,UNKNOWN,UNKNOWN,UNKNOWN,UNKNOWN,UNKNOWN,UNKNOWN,UNKNOWN,UNKNOWN,UNKNOWN,unknown,https://www.smtbulk.com/,,listed,rebulk-directory (CSX NS),,
So-Pak-Co,,,,GREENEVILLE,TN,UNKNOWN,UNKNOWN,UNKNOWN,UNKNOWN,UNKNOWN,UNKNOWN,UNKNOWN,UNKNOWN,UNKNOWN,UNKNOWN,UNKNOWN,UNKNOWN,UNKNOWN,UNKNOWN,UNKNOWN,UNKNOWN,UNKNOWN,UNKNOWN,UNKNOWN,UNKNOWN,UNKNOWN,UNKNOWN,UNKNOWN,UNKNOWN,UNKNOWN,UNKNOWN,unknown,https://www.sopakco.com,,listed,rebulk-directory (NS),,
Somerset NS TBT,,,,SOMERSET,KY,UNKNOWN,UNKNOWN,UNKNOWN,UNKNOWN,UNKNOWN,UNKNOWN,UNKNOWN,UNKNOWN,UNKNOWN,UNKNOWN,UNKNOWN,UNKNOWN,UNKNOWN,UNKNOWN,UNKNOWN,UNKNOWN,UNKNOWN,UNKNOWN,UNKNOWN,UNKNOWN,UNKNOWN,UNKNOWN,UNKNOWN,UNKNOWN,UNKNOWN,UNKNOWN,unknown,https://www.nscorp.com,,listed,rebulk-directory (NS),,
Sonwil Distribution Center,,,,WEST SENECA,NY,UNKNOWN,UNKNOWN,UNKNOWN,UNKNOWN,UNKNOWN,UNKNOWN,UNKNOWN,UNKNOWN,UNKNOWN,UNKNOWN,UNKNOWN,UNKNOWN,UNKNOWN,UNKNOWN,UNKNOWN,UNKNOWN,UNKNOWN,UNKNOWN,UNKNOWN,UNKNOWN,UNKNOWN,UNKNOWN,UNKNOWN,UNKNOWN,UNKNOWN,UNKNOWN,unknown,https://www.sonwillogistics.com/,,listed,rebulk-directory (NS),,
Sound Delivery Service Rail Transload Facility,,,,PUYALLUP,WA,UNKNOWN,UNKNOWN,UNKNOWN,UNKNOWN,UNKNOWN,UNKNOWN,UNKNOWN,UNKNOWN,UNKNOWN,UNKNOWN,UNKNOWN,UNKNOWN,UNKNOWN,UNKNOWN,UNKNOWN,UNKNOWN,UNKNOWN,UNKNOWN,UNKNOWN,UNKNOWN,UNKNOWN,UNKNOWN,UNKNOWN,UNKNOWN,UNKNOWN,UNKNOWN,unknown,http://sounddeliveryservice.com/,,listed,rebulk-directory (Meeker Southern Railroad (MSN) BNSF),,
South Branch Valley Railroad,Transload,,,MOOREFIELD,WV,UNKNOWN,UNKNOWN,UNKNOWN,UNKNOWN,UNKNOWN,UNKNOWN,UNKNOWN,UNKNOWN,UNKNOWN,UNKNOWN,UNKNOWN,UNKNOWN,UNKNOWN,UNKNOWN,UNKNOWN,UNKNOWN,UNKNOWN,UNKNOWN,UNKNOWN,UNKNOWN,UNKNOWN,UNKNOWN,UNKNOWN,UNKNOWN,UNKNOWN,UNKNOWN,unknown,https://omnitrax.com/south-branch-valley-railroad/,,listed,rebulk-directory (South Branch Valley Railroad (SBVR) CSX),,
South Harbor Milwaukee LLC,,,,MILWAUKEE,WI,UNKNOWN,UNKNOWN,UNKNOWN,UNKNOWN,UNKNOWN,UNKNOWN,UNKNOWN,UNKNOWN,UNKNOWN,UNKNOWN,UNKNOWN,UNKNOWN,UNKNOWN,UNKNOWN,UNKNOWN,UNKNOWN,UNKNOWN,UNKNOWN,UNKNOWN,UNKNOWN,UNKNOWN,UNKNOWN,UNKNOWN,UNKNOWN,UNKNOWN,UNKNOWN,unknown,,,listed,rebulk-directory (CPKC),,
South Junction Enterprises LLC,,troybaraby@gmail.com,(518) 534-2830,PLATTSBURGH,NY,NO,NO,NO,NO,YES,NO,YES,NO,YES,NO,YES,NO,NO,NO,NO,NO,YES,NO,NO,NO,NO,NO,NO,YES,NO,NO,unknown,https://www.southjunctionenterprises.com/,,verified,swl-internal,OPERATIONAL,high
South Locust Point Marine Terminal,,,,BALTIMORE,MD,UNKNOWN,UNKNOWN,UNKNOWN,UNKNOWN,UNKNOWN,UNKNOWN,UNKNOWN,UNKNOWN,UNKNOWN,UNKNOWN,UNKNOWN,UNKNOWN,UNKNOWN,UNKNOWN,UNKNOWN,UNKNOWN,UNKNOWN,UNKNOWN,UNKNOWN,UNKNOWN,UNKNOWN,UNKNOWN,UNKNOWN,UNKNOWN,UNKNOWN,UNKNOWN,unknown,https://mpa.maryland.gov/Pages/south-locust-point.aspx,,listed,rebulk-directory (CSX),,
South Point Terminal / South Point & Ohio Railroad,Agracel Rail Holdings,,,SOUTH POINT,OH,UNKNOWN,UNKNOWN,UNKNOWN,UNKNOWN,UNKNOWN,UNKNOWN,UNKNOWN,UNKNOWN,UNKNOWN,UNKNOWN,UNKNOWN,UNKNOWN,UNKNOWN,UNKNOWN,UNKNOWN,UNKNOWN,UNKNOWN,UNKNOWN,UNKNOWN,UNKNOWN,UNKNOWN,UNKNOWN,UNKNOWN,UNKNOWN,UNKNOWN,UNKNOWN,unknown,,,listed,rebulk-directory (NS South Point),,
South Shore Transload,"Chicago South Shore & South Bend Railroad, Anacostia Rail Holdings",,,MICHIGAN CITY,IN,UNKNOWN,UNKNOWN,UNKNOWN,UNKNOWN,UNKNOWN,UNKNOWN,UNKNOWN,UNKNOWN,UNKNOWN,UNKNOWN,UNKNOWN,UNKNOWN,UNKNOWN,UNKNOWN,UNKNOWN,UNKNOWN,UNKNOWN,UNKNOWN,UNKNOWN,UNKNOWN,UNKNOWN,UNKNOWN,UNKNOWN,UNKNOWN,UNKNOWN,UNKNOWN,unknown,https://www.anacostia.com/transload-sites/michigan-city-team-track/,,listed,rebulk-directory (CSS - Chicag),,
Southern Coil Solutions SCS-02,,,,BOWLING GREEN,KY,UNKNOWN,UNKNOWN,UNKNOWN,UNKNOWN,UNKNOWN,UNKNOWN,UNKNOWN,UNKNOWN,UNKNOWN,UNKNOWN,UNKNOWN,UNKNOWN,UNKNOWN,UNKNOWN,UNKNOWN,UNKNOWN,UNKNOWN,UNKNOWN,UNKNOWN,UNKNOWN,UNKNOWN,UNKNOWN,UNKNOWN,UNKNOWN,UNKNOWN,UNKNOWN,unknown,https://www.southerncoilsolutions.com/,,listed,rebulk-directory (CSX),,
"Southwestern Railroad, LLC",Jaguar Transport Holdings,,,DEMING,NM,UNKNOWN,UNKNOWN,UNKNOWN,UNKNOWN,UNKNOWN,UNKNOWN,UNKNOWN,UNKNOWN,UNKNOWN,UNKNOWN,UNKNOWN,UNKNOWN,UNKNOWN,UNKNOWN,UNKNOWN,UNKNOWN,UNKNOWN,UNKNOWN,UNKNOWN,UNKNOWN,UNKNOWN,UNKNOWN,UNKNOWN,UNKNOWN,UNKNOWN,UNKNOWN,unknown,https://jag-transport.com/southwestern-railroad/,,listed,rebulk-directory (BNSF SWRR Union Pacifi),,
Spartan Logistics,,,,MARION,IN,UNKNOWN,UNKNOWN,UNKNOWN,UNKNOWN,UNKNOWN,UNKNOWN,UNKNOWN,UNKNOWN,UNKNOWN,UNKNOWN,UNKNOWN,UNKNOWN,UNKNOWN,UNKNOWN,UNKNOWN,UNKNOWN,UNKNOWN,UNKNOWN,UNKNOWN,UNKNOWN,UNKNOWN,UNKNOWN,UNKNOWN,UNKNOWN,UNKNOWN,UNKNOWN,unknown,https://www.spartanlogistics.com/marion-indiana,,listed,rebulk-directory,,
Spartan Logistics,OH 3,,,COLUMBUS,OH,UNKNOWN,UNKNOWN,UNKNOWN,UNKNOWN,UNKNOWN,UNKNOWN,UNKNOWN,UNKNOWN,UNKNOWN,UNKNOWN,UNKNOWN,UNKNOWN,UNKNOWN,UNKNOWN,UNKNOWN,UNKNOWN,UNKNOWN,UNKNOWN,UNKNOWN,UNKNOWN,UNKNOWN,UNKNOWN,UNKNOWN,UNKNOWN,UNKNOWN,UNKNOWN,unknown,https://www.spartanlogistics.com/columbus-ohio-3-south-0-1-0,,listed,rebulk-directory,,
Spartan Logistics,Nebraska Avenue,,,TOLEDO,OH,UNKNOWN,UNKNOWN,UNKNOWN,UNKNOWN,UNKNOWN,UNKNOWN,UNKNOWN,UNKNOWN,UNKNOWN,UNKNOWN,UNKNOWN,UNKNOWN,UNKNOWN,UNKNOWN,UNKNOWN,UNKNOWN,UNKNOWN,UNKNOWN,UNKNOWN,UNKNOWN,UNKNOWN,UNKNOWN,UNKNOWN,UNKNOWN,UNKNOWN,UNKNOWN,unknown,https://www.spartanlogistics.com/toledo-ohio-nebraskaavenue-0,,listed,rebulk-directory (NS),,
Spartan Logistics,North SC,,,ANDERSON,SC,UNKNOWN,UNKNOWN,UNKNOWN,UNKNOWN,UNKNOWN,UNKNOWN,UNKNOWN,UNKNOWN,UNKNOWN,UNKNOWN,UNKNOWN,UNKNOWN,UNKNOWN,UNKNOWN,UNKNOWN,UNKNOWN,UNKNOWN,UNKNOWN,UNKNOWN,UNKNOWN,UNKNOWN,UNKNOWN,UNKNOWN,UNKNOWN,UNKNOWN,UNKNOWN,unknown,https://www.spartanlogistics.com/north-anderson-sc-,,listed,rebulk-directory,,
Spartan Logistics,SC Warehouse,,,LAURENS,SC,UNKNOWN,UNKNOWN,UNKNOWN,UNKNOWN,UNKNOWN,UNKNOWN,UNKNOWN,UNKNOWN,UNKNOWN,UNKNOWN,UNKNOWN,UNKNOWN,UNKNOWN,UNKNOWN,UNKNOWN,UNKNOWN,UNKNOWN,UNKNOWN,UNKNOWN,UNKNOWN,UNKNOWN,UNKNOWN,UNKNOWN,UNKNOWN,UNKNOWN,UNKNOWN,unknown,https://www.spartanlogistics.com/laurens-sc-0,,listed,rebulk-directory,,
Spartan Logistics,,,,STARR,SC,UNKNOWN,UNKNOWN,UNKNOWN,UNKNOWN,UNKNOWN,UNKNOWN,UNKNOWN,UNKNOWN,UNKNOWN,UNKNOWN,UNKNOWN,UNKNOWN,UNKNOWN,UNKNOWN,UNKNOWN,UNKNOWN,UNKNOWN,UNKNOWN,UNKNOWN,UNKNOWN,UNKNOWN,UNKNOWN,UNKNOWN,UNKNOWN,UNKNOWN,UNKNOWN,unknown,https://www.spartanlogistics.com/locations,,listed,rebulk-directory,,
Spartanburg NS TBT,,,,SPARTANBURG,SC,UNKNOWN,UNKNOWN,UNKNOWN,UNKNOWN,UNKNOWN,UNKNOWN,UNKNOWN,UNKNOWN,UNKNOWN,UNKNOWN,UNKNOWN,UNKNOWN,UNKNOWN,UNKNOWN,UNKNOWN,UNKNOWN,UNKNOWN,UNKNOWN,UNKNOWN,UNKNOWN,UNKNOWN,UNKNOWN,UNKNOWN,UNKNOWN,UNKNOWN,UNKNOWN,unknown,https://www.nscorp.com,,listed,rebulk-directory (NS),,
Specialized Rail Transport,,,,SPRINGFIELD,IL,UNKNOWN,UNKNOWN,UNKNOWN,UNKNOWN,UNKNOWN,UNKNOWN,UNKNOWN,UNKNOWN,UNKNOWN,UNKNOWN,UNKNOWN,UNKNOWN,UNKNOWN,UNKNOWN,UNKNOWN,UNKNOWN,UNKNOWN,UNKNOWN,UNKNOWN,UNKNOWN,UNKNOWN,UNKNOWN,UNKNOWN,UNKNOWN,UNKNOWN,UNKNOWN,unknown,,,listed,rebulk-directory (G&W IMRR),,
Speed Transload Yard,,,,SPEED,IN,UNKNOWN,UNKNOWN,UNKNOWN,UNKNOWN,UNKNOWN,UNKNOWN,UNKNOWN,UNKNOWN,UNKNOWN,UNKNOWN,UNKNOWN,UNKNOWN,UNKNOWN,UNKNOWN,UNKNOWN,UNKNOWN,UNKNOWN,UNKNOWN,UNKNOWN,UNKNOWN,UNKNOWN,UNKNOWN,UNKNOWN,UNKNOWN,UNKNOWN,UNKNOWN,unknown,https://www.anacostia.com/our-companies/lirc/,,listed,rebulk-directory (LIRC),,
Speeder Industrial LLC,,,,SELKIRK,NY,UNKNOWN,UNKNOWN,UNKNOWN,UNKNOWN,UNKNOWN,UNKNOWN,UNKNOWN,UNKNOWN,UNKNOWN,UNKNOWN,UNKNOWN,UNKNOWN,UNKNOWN,UNKNOWN,UNKNOWN,UNKNOWN,UNKNOWN,UNKNOWN,UNKNOWN,UNKNOWN,UNKNOWN,UNKNOWN,UNKNOWN,UNKNOWN,UNKNOWN,UNKNOWN,unknown,,,listed,rebulk-directory (CSX),,
Spokane International Airport Rail-Truck Transload Facility,,,,SPOKANE,WA,UNKNOWN,UNKNOWN,UNKNOWN,UNKNOWN,UNKNOWN,UNKNOWN,UNKNOWN,UNKNOWN,UNKNOWN,UNKNOWN,UNKNOWN,UNKNOWN,UNKNOWN,UNKNOWN,UNKNOWN,UNKNOWN,UNKNOWN,UNKNOWN,UNKNOWN,UNKNOWN,UNKNOWN,UNKNOWN,UNKNOWN,UNKNOWN,UNKNOWN,UNKNOWN,unknown,https://jag-transport.com/,,listed,rebulk-directory (Washington Eastern Railroad (WER) BNSF),,
Sprague Terminals,,,,SEARSPORT,ME,UNKNOWN,UNKNOWN,UNKNOWN,UNKNOWN,UNKNOWN,UNKNOWN,UNKNOWN,UNKNOWN,UNKNOWN,UNKNOWN,UNKNOWN,UNKNOWN,UNKNOWN,UNKNOWN,UNKNOWN,UNKNOWN,UNKNOWN,UNKNOWN,UNKNOWN,UNKNOWN,UNKNOWN,UNKNOWN,UNKNOWN,UNKNOWN,UNKNOWN,UNKNOWN,unknown,https://www.spragueenergy.com/materials-handling/,,listed,rebulk-directory (CPKC),,
Springfield Underground Inc,,,(417) 874-1400,SPRINGFIELD,MO,NO,NO,NO,NO,NO,NO,NO,YES,NO,NO,NO,YES,NO,NO,NO,NO,NO,NO,NO,NO,NO,NO,NO,NO,NO,NO,unknown,http://www.springfieldunderground.com/,,verified,swl-internal,OPERATIONAL,high
SPS Boston Harbor Marine Facility,,,,EVERETT,MA,UNKNOWN,UNKNOWN,UNKNOWN,UNKNOWN,UNKNOWN,UNKNOWN,UNKNOWN,UNKNOWN,UNKNOWN,UNKNOWN,UNKNOWN,UNKNOWN,UNKNOWN,UNKNOWN,UNKNOWN,UNKNOWN,UNKNOWN,UNKNOWN,UNKNOWN,UNKNOWN,UNKNOWN,UNKNOWN,UNKNOWN,UNKNOWN,UNKNOWN,UNKNOWN,unknown,https://spsne.com/,,listed,rebulk-directory (CSX),,
SSA Marine Blount Island Breakbulk Terminal,,,,JACKSONVILLE,FL,UNKNOWN,UNKNOWN,UNKNOWN,UNKNOWN,UNKNOWN,UNKNOWN,UNKNOWN,UNKNOWN,UNKNOWN,UNKNOWN,UNKNOWN,UNKNOWN,UNKNOWN,UNKNOWN,UNKNOWN,UNKNOWN,UNKNOWN,UNKNOWN,UNKNOWN,UNKNOWN,UNKNOWN,UNKNOWN,UNKNOWN,UNKNOWN,UNKNOWN,UNKNOWN,unknown,https://www.ssamarine.com/,,listed,rebulk-directory (CSX),,
SSA Marine Pier F Berth 206,,,,LONG BEACH,CA,UNKNOWN,UNKNOWN,UNKNOWN,UNKNOWN,UNKNOWN,UNKNOWN,UNKNOWN,UNKNOWN,UNKNOWN,UNKNOWN,UNKNOWN,UNKNOWN,UNKNOWN,UNKNOWN,UNKNOWN,UNKNOWN,UNKNOWN,UNKNOWN,UNKNOWN,UNKNOWN,UNKNOWN,UNKNOWN,UNKNOWN,UNKNOWN,UNKNOWN,UNKNOWN,unknown,https://www.ssamarine.com/services/conventional,,listed,rebulk-directory (PHL BNSF UP),,
St. Louis Gateway Transload Terminal,,,,ST. LOUIS,MO,UNKNOWN,UNKNOWN,UNKNOWN,UNKNOWN,UNKNOWN,UNKNOWN,UNKNOWN,UNKNOWN,UNKNOWN,UNKNOWN,UNKNOWN,UNKNOWN,UNKNOWN,UNKNOWN,UNKNOWN,UNKNOWN,UNKNOWN,UNKNOWN,UNKNOWN,UNKNOWN,UNKNOWN,UNKNOWN,UNKNOWN,UNKNOWN,UNKNOWN,UNKNOWN,unknown,https://www.watco.com/service/terminals/st-louis-gateway-mo/,,listed,rebulk-directory (UP),,
St. Marys Railroad Transloading,,,,ST. MARYS,GA,UNKNOWN,UNKNOWN,UNKNOWN,UNKNOWN,UNKNOWN,UNKNOWN,UNKNOWN,UNKNOWN,UNKNOWN,UNKNOWN,UNKNOWN,UNKNOWN,UNKNOWN,UNKNOWN,UNKNOWN,UNKNOWN,UNKNOWN,UNKNOWN,UNKNOWN,UNKNOWN,UNKNOWN,UNKNOWN,UNKNOWN,UNKNOWN,UNKNOWN,UNKNOWN,unknown,https://stmarysrail.com/,,listed,rebulk-directory (St. Marys Railroad (SM)),,
St. Marys Railway West Transload Facility,,,,WARESBORO,GA,UNKNOWN,UNKNOWN,UNKNOWN,UNKNOWN,UNKNOWN,UNKNOWN,UNKNOWN,UNKNOWN,UNKNOWN,UNKNOWN,UNKNOWN,UNKNOWN,UNKNOWN,UNKNOWN,UNKNOWN,UNKNOWN,UNKNOWN,UNKNOWN,UNKNOWN,UNKNOWN,UNKNOWN,UNKNOWN,UNKNOWN,UNKNOWN,UNKNOWN,UNKNOWN,unknown,https://www.smwrail.com/,,listed,rebulk-directory (St. Marys Railway West (SMW) CSX),,
Stagecoach Cartage & Distribution,,joseph@stagecoachcartage.com,,VADO,NM,NO,NO,NO,NO,NO,NO,NO,NO,NO,NO,NO,NO,NO,NO,NO,NO,NO,NO,NO,NO,NO,NO,NO,NO,NO,NO,unknown,http://www.stagecoachcartage.com/transloading,dead_link,verified,swl-internal,NOT_FOUND,low
Stagecoach Cartage & Distribution,,joseph@stagecoachcartage.com,(915) 779-8315,ANTHONY,TX,NO,NO,NO,NO,NO,NO,NO,NO,NO,NO,NO,NO,NO,NO,NO,NO,NO,NO,NO,NO,NO,NO,NO,NO,NO,NO,unknown,http://www.stagecoachcartage.com/,,verified,swl-internal,OPERATIONAL,high
Standard Distribution Co.,,,,CEDAR FALLS,IA,UNKNOWN,UNKNOWN,UNKNOWN,UNKNOWN,UNKNOWN,UNKNOWN,UNKNOWN,UNKNOWN,UNKNOWN,UNKNOWN,UNKNOWN,UNKNOWN,UNKNOWN,UNKNOWN,UNKNOWN,UNKNOWN,UNKNOWN,UNKNOWN,UNKNOWN,UNKNOWN,UNKNOWN,UNKNOWN,UNKNOWN,UNKNOWN,UNKNOWN,UNKNOWN,unknown,https://www.standarddist.com/rail-transloading/,,listed,rebulk-directory (CN),,
Standard Iron & Steel,,,,WEBB CITY,MO,UNKNOWN,UNKNOWN,UNKNOWN,UNKNOWN,UNKNOWN,UNKNOWN,UNKNOWN,UNKNOWN,UNKNOWN,UNKNOWN,UNKNOWN,UNKNOWN,UNKNOWN,UNKNOWN,UNKNOWN,UNKNOWN,UNKNOWN,UNKNOWN,UNKNOWN,UNKNOWN,UNKNOWN,UNKNOWN,UNKNOWN,UNKNOWN,UNKNOWN,UNKNOWN,unknown,https://standardironusa.com/,,listed,rebulk-directory (G&W MNA),,
Standlee,,,,VALDOSTA,GA,UNKNOWN,UNKNOWN,UNKNOWN,UNKNOWN,UNKNOWN,UNKNOWN,UNKNOWN,UNKNOWN,UNKNOWN,UNKNOWN,UNKNOWN,UNKNOWN,UNKNOWN,UNKNOWN,UNKNOWN,UNKNOWN,UNKNOWN,UNKNOWN,UNKNOWN,UNKNOWN,UNKNOWN,UNKNOWN,UNKNOWN,UNKNOWN,UNKNOWN,UNKNOWN,unknown,https://www.standleeforage.com/,,listed,rebulk-directory (G&W VR),,
Steel Warehouse,,,,CHATTANOOGA,TN,UNKNOWN,UNKNOWN,UNKNOWN,UNKNOWN,UNKNOWN,UNKNOWN,UNKNOWN,UNKNOWN,UNKNOWN,UNKNOWN,UNKNOWN,UNKNOWN,UNKNOWN,UNKNOWN,UNKNOWN,UNKNOWN,UNKNOWN,UNKNOWN,UNKNOWN,UNKNOWN,UNKNOWN,UNKNOWN,UNKNOWN,UNKNOWN,UNKNOWN,UNKNOWN,unknown,https://www.steelwarehouse.com/chattanooga-tn/,,listed,rebulk-directory (NS),,
Steelworks Industrial Park,,,,BUFFALO,NY,UNKNOWN,UNKNOWN,UNKNOWN,UNKNOWN,UNKNOWN,UNKNOWN,UNKNOWN,UNKNOWN,UNKNOWN,UNKNOWN,UNKNOWN,UNKNOWN,UNKNOWN,UNKNOWN,UNKNOWN,UNKNOWN,UNKNOWN,UNKNOWN,UNKNOWN,UNKNOWN,UNKNOWN,UNKNOWN,UNKNOWN,UNKNOWN,UNKNOWN,UNKNOWN,unknown,https://www.steelworksindustrialpark.com,,listed,rebulk-directory (NS SB),,
Sterling Equipment Quincy Marine Yard,,,,QUINCY,MA,UNKNOWN,UNKNOWN,UNKNOWN,UNKNOWN,UNKNOWN,UNKNOWN,UNKNOWN,UNKNOWN,UNKNOWN,UNKNOWN,UNKNOWN,UNKNOWN,UNKNOWN,UNKNOWN,UNKNOWN,UNKNOWN,UNKNOWN,UNKNOWN,UNKNOWN,UNKNOWN,UNKNOWN,UNKNOWN,UNKNOWN,UNKNOWN,UNKNOWN,UNKNOWN,unknown,https://www.sterlingequipment.com/,,listed,rebulk-directory (Fore River Transportation Corporation (FRVT)),,
Sterling Logistix,,,,STERLING,IL,UNKNOWN,UNKNOWN,UNKNOWN,UNKNOWN,UNKNOWN,UNKNOWN,UNKNOWN,UNKNOWN,UNKNOWN,UNKNOWN,UNKNOWN,UNKNOWN,UNKNOWN,UNKNOWN,UNKNOWN,UNKNOWN,UNKNOWN,UNKNOWN,UNKNOWN,UNKNOWN,UNKNOWN,UNKNOWN,UNKNOWN,UNKNOWN,UNKNOWN,UNKNOWN,unknown,https://sterlinglogistix.com/,,listed,rebulk-directory (UP),,
Sterling Services Ltd,,info@sterlingcompanies.com,(248) 298-2973,HAMTRAMICK,MI,NO,YES,NO,YES,NO,NO,NO,NO,NO,YES,NO,NO,YES,NO,YES,NO,NO,NO,NO,YES,YES,NO,YES,NO,YES,NO,unknown,http://www.sterlingcompanies.com/,,verified,swl-internal,OPERATIONAL,high
Sterling Transport,Transload,,,ABERDEEN,NC,UNKNOWN,UNKNOWN,UNKNOWN,UNKNOWN,UNKNOWN,UNKNOWN,UNKNOWN,UNKNOWN,UNKNOWN,UNKNOWN,UNKNOWN,UNKNOWN,UNKNOWN,UNKNOWN,UNKNOWN,UNKNOWN,UNKNOWN,UNKNOWN,UNKNOWN,UNKNOWN,UNKNOWN,UNKNOWN,UNKNOWN,UNKNOWN,UNKNOWN,UNKNOWN,unknown,https://aberdeen-rockfish.com/freight-services/,,listed,rebulk-directory (Aberdeen & Rockfish Railroad (AR)),,
Stillwater Central Railroad,Transload,,,DEL CITY,OK,UNKNOWN,UNKNOWN,UNKNOWN,UNKNOWN,UNKNOWN,UNKNOWN,UNKNOWN,UNKNOWN,UNKNOWN,UNKNOWN,UNKNOWN,UNKNOWN,UNKNOWN,UNKNOWN,UNKNOWN,UNKNOWN,UNKNOWN,UNKNOWN,UNKNOWN,UNKNOWN,UNKNOWN,UNKNOWN,UNKNOWN,UNKNOWN,UNKNOWN,UNKNOWN,unknown,https://www.watco.com/service/rail/stillwater-central-railroad-slwc/,,listed,rebulk-directory (SLWC),,
Stolt-Nielsen Rail Services,,m.dale@stolt.com,(281) 457-0303,HOUSTON,TX,YES,NO,NO,YES,NO,NO,NO,NO,NO,YES,NO,NO,YES,NO,YES,NO,NO,NO,NO,YES,YES,NO,YES,YES,YES,NO,unknown,http://www.stolt-nielsen.com/,,verified,swl-internal,OPERATIONAL,medium
Stolthaven New Orleans,,,,BRAITHWAITE,LA,UNKNOWN,UNKNOWN,UNKNOWN,UNKNOWN,UNKNOWN,UNKNOWN,UNKNOWN,UNKNOWN,UNKNOWN,UNKNOWN,UNKNOWN,UNKNOWN,UNKNOWN,UNKNOWN,UNKNOWN,UNKNOWN,UNKNOWN,UNKNOWN,UNKNOWN,UNKNOWN,UNKNOWN,UNKNOWN,UNKNOWN,UNKNOWN,UNKNOWN,UNKNOWN,unknown,https://stolt-nielsen.com,,listed,rebulk-directory (NS),,
Stone Arch Commodities,,info@stonearchcom.com,(612) 356-5160,MINNEAPOLIS,MN,NO,NO,NO,NO,YES,NO,YES,NO,YES,NO,NO,NO,NO,NO,NO,NO,YES,NO,NO,NO,NO,NO,NO,NO,NO,NO,unknown,https://www.stonearchcom.com/,,verified,swl-internal,OPERATIONAL,high
Strasburg Railroad Transload,,,,RONKS,PA,UNKNOWN,UNKNOWN,UNKNOWN,UNKNOWN,UNKNOWN,UNKNOWN,UNKNOWN,UNKNOWN,UNKNOWN,UNKNOWN,UNKNOWN,UNKNOWN,UNKNOWN,UNKNOWN,UNKNOWN,UNKNOWN,UNKNOWN,UNKNOWN,UNKNOWN,UNKNOWN,UNKNOWN,UNKNOWN,UNKNOWN,UNKNOWN,UNKNOWN,UNKNOWN,unknown,https://Www.Strasburgrailroad.com/freight/,,listed,rebulk-directory (NS SRC),,
Strategic Materials,,sales@strategicmaterials.com,(702) 643-6001,NORTH LAS VEGAS,NV,YES,YES,YES,YES,YES,YES,YES,NO,YES,YES,YES,NO,NO,NO,NO,NO,YES,NO,NO,YES,NO,NO,NO,NO,NO,NO,unknown,http://www.smi.com/,,verified,swl-internal,OPERATIONAL,high
Strategic Transload Services,,,,FAYETTEVILLE,NC,UNKNOWN,UNKNOWN,UNKNOWN,UNKNOWN,UNKNOWN,UNKNOWN,UNKNOWN,UNKNOWN,UNKNOWN,UNKNOWN,UNKNOWN,UNKNOWN,UNKNOWN,UNKNOWN,UNKNOWN,UNKNOWN,UNKNOWN,UNKNOWN,UNKNOWN,UNKNOWN,UNKNOWN,UNKNOWN,UNKNOWN,UNKNOWN,UNKNOWN,UNKNOWN,unknown,,,listed,rebulk-directory (CSX),,
Stratton Equity Co-op,,,,STRATTON,CO,UNKNOWN,UNKNOWN,UNKNOWN,UNKNOWN,UNKNOWN,UNKNOWN,UNKNOWN,UNKNOWN,UNKNOWN,UNKNOWN,UNKNOWN,UNKNOWN,UNKNOWN,UNKNOWN,UNKNOWN,UNKNOWN,UNKNOWN,UNKNOWN,UNKNOWN,UNKNOWN,UNKNOWN,UNKNOWN,UNKNOWN,UNKNOWN,UNKNOWN,UNKNOWN,unknown,https://www.strattoncoop.com/,,listed,rebulk-directory (G&W KYLE),,
Suministros Industriales Potosinos Sa De Cv,,contacto@terminalsip.com,,SAN LUIS POTOSI,SL,NO,NO,YES,YES,YES,YES,NO,NO,YES,NO,YES,NO,YES,NO,NO,YES,NO,YES,NO,YES,YES,YES,YES,YES,YES,YES,unknown,http://terminalsip.com/ubicacion/,,verified,swl-internal,NOT_FOUND,low
Sunland Logistics Solutions,,,,NORTH CHARLESTON,SC,UNKNOWN,UNKNOWN,UNKNOWN,UNKNOWN,UNKNOWN,UNKNOWN,UNKNOWN,UNKNOWN,UNKNOWN,UNKNOWN,UNKNOWN,UNKNOWN,UNKNOWN,UNKNOWN,UNKNOWN,UNKNOWN,UNKNOWN,UNKNOWN,UNKNOWN,UNKNOWN,UNKNOWN,UNKNOWN,UNKNOWN,UNKNOWN,UNKNOWN,UNKNOWN,unknown,https://sunlandlogisticssolutions.com/locations/north-charleston-sc/,,listed,rebulk-directory (NS),,
Sunoco LP Baltimore Terminal,,,,BALTIMORE,MD,UNKNOWN,UNKNOWN,UNKNOWN,UNKNOWN,UNKNOWN,UNKNOWN,UNKNOWN,UNKNOWN,UNKNOWN,UNKNOWN,UNKNOWN,UNKNOWN,UNKNOWN,UNKNOWN,UNKNOWN,UNKNOWN,UNKNOWN,UNKNOWN,UNKNOWN,UNKNOWN,UNKNOWN,UNKNOWN,UNKNOWN,UNKNOWN,UNKNOWN,UNKNOWN,unknown,https://www.sunocolp.com/segments/fuel-terminals/view/baltimore,,listed,rebulk-directory (CSX),,
Sunoco LP Jacksonville Terminal,,,,JACKSONVILLE,FL,UNKNOWN,UNKNOWN,UNKNOWN,UNKNOWN,UNKNOWN,UNKNOWN,UNKNOWN,UNKNOWN,UNKNOWN,UNKNOWN,UNKNOWN,UNKNOWN,UNKNOWN,UNKNOWN,UNKNOWN,UNKNOWN,UNKNOWN,UNKNOWN,UNKNOWN,UNKNOWN,UNKNOWN,UNKNOWN,UNKNOWN,UNKNOWN,UNKNOWN,UNKNOWN,unknown,https://www.sunocolp.com/,,listed,rebulk-directory (CSX),,
Sunoco LP Vancouver Main Terminal,,,,VANCOUVER,WA,UNKNOWN,UNKNOWN,UNKNOWN,UNKNOWN,UNKNOWN,UNKNOWN,UNKNOWN,UNKNOWN,UNKNOWN,UNKNOWN,UNKNOWN,UNKNOWN,UNKNOWN,UNKNOWN,UNKNOWN,UNKNOWN,UNKNOWN,UNKNOWN,UNKNOWN,UNKNOWN,UNKNOWN,UNKNOWN,UNKNOWN,UNKNOWN,UNKNOWN,UNKNOWN,unknown,https://www.sunocolp.com/segments/fuel-terminals/view/vancouver-main,,listed,rebulk-directory (BNSF UP),,
Sunoco St. James Terminal,,,,ST. JAMES,LA,UNKNOWN,UNKNOWN,UNKNOWN,UNKNOWN,UNKNOWN,UNKNOWN,UNKNOWN,UNKNOWN,UNKNOWN,UNKNOWN,UNKNOWN,UNKNOWN,UNKNOWN,UNKNOWN,UNKNOWN,UNKNOWN,UNKNOWN,UNKNOWN,UNKNOWN,UNKNOWN,UNKNOWN,UNKNOWN,UNKNOWN,UNKNOWN,UNKNOWN,UNKNOWN,unknown,https://www.sunocolp.com/segments/fuel-terminals/view/st-james,,listed,rebulk-directory (UP),,
Sunset Route Transloading,,,,CASA GRANDE,AZ,UNKNOWN,UNKNOWN,UNKNOWN,UNKNOWN,UNKNOWN,UNKNOWN,UNKNOWN,UNKNOWN,UNKNOWN,UNKNOWN,UNKNOWN,UNKNOWN,UNKNOWN,UNKNOWN,UNKNOWN,UNKNOWN,UNKNOWN,UNKNOWN,UNKNOWN,UNKNOWN,UNKNOWN,UNKNOWN,UNKNOWN,UNKNOWN,UNKNOWN,UNKNOWN,unknown,https://sunsetroutetransload.com/,,listed,rebulk-directory (UP),,
Superior Carrier,,,,SPRINGFIELD,OH,UNKNOWN,UNKNOWN,UNKNOWN,UNKNOWN,UNKNOWN,UNKNOWN,UNKNOWN,UNKNOWN,UNKNOWN,UNKNOWN,UNKNOWN,UNKNOWN,UNKNOWN,UNKNOWN,UNKNOWN,UNKNOWN,UNKNOWN,UNKNOWN,UNKNOWN,UNKNOWN,UNKNOWN,UNKNOWN,UNKNOWN,UNKNOWN,UNKNOWN,UNKNOWN,unknown,https://www.heniff.com/about-heniff/locations/locations-detail/springfield-oh,,listed,rebulk-directory (G&W IORY),,
Superior Carriers,,fprentiss@superior-carriers.com,(251) 679-7080,SARALAND,AL,YES,NO,YES,YES,YES,YES,NO,NO,NO,YES,YES,NO,YES,NO,YES,YES,NO,NO,NO,YES,YES,NO,YES,NO,YES,YES,unknown,http://superior-carriers.com/#locations,,verified,swl-internal,OPERATIONAL,high
Superior Carriers,,fprentiss@superior-carriers.com,,BENSON,AZ,YES,NO,YES,YES,YES,YES,NO,NO,NO,YES,YES,NO,YES,NO,YES,YES,NO,NO,NO,YES,YES,NO,YES,NO,YES,YES,unknown,https://carrytransit.com/services#transloading,,verified,swl-internal,OPERATIONAL,high
Superior Carriers,,fprentiss@superior-carriers.com,,PARKER,AZ,YES,NO,YES,YES,YES,YES,NO,NO,NO,YES,YES,NO,YES,NO,YES,YES,NO,NO,NO,YES,YES,NO,YES,NO,YES,YES,unknown,https://carrytransit.com/services#transloading,,verified,swl-internal,NOT_FOUND,low
Superior Carriers,,fprentiss@superior-carriers.com,(209) 484-6869,STOCKTON,CA,YES,NO,YES,YES,YES,YES,NO,NO,NO,YES,YES,NO,YES,NO,YES,YES,NO,NO,NO,YES,YES,NO,YES,NO,YES,YES,unknown,http://www.smtinc.org/,,verified,swl-internal,OPERATIONAL,medium
Superior Carriers,,fprentiss@superior-carriers.com,,LAKELAND,FL,YES,NO,YES,YES,YES,YES,NO,NO,NO,YES,YES,NO,YES,NO,YES,YES,NO,NO,NO,YES,YES,NO,YES,NO,YES,YES,unknown,https://carrytransit.com/services#transloading,,verified,swl-internal,NOT_FOUND,low
Superior Carriers,,fprentiss@superior-carriers.com,(407) 278-7628,ORLANDO,FL,YES,NO,YES,YES,YES,YES,NO,NO,NO,YES,YES,NO,YES,NO,YES,YES,NO,NO,NO,YES,YES,NO,YES,NO,YES,YES,unknown,https://carrytransit.com/services#transloading,,verified,swl-internal,OPERATIONAL,medium
Superior Carriers,,fprentiss@superior-carriers.com,(800) 210-2174,BRIDGEVIEW,IL,YES,NO,YES,YES,YES,YES,NO,NO,NO,YES,YES,NO,YES,NO,YES,YES,NO,NO,NO,YES,YES,NO,YES,NO,YES,YES,unknown,https://carrytransit.com/services#transloading,,verified,swl-internal,OPERATIONAL,high
Superior Carriers,,fprentiss@superior-carriers.com,(773) 374-8573,CHICAGO,IL,YES,NO,YES,YES,YES,YES,NO,NO,NO,YES,YES,NO,YES,NO,YES,YES,NO,NO,NO,YES,YES,NO,YES,NO,YES,YES,unknown,https://carrytransit.com/services#transloading,,verified,swl-internal,OPERATIONAL,high
Superior Carriers,,fprentiss@superior-carriers.com,(413) 781-8480,HOLYOKE,MA,YES,NO,YES,YES,YES,YES,NO,NO,NO,YES,YES,NO,YES,NO,YES,YES,NO,NO,NO,YES,YES,NO,YES,NO,YES,YES,unknown,https://carrytransit.com/services#transloading,,verified,swl-internal,OPERATIONAL,high
Superior Carriers,,fprentiss@superior-carriers.com,(336) 887-8084,ABERDEEN,NC,YES,NO,YES,YES,YES,YES,NO,NO,NO,YES,YES,NO,YES,NO,YES,YES,NO,NO,NO,YES,YES,NO,YES,NO,YES,YES,unknown,https://carrytransit.com/services#transloading,,verified,swl-internal,OPERATIONAL,high
Superior Carriers,,fprentiss@superior-carriers.com,,MC ADENVILLE,NC,YES,NO,YES,YES,YES,YES,NO,NO,NO,YES,YES,NO,YES,NO,YES,YES,NO,NO,NO,YES,YES,NO,YES,NO,YES,YES,unknown,https://carrytransit.com/services#transloading,,verified,swl-internal,OPERATIONAL,high
Superior Carriers,,fprentiss@superior-carriers.com,(888) 928-7727,SPARTA,NJ,YES,NO,YES,YES,YES,YES,NO,NO,NO,YES,YES,NO,YES,NO,YES,YES,NO,NO,NO,YES,YES,NO,YES,NO,YES,YES,unknown,http://superior-carriers.com/,,verified,swl-internal,OPERATIONAL,high
Superior Carriers,,fprentiss@superior-carriers.com,(541) 527-9159,REDMOND,OR,YES,NO,YES,YES,YES,YES,NO,NO,NO,YES,YES,NO,YES,NO,YES,YES,NO,NO,NO,YES,YES,NO,YES,NO,YES,YES,unknown,http://superior-carriers.com/,,verified,swl-internal,OPERATIONAL,high
Superior Carriers,,fprentiss@superior-carriers.com,(724) 756-0250,CRAFTON,PA,YES,NO,YES,YES,YES,YES,NO,NO,NO,YES,YES,NO,YES,NO,YES,YES,NO,NO,NO,YES,YES,NO,YES,NO,YES,YES,unknown,https://carrytransit.com/services#transloading,,verified,swl-internal,OPERATIONAL,high
Superior Carriers,,fprentiss@superior-carriers.com,(901) 774-8897,MEMPHIS,TN,YES,NO,YES,YES,YES,YES,NO,NO,NO,YES,YES,NO,YES,NO,YES,YES,NO,NO,NO,YES,YES,NO,YES,NO,YES,YES,unknown,https://carrytransit.com/services#transloading,,verified,swl-internal,OPERATIONAL,high
Superior Carriers,,fprentiss@superior-carriers.com,(972) 263-1343,ARLINGTON,TX,YES,NO,YES,YES,YES,YES,NO,NO,NO,YES,YES,NO,YES,NO,YES,YES,NO,NO,NO,YES,YES,NO,YES,NO,YES,YES,unknown,https://carrytransit.com/services#transloading,,verified,swl-internal,OPERATIONAL,medium
Superior Inland Terminals,Terminal,,,DEMOPOLIS,AL,UNKNOWN,UNKNOWN,UNKNOWN,UNKNOWN,UNKNOWN,UNKNOWN,UNKNOWN,UNKNOWN,UNKNOWN,UNKNOWN,UNKNOWN,UNKNOWN,UNKNOWN,UNKNOWN,UNKNOWN,UNKNOWN,UNKNOWN,UNKNOWN,UNKNOWN,UNKNOWN,UNKNOWN,UNKNOWN,UNKNOWN,UNKNOWN,UNKNOWN,UNKNOWN,unknown,https://siterminals.com/,,listed,rebulk-directory (NS),,
Superior Inland Terminals,Terminal,,,MONTGOMERY,AL,UNKNOWN,UNKNOWN,UNKNOWN,UNKNOWN,UNKNOWN,UNKNOWN,UNKNOWN,UNKNOWN,UNKNOWN,UNKNOWN,UNKNOWN,UNKNOWN,UNKNOWN,UNKNOWN,UNKNOWN,UNKNOWN,UNKNOWN,UNKNOWN,UNKNOWN,UNKNOWN,UNKNOWN,UNKNOWN,UNKNOWN,UNKNOWN,UNKNOWN,UNKNOWN,unknown,https://siterminals.com/,,listed,rebulk-directory (CSX),,
Susquehanna Bulk Services,,pduszynski@nysw.com,(973) 579-7477,NORTH BERGEN,NJ,NO,NO,NO,NO,NO,NO,NO,NO,NO,NO,YES,NO,NO,NO,NO,YES,NO,NO,NO,NO,NO,NO,YES,YES,NO,NO,unknown,http://www.nysw.com/,,verified,swl-internal,OPERATIONAL,medium
Susquehanna Bulk Services,,pduszynski@nysw.com,,SPARTA,NJ,NO,NO,NO,NO,NO,NO,NO,NO,NO,NO,YES,NO,NO,NO,NO,YES,NO,NO,NO,NO,NO,NO,YES,YES,NO,NO,unknown,http://www.nysw.com/,,verified,swl-internal,NOT_FOUND,none
Susquehanna Bulk Systems,,,,BINGHAMTON,NY,UNKNOWN,UNKNOWN,UNKNOWN,UNKNOWN,UNKNOWN,UNKNOWN,UNKNOWN,UNKNOWN,UNKNOWN,UNKNOWN,UNKNOWN,UNKNOWN,UNKNOWN,UNKNOWN,UNKNOWN,UNKNOWN,UNKNOWN,UNKNOWN,UNKNOWN,UNKNOWN,UNKNOWN,UNKNOWN,UNKNOWN,UNKNOWN,UNKNOWN,UNKNOWN,unknown,https://www.nysw.com,,listed,rebulk-directory (NS),,
Susquehanna Bulk Systems,,,,CORTLAND,NY,UNKNOWN,UNKNOWN,UNKNOWN,UNKNOWN,UNKNOWN,UNKNOWN,UNKNOWN,UNKNOWN,UNKNOWN,UNKNOWN,UNKNOWN,UNKNOWN,UNKNOWN,UNKNOWN,UNKNOWN,UNKNOWN,UNKNOWN,UNKNOWN,UNKNOWN,UNKNOWN,UNKNOWN,UNKNOWN,UNKNOWN,UNKNOWN,UNKNOWN,UNKNOWN,unknown,https://www.nysw.com,,listed,rebulk-directory (NS),,
Susquehanna Railworks Transload,,,,SUNBURY,PA,UNKNOWN,UNKNOWN,UNKNOWN,UNKNOWN,UNKNOWN,UNKNOWN,UNKNOWN,UNKNOWN,UNKNOWN,UNKNOWN,UNKNOWN,UNKNOWN,UNKNOWN,UNKNOWN,UNKNOWN,UNKNOWN,UNKNOWN,UNKNOWN,UNKNOWN,UNKNOWN,UNKNOWN,UNKNOWN,UNKNOWN,UNKNOWN,UNKNOWN,UNKNOWN,unknown,https://agsourceusa.com,,listed,rebulk-directory (NS),,
Sweetener Supply,,sales@sweetenersupplycom,(708) 588-8400,BERWYN,IL,NO,NO,NO,NO,YES,YES,NO,NO,NO,NO,NO,NO,NO,NO,NO,NO,NO,NO,NO,YES,NO,NO,YES,NO,YES,NO,unknown,http://www.sweetenersupply.com/,,verified,swl-internal,OPERATIONAL,high
Sweeteners Plus Incorporated,,,,LAKEVILLE,NY,UNKNOWN,UNKNOWN,UNKNOWN,UNKNOWN,UNKNOWN,UNKNOWN,UNKNOWN,UNKNOWN,UNKNOWN,UNKNOWN,UNKNOWN,UNKNOWN,UNKNOWN,UNKNOWN,UNKNOWN,UNKNOWN,UNKNOWN,UNKNOWN,UNKNOWN,UNKNOWN,UNKNOWN,UNKNOWN,UNKNOWN,UNKNOWN,UNKNOWN,UNKNOWN,unknown,https://www.ingredientsplus.com/,,listed,rebulk-directory (LAL NS),,
Sweetwater Logistics Center,,,,SWEETWATER,TX,UNKNOWN,UNKNOWN,UNKNOWN,UNKNOWN,UNKNOWN,UNKNOWN,UNKNOWN,UNKNOWN,UNKNOWN,UNKNOWN,UNKNOWN,UNKNOWN,UNKNOWN,UNKNOWN,UNKNOWN,UNKNOWN,UNKNOWN,UNKNOWN,UNKNOWN,UNKNOWN,UNKNOWN,UNKNOWN,UNKNOWN,UNKNOWN,UNKNOWN,UNKNOWN,unknown,https://pycoindustriesinc.com/,,listed,rebulk-directory (BNSF);bnsf-premier-flipbook,,
SWP S Greensburg,,,,S. GREENSBURG,PA,UNKNOWN,UNKNOWN,UNKNOWN,UNKNOWN,UNKNOWN,UNKNOWN,UNKNOWN,UNKNOWN,UNKNOWN,UNKNOWN,UNKNOWN,UNKNOWN,UNKNOWN,UNKNOWN,UNKNOWN,UNKNOWN,UNKNOWN,UNKNOWN,UNKNOWN,UNKNOWN,UNKNOWN,UNKNOWN,UNKNOWN,UNKNOWN,UNKNOWN,UNKNOWN,unknown,https://www.carloadexpress.com,,listed,rebulk-directory (NS SW),,
Sylvite,Terminal,,,AKRON,OH,UNKNOWN,UNKNOWN,UNKNOWN,UNKNOWN,UNKNOWN,UNKNOWN,UNKNOWN,UNKNOWN,UNKNOWN,UNKNOWN,UNKNOWN,UNKNOWN,UNKNOWN,UNKNOWN,UNKNOWN,UNKNOWN,UNKNOWN,UNKNOWN,UNKNOWN,UNKNOWN,UNKNOWN,UNKNOWN,UNKNOWN,UNKNOWN,UNKNOWN,UNKNOWN,unknown,https://sylvite.ca/agriculture/retail-locations/akron-ohio/,,listed,rebulk-directory (CSX NS),,
T & J Marketing,Rail and Storage Facility,,,CHANDLER,OK,UNKNOWN,UNKNOWN,UNKNOWN,UNKNOWN,UNKNOWN,UNKNOWN,UNKNOWN,UNKNOWN,UNKNOWN,UNKNOWN,UNKNOWN,UNKNOWN,UNKNOWN,UNKNOWN,UNKNOWN,UNKNOWN,UNKNOWN,UNKNOWN,UNKNOWN,UNKNOWN,UNKNOWN,UNKNOWN,UNKNOWN,UNKNOWN,UNKNOWN,UNKNOWN,unknown,https://www.tjmarketingok.com/,,listed,rebulk-directory (SLWC BNSF UP CPKC),,
Tacoma Transload,,gary.hofmann@tacomatransload.com,,TACOMA,WA,NO,NO,NO,NO,YES,NO,NO,NO,NO,NO,NO,NO,NO,NO,NO,NO,YES,NO,NO,NO,NO,NO,NO,NO,NO,NO,unknown,https://www.portoftacoma.com/shipping/transload-directory/2339,dead_link,verified,swl-internal,OPERATIONAL,high
Tama-Benton Cooperative,,,,DYSART,IA,UNKNOWN,UNKNOWN,UNKNOWN,UNKNOWN,UNKNOWN,UNKNOWN,UNKNOWN,UNKNOWN,UNKNOWN,UNKNOWN,UNKNOWN,UNKNOWN,UNKNOWN,UNKNOWN,UNKNOWN,UNKNOWN,UNKNOWN,UNKNOWN,UNKNOWN,UNKNOWN,UNKNOWN,UNKNOWN,UNKNOWN,UNKNOWN,UNKNOWN,UNKNOWN,unknown,https://www.tamabentoncoop.com/,,listed,rebulk-directory (CN),,
Tanco Clark Maritime,,,,JEFFERSONVILLE,IN,UNKNOWN,UNKNOWN,UNKNOWN,UNKNOWN,UNKNOWN,UNKNOWN,UNKNOWN,UNKNOWN,UNKNOWN,UNKNOWN,UNKNOWN,UNKNOWN,UNKNOWN,UNKNOWN,UNKNOWN,UNKNOWN,UNKNOWN,UNKNOWN,UNKNOWN,UNKNOWN,UNKNOWN,UNKNOWN,UNKNOWN,UNKNOWN,UNKNOWN,UNKNOWN,unknown,https://www.wolflakeinc.com/,,listed,rebulk-directory (LIRC),,
Tank Truck Transport Inc,,andrewb@tttransport.com,,SUDBURY,ON,NO,NO,NO,NO,NO,NO,NO,NO,NO,NO,NO,NO,NO,NO,NO,NO,NO,NO,NO,NO,NO,NO,NO,NO,NO,NO,unknown,http://tttransport.com/locations.html,,verified,swl-internal,NOT_FOUND,low
TanTara Bulk Transload & Storage Co.,,,,MUSCATINE,IA,UNKNOWN,UNKNOWN,UNKNOWN,UNKNOWN,UNKNOWN,UNKNOWN,UNKNOWN,UNKNOWN,UNKNOWN,UNKNOWN,UNKNOWN,UNKNOWN,UNKNOWN,UNKNOWN,UNKNOWN,UNKNOWN,UNKNOWN,UNKNOWN,UNKNOWN,UNKNOWN,UNKNOWN,UNKNOWN,UNKNOWN,UNKNOWN,UNKNOWN,UNKNOWN,unknown,https://www.tantara.us/about/tantara-bulk-transload-storage-co/,,listed,rebulk-directory (CPKC),,
"TCI (Transportation Consultants, Inc.)",,,,NEW ORLEANS,LA,UNKNOWN,UNKNOWN,UNKNOWN,UNKNOWN,UNKNOWN,UNKNOWN,UNKNOWN,UNKNOWN,UNKNOWN,UNKNOWN,UNKNOWN,UNKNOWN,UNKNOWN,UNKNOWN,UNKNOWN,UNKNOWN,UNKNOWN,UNKNOWN,UNKNOWN,UNKNOWN,UNKNOWN,UNKNOWN,UNKNOWN,UNKNOWN,UNKNOWN,UNKNOWN,unknown,https://tcitrucking.com/new-orleans/,,listed,rebulk-directory (CPKC/KCS New Orleans),,
TCI Packaging,,,,NEW ORLEANS,LA,UNKNOWN,UNKNOWN,UNKNOWN,UNKNOWN,UNKNOWN,UNKNOWN,UNKNOWN,UNKNOWN,UNKNOWN,UNKNOWN,UNKNOWN,UNKNOWN,UNKNOWN,UNKNOWN,UNKNOWN,UNKNOWN,UNKNOWN,UNKNOWN,UNKNOWN,UNKNOWN,UNKNOWN,UNKNOWN,UNKNOWN,UNKNOWN,UNKNOWN,UNKNOWN,unknown,https://www.tcipackaging.com/,,listed,rebulk-directory (NOPB NS),,
TCWR Montevideo Transload,,,,MONTEVIDEO,MN,UNKNOWN,UNKNOWN,UNKNOWN,UNKNOWN,UNKNOWN,UNKNOWN,UNKNOWN,UNKNOWN,UNKNOWN,UNKNOWN,UNKNOWN,UNKNOWN,UNKNOWN,UNKNOWN,UNKNOWN,UNKNOWN,UNKNOWN,UNKNOWN,UNKNOWN,UNKNOWN,UNKNOWN,UNKNOWN,UNKNOWN,UNKNOWN,UNKNOWN,UNKNOWN,unknown,https://tcwr.net/customers/non-rail-served/,,listed,rebulk-directory (TCWR),,
TE Wilder Transportation,,,,LAWTONS,NY,UNKNOWN,UNKNOWN,UNKNOWN,UNKNOWN,UNKNOWN,UNKNOWN,UNKNOWN,UNKNOWN,UNKNOWN,UNKNOWN,UNKNOWN,UNKNOWN,UNKNOWN,UNKNOWN,UNKNOWN,UNKNOWN,UNKNOWN,UNKNOWN,UNKNOWN,UNKNOWN,UNKNOWN,UNKNOWN,UNKNOWN,UNKNOWN,UNKNOWN,UNKNOWN,unknown,,,listed,rebulk-directory (Buffalo Southern Railroad (BSOR)),,
Teevin Bros,,,,RAINIER,OR,UNKNOWN,UNKNOWN,UNKNOWN,UNKNOWN,UNKNOWN,UNKNOWN,UNKNOWN,UNKNOWN,UNKNOWN,UNKNOWN,UNKNOWN,UNKNOWN,UNKNOWN,UNKNOWN,UNKNOWN,UNKNOWN,UNKNOWN,UNKNOWN,UNKNOWN,UNKNOWN,UNKNOWN,UNKNOWN,UNKNOWN,UNKNOWN,UNKNOWN,UNKNOWN,unknown,,,listed,rebulk-directory (G&W PNWR),,
Tell City River Port,,,,TELL CITY,IN,UNKNOWN,UNKNOWN,UNKNOWN,UNKNOWN,UNKNOWN,UNKNOWN,UNKNOWN,UNKNOWN,UNKNOWN,UNKNOWN,UNKNOWN,UNKNOWN,UNKNOWN,UNKNOWN,UNKNOWN,UNKNOWN,UNKNOWN,UNKNOWN,UNKNOWN,UNKNOWN,UNKNOWN,UNKNOWN,UNKNOWN,UNKNOWN,UNKNOWN,UNKNOWN,unknown,https://pcrailport.net/,,listed,rebulk-directory (HOS NS),,
Temple & Central Railroad,,,,TEMPLE,TX,UNKNOWN,UNKNOWN,UNKNOWN,UNKNOWN,UNKNOWN,UNKNOWN,UNKNOWN,UNKNOWN,UNKNOWN,UNKNOWN,UNKNOWN,UNKNOWN,UNKNOWN,UNKNOWN,UNKNOWN,UNKNOWN,UNKNOWN,UNKNOWN,UNKNOWN,UNKNOWN,UNKNOWN,UNKNOWN,UNKNOWN,UNKNOWN,UNKNOWN,UNKNOWN,unknown,https://patriotrail.com/rail/temple-central-texas-railway-tc/,,listed,rebulk-directory (BNSF),,
Tennessee Southern Railroad Lawrenceburg Cross-Dock,,,,LAWRENCEBURG,TN,UNKNOWN,UNKNOWN,UNKNOWN,UNKNOWN,UNKNOWN,UNKNOWN,UNKNOWN,UNKNOWN,UNKNOWN,UNKNOWN,UNKNOWN,UNKNOWN,UNKNOWN,UNKNOWN,UNKNOWN,UNKNOWN,UNKNOWN,UNKNOWN,UNKNOWN,UNKNOWN,UNKNOWN,UNKNOWN,UNKNOWN,UNKNOWN,UNKNOWN,UNKNOWN,unknown,https://patriotrail.com/,,listed,rebulk-directory (TSRR CSX),,
TennKen Railroad Dyersburg Yard Transload,,,,DYERSBURG,TN,UNKNOWN,UNKNOWN,UNKNOWN,UNKNOWN,UNKNOWN,UNKNOWN,UNKNOWN,UNKNOWN,UNKNOWN,UNKNOWN,UNKNOWN,UNKNOWN,UNKNOWN,UNKNOWN,UNKNOWN,UNKNOWN,UNKNOWN,UNKNOWN,UNKNOWN,UNKNOWN,UNKNOWN,UNKNOWN,UNKNOWN,UNKNOWN,UNKNOWN,UNKNOWN,unknown,https://www.wtnnrr.com/tennken,,listed,rebulk-directory (TKEN CN),,
Terminal Tacuba,,ricardoc@terminaltacuba.com,,CIUDAD DE MEXICO,DF,NO,YES,YES,YES,YES,YES,NO,NO,NO,YES,YES,NO,YES,NO,NO,YES,NO,NO,YES,YES,YES,YES,NO,NO,YES,NO,unknown,http://terminaltacuba.com/porque.html,dead_domain,review,swl-internal,NOT_FOUND,low
Terminales Portuarias Del Pacifico,,info@www.tpp.com.mx,,LAZARO CARDENAS,MH,NO,NO,YES,NO,NO,NO,NO,NO,YES,NO,NO,NO,NO,NO,YES,NO,NO,NO,NO,NO,NO,NO,NO,YES,NO,NO,unknown,https://www.tpp.com.mx/infraestructura/,dead_domain,review,swl-internal,NOT_FOUND,low
TES Logistics Rail Transload,,,,GREENVILLE,NC,UNKNOWN,UNKNOWN,UNKNOWN,UNKNOWN,UNKNOWN,UNKNOWN,UNKNOWN,UNKNOWN,UNKNOWN,UNKNOWN,UNKNOWN,UNKNOWN,UNKNOWN,UNKNOWN,UNKNOWN,UNKNOWN,UNKNOWN,UNKNOWN,UNKNOWN,UNKNOWN,UNKNOWN,UNKNOWN,UNKNOWN,UNKNOWN,UNKNOWN,UNKNOWN,unknown,https://www.teslogistics.com/,,listed,rebulk-directory (CSX),,
TexAmericas - Spring Creek Enterprises,,,,NEW BOSTON,TX,UNKNOWN,UNKNOWN,UNKNOWN,UNKNOWN,UNKNOWN,UNKNOWN,UNKNOWN,UNKNOWN,UNKNOWN,UNKNOWN,UNKNOWN,UNKNOWN,UNKNOWN,UNKNOWN,UNKNOWN,UNKNOWN,UNKNOWN,UNKNOWN,UNKNOWN,UNKNOWN,UNKNOWN,UNKNOWN,UNKNOWN,UNKNOWN,UNKNOWN,UNKNOWN,unknown,https://www.texamericascenter.com/logistics-services/transload-services/,,listed,rebulk-directory (G&W TNER),,
Texas and Eastern Railroad,Jaguar Transport Holdings,,,RUSK,TX,UNKNOWN,UNKNOWN,UNKNOWN,UNKNOWN,UNKNOWN,UNKNOWN,UNKNOWN,UNKNOWN,UNKNOWN,UNKNOWN,UNKNOWN,UNKNOWN,UNKNOWN,UNKNOWN,UNKNOWN,UNKNOWN,UNKNOWN,UNKNOWN,UNKNOWN,UNKNOWN,UNKNOWN,UNKNOWN,UNKNOWN,UNKNOWN,UNKNOWN,UNKNOWN,unknown,https://jag-transport.com/texas-and-eastern-railroad/,,listed,rebulk-directory (UP),,
Texas Blending & Warehousing Corp,,info@tbwc.net,(713) 223-1053,HOUSTON,TX,NO,NO,NO,YES,NO,NO,NO,NO,NO,YES,NO,NO,YES,NO,NO,NO,NO,NO,NO,YES,YES,NO,YES,NO,YES,NO,unknown,https://www.tbwc.net/,,verified,swl-internal,OPERATIONAL,high
Texas Central Business Lines,,,,MIDLOTHIAN,TX,UNKNOWN,UNKNOWN,UNKNOWN,UNKNOWN,UNKNOWN,UNKNOWN,UNKNOWN,UNKNOWN,UNKNOWN,UNKNOWN,UNKNOWN,UNKNOWN,UNKNOWN,UNKNOWN,UNKNOWN,UNKNOWN,UNKNOWN,UNKNOWN,UNKNOWN,UNKNOWN,UNKNOWN,UNKNOWN,UNKNOWN,UNKNOWN,UNKNOWN,UNKNOWN,unknown,,,listed,rebulk-directory (BNSF),,
Texpar,,,,BAINBRIDGE,GA,UNKNOWN,UNKNOWN,UNKNOWN,UNKNOWN,UNKNOWN,UNKNOWN,UNKNOWN,UNKNOWN,UNKNOWN,UNKNOWN,UNKNOWN,UNKNOWN,UNKNOWN,UNKNOWN,UNKNOWN,UNKNOWN,UNKNOWN,UNKNOWN,UNKNOWN,UNKNOWN,UNKNOWN,UNKNOWN,UNKNOWN,UNKNOWN,UNKNOWN,UNKNOWN,unknown,https://texpar.com/,,listed,rebulk-directory (G&W GSWR),,
TGS Cedar Port Railroad Transload Terminal,,,,BAYTOWN,TX,UNKNOWN,UNKNOWN,UNKNOWN,UNKNOWN,UNKNOWN,UNKNOWN,UNKNOWN,UNKNOWN,UNKNOWN,UNKNOWN,UNKNOWN,UNKNOWN,UNKNOWN,UNKNOWN,UNKNOWN,UNKNOWN,UNKNOWN,UNKNOWN,UNKNOWN,UNKNOWN,UNKNOWN,UNKNOWN,UNKNOWN,UNKNOWN,UNKNOWN,UNKNOWN,unknown,https://www.tgscedarportrailroad.com/,,listed,rebulk-directory (TGS Cedar Port Railroad BNSF UP),,
Thatcher Company Inc,,info@tchem.com,(801) 972-4587,SALT LAKE CITY,UT,YES,NO,NO,YES,NO,NO,NO,NO,NO,NO,NO,NO,YES,NO,NO,NO,NO,NO,NO,YES,NO,NO,NO,YES,YES,NO,unknown,http://www.tchem.com/,,verified,swl-internal,OPERATIONAL,high
The Andersons,,,,WINONA,MN,UNKNOWN,UNKNOWN,UNKNOWN,UNKNOWN,UNKNOWN,UNKNOWN,UNKNOWN,UNKNOWN,UNKNOWN,UNKNOWN,UNKNOWN,UNKNOWN,UNKNOWN,UNKNOWN,UNKNOWN,UNKNOWN,UNKNOWN,UNKNOWN,UNKNOWN,UNKNOWN,UNKNOWN,UNKNOWN,UNKNOWN,UNKNOWN,UNKNOWN,UNKNOWN,unknown,https://www.andersonsinc.com/,,listed,rebulk-directory (CPKC),,
The Andersons,,,,JOPLIN,MO,UNKNOWN,UNKNOWN,UNKNOWN,UNKNOWN,UNKNOWN,UNKNOWN,UNKNOWN,UNKNOWN,UNKNOWN,UNKNOWN,UNKNOWN,UNKNOWN,UNKNOWN,UNKNOWN,UNKNOWN,UNKNOWN,UNKNOWN,UNKNOWN,UNKNOWN,UNKNOWN,UNKNOWN,UNKNOWN,UNKNOWN,UNKNOWN,UNKNOWN,UNKNOWN,unknown,https://www.andersonsinc.com/,,listed,rebulk-directory (G&W MNA),,
The Indiana Rail Road (Inrd) Sullivan,,,,SULLIVAN,IN,UNKNOWN,UNKNOWN,UNKNOWN,UNKNOWN,UNKNOWN,UNKNOWN,UNKNOWN,UNKNOWN,UNKNOWN,UNKNOWN,UNKNOWN,UNKNOWN,UNKNOWN,UNKNOWN,UNKNOWN,UNKNOWN,UNKNOWN,UNKNOWN,UNKNOWN,UNKNOWN,UNKNOWN,UNKNOWN,UNKNOWN,UNKNOWN,UNKNOWN,UNKNOWN,unknown,https://www.inrd.com/,,listed,rebulk-directory (CN),,
The Indiana Rail Road Company Indianapolis,,,,INDIANAPOLIS,IN,UNKNOWN,UNKNOWN,UNKNOWN,UNKNOWN,UNKNOWN,UNKNOWN,UNKNOWN,UNKNOWN,UNKNOWN,UNKNOWN,UNKNOWN,UNKNOWN,UNKNOWN,UNKNOWN,UNKNOWN,UNKNOWN,UNKNOWN,UNKNOWN,UNKNOWN,UNKNOWN,UNKNOWN,UNKNOWN,UNKNOWN,UNKNOWN,UNKNOWN,UNKNOWN,unknown,https://www.inrd.com/,,listed,rebulk-directory (CN),,
The Indiana Rail Road Company Odon,,,,ODON,IN,UNKNOWN,UNKNOWN,UNKNOWN,UNKNOWN,UNKNOWN,UNKNOWN,UNKNOWN,UNKNOWN,UNKNOWN,UNKNOWN,UNKNOWN,UNKNOWN,UNKNOWN,UNKNOWN,UNKNOWN,UNKNOWN,UNKNOWN,UNKNOWN,UNKNOWN,UNKNOWN,UNKNOWN,UNKNOWN,UNKNOWN,UNKNOWN,UNKNOWN,UNKNOWN,unknown,https://www.inrd.com/,,listed,rebulk-directory (CN),,
The Peerless Transportation Company,,,,DAYTON,OH,UNKNOWN,UNKNOWN,UNKNOWN,UNKNOWN,UNKNOWN,UNKNOWN,UNKNOWN,UNKNOWN,UNKNOWN,UNKNOWN,UNKNOWN,UNKNOWN,UNKNOWN,UNKNOWN,UNKNOWN,UNKNOWN,UNKNOWN,UNKNOWN,UNKNOWN,UNKNOWN,UNKNOWN,UNKNOWN,UNKNOWN,UNKNOWN,UNKNOWN,UNKNOWN,unknown,,,listed,rebulk-directory (CSX),,
The Scoular Company,,,,ADRIAN,MO,UNKNOWN,UNKNOWN,UNKNOWN,UNKNOWN,UNKNOWN,UNKNOWN,UNKNOWN,UNKNOWN,UNKNOWN,UNKNOWN,UNKNOWN,UNKNOWN,UNKNOWN,UNKNOWN,UNKNOWN,UNKNOWN,UNKNOWN,UNKNOWN,UNKNOWN,UNKNOWN,UNKNOWN,UNKNOWN,UNKNOWN,UNKNOWN,UNKNOWN,UNKNOWN,unknown,https://www.scoular.com/,,listed,rebulk-directory (G&W MNA),,
ThompsonGas Baltimore LPG Terminal,,,,BALTIMORE,MD,UNKNOWN,UNKNOWN,UNKNOWN,UNKNOWN,UNKNOWN,UNKNOWN,UNKNOWN,UNKNOWN,UNKNOWN,UNKNOWN,UNKNOWN,UNKNOWN,UNKNOWN,UNKNOWN,UNKNOWN,UNKNOWN,UNKNOWN,UNKNOWN,UNKNOWN,UNKNOWN,UNKNOWN,UNKNOWN,UNKNOWN,UNKNOWN,UNKNOWN,UNKNOWN,unknown,https://thompsongas.com/,,listed,rebulk-directory (CSX),,
Thorngrove Pike Transload,,,,KNOXVILLE,TN,UNKNOWN,UNKNOWN,UNKNOWN,UNKNOWN,UNKNOWN,UNKNOWN,UNKNOWN,UNKNOWN,UNKNOWN,UNKNOWN,UNKNOWN,UNKNOWN,UNKNOWN,UNKNOWN,UNKNOWN,UNKNOWN,UNKNOWN,UNKNOWN,UNKNOWN,UNKNOWN,UNKNOWN,UNKNOWN,UNKNOWN,UNKNOWN,UNKNOWN,UNKNOWN,unknown,https://gulfandohio.com/kxhr,,listed,rebulk-directory (KXHR NS CSX),,
Three Rivers Marine & Rail Terminals,Gibsonton Terminal,,,BELLE VERNON,PA,UNKNOWN,UNKNOWN,UNKNOWN,UNKNOWN,UNKNOWN,UNKNOWN,UNKNOWN,UNKNOWN,UNKNOWN,UNKNOWN,UNKNOWN,UNKNOWN,UNKNOWN,UNKNOWN,UNKNOWN,UNKNOWN,UNKNOWN,UNKNOWN,UNKNOWN,UNKNOWN,UNKNOWN,UNKNOWN,UNKNOWN,UNKNOWN,UNKNOWN,UNKNOWN,unknown,https://www.trmrt.com/,,listed,rebulk-directory (CSX Wheeling & Lake Erie Railway),,
Three Rivers Marine & Rail Terminals,Terminal,,,GLASSPORT,PA,UNKNOWN,UNKNOWN,UNKNOWN,UNKNOWN,UNKNOWN,UNKNOWN,UNKNOWN,UNKNOWN,UNKNOWN,UNKNOWN,UNKNOWN,UNKNOWN,UNKNOWN,UNKNOWN,UNKNOWN,UNKNOWN,UNKNOWN,UNKNOWN,UNKNOWN,UNKNOWN,UNKNOWN,UNKNOWN,UNKNOWN,UNKNOWN,UNKNOWN,UNKNOWN,unknown,https://www.trmrt.com/,,listed,rebulk-directory (CSX),,
Tidewater Logistics,Terminal,,,DERWENT,OH,UNKNOWN,UNKNOWN,UNKNOWN,UNKNOWN,UNKNOWN,UNKNOWN,UNKNOWN,UNKNOWN,UNKNOWN,UNKNOWN,UNKNOWN,UNKNOWN,UNKNOWN,UNKNOWN,UNKNOWN,UNKNOWN,UNKNOWN,UNKNOWN,UNKNOWN,UNKNOWN,UNKNOWN,UNKNOWN,UNKNOWN,UNKNOWN,UNKNOWN,UNKNOWN,unknown,https://www.tidewater-logistics.com/,,listed,rebulk-directory (CUOH),,
Tidewater Logistics,Terminal,,,NAVARRE,OH,UNKNOWN,UNKNOWN,UNKNOWN,UNKNOWN,UNKNOWN,UNKNOWN,UNKNOWN,UNKNOWN,UNKNOWN,UNKNOWN,UNKNOWN,UNKNOWN,UNKNOWN,UNKNOWN,UNKNOWN,UNKNOWN,UNKNOWN,UNKNOWN,UNKNOWN,UNKNOWN,UNKNOWN,UNKNOWN,UNKNOWN,UNKNOWN,UNKNOWN,UNKNOWN,unknown,https://www.tidewater-logistics.com/,,listed,rebulk-directory (WE),,
Tidewater Snake River Terminal,,,,PASCO,WA,UNKNOWN,UNKNOWN,UNKNOWN,UNKNOWN,UNKNOWN,UNKNOWN,UNKNOWN,UNKNOWN,UNKNOWN,UNKNOWN,UNKNOWN,UNKNOWN,UNKNOWN,UNKNOWN,UNKNOWN,UNKNOWN,UNKNOWN,UNKNOWN,UNKNOWN,UNKNOWN,UNKNOWN,UNKNOWN,UNKNOWN,UNKNOWN,UNKNOWN,UNKNOWN,unknown,https://www.tidewater.com/,,listed,rebulk-directory (BNSF),,
Tidewater Transit Co,,jwilliams@tidewater-transit.com,(910) 483-4925,FAYETTEVILLE,NC,YES,NO,YES,YES,YES,YES,NO,NO,NO,NO,YES,NO,NO,NO,NO,NO,NO,NO,NO,NO,NO,YES,YES,YES,NO,YES,unknown,https://tidewater-transit.com/,,verified,swl-internal,OPERATIONAL,high
Tidewater Transit Co,,jwilliams@tidewater-transit.com,(740) 461-0739,STEUBENVILLE,OH,YES,NO,YES,YES,YES,YES,NO,NO,NO,NO,YES,NO,NO,NO,NO,NO,NO,NO,NO,NO,NO,YES,YES,YES,NO,YES,unknown,http://tidewater-logistics.com/,,verified,swl-internal,OPERATIONAL,medium
Tidewater Transit Co,,jwilliams@tidewater-transit.com,(252) 523-4103,BIG LAKE,TX,YES,NO,YES,YES,YES,YES,NO,NO,NO,NO,YES,NO,NO,NO,NO,NO,NO,NO,NO,NO,NO,YES,YES,YES,NO,YES,unknown,https://www.tidewater-transit.com/,,verified,swl-internal,OPERATIONAL,high
Tidewater Transit Co,,jwilliams@tidewater-transit.com,(855) 718-9564,SAN ANGELO,TX,YES,NO,YES,YES,YES,YES,NO,NO,NO,NO,YES,NO,NO,NO,NO,NO,NO,NO,NO,NO,NO,YES,YES,YES,NO,YES,unknown,http://www.tidewater-logistics.com/,,verified,swl-internal,OPERATIONAL,medium
Tiger Transfer LLC,,info@tigertransfer.com,(307) 468-2600,UPTON,WY,NO,NO,NO,NO,NO,NO,YES,NO,NO,NO,NO,NO,NO,NO,NO,NO,NO,NO,NO,NO,NO,NO,NO,NO,NO,NO,unknown,http://www.tigertransfer.com/,,verified,swl-internal,OPERATIONAL,high
Tighe Warehousing & Distribution,,,,WOBURN,MA,UNKNOWN,UNKNOWN,UNKNOWN,UNKNOWN,UNKNOWN,UNKNOWN,UNKNOWN,UNKNOWN,UNKNOWN,UNKNOWN,UNKNOWN,UNKNOWN,UNKNOWN,UNKNOWN,UNKNOWN,UNKNOWN,UNKNOWN,UNKNOWN,UNKNOWN,UNKNOWN,UNKNOWN,UNKNOWN,UNKNOWN,UNKNOWN,UNKNOWN,UNKNOWN,unknown,https://www.tighe-co.com,,listed,rebulk-directory (NS PanAm),,
Tipton Trucking Transload,,,,OXFORD,PA,UNKNOWN,UNKNOWN,UNKNOWN,UNKNOWN,UNKNOWN,UNKNOWN,UNKNOWN,UNKNOWN,UNKNOWN,UNKNOWN,UNKNOWN,UNKNOWN,UNKNOWN,UNKNOWN,UNKNOWN,UNKNOWN,UNKNOWN,UNKNOWN,UNKNOWN,UNKNOWN,UNKNOWN,UNKNOWN,UNKNOWN,UNKNOWN,UNKNOWN,UNKNOWN,unknown,https://www.tiptontrucking.com/,,listed,rebulk-directory (ESPN CSX NS),,
Titan Lansing Transloading,,wpatterson@titanlansing.com,(651) 797-6447,NORTH BRANCH,MN,NO,NO,NO,NO,NO,NO,YES,NO,NO,NO,NO,NO,NO,NO,NO,NO,YES,NO,NO,NO,NO,NO,NO,YES,NO,NO,unknown,http://www.titanlansing.com/,,verified,swl-internal,OPERATIONAL,medium
Titan Lansing Transloading,,wpatterson@titanlansing.com,(575) 200-6617,CARLSBAD,NM,NO,NO,NO,NO,NO,NO,YES,NO,NO,NO,NO,NO,NO,NO,NO,NO,YES,NO,NO,NO,NO,NO,NO,YES,NO,NO,unknown,http://www.titanlansing.com/,,verified,swl-internal,OPERATIONAL,medium
Titan Lansing Transloading,Flynn Yard,,,OKLAHOMA CITY,OK,UNKNOWN,UNKNOWN,UNKNOWN,UNKNOWN,UNKNOWN,UNKNOWN,UNKNOWN,UNKNOWN,UNKNOWN,UNKNOWN,UNKNOWN,UNKNOWN,UNKNOWN,UNKNOWN,UNKNOWN,UNKNOWN,UNKNOWN,UNKNOWN,UNKNOWN,UNKNOWN,UNKNOWN,UNKNOWN,UNKNOWN,UNKNOWN,UNKNOWN,UNKNOWN,unknown,https://www.titanlansing.com/,,listed,rebulk-directory (BNSF),,
Titan Lansing Transloading,,wpatterson@titanlansing.com,(432) 395-2235,FT STOCKTON,TX,NO,NO,NO,NO,NO,NO,YES,NO,NO,NO,NO,NO,NO,NO,NO,NO,YES,NO,NO,NO,NO,NO,NO,YES,NO,NO,unknown,http://www.titanlansing.com/,,verified,swl-internal,OPERATIONAL,high
Titan Lansing Transloading,,wpatterson@titanlansing.com,(806) 891-4679,LEVELLAND,TX,NO,NO,NO,NO,NO,NO,YES,NO,NO,NO,NO,NO,NO,NO,NO,NO,YES,NO,NO,NO,NO,NO,NO,YES,NO,NO,unknown,http://www.titanlansing.com/,,verified,swl-internal,OPERATIONAL,medium
Titan Lansing Transloading,,wpatterson@titanlansing.com,(806) 893-7915,LUBBOCK,TX,NO,NO,NO,NO,NO,NO,YES,NO,NO,NO,NO,NO,NO,NO,NO,NO,YES,NO,NO,NO,NO,NO,NO,YES,NO,NO,unknown,http://www.titanlansing.com/,,verified,swl-internal,OPERATIONAL,medium
Titan Lansing Transloading,,wpatterson@titanlansing.com,(806) 993-0554,SULPHUR JCT,TX,NO,NO,NO,NO,NO,NO,YES,NO,NO,NO,NO,NO,NO,NO,NO,NO,YES,NO,NO,NO,NO,NO,NO,YES,NO,NO,unknown,http://www.titanlansing.com/,,verified,swl-internal,OPERATIONAL,high
Titan NRG Tucson Rail Terminal,,,,TUCSON,AZ,UNKNOWN,UNKNOWN,UNKNOWN,UNKNOWN,UNKNOWN,UNKNOWN,UNKNOWN,UNKNOWN,UNKNOWN,UNKNOWN,UNKNOWN,UNKNOWN,UNKNOWN,UNKNOWN,UNKNOWN,UNKNOWN,UNKNOWN,UNKNOWN,UNKNOWN,UNKNOWN,UNKNOWN,UNKNOWN,UNKNOWN,UNKNOWN,UNKNOWN,UNKNOWN,unknown,https://www.titannrg.com/,,listed,rebulk-directory (UP),,
Titan Terminal & Transport,,wpatterson@titanlansing.com,(323) 562-9529,SOUTH GATE,CA,YES,YES,YES,YES,NO,NO,NO,NO,NO,YES,NO,NO,YES,NO,YES,NO,NO,NO,NO,YES,YES,NO,YES,YES,YES,NO,unknown,http://www.titanterminal.com/,,verified,swl-internal,OPERATIONAL,high
TLC Rail Services,,,,WRIGHT CITY,OK,UNKNOWN,UNKNOWN,UNKNOWN,UNKNOWN,UNKNOWN,UNKNOWN,UNKNOWN,UNKNOWN,UNKNOWN,UNKNOWN,UNKNOWN,UNKNOWN,UNKNOWN,UNKNOWN,UNKNOWN,UNKNOWN,UNKNOWN,UNKNOWN,UNKNOWN,UNKNOWN,UNKNOWN,UNKNOWN,UNKNOWN,UNKNOWN,UNKNOWN,UNKNOWN,unknown,https://tlcrailservices.com/,,listed,rebulk-directory (TOE (operated by DQE)),,
Tld Ramp,,,,DENVER,CO,UNKNOWN,UNKNOWN,UNKNOWN,UNKNOWN,UNKNOWN,UNKNOWN,UNKNOWN,UNKNOWN,UNKNOWN,UNKNOWN,UNKNOWN,UNKNOWN,UNKNOWN,UNKNOWN,UNKNOWN,UNKNOWN,UNKNOWN,UNKNOWN,UNKNOWN,UNKNOWN,UNKNOWN,UNKNOWN,UNKNOWN,UNKNOWN,UNKNOWN,UNKNOWN,unknown,https://tldramp.com/,,listed,rebulk-directory (BNSF),,
TLD Ramp Bellville Transloading Facility,,,,BELLVILLE,TX,UNKNOWN,UNKNOWN,UNKNOWN,UNKNOWN,UNKNOWN,UNKNOWN,UNKNOWN,UNKNOWN,UNKNOWN,UNKNOWN,UNKNOWN,UNKNOWN,UNKNOWN,UNKNOWN,UNKNOWN,UNKNOWN,UNKNOWN,UNKNOWN,UNKNOWN,UNKNOWN,UNKNOWN,UNKNOWN,UNKNOWN,UNKNOWN,UNKNOWN,UNKNOWN,unknown,https://tldramp.com/,,listed,rebulk-directory (BNSF),,
TNW Logistics Brownwood Transload Facility,,,,BROWNWOOD,TX,UNKNOWN,UNKNOWN,UNKNOWN,UNKNOWN,UNKNOWN,UNKNOWN,UNKNOWN,UNKNOWN,UNKNOWN,UNKNOWN,UNKNOWN,UNKNOWN,UNKNOWN,UNKNOWN,UNKNOWN,UNKNOWN,UNKNOWN,UNKNOWN,UNKNOWN,UNKNOWN,UNKNOWN,UNKNOWN,UNKNOWN,UNKNOWN,UNKNOWN,UNKNOWN,unknown,https://www.tnwcorporation.com/,,listed,rebulk-directory (Texas Rock Crusher Railway (TXR) BNSF),,
TNW Port of Victoria Transload,,,,VICTORIA,TX,UNKNOWN,UNKNOWN,UNKNOWN,UNKNOWN,UNKNOWN,UNKNOWN,UNKNOWN,UNKNOWN,UNKNOWN,UNKNOWN,UNKNOWN,UNKNOWN,UNKNOWN,UNKNOWN,UNKNOWN,UNKNOWN,UNKNOWN,UNKNOWN,UNKNOWN,UNKNOWN,UNKNOWN,UNKNOWN,UNKNOWN,UNKNOWN,UNKNOWN,UNKNOWN,unknown,https://www.portofvictoria.com/,,listed,rebulk-directory (TNW Corporation BNSF UP),,
Tomahawk Warehouse,,,,TOMAHAWK,WI,UNKNOWN,UNKNOWN,UNKNOWN,UNKNOWN,UNKNOWN,UNKNOWN,UNKNOWN,UNKNOWN,UNKNOWN,UNKNOWN,UNKNOWN,UNKNOWN,UNKNOWN,UNKNOWN,UNKNOWN,UNKNOWN,UNKNOWN,UNKNOWN,UNKNOWN,UNKNOWN,UNKNOWN,UNKNOWN,UNKNOWN,UNKNOWN,UNKNOWN,UNKNOWN,unknown,https://www.gwrr.com/transload/tomahawk-warehouse/,,listed,rebulk-directory (G&W TR),,
Tomahawk Warehousing Services,,,,LYNCHBURG,VA,UNKNOWN,UNKNOWN,UNKNOWN,UNKNOWN,UNKNOWN,UNKNOWN,UNKNOWN,UNKNOWN,UNKNOWN,UNKNOWN,UNKNOWN,UNKNOWN,UNKNOWN,UNKNOWN,UNKNOWN,UNKNOWN,UNKNOWN,UNKNOWN,UNKNOWN,UNKNOWN,UNKNOWN,UNKNOWN,UNKNOWN,UNKNOWN,UNKNOWN,UNKNOWN,unknown,https://TOMAHAWKWAREHOUSING.COM,,listed,rebulk-directory (NS),,
Top Notch Service Fairbanks Auto Terminal,,,,FAIRBANKS,AK,UNKNOWN,UNKNOWN,UNKNOWN,UNKNOWN,UNKNOWN,UNKNOWN,UNKNOWN,UNKNOWN,UNKNOWN,UNKNOWN,UNKNOWN,UNKNOWN,UNKNOWN,UNKNOWN,UNKNOWN,UNKNOWN,UNKNOWN,UNKNOWN,UNKNOWN,UNKNOWN,UNKNOWN,UNKNOWN,UNKNOWN,UNKNOWN,UNKNOWN,UNKNOWN,unknown,,,listed,rebulk-directory (ARR),,
Total Distribution,,,,WINSTON-SALEM,NC,UNKNOWN,UNKNOWN,UNKNOWN,UNKNOWN,UNKNOWN,UNKNOWN,UNKNOWN,UNKNOWN,UNKNOWN,UNKNOWN,UNKNOWN,UNKNOWN,UNKNOWN,UNKNOWN,UNKNOWN,UNKNOWN,UNKNOWN,UNKNOWN,UNKNOWN,UNKNOWN,UNKNOWN,UNKNOWN,UNKNOWN,UNKNOWN,UNKNOWN,UNKNOWN,unknown,https://totaldistribution.com/north-carolina-warehouse-locations/,,listed,rebulk-directory (Winston-Salem Southbound Railway (WSSB) NS CSX),,
Total Distribution,,,,AKRON,OH,UNKNOWN,UNKNOWN,UNKNOWN,UNKNOWN,UNKNOWN,UNKNOWN,UNKNOWN,UNKNOWN,UNKNOWN,UNKNOWN,UNKNOWN,UNKNOWN,UNKNOWN,UNKNOWN,UNKNOWN,UNKNOWN,UNKNOWN,UNKNOWN,UNKNOWN,UNKNOWN,UNKNOWN,UNKNOWN,UNKNOWN,UNKNOWN,UNKNOWN,UNKNOWN,unknown,https://totaldistribution.com/,,listed,rebulk-directory (Akron Barberton Cluster Railway (AB)),,
Total Distribution Huntington,,,,HUNTINGTON,WV,UNKNOWN,UNKNOWN,UNKNOWN,UNKNOWN,UNKNOWN,UNKNOWN,UNKNOWN,UNKNOWN,UNKNOWN,UNKNOWN,UNKNOWN,UNKNOWN,UNKNOWN,UNKNOWN,UNKNOWN,UNKNOWN,UNKNOWN,UNKNOWN,UNKNOWN,UNKNOWN,UNKNOWN,UNKNOWN,UNKNOWN,UNKNOWN,UNKNOWN,UNKNOWN,unknown,https://totaldistribution.com/,,listed,rebulk-directory (NS),,
Totalchem LLC,,services@totalchem.com,(713) 878-1700,HOUSTON,TX,YES,YES,YES,YES,YES,YES,YES,YES,YES,YES,YES,YES,YES,NO,YES,NO,NO,NO,YES,YES,YES,NO,YES,YES,NO,NO,unknown,http://www.totalchem.com/,,verified,swl-internal,OPERATIONAL,high
Towns Brothers,,,,LUDINGTON,MI,UNKNOWN,UNKNOWN,UNKNOWN,UNKNOWN,UNKNOWN,UNKNOWN,UNKNOWN,UNKNOWN,UNKNOWN,UNKNOWN,UNKNOWN,UNKNOWN,UNKNOWN,UNKNOWN,UNKNOWN,UNKNOWN,UNKNOWN,UNKNOWN,UNKNOWN,UNKNOWN,UNKNOWN,UNKNOWN,UNKNOWN,UNKNOWN,UNKNOWN,UNKNOWN,unknown,,,listed,rebulk-directory (G&W MQT),,
TPW Hoosier Lift,,,,WOLCOTT,IN,UNKNOWN,UNKNOWN,UNKNOWN,UNKNOWN,UNKNOWN,UNKNOWN,UNKNOWN,UNKNOWN,UNKNOWN,UNKNOWN,UNKNOWN,UNKNOWN,UNKNOWN,UNKNOWN,UNKNOWN,UNKNOWN,UNKNOWN,UNKNOWN,UNKNOWN,UNKNOWN,UNKNOWN,UNKNOWN,UNKNOWN,UNKNOWN,UNKNOWN,UNKNOWN,unknown,,,listed,rebulk-directory (G&W TPW),,
Trade Point Bulk Terminal,,sales@rsilogistics.com,(410) 709-1286,SPARROWS PT,MD,YES,YES,YES,YES,YES,YES,NO,YES,YES,YES,YES,YES,YES,NO,YES,YES,YES,NO,NO,YES,NO,YES,YES,YES,NO,NO,unknown,https://www.tradepointatlantic.com/tradepoint-terminals/,,verified,swl-internal,OPERATIONAL,high
Tradepoint Atlantic Rail Transload,,,,BALTIMORE,MD,UNKNOWN,UNKNOWN,UNKNOWN,UNKNOWN,UNKNOWN,UNKNOWN,UNKNOWN,UNKNOWN,UNKNOWN,UNKNOWN,UNKNOWN,UNKNOWN,UNKNOWN,UNKNOWN,UNKNOWN,UNKNOWN,UNKNOWN,UNKNOWN,UNKNOWN,UNKNOWN,UNKNOWN,UNKNOWN,UNKNOWN,UNKNOWN,UNKNOWN,UNKNOWN,unknown,https://www.tradepointatlantic.com/rail/,,listed,rebulk-directory (Tradepoint Rail (TPR) CSX NS),,
Tran-Z (now R.J. Corman),transload,,,WYALUSING,PA,UNKNOWN,UNKNOWN,UNKNOWN,UNKNOWN,UNKNOWN,UNKNOWN,UNKNOWN,UNKNOWN,UNKNOWN,UNKNOWN,UNKNOWN,UNKNOWN,UNKNOWN,UNKNOWN,UNKNOWN,UNKNOWN,UNKNOWN,UNKNOWN,UNKNOWN,UNKNOWN,UNKNOWN,UNKNOWN,UNKNOWN,UNKNOWN,UNKNOWN,UNKNOWN,unknown,https://www.rjcorman.com/,,listed,rebulk-directory (Lehigh Railw),,
Trans Load Of Tennessee Inc,,www.linkedin.com/in/cam-fondren-64a93585,(901) 794-3678,MEMPHIS,TN,NO,NO,NO,NO,NO,NO,NO,YES,NO,NO,NO,NO,NO,NO,NO,NO,NO,NO,NO,NO,NO,NO,NO,NO,NO,NO,unknown,"https://www.google.com/maps/place/Trans+Load+of+Tn-Memphis/@35.0348041,-89.9037954,1719m/data=!3m1!1e3!4m5!3m4!1s0x0:0x9b084f3d0d469b50!8m2!3d35.0340859!4d-89.9036009",,verified,swl-internal,OPERATIONAL,medium
Transcor Transloading,,cagosto@transcorllc.com,(813) 579-1069,TAMPA,FL,NO,NO,NO,NO,YES,NO,NO,YES,NO,NO,YES,YES,NO,NO,NO,NO,NO,NO,NO,NO,NO,NO,NO,YES,NO,NO,unknown,http://www.transcorrecycling.com/,,verified,swl-internal,OPERATIONAL,medium
TransDistribution,,,,BERWYN,IL,UNKNOWN,UNKNOWN,UNKNOWN,UNKNOWN,UNKNOWN,UNKNOWN,UNKNOWN,UNKNOWN,UNKNOWN,UNKNOWN,UNKNOWN,UNKNOWN,UNKNOWN,UNKNOWN,UNKNOWN,UNKNOWN,UNKNOWN,UNKNOWN,UNKNOWN,UNKNOWN,UNKNOWN,UNKNOWN,UNKNOWN,UNKNOWN,UNKNOWN,UNKNOWN,unknown,,,listed,bnsf-premier-flipbook,,
TRANSFLO Alabama-Montgomery Terminal,,,,MONTGOMERY,AL,UNKNOWN,UNKNOWN,UNKNOWN,UNKNOWN,UNKNOWN,UNKNOWN,UNKNOWN,UNKNOWN,UNKNOWN,UNKNOWN,UNKNOWN,UNKNOWN,UNKNOWN,UNKNOWN,UNKNOWN,UNKNOWN,UNKNOWN,UNKNOWN,UNKNOWN,UNKNOWN,UNKNOWN,UNKNOWN,UNKNOWN,UNKNOWN,UNKNOWN,UNKNOWN,unknown,https://www.transflo.net/locations/alabama-montgomery/,,listed,rebulk-directory (CSX),,
Transflo CSXT,,melissa_hensel@csx.com,(205) 849-2602,BIRMINGHAM,AL,YES,NO,YES,YES,YES,YES,YES,NO,YES,YES,YES,NO,YES,NO,NO,YES,YES,NO,NO,YES,NO,YES,YES,YES,NO,NO,unknown,https://www.transflo.net/,,verified,swl-internal,OPERATIONAL,high
Transflo CSXT,,melissa_hensel@csx.com,,MONTGOMERY,AL,YES,NO,YES,YES,YES,YES,YES,NO,YES,YES,YES,NO,YES,NO,NO,YES,YES,NO,NO,YES,NO,YES,YES,YES,NO,NO,unknown,https://www.transflo.net/locations/,,verified,swl-internal,NOT_FOUND,low
Transflo CSXT,,mebraht_michael@csx.com,(904) 366-5642,NORTH HAVEN,CT,YES,NO,YES,YES,YES,YES,YES,NO,YES,YES,YES,NO,YES,NO,NO,YES,YES,NO,NO,YES,NO,YES,YES,YES,NO,NO,unknown,https://www.transflo.net/,,verified,swl-internal,OPERATIONAL,high
Transflo CSXT,,mebraht_michael@csx.com,(302) 994-3853,WILMINGTON,DE,YES,NO,YES,YES,YES,YES,YES,NO,YES,YES,YES,NO,YES,NO,NO,YES,YES,NO,NO,YES,NO,YES,YES,YES,NO,NO,unknown,https://www.transflo.net/locations/,,verified,swl-internal,OPERATIONAL,high
Transflo CSXT,,melissa_hensel@csx.com,(904) 366-5642,FORT LAUDERDALE,FL,YES,NO,YES,YES,YES,YES,YES,NO,YES,YES,YES,NO,YES,NO,NO,YES,YES,NO,NO,YES,NO,YES,YES,YES,NO,NO,unknown,https://www.transflo.net/,,verified,swl-internal,OPERATIONAL,high
Transflo CSXT,,melissa_hensel@csx.com,(866) 872-6735,JACKSONVILLE,FL,YES,NO,YES,YES,YES,YES,YES,NO,YES,YES,YES,NO,YES,NO,NO,YES,YES,NO,NO,YES,NO,YES,YES,YES,NO,NO,unknown,http://www.transflo.net/,,verified,swl-internal,OPERATIONAL,medium
Transflo CSXT,,melissa_hensel@csx.com,,SANFORD,FL,YES,NO,YES,YES,YES,YES,YES,NO,YES,YES,YES,NO,YES,NO,NO,YES,YES,NO,NO,YES,NO,YES,YES,YES,NO,NO,unknown,https://www.transflo.net/locations/,,verified,swl-internal,NOT_FOUND,low
Transflo CSXT,,melissa_hensel@csx.com,(904) 366-5642,TAMPA,FL,YES,NO,YES,YES,YES,YES,YES,NO,YES,YES,YES,NO,YES,NO,NO,YES,YES,NO,NO,YES,NO,YES,YES,YES,NO,NO,unknown,https://www.transflo.net/locations/florida-tampa/,,verified,swl-internal,OPERATIONAL,high
Transflo CSXT,,mebraht_michael@csx.com,(404) 350-5018,ATLANTA,GA,YES,NO,YES,YES,YES,YES,YES,NO,YES,YES,YES,NO,YES,NO,NO,YES,YES,NO,NO,YES,NO,YES,YES,YES,NO,NO,unknown,http://www.transflo.net/,,verified,swl-internal,OPERATIONAL,high
Transflo CSXT,,melissa_hensel@csx.com,,AUGUSTA,GA,YES,NO,YES,YES,YES,YES,YES,NO,YES,YES,YES,NO,YES,NO,NO,YES,YES,NO,NO,YES,NO,YES,YES,YES,NO,NO,unknown,https://www.transflo.net/locations/,,verified,swl-internal,OPERATIONAL,medium
Transflo CSXT,,mebraht_michael@csx.com,,DALTON,GA,YES,NO,YES,YES,YES,YES,YES,NO,YES,YES,YES,NO,YES,NO,NO,YES,YES,NO,NO,YES,NO,YES,YES,YES,NO,NO,unknown,https://www.transflo.net/locations/,,verified,swl-internal,OPERATIONAL,medium
Transflo CSXT,,gina_gordon@csx.com,(219) 397-9202,EAST CHICAGO,IN,YES,NO,YES,YES,YES,YES,YES,NO,YES,YES,YES,NO,YES,NO,NO,YES,YES,NO,NO,YES,NO,YES,YES,YES,NO,NO,unknown,https://www.transflo.net/locations/east-chicago-2/,,verified,swl-internal,OPERATIONAL,high
Transflo CSXT,,gina_gordon@csx.com,(317) 267-4440,INDIANAPOLIS,IN,YES,NO,YES,YES,YES,YES,YES,NO,YES,YES,YES,NO,YES,NO,NO,YES,YES,NO,NO,YES,NO,YES,YES,YES,NO,NO,unknown,https://transflo.net/locations/indiana-indianapolis/,,verified,swl-internal,OPERATIONAL,high
Transflo CSXT,,mebraht_michael@csx.com,,LOUISVILLE,KY,YES,NO,YES,YES,YES,YES,YES,NO,YES,YES,YES,NO,YES,NO,NO,YES,YES,NO,NO,YES,NO,YES,YES,YES,NO,NO,unknown,https://www.transflo.net/locations/,,verified,swl-internal,NOT_FOUND,low
Transflo CSXT,,melissa_hensel@csx.com,(904) 366-5642,NEW ORLEANS,LA,YES,NO,YES,YES,YES,YES,YES,NO,YES,YES,YES,NO,YES,NO,NO,YES,YES,NO,NO,YES,NO,YES,YES,YES,NO,NO,unknown,http://www.transflo.net/,,verified,swl-internal,OPERATIONAL,medium
Transflo CSXT,,mebraht_michael@csx.com,(508) 616-8770,WESTBOROUGH,MA,YES,NO,YES,YES,YES,YES,YES,NO,YES,YES,YES,NO,YES,NO,NO,YES,YES,NO,NO,YES,NO,YES,YES,YES,NO,NO,unknown,http://www.transflo.net/,,verified,swl-internal,OPERATIONAL,medium
Transflo CSXT,,mebraht_michael@csx.com,(410) 354-1483,BALTIMORE,MD,YES,NO,YES,YES,YES,YES,YES,NO,YES,YES,YES,NO,YES,NO,NO,YES,YES,NO,NO,YES,NO,YES,YES,YES,NO,NO,unknown,https://transflo.net/,,verified,swl-internal,OPERATIONAL,medium
Transflo CSXT,,gina_gordon@csx.com,,DETROIT,MI,YES,NO,YES,YES,YES,YES,YES,NO,YES,YES,YES,NO,YES,NO,NO,YES,YES,NO,NO,YES,NO,YES,YES,YES,NO,NO,unknown,https://www.transflo.net/locations/,,verified,swl-internal,NOT_FOUND,low
Transflo CSXT,,gina_gordon@csx.com,(616) 246-5546,GRAND RAPIDS,MI,YES,NO,YES,YES,YES,YES,YES,NO,YES,YES,YES,NO,YES,NO,NO,YES,YES,NO,NO,YES,NO,YES,YES,YES,NO,NO,unknown,https://www.transflo.net/locations/,,verified,swl-internal,OPERATIONAL,medium
Transflo CSXT,,mebraht_michael@csx.com,(904) 366-5642,CHARLOTTE (WEST),NC,YES,NO,YES,YES,YES,YES,YES,NO,YES,YES,YES,NO,YES,NO,NO,YES,YES,NO,NO,YES,NO,YES,YES,YES,NO,NO,unknown,https://www.transflo.net/,,verified,swl-internal,OPERATIONAL,high
Transflo CSXT,,mebraht_michael@csx.com,(919) 890-4599,RALEIGH,NC,YES,NO,YES,YES,YES,YES,YES,NO,YES,YES,YES,NO,YES,NO,NO,YES,YES,NO,NO,YES,NO,YES,YES,YES,NO,NO,unknown,https://www.transflo.net/locations/,,verified,swl-internal,OPERATIONAL,high
Transflo CSXT,,mebraht_michael@csx.com,(908) 820-9149,ELIZABETH,NJ,YES,NO,YES,YES,YES,YES,YES,NO,YES,YES,YES,NO,YES,NO,NO,YES,YES,NO,NO,YES,NO,YES,YES,YES,NO,NO,unknown,https://www.transflo.net/,,verified,swl-internal,OPERATIONAL,high
Transflo CSXT,,mebraht_michael@csx.com,(866) 872-6735,ALBANY,NY,YES,NO,YES,YES,YES,YES,YES,NO,YES,YES,YES,NO,YES,NO,NO,YES,YES,NO,NO,YES,NO,YES,YES,YES,NO,NO,unknown,https://www.transflo.net/,,verified,swl-internal,OPERATIONAL,high
Transflo CSXT,,mebraht_michael@csx.com,,BUFFALO,NY,YES,NO,YES,YES,YES,YES,YES,NO,YES,YES,YES,NO,YES,NO,NO,YES,YES,NO,NO,YES,NO,YES,YES,YES,NO,NO,unknown,https://www.transflo.net/locations/,,verified,swl-internal,NOT_FOUND,low
Transflo CSXT,,mebraht_michael@csx.com,,EAST SYRACUSE,NY,YES,NO,YES,YES,YES,YES,YES,NO,YES,YES,YES,NO,YES,NO,NO,YES,YES,NO,NO,YES,NO,YES,YES,YES,NO,NO,unknown,https://www.transflo.net/locations/,,verified,swl-internal,NOT_FOUND,low
Transflo CSXT,,gina_gordon@csx.com,(513) 369-5181,CINCINNATI,OH,YES,NO,YES,YES,YES,YES,YES,NO,YES,YES,YES,NO,YES,NO,NO,YES,YES,NO,NO,YES,NO,YES,YES,YES,NO,NO,unknown,https://www.transflo.net/,,verified,swl-internal,OPERATIONAL,medium
Transflo CSXT,,gina_gordon@csx.com,,CLEVELAND,OH,YES,NO,YES,YES,YES,YES,YES,NO,YES,YES,YES,NO,YES,NO,NO,YES,YES,NO,NO,YES,NO,YES,YES,YES,NO,NO,unknown,https://www.transflo.net/locations/,,verified,swl-internal,NOT_FOUND,low
Transflo CSXT,,gina_gordon@csx.com,(614) 445-4251,COLUMBUS,OH,YES,NO,YES,YES,YES,YES,YES,NO,YES,YES,YES,NO,YES,NO,NO,YES,YES,NO,NO,YES,NO,YES,YES,YES,NO,NO,unknown,https://www.transflo.net/locations/,,verified,swl-internal,OPERATIONAL,medium
Transflo CSXT,,gina_gordon@csx.com,(724) 285-7689,BUTLER,PA,YES,NO,YES,YES,YES,YES,YES,NO,YES,YES,YES,NO,YES,NO,NO,YES,YES,NO,NO,YES,NO,YES,YES,YES,NO,NO,unknown,https://www.transflo.net/locations/,,verified,swl-internal,OPERATIONAL,medium
Transflo CSXT,,mebraht_michael@csx.com,(410) 336-8550,CHESTER,PA,YES,NO,YES,YES,YES,YES,YES,NO,YES,YES,YES,NO,YES,NO,NO,YES,YES,NO,NO,YES,NO,YES,YES,YES,NO,NO,unknown,http://transflo.net/,,verified,swl-internal,OPERATIONAL,high
Transflo CSXT,,mebraht_michael@csx.com,(215) 339-2767,PHILADELPHIA,PA,YES,NO,YES,YES,YES,YES,YES,NO,YES,YES,YES,NO,YES,NO,NO,YES,YES,NO,NO,YES,NO,YES,YES,YES,NO,NO,unknown,https://transflo.azurewebsites.net/locations/pennsylvania-philadelphia/,,verified,swl-internal,OPERATIONAL,high
Transflo CSXT,,gina_gordon@csx.com,(412) 420-4078,PITTSBURGH,PA,YES,NO,YES,YES,YES,YES,YES,NO,YES,YES,YES,NO,YES,NO,NO,YES,YES,NO,NO,YES,NO,YES,YES,YES,NO,NO,unknown,https://www.transflo.net/locations/,,verified,swl-internal,OPERATIONAL,medium
Transflo CSXT,,mebraht_michael@csx.com,,BEAUHARNOIS,PQ,YES,NO,YES,YES,YES,YES,YES,NO,YES,YES,YES,NO,YES,NO,NO,YES,YES,NO,NO,YES,NO,YES,YES,YES,NO,NO,unknown,https://www.transflo.net/locations/,,verified,swl-internal,NOT_FOUND,low
Transflo CSXT,,melissa_hensel@csx.com,,CHARLESTON,SC,YES,NO,YES,YES,YES,YES,YES,NO,YES,YES,YES,NO,YES,NO,NO,YES,YES,NO,NO,YES,NO,YES,YES,YES,NO,NO,unknown,https://www.transflo.net/locations/,,verified,swl-internal,NOT_FOUND,low
Transflo CSXT,,melissa_hensel@csx.com,,GREENVILLE,SC,YES,NO,YES,YES,YES,YES,YES,NO,YES,YES,YES,NO,YES,NO,NO,YES,YES,NO,NO,YES,NO,YES,YES,YES,NO,NO,unknown,https://www.transflo.net/locations/,,verified,swl-internal,OPERATIONAL,high
Transflo CSXT,,mebraht_michael@csx.com,(423) 756-5838,CHATTANOOGA,TN,YES,NO,YES,YES,YES,YES,YES,NO,YES,YES,YES,NO,YES,NO,NO,YES,YES,NO,NO,YES,NO,YES,YES,YES,NO,NO,unknown,https://transflo.net/locations/tennessee-chattanooga/,,verified,swl-internal,OPERATIONAL,high
Transflo CSXT,,mebraht_michael@csx.com,,KNOXVILLE,TN,YES,NO,YES,YES,YES,YES,YES,NO,YES,YES,YES,NO,YES,NO,NO,YES,YES,NO,NO,YES,NO,YES,YES,YES,NO,NO,unknown,https://www.transflo.net/locations/,,verified,swl-internal,NOT_FOUND,low
Transflo CSXT,,mebraht_michael@csx.com,(615) 254-3203,NASHVILLE,TN,YES,NO,YES,YES,YES,YES,YES,NO,YES,YES,YES,NO,YES,NO,NO,YES,YES,NO,NO,YES,NO,YES,YES,YES,NO,NO,unknown,https://www.transflo.net/,,verified,swl-internal,OPERATIONAL,high
Transflo CSXT,,mebraht_michael@csx.com,(804) 226-7768,RICHMOND,VA,YES,NO,YES,YES,YES,YES,YES,NO,YES,YES,YES,NO,YES,NO,NO,YES,YES,NO,NO,YES,NO,YES,YES,YES,NO,NO,unknown,https://www.transflo.net/locations/virginia-richmond/,,verified,swl-internal,OPERATIONAL,high
TRANSFLO Fairmont Terminal,,,,FAIRMONT,WV,UNKNOWN,UNKNOWN,UNKNOWN,UNKNOWN,UNKNOWN,UNKNOWN,UNKNOWN,UNKNOWN,UNKNOWN,UNKNOWN,UNKNOWN,UNKNOWN,UNKNOWN,UNKNOWN,UNKNOWN,UNKNOWN,UNKNOWN,UNKNOWN,UNKNOWN,UNKNOWN,UNKNOWN,UNKNOWN,UNKNOWN,UNKNOWN,UNKNOWN,UNKNOWN,unknown,https://transflo.net/locations/west-virginia-fairmont/,,listed,rebulk-directory (CSX),,
TRANSFLO Georgia-Atlanta Terminal,,,,ATLANTA,GA,UNKNOWN,UNKNOWN,UNKNOWN,UNKNOWN,UNKNOWN,UNKNOWN,UNKNOWN,UNKNOWN,UNKNOWN,UNKNOWN,UNKNOWN,UNKNOWN,UNKNOWN,UNKNOWN,UNKNOWN,UNKNOWN,UNKNOWN,UNKNOWN,UNKNOWN,UNKNOWN,UNKNOWN,UNKNOWN,UNKNOWN,UNKNOWN,UNKNOWN,UNKNOWN,unknown,https://www.transflo.net/locations/georgia-atlanta/,,listed,rebulk-directory (CSX),,
TRANSFLO Georgia-Atlanta-Tilford Terminal,,,,ATLANTA,GA,UNKNOWN,UNKNOWN,UNKNOWN,UNKNOWN,UNKNOWN,UNKNOWN,UNKNOWN,UNKNOWN,UNKNOWN,UNKNOWN,UNKNOWN,UNKNOWN,UNKNOWN,UNKNOWN,UNKNOWN,UNKNOWN,UNKNOWN,UNKNOWN,UNKNOWN,UNKNOWN,UNKNOWN,UNKNOWN,UNKNOWN,UNKNOWN,UNKNOWN,UNKNOWN,unknown,https://www.transflo.net/locations/georgia-atlanta-tilford/,,listed,rebulk-directory (CSX),,
TRANSFLO Georgia-Dalton Terminal,,,,DALTON,GA,UNKNOWN,UNKNOWN,UNKNOWN,UNKNOWN,UNKNOWN,UNKNOWN,UNKNOWN,UNKNOWN,UNKNOWN,UNKNOWN,UNKNOWN,UNKNOWN,UNKNOWN,UNKNOWN,UNKNOWN,UNKNOWN,UNKNOWN,UNKNOWN,UNKNOWN,UNKNOWN,UNKNOWN,UNKNOWN,UNKNOWN,UNKNOWN,UNKNOWN,UNKNOWN,unknown,https://www.transflo.net/locations/georgia-dalton/,,listed,rebulk-directory (CSX),,
TRANSFLO Kentucky-Louisville Terminal,,,,LOUISVILLE,KY,UNKNOWN,UNKNOWN,UNKNOWN,UNKNOWN,UNKNOWN,UNKNOWN,UNKNOWN,UNKNOWN,UNKNOWN,UNKNOWN,UNKNOWN,UNKNOWN,UNKNOWN,UNKNOWN,UNKNOWN,UNKNOWN,UNKNOWN,UNKNOWN,UNKNOWN,UNKNOWN,UNKNOWN,UNKNOWN,UNKNOWN,UNKNOWN,UNKNOWN,UNKNOWN,unknown,https://www.transflo.net/locations/kentucky-louisville/,,listed,rebulk-directory (CSX),,
TRANSFLO Louisiana-New Orleans Terminal,,,,NEW ORLEANS,LA,UNKNOWN,UNKNOWN,UNKNOWN,UNKNOWN,UNKNOWN,UNKNOWN,UNKNOWN,UNKNOWN,UNKNOWN,UNKNOWN,UNKNOWN,UNKNOWN,UNKNOWN,UNKNOWN,UNKNOWN,UNKNOWN,UNKNOWN,UNKNOWN,UNKNOWN,UNKNOWN,UNKNOWN,UNKNOWN,UNKNOWN,UNKNOWN,UNKNOWN,UNKNOWN,unknown,https://www.transflo.net/locations/louisiana-new-orleans/,,listed,rebulk-directory (CSX),,
TRANSFLO New York-Buffalo Terminal,,,,BUFFALO,NY,UNKNOWN,UNKNOWN,UNKNOWN,UNKNOWN,UNKNOWN,UNKNOWN,UNKNOWN,UNKNOWN,UNKNOWN,UNKNOWN,UNKNOWN,UNKNOWN,UNKNOWN,UNKNOWN,UNKNOWN,UNKNOWN,UNKNOWN,UNKNOWN,UNKNOWN,UNKNOWN,UNKNOWN,UNKNOWN,UNKNOWN,UNKNOWN,UNKNOWN,UNKNOWN,unknown,https://www.transflo.net/locations/new-york-buffalo/,,listed,rebulk-directory (CSX),,
TRANSFLO North Carolina-Charlotte-East Terminal,,,,CHARLOTTE,NC,UNKNOWN,UNKNOWN,UNKNOWN,UNKNOWN,UNKNOWN,UNKNOWN,UNKNOWN,UNKNOWN,UNKNOWN,UNKNOWN,UNKNOWN,UNKNOWN,UNKNOWN,UNKNOWN,UNKNOWN,UNKNOWN,UNKNOWN,UNKNOWN,UNKNOWN,UNKNOWN,UNKNOWN,UNKNOWN,UNKNOWN,UNKNOWN,UNKNOWN,UNKNOWN,unknown,https://www.transflo.net/locations/north-carolina-charlotte-east/,,listed,rebulk-directory (CSX),,
TRANSFLO North Carolina-Charlotte-West Terminal,,,,CHARLOTTE,NC,UNKNOWN,UNKNOWN,UNKNOWN,UNKNOWN,UNKNOWN,UNKNOWN,UNKNOWN,UNKNOWN,UNKNOWN,UNKNOWN,UNKNOWN,UNKNOWN,UNKNOWN,UNKNOWN,UNKNOWN,UNKNOWN,UNKNOWN,UNKNOWN,UNKNOWN,UNKNOWN,UNKNOWN,UNKNOWN,UNKNOWN,UNKNOWN,UNKNOWN,UNKNOWN,unknown,https://www.transflo.net/locations/north-carolina-charlotte-west/,,listed,rebulk-directory (CSX),,
TRANSFLO Ohio-Cleveland-Central Terminal,,,,CLEVELAND,OH,UNKNOWN,UNKNOWN,UNKNOWN,UNKNOWN,UNKNOWN,UNKNOWN,UNKNOWN,UNKNOWN,UNKNOWN,UNKNOWN,UNKNOWN,UNKNOWN,UNKNOWN,UNKNOWN,UNKNOWN,UNKNOWN,UNKNOWN,UNKNOWN,UNKNOWN,UNKNOWN,UNKNOWN,UNKNOWN,UNKNOWN,UNKNOWN,UNKNOWN,UNKNOWN,unknown,https://www.transflo.net/locations/ohio-cleveland-central/,,listed,rebulk-directory (CSX),,
TRANSFLO Ohio-Toledo Terminal,,,,TOLEDO,OH,UNKNOWN,UNKNOWN,UNKNOWN,UNKNOWN,UNKNOWN,UNKNOWN,UNKNOWN,UNKNOWN,UNKNOWN,UNKNOWN,UNKNOWN,UNKNOWN,UNKNOWN,UNKNOWN,UNKNOWN,UNKNOWN,UNKNOWN,UNKNOWN,UNKNOWN,UNKNOWN,UNKNOWN,UNKNOWN,UNKNOWN,UNKNOWN,UNKNOWN,UNKNOWN,unknown,https://www.transflo.net/locations/ohio-toledo/,,listed,rebulk-directory (CSX),,
TRANSFLO Pennsylvania-Butler Terminal,,,,BUTLER,PA,UNKNOWN,UNKNOWN,UNKNOWN,UNKNOWN,UNKNOWN,UNKNOWN,UNKNOWN,UNKNOWN,UNKNOWN,UNKNOWN,UNKNOWN,UNKNOWN,UNKNOWN,UNKNOWN,UNKNOWN,UNKNOWN,UNKNOWN,UNKNOWN,UNKNOWN,UNKNOWN,UNKNOWN,UNKNOWN,UNKNOWN,UNKNOWN,UNKNOWN,UNKNOWN,unknown,https://www.transflo.net/locations/pennsylvania-butler/,,listed,rebulk-directory (CSX),,
TRANSFLO Pennsylvania-Pittsburgh Terminal,,,,PITTSBURGH,PA,UNKNOWN,UNKNOWN,UNKNOWN,UNKNOWN,UNKNOWN,UNKNOWN,UNKNOWN,UNKNOWN,UNKNOWN,UNKNOWN,UNKNOWN,UNKNOWN,UNKNOWN,UNKNOWN,UNKNOWN,UNKNOWN,UNKNOWN,UNKNOWN,UNKNOWN,UNKNOWN,UNKNOWN,UNKNOWN,UNKNOWN,UNKNOWN,UNKNOWN,UNKNOWN,unknown,https://www.transflo.net/locations/pennsylvania-pittsburgh/,,listed,rebulk-directory (CSX),,
TRANSFLO Portland Terminal,,,,SOUTH PORTLAND,ME,UNKNOWN,UNKNOWN,UNKNOWN,UNKNOWN,UNKNOWN,UNKNOWN,UNKNOWN,UNKNOWN,UNKNOWN,UNKNOWN,UNKNOWN,UNKNOWN,UNKNOWN,UNKNOWN,UNKNOWN,UNKNOWN,UNKNOWN,UNKNOWN,UNKNOWN,UNKNOWN,UNKNOWN,UNKNOWN,UNKNOWN,UNKNOWN,UNKNOWN,UNKNOWN,unknown,https://www.transflo.net/locations/maine-portland/,,listed,rebulk-directory (CSX),,
TRANSFLO Tennessee-Knoxville Terminal,,,,KNOXVILLE,TN,UNKNOWN,UNKNOWN,UNKNOWN,UNKNOWN,UNKNOWN,UNKNOWN,UNKNOWN,UNKNOWN,UNKNOWN,UNKNOWN,UNKNOWN,UNKNOWN,UNKNOWN,UNKNOWN,UNKNOWN,UNKNOWN,UNKNOWN,UNKNOWN,UNKNOWN,UNKNOWN,UNKNOWN,UNKNOWN,UNKNOWN,UNKNOWN,UNKNOWN,UNKNOWN,unknown,https://www.transflo.net/locations/tennessee-knoxville/,,listed,rebulk-directory (CSX),,
TRANSFLO Virginia-Petersburg Terminal,,,,PETERSBURG,VA,UNKNOWN,UNKNOWN,UNKNOWN,UNKNOWN,UNKNOWN,UNKNOWN,UNKNOWN,UNKNOWN,UNKNOWN,UNKNOWN,UNKNOWN,UNKNOWN,UNKNOWN,UNKNOWN,UNKNOWN,UNKNOWN,UNKNOWN,UNKNOWN,UNKNOWN,UNKNOWN,UNKNOWN,UNKNOWN,UNKNOWN,UNKNOWN,UNKNOWN,UNKNOWN,unknown,https://www.transflo.net/locations/virginia-petersburg/,,listed,rebulk-directory (CSX),,
Transload Solutions,,,,BENWOOD,WV,UNKNOWN,UNKNOWN,UNKNOWN,UNKNOWN,UNKNOWN,UNKNOWN,UNKNOWN,UNKNOWN,UNKNOWN,UNKNOWN,UNKNOWN,UNKNOWN,UNKNOWN,UNKNOWN,UNKNOWN,UNKNOWN,UNKNOWN,UNKNOWN,UNKNOWN,UNKNOWN,UNKNOWN,UNKNOWN,UNKNOWN,UNKNOWN,UNKNOWN,UNKNOWN,unknown,https://transloadsolutionsllc.com/,,listed,rebulk-directory (CSX Transportation (CSXT)),,
Transload Solutions LLC,,www.transloadsolutionsca.com/contactusteal.jpg,(209) 932-0495,STOCKTON,CA,NO,NO,NO,NO,YES,YES,YES,YES,YES,NO,YES,NO,YES,NO,NO,NO,YES,NO,NO,YES,NO,NO,YES,YES,YES,NO,unknown,https://www.transloadsolutionsca.com/,,verified,swl-internal,OPERATIONAL,high
TransloadX,Boston Reload Yard,,,FRAMINGHAM,MA,UNKNOWN,UNKNOWN,UNKNOWN,UNKNOWN,UNKNOWN,UNKNOWN,UNKNOWN,UNKNOWN,UNKNOWN,UNKNOWN,UNKNOWN,UNKNOWN,UNKNOWN,UNKNOWN,UNKNOWN,UNKNOWN,UNKNOWN,UNKNOWN,UNKNOWN,UNKNOWN,UNKNOWN,UNKNOWN,UNKNOWN,UNKNOWN,UNKNOWN,UNKNOWN,unknown,https://transloadx.com/,,listed,rebulk-directory (CSX),,
TransMontaigne Greensboro-SET Terminal,,,,GREENSBORO,NC,UNKNOWN,UNKNOWN,UNKNOWN,UNKNOWN,UNKNOWN,UNKNOWN,UNKNOWN,UNKNOWN,UNKNOWN,UNKNOWN,UNKNOWN,UNKNOWN,UNKNOWN,UNKNOWN,UNKNOWN,UNKNOWN,UNKNOWN,UNKNOWN,UNKNOWN,UNKNOWN,UNKNOWN,UNKNOWN,UNKNOWN,UNKNOWN,UNKNOWN,UNKNOWN,unknown,https://www.transmontaignepartners.com/operations/,,listed,rebulk-directory (NS),,
TransMontaigne Jacksonville Terminal,,,,JACKSONVILLE,FL,UNKNOWN,UNKNOWN,UNKNOWN,UNKNOWN,UNKNOWN,UNKNOWN,UNKNOWN,UNKNOWN,UNKNOWN,UNKNOWN,UNKNOWN,UNKNOWN,UNKNOWN,UNKNOWN,UNKNOWN,UNKNOWN,UNKNOWN,UNKNOWN,UNKNOWN,UNKNOWN,UNKNOWN,UNKNOWN,UNKNOWN,UNKNOWN,UNKNOWN,UNKNOWN,unknown,https://www.transmontaignepartners.com/,,listed,rebulk-directory (NS),,
TransMontaigne Selma Terminal,,,,SELMA,NC,UNKNOWN,UNKNOWN,UNKNOWN,UNKNOWN,UNKNOWN,UNKNOWN,UNKNOWN,UNKNOWN,UNKNOWN,UNKNOWN,UNKNOWN,UNKNOWN,UNKNOWN,UNKNOWN,UNKNOWN,UNKNOWN,UNKNOWN,UNKNOWN,UNKNOWN,UNKNOWN,UNKNOWN,UNKNOWN,UNKNOWN,UNKNOWN,UNKNOWN,UNKNOWN,unknown,https://www.transmontaignepartners.com/operations/,,listed,rebulk-directory (NS),,
Transport Bessette & Boudreau Inc,,info@b-b.ca,,SAINT-HYACINTHE,PQ,YES,NO,YES,YES,YES,YES,NO,NO,YES,YES,YES,NO,YES,NO,NO,YES,YES,NO,NO,YES,NO,YES,YES,YES,YES,NO,unknown,http://www.b-b.ca/en/our-terminals/,dead_link,review,swl-internal,NOT_FOUND,none
Transport Bessette & Boudreau Inc,,info@b-b.ca,,VAL-JOLI,PQ,YES,NO,YES,YES,YES,YES,NO,NO,YES,YES,YES,NO,YES,NO,NO,YES,YES,NO,NO,YES,NO,YES,YES,YES,YES,NO,unknown,http://www.b-b.ca/en/our-terminals/,dead_link,review,swl-internal,NOT_FOUND,low
TransPort360,Port of,,,ST. JOSEPH,MO,UNKNOWN,UNKNOWN,UNKNOWN,UNKNOWN,UNKNOWN,UNKNOWN,UNKNOWN,UNKNOWN,UNKNOWN,UNKNOWN,UNKNOWN,UNKNOWN,UNKNOWN,UNKNOWN,UNKNOWN,UNKNOWN,UNKNOWN,UNKNOWN,UNKNOWN,UNKNOWN,UNKNOWN,UNKNOWN,UNKNOWN,UNKNOWN,UNKNOWN,UNKNOWN,unknown,https://www.transport360.org/blank,,listed,rebulk-directory (UP),,
Transportation Partners & Logistic LLC,,jclark@tpandl.com,,GARDEN CITY,KS,NO,NO,NO,NO,NO,NO,NO,NO,NO,NO,NO,YES,NO,NO,NO,NO,NO,NO,NO,NO,NO,NO,NO,NO,NO,NO,unknown,https://tpandl.com/industries-served/#locations,dead_link,verified,swl-internal,NOT_FOUND,none
Transportation Partners & Logistic LLC,,jclark@tpandl.com,,GRAND FORKS,ND,NO,NO,NO,NO,NO,NO,NO,NO,NO,NO,NO,YES,NO,NO,NO,NO,NO,NO,NO,NO,NO,NO,NO,NO,NO,NO,unknown,https://tpandl.com/industries-served/#locations,dead_link,verified,swl-internal,NOT_FOUND,low
Transportation Partners & Logistic LLC,,jclark@tpandl.com,,ENID,OK,NO,NO,NO,NO,NO,NO,NO,NO,NO,NO,NO,YES,NO,NO,NO,NO,NO,NO,NO,NO,NO,NO,NO,NO,NO,NO,unknown,https://tpandl.com/industries-served/#locations,dead_link,verified,swl-internal,NOT_FOUND,low
Transportation Partners & Logistic LLC,,jclark@tpandl.com,,BISHOP,TX,NO,NO,NO,NO,NO,NO,NO,NO,NO,NO,NO,YES,NO,NO,NO,NO,NO,NO,NO,NO,NO,NO,NO,NO,NO,NO,unknown,https://tpandl.com/industries-served/#locations,dead_link,review,swl-internal,NOT_FOUND,low
Transportation Partners & Logisticsllc,,,,CASPER,WY,UNKNOWN,UNKNOWN,UNKNOWN,UNKNOWN,UNKNOWN,UNKNOWN,UNKNOWN,UNKNOWN,UNKNOWN,UNKNOWN,UNKNOWN,UNKNOWN,UNKNOWN,UNKNOWN,UNKNOWN,UNKNOWN,UNKNOWN,UNKNOWN,UNKNOWN,UNKNOWN,UNKNOWN,UNKNOWN,UNKNOWN,UNKNOWN,UNKNOWN,UNKNOWN,unknown,https://takkion.com/,,listed,rebulk-directory (BNSF),,
Transportation Services Inc.,,,,CALERA,AL,UNKNOWN,UNKNOWN,UNKNOWN,UNKNOWN,UNKNOWN,UNKNOWN,UNKNOWN,UNKNOWN,UNKNOWN,UNKNOWN,UNKNOWN,UNKNOWN,UNKNOWN,UNKNOWN,UNKNOWN,UNKNOWN,UNKNOWN,UNKNOWN,UNKNOWN,UNKNOWN,UNKNOWN,UNKNOWN,UNKNOWN,UNKNOWN,UNKNOWN,UNKNOWN,unknown,https://tsi-rci.com,,listed,rebulk-directory (NS),,
Transrail North America,,rfischer@gwrr.com,,WELLSBORO,PA,NO,NO,NO,NO,NO,NO,NO,NO,NO,NO,NO,NO,NO,NO,NO,NO,NO,NO,NO,NO,NO,NO,NO,NO,NO,NO,unknown,https://www.gwrr.com/customers/transload?radius=300&state=PA&railroad=undefined,,verified,swl-internal,NOT_FOUND,low
Trexler Trucking Incorporated,,,,GOLD HILL,NC,UNKNOWN,UNKNOWN,UNKNOWN,UNKNOWN,UNKNOWN,UNKNOWN,UNKNOWN,UNKNOWN,UNKNOWN,UNKNOWN,UNKNOWN,UNKNOWN,UNKNOWN,UNKNOWN,UNKNOWN,UNKNOWN,UNKNOWN,UNKNOWN,UNKNOWN,UNKNOWN,UNKNOWN,UNKNOWN,UNKNOWN,UNKNOWN,UNKNOWN,UNKNOWN,unknown,https://www.trexlertruckinginc.com,,listed,rebulk-directory (NS),,
Tri-State Brick of Connecticut Inc.,,,,MANCHESTER,CT,UNKNOWN,UNKNOWN,UNKNOWN,UNKNOWN,UNKNOWN,UNKNOWN,UNKNOWN,UNKNOWN,UNKNOWN,UNKNOWN,UNKNOWN,UNKNOWN,UNKNOWN,UNKNOWN,UNKNOWN,UNKNOWN,UNKNOWN,UNKNOWN,UNKNOWN,UNKNOWN,UNKNOWN,UNKNOWN,UNKNOWN,UNKNOWN,UNKNOWN,UNKNOWN,unknown,https://tristatebrickct.com/,,listed,rebulk-directory (CSO G&W),,
Triangle Warehouse,,,,CLEMMONS,NC,UNKNOWN,UNKNOWN,UNKNOWN,UNKNOWN,UNKNOWN,UNKNOWN,UNKNOWN,UNKNOWN,UNKNOWN,UNKNOWN,UNKNOWN,UNKNOWN,UNKNOWN,UNKNOWN,UNKNOWN,UNKNOWN,UNKNOWN,UNKNOWN,UNKNOWN,UNKNOWN,UNKNOWN,UNKNOWN,UNKNOWN,UNKNOWN,UNKNOWN,UNKNOWN,unknown,https://trianglewarehouse.net/,,listed,rebulk-directory (NS),,
Tricor Refining,,,,OILDALE,CA,UNKNOWN,UNKNOWN,UNKNOWN,UNKNOWN,UNKNOWN,UNKNOWN,UNKNOWN,UNKNOWN,UNKNOWN,UNKNOWN,UNKNOWN,UNKNOWN,UNKNOWN,UNKNOWN,UNKNOWN,UNKNOWN,UNKNOWN,UNKNOWN,UNKNOWN,UNKNOWN,UNKNOWN,UNKNOWN,UNKNOWN,UNKNOWN,UNKNOWN,UNKNOWN,unknown,https://www.tricorrefining.com/,,listed,rebulk-directory (G&W SJVR),,
Trimac Inc,,info@trimac.com,(770) 969-9177,FAIRBURN,GA,YES,NO,YES,YES,NO,NO,NO,NO,NO,YES,YES,NO,YES,NO,NO,YES,NO,NO,NO,YES,NO,YES,YES,YES,YES,YES,unknown,http://www.trimac.com/,,verified,swl-internal,OPERATIONAL,high
Trimac Inc,,info@trimac.com,,MEMPHIS,TN,YES,NO,YES,YES,NO,NO,NO,NO,NO,YES,YES,NO,YES,NO,NO,YES,NO,NO,NO,YES,NO,YES,YES,YES,YES,YES,unknown,https://www.trimac.com/customers/bulk-transportation-services,dead_link,verified,swl-internal,NOT_FOUND,low
Tripak Inc,,ggarcia@ttsi.com,(253) 404-1030,TACOMA,WA,NO,NO,NO,NO,NO,NO,NO,NO,NO,NO,NO,NO,NO,NO,NO,NO,NO,NO,NO,NO,NO,NO,NO,NO,NO,NO,unknown,https://ttsi.com/services/intermodal-drayage-warehousing/warehousing/,dead_domain,verified,swl-internal,OPERATIONAL,high
Tristar Flc Inc,,peter@tristarpnw.com,(909) 823-3000,FONTANA,CA,NO,NO,NO,NO,NO,NO,NO,YES,NO,NO,NO,NO,NO,NO,NO,NO,NO,NO,NO,NO,NO,NO,NO,NO,NO,NO,unknown,http://www.tristarpnw.com/,,verified,swl-internal,OPERATIONAL,high
Tristar Flc Inc,,peter@tristarpnw.com,(360) 823-1000,VANCOUVER,WA,NO,NO,NO,NO,NO,NO,NO,YES,NO,NO,NO,NO,NO,NO,NO,NO,NO,NO,NO,NO,NO,NO,NO,NO,NO,NO,unknown,http://www.tristarpnw.com/,,verified,swl-internal,OPERATIONAL,medium
Tristar North Inc.,Spokane/,,,MEAD,WA,UNKNOWN,UNKNOWN,UNKNOWN,UNKNOWN,UNKNOWN,UNKNOWN,UNKNOWN,UNKNOWN,UNKNOWN,UNKNOWN,UNKNOWN,UNKNOWN,UNKNOWN,UNKNOWN,UNKNOWN,UNKNOWN,UNKNOWN,UNKNOWN,UNKNOWN,UNKNOWN,UNKNOWN,UNKNOWN,UNKNOWN,UNKNOWN,UNKNOWN,UNKNOWN,unknown,https://tristarpnw.com/,,listed,rebulk-directory (BNSF),,
Tristate Warehousing,,,,FORT WAYNE,IN,UNKNOWN,UNKNOWN,UNKNOWN,UNKNOWN,UNKNOWN,UNKNOWN,UNKNOWN,UNKNOWN,UNKNOWN,UNKNOWN,UNKNOWN,UNKNOWN,UNKNOWN,UNKNOWN,UNKNOWN,UNKNOWN,UNKNOWN,UNKNOWN,UNKNOWN,UNKNOWN,UNKNOWN,UNKNOWN,UNKNOWN,UNKNOWN,UNKNOWN,UNKNOWN,unknown,https://www.tristatewarehousing.com/fort-wayne-in,,listed,rebulk-directory (NS),,
Trojan Recycling Rail Transfer Station,,,,BROCKTON,MA,UNKNOWN,UNKNOWN,UNKNOWN,UNKNOWN,UNKNOWN,UNKNOWN,UNKNOWN,UNKNOWN,UNKNOWN,UNKNOWN,UNKNOWN,UNKNOWN,UNKNOWN,UNKNOWN,UNKNOWN,UNKNOWN,UNKNOWN,UNKNOWN,UNKNOWN,UNKNOWN,UNKNOWN,UNKNOWN,UNKNOWN,UNKNOWN,UNKNOWN,UNKNOWN,unknown,https://www.trojanrecycling.com/,,listed,rebulk-directory (CSX),,
Truck Rail Handling,,,,FREMONT,CA,UNKNOWN,UNKNOWN,UNKNOWN,UNKNOWN,UNKNOWN,UNKNOWN,UNKNOWN,UNKNOWN,UNKNOWN,UNKNOWN,UNKNOWN,UNKNOWN,UNKNOWN,UNKNOWN,UNKNOWN,UNKNOWN,UNKNOWN,UNKNOWN,UNKNOWN,UNKNOWN,UNKNOWN,UNKNOWN,UNKNOWN,UNKNOWN,UNKNOWN,UNKNOWN,unknown,https://qatp-trh.com/,,listed,rebulk-directory (BNSF),,
Truck-Rail Handling Inc,,castillo@qatp-trh.com,,EL PASO,TX,YES,NO,YES,YES,YES,YES,NO,NO,NO,YES,YES,NO,YES,NO,NO,YES,NO,NO,NO,YES,NO,NO,YES,YES,NO,NO,unknown,https://qatp-trh.com/services/,,verified,swl-internal,NOT_FOUND,low
Truck-Rail Handling Inc,,castillo@qatp-trh.com,,LUBBOCK,TX,YES,NO,YES,YES,YES,YES,NO,NO,NO,YES,YES,NO,YES,YES,NO,YES,NO,NO,YES,YES,YES,NO,YES,YES,YES,YES,unknown,https://qatp-trh.com/services/,,verified,swl-internal,NOT_FOUND,low
Truck-Rail Handling Inc,,castillo@qatp-trh.com,,SALT LAKE CITY,UT,YES,NO,YES,YES,YES,YES,NO,NO,NO,YES,YES,NO,YES,NO,NO,NO,NO,NO,NO,NO,NO,YES,NO,YES,NO,NO,unknown,https://qatp-trh.com/services/,,verified,swl-internal,NOT_FOUND,none
Truck-Rail Handling Inc,,castillo@qatp-trh.com,,TACOMA,WA,YES,NO,YES,YES,YES,YES,NO,NO,NO,YES,YES,NO,YES,YES,NO,YES,NO,NO,YES,YES,YES,NO,YES,YES,YES,YES,unknown,https://qatp-trh.com/services/,,verified,swl-internal,NOT_FOUND,none
TTI Railroad (Transkentucky Transportation),Yard,,,PARIS,KY,UNKNOWN,UNKNOWN,UNKNOWN,UNKNOWN,UNKNOWN,UNKNOWN,UNKNOWN,UNKNOWN,UNKNOWN,UNKNOWN,UNKNOWN,UNKNOWN,UNKNOWN,UNKNOWN,UNKNOWN,UNKNOWN,UNKNOWN,UNKNOWN,UNKNOWN,UNKNOWN,UNKNOWN,UNKNOWN,UNKNOWN,UNKNOWN,UNKNOWN,UNKNOWN,unknown,https://mbrail.com/rail-freight-logistics-company-in-paris-kentucky/,,listed,rebulk-directory (CSX TTIS),,
Tubular Transport & Logistics,,www.linkedin.com/in/cesarmartinez3,(562) 280-7185,BAKERSFIELD,CA,NO,NO,NO,NO,NO,NO,NO,NO,NO,NO,NO,YES,NO,NO,NO,NO,NO,NO,NO,NO,NO,NO,NO,NO,NO,NO,unknown,http://tubulartransport.com/,,verified,swl-internal,OPERATIONAL,high
Tubular Transport & Logistics,,www.linkedin.com/in/cesarmartinez3,,RIFLE,CO,NO,NO,NO,NO,NO,NO,NO,NO,NO,NO,NO,YES,NO,NO,NO,NO,NO,NO,NO,NO,NO,NO,NO,NO,NO,NO,unknown,https://tubulartransport.com/locations/,,verified,swl-internal,NOT_FOUND,low
Tubular Transport & Logistics,,www.linkedin.com/in/cesarmartinez3,,BISMARCK,ND,NO,NO,NO,NO,NO,NO,NO,NO,NO,NO,NO,YES,NO,NO,NO,NO,NO,NO,NO,NO,NO,NO,NO,NO,NO,NO,unknown,https://tubulartransport.com/locations/,,verified,swl-internal,NOT_FOUND,none
Tubular Transport & Logistics,,www.linkedin.com/in/cesarmartinez3,,HOBBS,NM,NO,NO,NO,NO,NO,NO,NO,NO,NO,NO,NO,YES,NO,NO,NO,NO,NO,NO,NO,NO,NO,NO,NO,NO,NO,NO,unknown,https://tubulartransport.com/locations/,,verified,swl-internal,NOT_FOUND,low
Tulsa Rail Transload,,,,SAND SPRINGS,OK,UNKNOWN,UNKNOWN,UNKNOWN,UNKNOWN,UNKNOWN,UNKNOWN,UNKNOWN,UNKNOWN,UNKNOWN,UNKNOWN,UNKNOWN,UNKNOWN,UNKNOWN,UNKNOWN,UNKNOWN,UNKNOWN,UNKNOWN,UNKNOWN,UNKNOWN,UNKNOWN,UNKNOWN,UNKNOWN,UNKNOWN,UNKNOWN,UNKNOWN,UNKNOWN,unknown,https://www.trtransload.com/,,listed,rebulk-directory (BNSF),,
Tunkhannock Transload,,,,TUNKHANNOCK,PA,UNKNOWN,UNKNOWN,UNKNOWN,UNKNOWN,UNKNOWN,UNKNOWN,UNKNOWN,UNKNOWN,UNKNOWN,UNKNOWN,UNKNOWN,UNKNOWN,UNKNOWN,UNKNOWN,UNKNOWN,UNKNOWN,UNKNOWN,UNKNOWN,UNKNOWN,UNKNOWN,UNKNOWN,UNKNOWN,UNKNOWN,UNKNOWN,UNKNOWN,UNKNOWN,unknown,https://www.rbmnrr.com/tunk-transload,,listed,rebulk-directory (RBMN NS CPKC),,
Tuscarora Grain Company Transload,,,,BLOOMSBURG,PA,UNKNOWN,UNKNOWN,UNKNOWN,UNKNOWN,UNKNOWN,UNKNOWN,UNKNOWN,UNKNOWN,UNKNOWN,UNKNOWN,UNKNOWN,UNKNOWN,UNKNOWN,UNKNOWN,UNKNOWN,UNKNOWN,UNKNOWN,UNKNOWN,UNKNOWN,UNKNOWN,UNKNOWN,UNKNOWN,UNKNOWN,UNKNOWN,UNKNOWN,UNKNOWN,unknown,https://www.tgcgrain.com/,,listed,rebulk-directory (NSHR NS CPKC),,
Twin Cities & Western Railroad,,rpalm@tcwr.com,(320) 864-7200,GLENCOE,MN,NO,NO,NO,NO,NO,NO,NO,NO,NO,NO,NO,NO,NO,NO,NO,NO,NO,NO,NO,NO,NO,NO,NO,NO,NO,NO,unknown,http://www.tcwr.net/,,verified,swl-internal,OPERATIONAL,high
Twin Cities Services,,,,SANTA TERESA,NM,UNKNOWN,UNKNOWN,UNKNOWN,UNKNOWN,UNKNOWN,UNKNOWN,UNKNOWN,UNKNOWN,UNKNOWN,UNKNOWN,UNKNOWN,UNKNOWN,UNKNOWN,UNKNOWN,UNKNOWN,UNKNOWN,UNKNOWN,UNKNOWN,UNKNOWN,UNKNOWN,UNKNOWN,UNKNOWN,UNKNOWN,UNKNOWN,UNKNOWN,UNKNOWN,unknown,https://tcscy.com/,,listed,rebulk-directory (UP),,
Twin City Reload,,,,ROSEVILLE,MN,UNKNOWN,UNKNOWN,UNKNOWN,UNKNOWN,UNKNOWN,UNKNOWN,UNKNOWN,UNKNOWN,UNKNOWN,UNKNOWN,UNKNOWN,UNKNOWN,UNKNOWN,UNKNOWN,UNKNOWN,UNKNOWN,UNKNOWN,UNKNOWN,UNKNOWN,UNKNOWN,UNKNOWN,UNKNOWN,UNKNOWN,UNKNOWN,UNKNOWN,UNKNOWN,unknown,https://tcreload.com/,,listed,rebulk-directory (MNNR),,
Twin Eagle Bill Terminal,,,,BILL,WY,UNKNOWN,UNKNOWN,UNKNOWN,UNKNOWN,UNKNOWN,UNKNOWN,UNKNOWN,UNKNOWN,UNKNOWN,UNKNOWN,UNKNOWN,UNKNOWN,UNKNOWN,UNKNOWN,UNKNOWN,UNKNOWN,UNKNOWN,UNKNOWN,UNKNOWN,UNKNOWN,UNKNOWN,UNKNOWN,UNKNOWN,UNKNOWN,UNKNOWN,UNKNOWN,unknown,https://teterminals.com/terminals-logistics/bill/,,listed,rebulk-directory (BNSF UP),,
Twin Eagle Bridgeport Terminal,,,,BRIDGEPORT,WV,UNKNOWN,UNKNOWN,UNKNOWN,UNKNOWN,UNKNOWN,UNKNOWN,UNKNOWN,UNKNOWN,UNKNOWN,UNKNOWN,UNKNOWN,UNKNOWN,UNKNOWN,UNKNOWN,UNKNOWN,UNKNOWN,UNKNOWN,UNKNOWN,UNKNOWN,UNKNOWN,UNKNOWN,UNKNOWN,UNKNOWN,UNKNOWN,UNKNOWN,UNKNOWN,unknown,https://teterminals.com/terminals-logistics/bridgeport/,,listed,rebulk-directory (CSX),,
Twin Eagle Douglas Terminal,,,,DOUGLAS,WY,UNKNOWN,UNKNOWN,UNKNOWN,UNKNOWN,UNKNOWN,UNKNOWN,UNKNOWN,UNKNOWN,UNKNOWN,UNKNOWN,UNKNOWN,UNKNOWN,UNKNOWN,UNKNOWN,UNKNOWN,UNKNOWN,UNKNOWN,UNKNOWN,UNKNOWN,UNKNOWN,UNKNOWN,UNKNOWN,UNKNOWN,UNKNOWN,UNKNOWN,UNKNOWN,unknown,https://teterminals.com/terminals-logistics/douglas/,,listed,rebulk-directory (BNSF),,
Twin Eagle Mission Rail Terminal,Mission Rail Park,,,FLORESVILLE,TX,UNKNOWN,UNKNOWN,UNKNOWN,UNKNOWN,UNKNOWN,UNKNOWN,UNKNOWN,UNKNOWN,UNKNOWN,UNKNOWN,UNKNOWN,UNKNOWN,UNKNOWN,UNKNOWN,UNKNOWN,UNKNOWN,UNKNOWN,UNKNOWN,UNKNOWN,UNKNOWN,UNKNOWN,UNKNOWN,UNKNOWN,UNKNOWN,UNKNOWN,UNKNOWN,unknown,https://teterminals.com/terminals-logistics/mission-rail/,,listed,rebulk-directory (BNSF UP),,
Twin Eagle Terminals & Logistics,Terminal,,,EATON,CO,UNKNOWN,UNKNOWN,UNKNOWN,UNKNOWN,UNKNOWN,UNKNOWN,UNKNOWN,UNKNOWN,UNKNOWN,UNKNOWN,UNKNOWN,UNKNOWN,UNKNOWN,UNKNOWN,UNKNOWN,UNKNOWN,UNKNOWN,UNKNOWN,UNKNOWN,UNKNOWN,UNKNOWN,UNKNOWN,UNKNOWN,UNKNOWN,UNKNOWN,UNKNOWN,unknown,https://teterminals.com/terminals-logistics/eaton/,,listed,rebulk-directory (UP),,
Twin Eagle Terminals & Logistics,LaSalle Terminal,,,EVANS,CO,UNKNOWN,UNKNOWN,UNKNOWN,UNKNOWN,UNKNOWN,UNKNOWN,UNKNOWN,UNKNOWN,UNKNOWN,UNKNOWN,UNKNOWN,UNKNOWN,UNKNOWN,UNKNOWN,UNKNOWN,UNKNOWN,UNKNOWN,UNKNOWN,UNKNOWN,UNKNOWN,UNKNOWN,UNKNOWN,UNKNOWN,UNKNOWN,UNKNOWN,UNKNOWN,unknown,https://teterminals.com/terminals-logistics/lasalle/,,listed,rebulk-directory (UP),,
Twin Eagle Terminals & Logistics,Permian Rail Terminal,,,BIG SPRING,TX,UNKNOWN,UNKNOWN,UNKNOWN,UNKNOWN,UNKNOWN,UNKNOWN,UNKNOWN,UNKNOWN,UNKNOWN,UNKNOWN,UNKNOWN,UNKNOWN,UNKNOWN,UNKNOWN,UNKNOWN,UNKNOWN,UNKNOWN,UNKNOWN,UNKNOWN,UNKNOWN,UNKNOWN,UNKNOWN,UNKNOWN,UNKNOWN,UNKNOWN,UNKNOWN,unknown,https://teterminals.com/terminals-logistics/big-spring/,,listed,rebulk-directory (UP),,
Twin Eagle Terminals & Logistics,Rail Terminal,,,BRIDGEPORT,WV,UNKNOWN,UNKNOWN,UNKNOWN,UNKNOWN,UNKNOWN,UNKNOWN,UNKNOWN,UNKNOWN,UNKNOWN,UNKNOWN,UNKNOWN,UNKNOWN,UNKNOWN,UNKNOWN,UNKNOWN,UNKNOWN,UNKNOWN,UNKNOWN,UNKNOWN,UNKNOWN,UNKNOWN,UNKNOWN,UNKNOWN,UNKNOWN,UNKNOWN,UNKNOWN,unknown,https://teterminals.com/terminals-logistics/bridgeport/,,listed,rebulk-directory (CSX),,
Twin Ports Warehouse & Storage,,,,SUPERIOR,WI,UNKNOWN,UNKNOWN,UNKNOWN,UNKNOWN,UNKNOWN,UNKNOWN,UNKNOWN,UNKNOWN,UNKNOWN,UNKNOWN,UNKNOWN,UNKNOWN,UNKNOWN,UNKNOWN,UNKNOWN,UNKNOWN,UNKNOWN,UNKNOWN,UNKNOWN,UNKNOWN,UNKNOWN,UNKNOWN,UNKNOWN,UNKNOWN,UNKNOWN,UNKNOWN,unknown,https://www.twinportswarehouse.com/,,listed,rebulk-directory (BNSF CPKC UP),,
Twin State Sand and Gravel,,,,WEST LEBANON,NH,UNKNOWN,UNKNOWN,UNKNOWN,UNKNOWN,UNKNOWN,UNKNOWN,UNKNOWN,UNKNOWN,UNKNOWN,UNKNOWN,UNKNOWN,UNKNOWN,UNKNOWN,UNKNOWN,UNKNOWN,UNKNOWN,UNKNOWN,UNKNOWN,UNKNOWN,UNKNOWN,UNKNOWN,UNKNOWN,UNKNOWN,UNKNOWN,UNKNOWN,UNKNOWN,unknown,https://twinstatesandandgravel.com/,,listed,rebulk-directory (G&W NECR),,
Tyburn Railroad LLC,,,,MORRISVILLE,PA,UNKNOWN,UNKNOWN,UNKNOWN,UNKNOWN,UNKNOWN,UNKNOWN,UNKNOWN,UNKNOWN,UNKNOWN,UNKNOWN,UNKNOWN,UNKNOWN,UNKNOWN,UNKNOWN,UNKNOWN,UNKNOWN,UNKNOWN,UNKNOWN,UNKNOWN,UNKNOWN,UNKNOWN,UNKNOWN,UNKNOWN,UNKNOWN,UNKNOWN,UNKNOWN,unknown,https://www.regional-rail.com,,listed,rebulk-directory (NS TYBR),,
Tyler Distribution,,,,MONROE TOWNSHIP,NJ,UNKNOWN,UNKNOWN,UNKNOWN,UNKNOWN,UNKNOWN,UNKNOWN,UNKNOWN,UNKNOWN,UNKNOWN,UNKNOWN,UNKNOWN,UNKNOWN,UNKNOWN,UNKNOWN,UNKNOWN,UNKNOWN,UNKNOWN,UNKNOWN,UNKNOWN,UNKNOWN,UNKNOWN,UNKNOWN,UNKNOWN,UNKNOWN,UNKNOWN,UNKNOWN,unknown,https://www.portjersey.com,,listed,rebulk-directory (NS),,
Tyree,,,,EUGENE,OR,UNKNOWN,UNKNOWN,UNKNOWN,UNKNOWN,UNKNOWN,UNKNOWN,UNKNOWN,UNKNOWN,UNKNOWN,UNKNOWN,UNKNOWN,UNKNOWN,UNKNOWN,UNKNOWN,UNKNOWN,UNKNOWN,UNKNOWN,UNKNOWN,UNKNOWN,UNKNOWN,UNKNOWN,UNKNOWN,UNKNOWN,UNKNOWN,UNKNOWN,UNKNOWN,unknown,https://www.tyreeoil.com/,,listed,rebulk-directory (G&W PNWR),,
U.S. Energy (U.S. Venture),Las Vegas Rail Transload & Bulk Plant,,,NORTH LAS VEGAS,NV,UNKNOWN,UNKNOWN,UNKNOWN,UNKNOWN,UNKNOWN,UNKNOWN,UNKNOWN,UNKNOWN,UNKNOWN,UNKNOWN,UNKNOWN,UNKNOWN,UNKNOWN,UNKNOWN,UNKNOWN,UNKNOWN,UNKNOWN,UNKNOWN,UNKNOWN,UNKNOWN,UNKNOWN,UNKNOWN,UNKNOWN,UNKNOWN,UNKNOWN,UNKNOWN,unknown,https://www.us-energy.com/u-s-energy-expands-its-freight-service-refined-products-offerings-in-las-vegas/,,listed,rebulk-directory (UP),,
Underwood & Weld,,,,ASHEVILLE,NC,UNKNOWN,UNKNOWN,UNKNOWN,UNKNOWN,UNKNOWN,UNKNOWN,UNKNOWN,UNKNOWN,UNKNOWN,UNKNOWN,UNKNOWN,UNKNOWN,UNKNOWN,UNKNOWN,UNKNOWN,UNKNOWN,UNKNOWN,UNKNOWN,UNKNOWN,UNKNOWN,UNKNOWN,UNKNOWN,UNKNOWN,UNKNOWN,UNKNOWN,UNKNOWN,unknown,https://drybulktrucking.com/,,listed,rebulk-directory (NS),,
Underwood & Weld,,,,BOSTIC,NC,UNKNOWN,UNKNOWN,UNKNOWN,UNKNOWN,UNKNOWN,UNKNOWN,UNKNOWN,UNKNOWN,UNKNOWN,UNKNOWN,UNKNOWN,UNKNOWN,UNKNOWN,UNKNOWN,UNKNOWN,UNKNOWN,UNKNOWN,UNKNOWN,UNKNOWN,UNKNOWN,UNKNOWN,UNKNOWN,UNKNOWN,UNKNOWN,UNKNOWN,UNKNOWN,unknown,https://drybulktrucking.com/,,listed,rebulk-directory (TBRY),,
Underwood & Weld,,,,LATTIMORE,NC,UNKNOWN,UNKNOWN,UNKNOWN,UNKNOWN,UNKNOWN,UNKNOWN,UNKNOWN,UNKNOWN,UNKNOWN,UNKNOWN,UNKNOWN,UNKNOWN,UNKNOWN,UNKNOWN,UNKNOWN,UNKNOWN,UNKNOWN,UNKNOWN,UNKNOWN,UNKNOWN,UNKNOWN,UNKNOWN,UNKNOWN,UNKNOWN,UNKNOWN,UNKNOWN,unknown,https://drybulktrucking.com/,,listed,rebulk-directory (CSX),,
Underwood & Weld,,,,SPRUCE PINE,NC,UNKNOWN,UNKNOWN,UNKNOWN,UNKNOWN,UNKNOWN,UNKNOWN,UNKNOWN,UNKNOWN,UNKNOWN,UNKNOWN,UNKNOWN,UNKNOWN,UNKNOWN,UNKNOWN,UNKNOWN,UNKNOWN,UNKNOWN,UNKNOWN,UNKNOWN,UNKNOWN,UNKNOWN,UNKNOWN,UNKNOWN,UNKNOWN,UNKNOWN,UNKNOWN,unknown,https://drybulktrucking.com/,,listed,rebulk-directory (CSX),,
Union City Terminal Railroad (Indiana Business Railroad d/b/a UCT) Transload,,,,UNION CITY,TN,UNKNOWN,UNKNOWN,UNKNOWN,UNKNOWN,UNKNOWN,UNKNOWN,UNKNOWN,UNKNOWN,UNKNOWN,UNKNOWN,UNKNOWN,UNKNOWN,UNKNOWN,UNKNOWN,UNKNOWN,UNKNOWN,UNKNOWN,UNKNOWN,UNKNOWN,UNKNOWN,UNKNOWN,UNKNOWN,UNKNOWN,UNKNOWN,UNKNOWN,UNKNOWN,unknown,https://indianabusinessrailroad.com/transload,,listed,rebulk-directory (CN Union City T),,
Union Pacific Drake Street Automotive Facility,,,,SAINT PAUL,MN,UNKNOWN,UNKNOWN,UNKNOWN,UNKNOWN,UNKNOWN,UNKNOWN,UNKNOWN,UNKNOWN,UNKNOWN,UNKNOWN,UNKNOWN,UNKNOWN,UNKNOWN,UNKNOWN,UNKNOWN,UNKNOWN,UNKNOWN,UNKNOWN,UNKNOWN,UNKNOWN,UNKNOWN,UNKNOWN,UNKNOWN,UNKNOWN,UNKNOWN,UNKNOWN,unknown,,,listed,rebulk-directory (UP),,
Union Pacific Global 4 Grain Transload,,,,JOLIET,IL,UNKNOWN,UNKNOWN,UNKNOWN,UNKNOWN,UNKNOWN,UNKNOWN,UNKNOWN,UNKNOWN,UNKNOWN,UNKNOWN,UNKNOWN,UNKNOWN,UNKNOWN,UNKNOWN,UNKNOWN,UNKNOWN,UNKNOWN,UNKNOWN,UNKNOWN,UNKNOWN,UNKNOWN,UNKNOWN,UNKNOWN,UNKNOWN,UNKNOWN,UNKNOWN,unknown,https://www.up.com/customers/premium/global4-transload/,,listed,rebulk-directory (UP),,
Union Railroad Duquesne Wharf,,,,DUQUESNE,PA,UNKNOWN,UNKNOWN,UNKNOWN,UNKNOWN,UNKNOWN,UNKNOWN,UNKNOWN,UNKNOWN,UNKNOWN,UNKNOWN,UNKNOWN,UNKNOWN,UNKNOWN,UNKNOWN,UNKNOWN,UNKNOWN,UNKNOWN,UNKNOWN,UNKNOWN,UNKNOWN,UNKNOWN,UNKNOWN,UNKNOWN,UNKNOWN,UNKNOWN,UNKNOWN,unknown,https://transtarrail.com/industrial-development/duquesne-wharf/,,listed,rebulk-directory (Union Railroad (URR)),,
UNIS/Logistics Team,,,,EDISON,NJ,UNKNOWN,UNKNOWN,UNKNOWN,UNKNOWN,UNKNOWN,UNKNOWN,UNKNOWN,UNKNOWN,UNKNOWN,UNKNOWN,UNKNOWN,UNKNOWN,UNKNOWN,UNKNOWN,UNKNOWN,UNKNOWN,UNKNOWN,UNKNOWN,UNKNOWN,UNKNOWN,UNKNOWN,UNKNOWN,UNKNOWN,UNKNOWN,UNKNOWN,UNKNOWN,unknown,https://www.unisco.com/,,listed,rebulk-directory (NS),,
United Freezer & Storage Co.,,,,YOUNGSTOWN,OH,UNKNOWN,UNKNOWN,UNKNOWN,UNKNOWN,UNKNOWN,UNKNOWN,UNKNOWN,UNKNOWN,UNKNOWN,UNKNOWN,UNKNOWN,UNKNOWN,UNKNOWN,UNKNOWN,UNKNOWN,UNKNOWN,UNKNOWN,UNKNOWN,UNKNOWN,UNKNOWN,UNKNOWN,UNKNOWN,UNKNOWN,UNKNOWN,UNKNOWN,UNKNOWN,unknown,https://unitedfreezer.com,,listed,rebulk-directory (NS YARR),,
United Motor Freight,,,,TACOMA,WA,UNKNOWN,UNKNOWN,UNKNOWN,UNKNOWN,UNKNOWN,UNKNOWN,UNKNOWN,UNKNOWN,UNKNOWN,UNKNOWN,UNKNOWN,UNKNOWN,UNKNOWN,UNKNOWN,UNKNOWN,UNKNOWN,UNKNOWN,UNKNOWN,UNKNOWN,UNKNOWN,UNKNOWN,UNKNOWN,UNKNOWN,UNKNOWN,UNKNOWN,UNKNOWN,unknown,http://www.unitedmotorfreight.com/,,listed,rebulk-directory (Tacoma Rail (TMBL) BNSF UP),,
United States Cold Storage,,,,BAKERSFIELD,CA,UNKNOWN,UNKNOWN,UNKNOWN,UNKNOWN,UNKNOWN,UNKNOWN,UNKNOWN,UNKNOWN,UNKNOWN,UNKNOWN,UNKNOWN,UNKNOWN,UNKNOWN,UNKNOWN,UNKNOWN,UNKNOWN,UNKNOWN,UNKNOWN,UNKNOWN,UNKNOWN,UNKNOWN,UNKNOWN,UNKNOWN,UNKNOWN,UNKNOWN,UNKNOWN,unknown,https://www.uscold.com/,,listed,rebulk-directory (G&W SJVR),,
United States Cold Storage,,,,LUMBERTON,NC,UNKNOWN,UNKNOWN,UNKNOWN,UNKNOWN,UNKNOWN,UNKNOWN,UNKNOWN,UNKNOWN,UNKNOWN,UNKNOWN,UNKNOWN,UNKNOWN,UNKNOWN,UNKNOWN,UNKNOWN,UNKNOWN,UNKNOWN,UNKNOWN,UNKNOWN,UNKNOWN,UNKNOWN,UNKNOWN,UNKNOWN,UNKNOWN,UNKNOWN,UNKNOWN,unknown,https://www.uscold.com/,,listed,rebulk-directory (CSX),,
United States Cold Storage,,,,WARSAW,NC,UNKNOWN,UNKNOWN,UNKNOWN,UNKNOWN,UNKNOWN,UNKNOWN,UNKNOWN,UNKNOWN,UNKNOWN,UNKNOWN,UNKNOWN,UNKNOWN,UNKNOWN,UNKNOWN,UNKNOWN,UNKNOWN,UNKNOWN,UNKNOWN,UNKNOWN,UNKNOWN,UNKNOWN,UNKNOWN,UNKNOWN,UNKNOWN,UNKNOWN,UNKNOWN,unknown,https://www.uscold.com/,,listed,rebulk-directory (CSX),,
United States Cold Storage Inc.,,,,SACRAMENTO,CA,UNKNOWN,UNKNOWN,UNKNOWN,UNKNOWN,UNKNOWN,UNKNOWN,UNKNOWN,UNKNOWN,UNKNOWN,UNKNOWN,UNKNOWN,UNKNOWN,UNKNOWN,UNKNOWN,UNKNOWN,UNKNOWN,UNKNOWN,UNKNOWN,UNKNOWN,UNKNOWN,UNKNOWN,UNKNOWN,UNKNOWN,UNKNOWN,UNKNOWN,UNKNOWN,unknown,https://www.uscold.com/facilities/welcome-to-mcclellan/,,listed,rebulk-directory (BNSF),,
United States Cold Storage Inc.,,,,FORT WORTH,TX,UNKNOWN,UNKNOWN,UNKNOWN,UNKNOWN,UNKNOWN,UNKNOWN,UNKNOWN,UNKNOWN,UNKNOWN,UNKNOWN,UNKNOWN,UNKNOWN,UNKNOWN,UNKNOWN,UNKNOWN,UNKNOWN,UNKNOWN,UNKNOWN,UNKNOWN,UNKNOWN,UNKNOWN,UNKNOWN,UNKNOWN,UNKNOWN,UNKNOWN,UNKNOWN,unknown,https://www.uscold.com/,,listed,rebulk-directory (BNSF),,
United States Cold Storage Of California,,,,FRESNO,CA,UNKNOWN,UNKNOWN,UNKNOWN,UNKNOWN,UNKNOWN,UNKNOWN,UNKNOWN,UNKNOWN,UNKNOWN,UNKNOWN,UNKNOWN,UNKNOWN,UNKNOWN,UNKNOWN,UNKNOWN,UNKNOWN,UNKNOWN,UNKNOWN,UNKNOWN,UNKNOWN,UNKNOWN,UNKNOWN,UNKNOWN,UNKNOWN,UNKNOWN,UNKNOWN,unknown,https://www.uscold.com/,,listed,rebulk-directory (BNSF),,
United Warehouse Co.,,,,WICHITA,KS,UNKNOWN,UNKNOWN,UNKNOWN,UNKNOWN,UNKNOWN,UNKNOWN,UNKNOWN,UNKNOWN,UNKNOWN,UNKNOWN,UNKNOWN,UNKNOWN,UNKNOWN,UNKNOWN,UNKNOWN,UNKNOWN,UNKNOWN,UNKNOWN,UNKNOWN,UNKNOWN,UNKNOWN,UNKNOWN,UNKNOWN,UNKNOWN,UNKNOWN,UNKNOWN,unknown,https://www.unitedwarehouse.com/,,listed,rebulk-directory (BNSF),,
Univar Canada,,info@univarsolutions.com,,EDMONTON,AB,YES,NO,YES,YES,NO,NO,NO,NO,NO,YES,NO,NO,YES,YES,YES,NO,NO,NO,YES,YES,YES,NO,YES,YES,YES,NO,unknown,https://www.univarsolutions.com/services/,,verified,swl-internal,NOT_FOUND,low
Univar Canada,,info@univarsolutions.com,,STURGEON COUNTY,AB,YES,NO,YES,YES,NO,NO,NO,NO,NO,YES,NO,NO,YES,YES,YES,NO,NO,NO,NO,YES,YES,NO,YES,YES,YES,NO,unknown,https://www.univarsolutions.com/services/,,verified,swl-internal,NOT_FOUND,low
Universal Reload & Distribution,,garth.searcy@searcytrucking.com,,WINNIPEG,MB,NO,NO,NO,NO,NO,NO,NO,YES,NO,NO,NO,NO,NO,NO,NO,NO,NO,NO,NO,NO,NO,NO,NO,NO,NO,NO,unknown,http://www.universalreload.com/index.php/services,dead_domain,review,swl-internal,NOT_FOUND,low
Universal Trade Solutions,,,,ORANGEBURG,SC,UNKNOWN,UNKNOWN,UNKNOWN,UNKNOWN,UNKNOWN,UNKNOWN,UNKNOWN,UNKNOWN,UNKNOWN,UNKNOWN,UNKNOWN,UNKNOWN,UNKNOWN,UNKNOWN,UNKNOWN,UNKNOWN,UNKNOWN,UNKNOWN,UNKNOWN,UNKNOWN,UNKNOWN,UNKNOWN,UNKNOWN,UNKNOWN,UNKNOWN,UNKNOWN,unknown,https://www.universaltradesolutions.com/,,listed,rebulk-directory (NS),,
Upper Cape Regional Transfer Station,,,,SANDWICH,MA,UNKNOWN,UNKNOWN,UNKNOWN,UNKNOWN,UNKNOWN,UNKNOWN,UNKNOWN,UNKNOWN,UNKNOWN,UNKNOWN,UNKNOWN,UNKNOWN,UNKNOWN,UNKNOWN,UNKNOWN,UNKNOWN,UNKNOWN,UNKNOWN,UNKNOWN,UNKNOWN,UNKNOWN,UNKNOWN,UNKNOWN,UNKNOWN,UNKNOWN,UNKNOWN,unknown,https://www.cavossa.com/,,listed,rebulk-directory (Massachusetts Coastal Railroad (MC)),,
Upper Valley Transfer,,,,CHARLESTOWN,NH,UNKNOWN,UNKNOWN,UNKNOWN,UNKNOWN,UNKNOWN,UNKNOWN,UNKNOWN,UNKNOWN,UNKNOWN,UNKNOWN,UNKNOWN,UNKNOWN,UNKNOWN,UNKNOWN,UNKNOWN,UNKNOWN,UNKNOWN,UNKNOWN,UNKNOWN,UNKNOWN,UNKNOWN,UNKNOWN,UNKNOWN,UNKNOWN,UNKNOWN,UNKNOWN,unknown,https://cushmanlumber.com/reload-distribution-services/,,listed,rebulk-directory (G&W NECR),,
Upstate Logistics & Distribution,,,,SPARTANBURG,SC,UNKNOWN,UNKNOWN,UNKNOWN,UNKNOWN,UNKNOWN,UNKNOWN,UNKNOWN,UNKNOWN,UNKNOWN,UNKNOWN,UNKNOWN,UNKNOWN,UNKNOWN,UNKNOWN,UNKNOWN,UNKNOWN,UNKNOWN,UNKNOWN,UNKNOWN,UNKNOWN,UNKNOWN,UNKNOWN,UNKNOWN,UNKNOWN,UNKNOWN,UNKNOWN,unknown,https://www.upstatelogistics.com,,listed,rebulk-directory (NS),,
US Oil,Jones Island Terminal,,,MILWAUKEE,WI,UNKNOWN,UNKNOWN,UNKNOWN,UNKNOWN,UNKNOWN,UNKNOWN,UNKNOWN,UNKNOWN,UNKNOWN,UNKNOWN,UNKNOWN,UNKNOWN,UNKNOWN,UNKNOWN,UNKNOWN,UNKNOWN,UNKNOWN,UNKNOWN,UNKNOWN,UNKNOWN,UNKNOWN,UNKNOWN,UNKNOWN,UNKNOWN,UNKNOWN,UNKNOWN,unknown,https://www.us-energy.com/terminal-locator/,,listed,rebulk-directory (CPKC),,
US Rail & Logistics,Terminal,,,OKLAHOMA CITY,OK,UNKNOWN,UNKNOWN,UNKNOWN,UNKNOWN,UNKNOWN,UNKNOWN,UNKNOWN,UNKNOWN,UNKNOWN,UNKNOWN,UNKNOWN,UNKNOWN,UNKNOWN,UNKNOWN,UNKNOWN,UNKNOWN,UNKNOWN,UNKNOWN,UNKNOWN,UNKNOWN,UNKNOWN,UNKNOWN,UNKNOWN,UNKNOWN,UNKNOWN,UNKNOWN,unknown,https://usrailandlogistics.com/oklahoma-city/,,listed,rebulk-directory (BNSF),,
US Rail & Logistics (USRL),,,,PORTSMOUTH,VA,UNKNOWN,UNKNOWN,UNKNOWN,UNKNOWN,UNKNOWN,UNKNOWN,UNKNOWN,UNKNOWN,UNKNOWN,UNKNOWN,UNKNOWN,UNKNOWN,UNKNOWN,UNKNOWN,UNKNOWN,UNKNOWN,UNKNOWN,UNKNOWN,UNKNOWN,UNKNOWN,UNKNOWN,UNKNOWN,UNKNOWN,UNKNOWN,UNKNOWN,UNKNOWN,unknown,https://usrailandlogistics.com/portsmouth-va/,,listed,rebulk-directory (CSX NS),,
USA Rail Baton Rouge,,,,PORT ALLEN,LA,UNKNOWN,UNKNOWN,UNKNOWN,UNKNOWN,UNKNOWN,UNKNOWN,UNKNOWN,UNKNOWN,UNKNOWN,UNKNOWN,UNKNOWN,UNKNOWN,UNKNOWN,UNKNOWN,UNKNOWN,UNKNOWN,UNKNOWN,UNKNOWN,UNKNOWN,UNKNOWN,UNKNOWN,UNKNOWN,UNKNOWN,UNKNOWN,UNKNOWN,UNKNOWN,unknown,https://usarailterminals.com/rail-facilities/port-allen-la-rail-storage-facility/,,listed,rebulk-directory (UP),,
USA Rail Orange,,,,ORANGE,TX,UNKNOWN,UNKNOWN,UNKNOWN,UNKNOWN,UNKNOWN,UNKNOWN,UNKNOWN,UNKNOWN,UNKNOWN,UNKNOWN,UNKNOWN,UNKNOWN,UNKNOWN,UNKNOWN,UNKNOWN,UNKNOWN,UNKNOWN,UNKNOWN,UNKNOWN,UNKNOWN,UNKNOWN,UNKNOWN,UNKNOWN,UNKNOWN,UNKNOWN,UNKNOWN,unknown,https://usarailterminals.com/rail-facilities/usa-rail-orange/,,listed,rebulk-directory (BNSF UP),,
USA Rail Port Arthur,,,,PORT ARTHUR,TX,UNKNOWN,UNKNOWN,UNKNOWN,UNKNOWN,UNKNOWN,UNKNOWN,UNKNOWN,UNKNOWN,UNKNOWN,UNKNOWN,UNKNOWN,UNKNOWN,UNKNOWN,UNKNOWN,UNKNOWN,UNKNOWN,UNKNOWN,UNKNOWN,UNKNOWN,UNKNOWN,UNKNOWN,UNKNOWN,UNKNOWN,UNKNOWN,UNKNOWN,UNKNOWN,unknown,https://usarailterminals.com/rail-facilities/port-arthur-tx-rail-storage-facility/,,listed,rebulk-directory (CPKC),,
USA Rail Salt Lake City Automotive Terminal,,,,SALT LAKE CITY,UT,UNKNOWN,UNKNOWN,UNKNOWN,UNKNOWN,UNKNOWN,UNKNOWN,UNKNOWN,UNKNOWN,UNKNOWN,UNKNOWN,UNKNOWN,UNKNOWN,UNKNOWN,UNKNOWN,UNKNOWN,UNKNOWN,UNKNOWN,UNKNOWN,UNKNOWN,UNKNOWN,UNKNOWN,UNKNOWN,UNKNOWN,UNKNOWN,UNKNOWN,UNKNOWN,unknown,https://www.usarail.us/,,listed,rebulk-directory (UP),,
USD Group Richmond Terminal,,,,RICHMOND,VA,UNKNOWN,UNKNOWN,UNKNOWN,UNKNOWN,UNKNOWN,UNKNOWN,UNKNOWN,UNKNOWN,UNKNOWN,UNKNOWN,UNKNOWN,UNKNOWN,UNKNOWN,UNKNOWN,UNKNOWN,UNKNOWN,UNKNOWN,UNKNOWN,UNKNOWN,UNKNOWN,UNKNOWN,UNKNOWN,UNKNOWN,UNKNOWN,UNKNOWN,UNKNOWN,unknown,https://usdg.com/terminal/richmond/,,listed,rebulk-directory (CSX),,
Utility Supply,,,,ST. JAMES,MD,UNKNOWN,UNKNOWN,UNKNOWN,UNKNOWN,UNKNOWN,UNKNOWN,UNKNOWN,UNKNOWN,UNKNOWN,UNKNOWN,UNKNOWN,UNKNOWN,UNKNOWN,UNKNOWN,UNKNOWN,UNKNOWN,UNKNOWN,UNKNOWN,UNKNOWN,UNKNOWN,UNKNOWN,UNKNOWN,UNKNOWN,UNKNOWN,UNKNOWN,UNKNOWN,unknown,https://Handhwell.com,,listed,rebulk-directory (NS),,
"V. Van Dyke, Inc. Transload Yard",,,,PUYALLUP,WA,UNKNOWN,UNKNOWN,UNKNOWN,UNKNOWN,UNKNOWN,UNKNOWN,UNKNOWN,UNKNOWN,UNKNOWN,UNKNOWN,UNKNOWN,UNKNOWN,UNKNOWN,UNKNOWN,UNKNOWN,UNKNOWN,UNKNOWN,UNKNOWN,UNKNOWN,UNKNOWN,UNKNOWN,UNKNOWN,UNKNOWN,UNKNOWN,UNKNOWN,UNKNOWN,unknown,https://vvandyke.com/,,listed,rebulk-directory (Meeker Southern Railroad BNSF UP),,
Valley Distributing & Storage Co,,,,WILKES-BARRE,PA,UNKNOWN,UNKNOWN,UNKNOWN,UNKNOWN,UNKNOWN,UNKNOWN,UNKNOWN,UNKNOWN,UNKNOWN,UNKNOWN,UNKNOWN,UNKNOWN,UNKNOWN,UNKNOWN,UNKNOWN,UNKNOWN,UNKNOWN,UNKNOWN,UNKNOWN,UNKNOWN,UNKNOWN,UNKNOWN,UNKNOWN,UNKNOWN,UNKNOWN,UNKNOWN,unknown,https://www.valleydist.com,,listed,rebulk-directory (NS WB),,
Van Wert Terminal LLC,,www.linkedin.com/in/russ-miller-05942986,(419) 238-5190,VAN WERT,OH,NO,NO,NO,YES,NO,NO,NO,YES,YES,YES,NO,YES,YES,NO,NO,NO,YES,NO,NO,YES,YES,NO,NO,YES,YES,NO,unknown,https://www.vanwertterminal.com/,,verified,swl-internal,OPERATIONAL,high
Van-G Logistics,,www.vanglogistics.com/contact/#contact_form_928,(559) 834-5500,FOWLER,CA,YES,NO,YES,YES,YES,YES,NO,NO,YES,YES,YES,NO,YES,NO,NO,YES,YES,NO,NO,YES,NO,YES,YES,YES,NO,NO,unknown,https://www.vanglogistics.com/,,verified,swl-internal,OPERATIONAL,high
Van-G Logistics,,www.vanglogistics.com/contact/#contact_form_928,,LATHROP,CA,YES,NO,YES,YES,YES,YES,NO,NO,YES,YES,YES,NO,YES,NO,NO,YES,YES,NO,NO,YES,NO,YES,YES,YES,NO,NO,unknown,http://www.vanglogistics.com/service/transloading/,,verified,swl-internal,NOT_FOUND,low
Van-G Logistics,,www.vanglogistics.com/contact/#contact_form_928,(559) 834-5500,SELMA,CA,YES,NO,YES,YES,YES,YES,NO,NO,YES,YES,YES,NO,YES,NO,NO,YES,YES,NO,NO,YES,NO,YES,YES,YES,NO,NO,unknown,http://vanglogistics.com/,,verified,swl-internal,OPERATIONAL,medium
"Vanport Warehousing, Inc.",,,,VANCOUVER,WA,UNKNOWN,UNKNOWN,UNKNOWN,UNKNOWN,UNKNOWN,UNKNOWN,UNKNOWN,UNKNOWN,UNKNOWN,UNKNOWN,UNKNOWN,UNKNOWN,UNKNOWN,UNKNOWN,UNKNOWN,UNKNOWN,UNKNOWN,UNKNOWN,UNKNOWN,UNKNOWN,UNKNOWN,UNKNOWN,UNKNOWN,UNKNOWN,UNKNOWN,UNKNOWN,unknown,https://www.vpwhse.com/,,listed,rebulk-directory (BNSF),,
Veal Farms Transload,,,,SANDERSVILLE,GA,UNKNOWN,UNKNOWN,UNKNOWN,UNKNOWN,UNKNOWN,UNKNOWN,UNKNOWN,UNKNOWN,UNKNOWN,UNKNOWN,UNKNOWN,UNKNOWN,UNKNOWN,UNKNOWN,UNKNOWN,UNKNOWN,UNKNOWN,UNKNOWN,UNKNOWN,UNKNOWN,UNKNOWN,UNKNOWN,UNKNOWN,UNKNOWN,UNKNOWN,UNKNOWN,unknown,,,listed,rebulk-directory (Sandersville Railroad (SAN) NS),,
Venezia Transport,,www.linkedin.com/in/andy-paul-a91284b,(610) 495-5200,SOUTH PLAINFIELD,NJ,NO,YES,YES,YES,YES,YES,NO,NO,YES,YES,NO,NO,YES,NO,NO,YES,YES,NO,NO,YES,NO,NO,YES,YES,NO,NO,unknown,https://www.veneziainc.com/,,verified,swl-internal,OPERATIONAL,high
Venezia Transport,,www.linkedin.com/in/andy-paul-a91284b,(610) 746-2416,BETHLEHEM,PA,NO,YES,YES,YES,YES,YES,NO,NO,YES,YES,NO,NO,YES,NO,NO,YES,YES,NO,NO,YES,NO,NO,YES,YES,NO,NO,unknown,https://www.veneziainc.com/,,verified,swl-internal,OPERATIONAL,high
Venezia Transport Services Inc.,,,,DORAVILLE,GA,UNKNOWN,UNKNOWN,UNKNOWN,UNKNOWN,UNKNOWN,UNKNOWN,UNKNOWN,UNKNOWN,UNKNOWN,UNKNOWN,UNKNOWN,UNKNOWN,UNKNOWN,UNKNOWN,UNKNOWN,UNKNOWN,UNKNOWN,UNKNOWN,UNKNOWN,UNKNOWN,UNKNOWN,UNKNOWN,UNKNOWN,UNKNOWN,UNKNOWN,UNKNOWN,unknown,https://www.veneziainc.com/,,listed,rebulk-directory,,
Ventura Transfer Co,,bkeegan@venturatransfer.com,(602) 252-9440,PHOENIX,AZ,YES,NO,YES,YES,NO,NO,NO,NO,YES,YES,YES,NO,YES,NO,NO,YES,YES,NO,NO,YES,NO,YES,YES,YES,YES,NO,unknown,http://www.venturatransfercompany.com/,,verified,swl-internal,OPERATIONAL,high
Ventura Transfer Co,,bkeegan@venturatransfer.com,(310) 549-1660,COMMERCE,CA,YES,NO,YES,YES,NO,NO,NO,NO,YES,YES,YES,NO,YES,NO,NO,YES,YES,NO,NO,YES,NO,YES,YES,YES,YES,NO,unknown,http://www.venturatransfercompany.com/,,verified,swl-internal,OPERATIONAL,high
Ventura Transfer Co,,bkeegan@venturatransfer.com,(310) 549-1660,EL CENTRO,CA,YES,NO,YES,YES,NO,NO,NO,NO,YES,YES,YES,NO,YES,NO,NO,YES,YES,NO,NO,YES,NO,YES,YES,YES,YES,NO,unknown,http://www.venturatransfercompany.com/,,verified,swl-internal,OPERATIONAL,high
Ventura Transfer Co,,bkeegan@venturatransfer.com,,LONG BEACH,CA,YES,NO,YES,YES,NO,NO,NO,NO,YES,YES,YES,NO,YES,NO,NO,YES,YES,NO,NO,YES,NO,YES,YES,YES,YES,NO,unknown,http://www.venturatransfercompany.com/facilities/,,verified,swl-internal,NOT_FOUND,none
Ventura Transfer Co,,bkeegan@venturatransfer.com,,WILMINGTON,CA,YES,NO,YES,YES,NO,NO,NO,NO,YES,YES,YES,NO,YES,NO,NO,YES,YES,NO,NO,YES,NO,YES,YES,YES,YES,NO,unknown,http://www.venturatransfercompany.com/facilities/,,verified,swl-internal,NOT_FOUND,none
Venture Logistics Rail-Served Warehouse,,,,INDIANAPOLIS,IN,UNKNOWN,UNKNOWN,UNKNOWN,UNKNOWN,UNKNOWN,UNKNOWN,UNKNOWN,UNKNOWN,UNKNOWN,UNKNOWN,UNKNOWN,UNKNOWN,UNKNOWN,UNKNOWN,UNKNOWN,UNKNOWN,UNKNOWN,UNKNOWN,UNKNOWN,UNKNOWN,UNKNOWN,UNKNOWN,UNKNOWN,UNKNOWN,UNKNOWN,UNKNOWN,unknown,https://www.venturelogistics.com/services/indianapolis-rail-served-warehouse/,,listed,rebulk-directory (INRD),,
Vermilion Valley Railroad,Transload Facility,,,DANVILLE,IL,UNKNOWN,UNKNOWN,UNKNOWN,UNKNOWN,UNKNOWN,UNKNOWN,UNKNOWN,UNKNOWN,UNKNOWN,UNKNOWN,UNKNOWN,UNKNOWN,UNKNOWN,UNKNOWN,UNKNOWN,UNKNOWN,UNKNOWN,UNKNOWN,UNKNOWN,UNKNOWN,UNKNOWN,UNKNOWN,UNKNOWN,UNKNOWN,UNKNOWN,UNKNOWN,unknown,https://pinsly.com/railroads/vermilion-valley-railroad/,,listed,rebulk-directory (CSX VVRR),,
Vermont Railway,,jmattsen@vrs.us.com,,SHELBURNE,VT,NO,NO,NO,NO,NO,NO,NO,NO,NO,NO,NO,NO,NO,NO,NO,NO,NO,NO,NO,NO,NO,NO,NO,NO,NO,NO,unknown,http://www.vrs.us.com/vrs_connect/vrs_conn_shelburne.html,,verified,swl-internal,OPERATIONAL,high
Victory Logistics District,,,,FERNLEY,NV,UNKNOWN,UNKNOWN,UNKNOWN,UNKNOWN,UNKNOWN,UNKNOWN,UNKNOWN,UNKNOWN,UNKNOWN,UNKNOWN,UNKNOWN,UNKNOWN,UNKNOWN,UNKNOWN,UNKNOWN,UNKNOWN,UNKNOWN,UNKNOWN,UNKNOWN,UNKNOWN,UNKNOWN,UNKNOWN,UNKNOWN,UNKNOWN,UNKNOWN,UNKNOWN,unknown,https://victorylogisticsdistrict.com/,,listed,rebulk-directory (BNSF UP),,
Virginia Rail Services,,,,HARRISONBURG,VA,UNKNOWN,UNKNOWN,UNKNOWN,UNKNOWN,UNKNOWN,UNKNOWN,UNKNOWN,UNKNOWN,UNKNOWN,UNKNOWN,UNKNOWN,UNKNOWN,UNKNOWN,UNKNOWN,UNKNOWN,UNKNOWN,UNKNOWN,UNKNOWN,UNKNOWN,UNKNOWN,UNKNOWN,UNKNOWN,UNKNOWN,UNKNOWN,UNKNOWN,UNKNOWN,unknown,,,listed,rebulk-directory (Chesapeake Western Railway (CHW)),,
Vista Proppants And Logistics,,,,BARNHART,TX,UNKNOWN,UNKNOWN,UNKNOWN,UNKNOWN,UNKNOWN,UNKNOWN,UNKNOWN,UNKNOWN,UNKNOWN,UNKNOWN,UNKNOWN,UNKNOWN,UNKNOWN,UNKNOWN,UNKNOWN,UNKNOWN,UNKNOWN,UNKNOWN,UNKNOWN,UNKNOWN,UNKNOWN,UNKNOWN,UNKNOWN,UNKNOWN,UNKNOWN,UNKNOWN,unknown,https://www.vmsand.com/locations,,listed,rebulk-directory (BNSF),,
Vista Proppants and Logistics,Terminal; former Maalt terminal,,,BARNHART,TX,UNKNOWN,UNKNOWN,UNKNOWN,UNKNOWN,UNKNOWN,UNKNOWN,UNKNOWN,UNKNOWN,UNKNOWN,UNKNOWN,UNKNOWN,UNKNOWN,UNKNOWN,UNKNOWN,UNKNOWN,UNKNOWN,UNKNOWN,UNKNOWN,UNKNOWN,UNKNOWN,UNKNOWN,UNKNOWN,UNKNOWN,UNKNOWN,UNKNOWN,UNKNOWN,unknown,https://www.vmsand.com/,,listed,rebulk-directory (UP),,
Vista Proppants and Logistics,Terminal,,,GONZALES,TX,UNKNOWN,UNKNOWN,UNKNOWN,UNKNOWN,UNKNOWN,UNKNOWN,UNKNOWN,UNKNOWN,UNKNOWN,UNKNOWN,UNKNOWN,UNKNOWN,UNKNOWN,UNKNOWN,UNKNOWN,UNKNOWN,UNKNOWN,UNKNOWN,UNKNOWN,UNKNOWN,UNKNOWN,UNKNOWN,UNKNOWN,UNKNOWN,UNKNOWN,UNKNOWN,unknown,https://www.vmsand.com/locations,,listed,rebulk-directory (UP),,
VLS Recovery Services,,,,FITZGERALD,GA,UNKNOWN,UNKNOWN,UNKNOWN,UNKNOWN,UNKNOWN,UNKNOWN,UNKNOWN,UNKNOWN,UNKNOWN,UNKNOWN,UNKNOWN,UNKNOWN,UNKNOWN,UNKNOWN,UNKNOWN,UNKNOWN,UNKNOWN,UNKNOWN,UNKNOWN,UNKNOWN,UNKNOWN,UNKNOWN,UNKNOWN,UNKNOWN,UNKNOWN,UNKNOWN,unknown,https://www.vlses.com/,,listed,rebulk-directory (CSX),,
Vogelsberg Trucking,,,,FARIBAULT,MN,UNKNOWN,UNKNOWN,UNKNOWN,UNKNOWN,UNKNOWN,UNKNOWN,UNKNOWN,UNKNOWN,UNKNOWN,UNKNOWN,UNKNOWN,UNKNOWN,UNKNOWN,UNKNOWN,UNKNOWN,UNKNOWN,UNKNOWN,UNKNOWN,UNKNOWN,UNKNOWN,UNKNOWN,UNKNOWN,UNKNOWN,UNKNOWN,UNKNOWN,UNKNOWN,unknown,https://vogelsbergtrucking.com/,,listed,rebulk-directory (PGR),,
Vogelsberg Trucking Mason City Rail Warehouse,,,,MASON CITY,IA,UNKNOWN,UNKNOWN,UNKNOWN,UNKNOWN,UNKNOWN,UNKNOWN,UNKNOWN,UNKNOWN,UNKNOWN,UNKNOWN,UNKNOWN,UNKNOWN,UNKNOWN,UNKNOWN,UNKNOWN,UNKNOWN,UNKNOWN,UNKNOWN,UNKNOWN,UNKNOWN,UNKNOWN,UNKNOWN,UNKNOWN,UNKNOWN,UNKNOWN,UNKNOWN,unknown,https://vogelsbergtrucking.com/,,listed,rebulk-directory (IATR UP CPKC),,
Vogt Warehouse,West 8th Street,,,CINCINNATI,OH,UNKNOWN,UNKNOWN,UNKNOWN,UNKNOWN,UNKNOWN,UNKNOWN,UNKNOWN,UNKNOWN,UNKNOWN,UNKNOWN,UNKNOWN,UNKNOWN,UNKNOWN,UNKNOWN,UNKNOWN,UNKNOWN,UNKNOWN,UNKNOWN,UNKNOWN,UNKNOWN,UNKNOWN,UNKNOWN,UNKNOWN,UNKNOWN,UNKNOWN,UNKNOWN,unknown,https://www.vogtwarehouse.com/,,listed,rebulk-directory (CSX),,
Vogt Warehouse / Specialty Logistics,East Sharon Road,,,CINCINNATI,OH,UNKNOWN,UNKNOWN,UNKNOWN,UNKNOWN,UNKNOWN,UNKNOWN,UNKNOWN,UNKNOWN,UNKNOWN,UNKNOWN,UNKNOWN,UNKNOWN,UNKNOWN,UNKNOWN,UNKNOWN,UNKNOWN,UNKNOWN,UNKNOWN,UNKNOWN,UNKNOWN,UNKNOWN,UNKNOWN,UNKNOWN,UNKNOWN,UNKNOWN,UNKNOWN,unknown,https://www.vogtwarehouse.com/,,listed,rebulk-directory (NS),,
Vopak Terminal Los Angeles,,,,WILMINGTON,CA,UNKNOWN,UNKNOWN,UNKNOWN,UNKNOWN,UNKNOWN,UNKNOWN,UNKNOWN,UNKNOWN,UNKNOWN,UNKNOWN,UNKNOWN,UNKNOWN,UNKNOWN,UNKNOWN,UNKNOWN,UNKNOWN,UNKNOWN,UNKNOWN,UNKNOWN,UNKNOWN,UNKNOWN,UNKNOWN,UNKNOWN,UNKNOWN,UNKNOWN,UNKNOWN,unknown,https://www.vopak.com/terminals/vopak-terminal-los-angeles,,listed,rebulk-directory (PHL BNSF UP),,
Vopak VIIA Plaquemine,,,,PLAQUEMINE,LA,UNKNOWN,UNKNOWN,UNKNOWN,UNKNOWN,UNKNOWN,UNKNOWN,UNKNOWN,UNKNOWN,UNKNOWN,UNKNOWN,UNKNOWN,UNKNOWN,UNKNOWN,UNKNOWN,UNKNOWN,UNKNOWN,UNKNOWN,UNKNOWN,UNKNOWN,UNKNOWN,UNKNOWN,UNKNOWN,UNKNOWN,UNKNOWN,UNKNOWN,UNKNOWN,unknown,https://www.vopak.com/terminals/viia-plaquemine-louisiana,,listed,rebulk-directory (UP),,
Vopak VIIA St. Charles,,,,HAHNVILLE,LA,UNKNOWN,UNKNOWN,UNKNOWN,UNKNOWN,UNKNOWN,UNKNOWN,UNKNOWN,UNKNOWN,UNKNOWN,UNKNOWN,UNKNOWN,UNKNOWN,UNKNOWN,UNKNOWN,UNKNOWN,UNKNOWN,UNKNOWN,UNKNOWN,UNKNOWN,UNKNOWN,UNKNOWN,UNKNOWN,UNKNOWN,UNKNOWN,UNKNOWN,UNKNOWN,unknown,https://www.vopak.com/terminals/viia-st-charles-louisiana,,listed,rebulk-directory (CN),,
Vulcan Materials Lucedale Rail Facility,,,,LUCEDALE,MS,UNKNOWN,UNKNOWN,UNKNOWN,UNKNOWN,UNKNOWN,UNKNOWN,UNKNOWN,UNKNOWN,UNKNOWN,UNKNOWN,UNKNOWN,UNKNOWN,UNKNOWN,UNKNOWN,UNKNOWN,UNKNOWN,UNKNOWN,UNKNOWN,UNKNOWN,UNKNOWN,UNKNOWN,UNKNOWN,UNKNOWN,UNKNOWN,UNKNOWN,UNKNOWN,unknown,https://transloading.vulcanmaterials.com/rail/mississippi-rail,,listed,rebulk-directory (Mississippi Export Railroad (MSE) CN),,
W M Dewey & Son Inc.,,,,HOUSTON,TX,UNKNOWN,UNKNOWN,UNKNOWN,UNKNOWN,UNKNOWN,UNKNOWN,UNKNOWN,UNKNOWN,UNKNOWN,UNKNOWN,UNKNOWN,UNKNOWN,UNKNOWN,UNKNOWN,UNKNOWN,UNKNOWN,UNKNOWN,UNKNOWN,UNKNOWN,UNKNOWN,UNKNOWN,UNKNOWN,UNKNOWN,UNKNOWN,UNKNOWN,UNKNOWN,unknown,https://wmdewey.com/,,listed,rebulk-directory (BNSF),,
Wagner Warehouse,,,,PADUCAH,KY,UNKNOWN,UNKNOWN,UNKNOWN,UNKNOWN,UNKNOWN,UNKNOWN,UNKNOWN,UNKNOWN,UNKNOWN,UNKNOWN,UNKNOWN,UNKNOWN,UNKNOWN,UNKNOWN,UNKNOWN,UNKNOWN,UNKNOWN,UNKNOWN,UNKNOWN,UNKNOWN,UNKNOWN,UNKNOWN,UNKNOWN,UNKNOWN,UNKNOWN,UNKNOWN,unknown,https://wagnerwarehousing.com/,,listed,rebulk-directory (PAL),,
Waite Park Team Track,,,,WAITE PARK,MN,UNKNOWN,UNKNOWN,UNKNOWN,UNKNOWN,UNKNOWN,UNKNOWN,UNKNOWN,UNKNOWN,UNKNOWN,UNKNOWN,UNKNOWN,UNKNOWN,UNKNOWN,UNKNOWN,UNKNOWN,UNKNOWN,UNKNOWN,UNKNOWN,UNKNOWN,UNKNOWN,UNKNOWN,UNKNOWN,UNKNOWN,UNKNOWN,UNKNOWN,UNKNOWN,unknown,https://www.anacostia.com/our-companies/nlr/,,listed,rebulk-directory (NLR BNSF),,
Walking Horse Railroad Transload,,,,SHELBYVILLE,TN,UNKNOWN,UNKNOWN,UNKNOWN,UNKNOWN,UNKNOWN,UNKNOWN,UNKNOWN,UNKNOWN,UNKNOWN,UNKNOWN,UNKNOWN,UNKNOWN,UNKNOWN,UNKNOWN,UNKNOWN,UNKNOWN,UNKNOWN,UNKNOWN,UNKNOWN,UNKNOWN,UNKNOWN,UNKNOWN,UNKNOWN,UNKNOWN,UNKNOWN,UNKNOWN,unknown,https://ironhorseresources.com/walking-horse-railroad/,,listed,rebulk-directory (WHRR CSX),,
Wallenius Wilhelmsen Solutions,,,,TACOMA,WA,UNKNOWN,UNKNOWN,UNKNOWN,UNKNOWN,UNKNOWN,UNKNOWN,UNKNOWN,UNKNOWN,UNKNOWN,UNKNOWN,UNKNOWN,UNKNOWN,UNKNOWN,UNKNOWN,UNKNOWN,UNKNOWN,UNKNOWN,UNKNOWN,UNKNOWN,UNKNOWN,UNKNOWN,UNKNOWN,UNKNOWN,UNKNOWN,UNKNOWN,UNKNOWN,unknown,https://www.walleniuswilhelmsen.com/,,listed,rebulk-directory (Tacoma Rail (TMBL) BNSF UP),,
Walloomsac Metal Recycling,,rdesrosier@vrs.us.com,(518) 686-1486,WALLOOMSAC,NY,NO,NO,NO,NO,NO,NO,NO,NO,NO,NO,NO,NO,NO,NO,NO,NO,NO,NO,NO,NO,NO,NO,NO,NO,NO,NO,unknown,http://www.vermontrailway.com/vrs_connect/vrs_conn_walloomsac.html,,verified,swl-internal,OPERATIONAL,high
Walloomsac Warehouse & Transloading Center,,,,WHITE CREEK,NY,UNKNOWN,UNKNOWN,UNKNOWN,UNKNOWN,UNKNOWN,UNKNOWN,UNKNOWN,UNKNOWN,UNKNOWN,UNKNOWN,UNKNOWN,UNKNOWN,UNKNOWN,UNKNOWN,UNKNOWN,UNKNOWN,UNKNOWN,UNKNOWN,UNKNOWN,UNKNOWN,UNKNOWN,UNKNOWN,UNKNOWN,UNKNOWN,UNKNOWN,UNKNOWN,unknown,https://vrs.us.com/services/vrs-connect/,,listed,rebulk-directory (Vermont Railway (VTR)),,
Warehouse Specialists,,,,DALLAS,TX,UNKNOWN,UNKNOWN,UNKNOWN,UNKNOWN,UNKNOWN,UNKNOWN,UNKNOWN,UNKNOWN,UNKNOWN,UNKNOWN,UNKNOWN,UNKNOWN,UNKNOWN,UNKNOWN,UNKNOWN,UNKNOWN,UNKNOWN,UNKNOWN,UNKNOWN,UNKNOWN,UNKNOWN,UNKNOWN,UNKNOWN,UNKNOWN,UNKNOWN,UNKNOWN,unknown,https://www.wsinc.com/locations/dallas-distribution-center/,,listed,rebulk-directory (CPKC),,
Warehouse Specialists,,,,GARLAND,TX,UNKNOWN,UNKNOWN,UNKNOWN,UNKNOWN,UNKNOWN,UNKNOWN,UNKNOWN,UNKNOWN,UNKNOWN,UNKNOWN,UNKNOWN,UNKNOWN,UNKNOWN,UNKNOWN,UNKNOWN,UNKNOWN,UNKNOWN,UNKNOWN,UNKNOWN,UNKNOWN,UNKNOWN,UNKNOWN,UNKNOWN,UNKNOWN,UNKNOWN,UNKNOWN,unknown,https://www.wsinc.com/locations/dallas-fulfillment/,,listed,rebulk-directory (CPKC),,
Warehouse Specialists LLC,,,,GLENDALE,AZ,UNKNOWN,UNKNOWN,UNKNOWN,UNKNOWN,UNKNOWN,UNKNOWN,UNKNOWN,UNKNOWN,UNKNOWN,UNKNOWN,UNKNOWN,UNKNOWN,UNKNOWN,UNKNOWN,UNKNOWN,UNKNOWN,UNKNOWN,UNKNOWN,UNKNOWN,UNKNOWN,UNKNOWN,UNKNOWN,UNKNOWN,UNKNOWN,UNKNOWN,UNKNOWN,unknown,,,listed,bnsf-premier-flipbook,,
Warehouse Specialists LLC,,,,POMONA,CA,UNKNOWN,UNKNOWN,UNKNOWN,UNKNOWN,UNKNOWN,UNKNOWN,UNKNOWN,UNKNOWN,UNKNOWN,UNKNOWN,UNKNOWN,UNKNOWN,UNKNOWN,UNKNOWN,UNKNOWN,UNKNOWN,UNKNOWN,UNKNOWN,UNKNOWN,UNKNOWN,UNKNOWN,UNKNOWN,UNKNOWN,UNKNOWN,UNKNOWN,UNKNOWN,unknown,,,listed,bnsf-premier-flipbook,,
Warehouse Specialists LLC,Wsi,,,SAUK VILLAGE,IL,UNKNOWN,UNKNOWN,UNKNOWN,UNKNOWN,UNKNOWN,UNKNOWN,UNKNOWN,UNKNOWN,UNKNOWN,UNKNOWN,UNKNOWN,UNKNOWN,UNKNOWN,UNKNOWN,UNKNOWN,UNKNOWN,UNKNOWN,UNKNOWN,UNKNOWN,UNKNOWN,UNKNOWN,UNKNOWN,UNKNOWN,UNKNOWN,UNKNOWN,UNKNOWN,unknown,https://www.wsinc.com/rail-warehouses/,,listed,rebulk-directory (CN),,
Warehouse Specialists LLC,,info@wsinc.com,(503) 610-4943,PORTLAND,OR,NO,NO,NO,NO,NO,NO,NO,NO,NO,NO,NO,NO,NO,NO,NO,NO,NO,NO,NO,NO,NO,NO,NO,NO,NO,NO,unknown,https://www.wsinc.com/locations/portland-warehouse/,,verified,swl-internal,OPERATIONAL,high
Warehouse Specialists LLC,Wsi,,,NEENAH,WI,UNKNOWN,UNKNOWN,UNKNOWN,UNKNOWN,UNKNOWN,UNKNOWN,UNKNOWN,UNKNOWN,UNKNOWN,UNKNOWN,UNKNOWN,UNKNOWN,UNKNOWN,UNKNOWN,UNKNOWN,UNKNOWN,UNKNOWN,UNKNOWN,UNKNOWN,UNKNOWN,UNKNOWN,UNKNOWN,UNKNOWN,UNKNOWN,UNKNOWN,UNKNOWN,unknown,https://www.wsinc.com/rail-warehouses/,,listed,rebulk-directory (CN),,
"Washington Eastern Railroad, LLC",,,,MEDICAL LAKE,WA,UNKNOWN,UNKNOWN,UNKNOWN,UNKNOWN,UNKNOWN,UNKNOWN,UNKNOWN,UNKNOWN,UNKNOWN,UNKNOWN,UNKNOWN,UNKNOWN,UNKNOWN,UNKNOWN,UNKNOWN,UNKNOWN,UNKNOWN,UNKNOWN,UNKNOWN,UNKNOWN,UNKNOWN,UNKNOWN,UNKNOWN,UNKNOWN,UNKNOWN,UNKNOWN,unknown,https://jag-transport.com/,,listed,rebulk-directory (Washington E),,
Washington Penn,,,,LAFAYETTE,LA,UNKNOWN,UNKNOWN,UNKNOWN,UNKNOWN,UNKNOWN,UNKNOWN,UNKNOWN,UNKNOWN,UNKNOWN,UNKNOWN,UNKNOWN,UNKNOWN,UNKNOWN,UNKNOWN,UNKNOWN,UNKNOWN,UNKNOWN,UNKNOWN,UNKNOWN,UNKNOWN,UNKNOWN,UNKNOWN,UNKNOWN,UNKNOWN,UNKNOWN,UNKNOWN,unknown,,,listed,rebulk-directory (CCKY G&W),,
Watco,Marine Terminal,,,BLYTHEVILLE,AR,UNKNOWN,UNKNOWN,UNKNOWN,UNKNOWN,UNKNOWN,UNKNOWN,UNKNOWN,UNKNOWN,UNKNOWN,UNKNOWN,UNKNOWN,UNKNOWN,UNKNOWN,UNKNOWN,UNKNOWN,UNKNOWN,UNKNOWN,UNKNOWN,UNKNOWN,UNKNOWN,UNKNOWN,UNKNOWN,UNKNOWN,UNKNOWN,UNKNOWN,UNKNOWN,unknown,https://www.watco.com/service/terminals/blytheville-ar/,,listed,rebulk-directory (BNSF),,
Watco,Marine Terminal,,,CORA,IL,UNKNOWN,UNKNOWN,UNKNOWN,UNKNOWN,UNKNOWN,UNKNOWN,UNKNOWN,UNKNOWN,UNKNOWN,UNKNOWN,UNKNOWN,UNKNOWN,UNKNOWN,UNKNOWN,UNKNOWN,UNKNOWN,UNKNOWN,UNKNOWN,UNKNOWN,UNKNOWN,UNKNOWN,UNKNOWN,UNKNOWN,UNKNOWN,UNKNOWN,UNKNOWN,unknown,https://www.watco.com/service/terminals/cora-il-3/,,listed,rebulk-directory (UP),,
Watco,Marine Terminal,,,CALVERT CITY,KY,UNKNOWN,UNKNOWN,UNKNOWN,UNKNOWN,UNKNOWN,UNKNOWN,UNKNOWN,UNKNOWN,UNKNOWN,UNKNOWN,UNKNOWN,UNKNOWN,UNKNOWN,UNKNOWN,UNKNOWN,UNKNOWN,UNKNOWN,UNKNOWN,UNKNOWN,UNKNOWN,UNKNOWN,UNKNOWN,UNKNOWN,UNKNOWN,UNKNOWN,UNKNOWN,unknown,https://www.watco.com/service/terminal-services/calvert_city_ky/,,listed,rebulk-directory,,
Watco,Dedicated Terminal,,,GHENT,KY,UNKNOWN,UNKNOWN,UNKNOWN,UNKNOWN,UNKNOWN,UNKNOWN,UNKNOWN,UNKNOWN,UNKNOWN,UNKNOWN,UNKNOWN,UNKNOWN,UNKNOWN,UNKNOWN,UNKNOWN,UNKNOWN,UNKNOWN,UNKNOWN,UNKNOWN,UNKNOWN,UNKNOWN,UNKNOWN,UNKNOWN,UNKNOWN,UNKNOWN,UNKNOWN,unknown,https://www.watco.com/service/terminal-services/dedicated,,listed,rebulk-directory,,
Watco,Marine Terminal,,,HAWESVILLE,KY,UNKNOWN,UNKNOWN,UNKNOWN,UNKNOWN,UNKNOWN,UNKNOWN,UNKNOWN,UNKNOWN,UNKNOWN,UNKNOWN,UNKNOWN,UNKNOWN,UNKNOWN,UNKNOWN,UNKNOWN,UNKNOWN,UNKNOWN,UNKNOWN,UNKNOWN,UNKNOWN,UNKNOWN,UNKNOWN,UNKNOWN,UNKNOWN,UNKNOWN,UNKNOWN,unknown,https://www.watco.com/service/terminal-services/hawesville-ky/,,listed,rebulk-directory (CSX Transportation (CSX)),,
Watco,Transload Terminal,,,HOLLIWOOD,KY,UNKNOWN,UNKNOWN,UNKNOWN,UNKNOWN,UNKNOWN,UNKNOWN,UNKNOWN,UNKNOWN,UNKNOWN,UNKNOWN,UNKNOWN,UNKNOWN,UNKNOWN,UNKNOWN,UNKNOWN,UNKNOWN,UNKNOWN,UNKNOWN,UNKNOWN,UNKNOWN,UNKNOWN,UNKNOWN,UNKNOWN,UNKNOWN,UNKNOWN,UNKNOWN,unknown,https://www.watco.com/service/terminals/holliwood-transload-terminal/,,listed,rebulk-directory (Paducah & Louisville Railway (PAL) BNSF Railway (BNSF) Canadian National Railway (CN) CSX Transportation (CSX) + 2),,
Watco,Dedicated Terminal,,,LOUISVILLE,KY,UNKNOWN,UNKNOWN,UNKNOWN,UNKNOWN,UNKNOWN,UNKNOWN,UNKNOWN,UNKNOWN,UNKNOWN,UNKNOWN,UNKNOWN,UNKNOWN,UNKNOWN,UNKNOWN,UNKNOWN,UNKNOWN,UNKNOWN,UNKNOWN,UNKNOWN,UNKNOWN,UNKNOWN,UNKNOWN,UNKNOWN,UNKNOWN,UNKNOWN,UNKNOWN,unknown,https://www.watco.com/service/terminal-services/dedicated,,listed,rebulk-directory,,
Watco,Port of,,,VICKSBURG,MS,UNKNOWN,UNKNOWN,UNKNOWN,UNKNOWN,UNKNOWN,UNKNOWN,UNKNOWN,UNKNOWN,UNKNOWN,UNKNOWN,UNKNOWN,UNKNOWN,UNKNOWN,UNKNOWN,UNKNOWN,UNKNOWN,UNKNOWN,UNKNOWN,UNKNOWN,UNKNOWN,UNKNOWN,UNKNOWN,UNKNOWN,UNKNOWN,UNKNOWN,UNKNOWN,unknown,https://www.watco.com/service/terminal-services/vicksburg-ms/,,listed,rebulk-directory (Vicksburg Southern Railroad (VSOR) Canadian Pacific Kansas City (CPKC)),,
Watco,Transload Terminal,,,EUREKA,MT,UNKNOWN,UNKNOWN,UNKNOWN,UNKNOWN,UNKNOWN,UNKNOWN,UNKNOWN,UNKNOWN,UNKNOWN,UNKNOWN,UNKNOWN,UNKNOWN,UNKNOWN,UNKNOWN,UNKNOWN,UNKNOWN,UNKNOWN,UNKNOWN,UNKNOWN,UNKNOWN,UNKNOWN,UNKNOWN,UNKNOWN,UNKNOWN,UNKNOWN,UNKNOWN,unknown,https://www.watco.com/service/terminals/eureka-transload-terminal/,,listed,"rebulk-directory (Mission Mountain Railroad (MMT) BNSF Railway (interchange at Stryker, MT))",,
Watco,Dedicated Terminal,,,FRYBURG,ND,UNKNOWN,UNKNOWN,UNKNOWN,UNKNOWN,UNKNOWN,UNKNOWN,UNKNOWN,UNKNOWN,UNKNOWN,UNKNOWN,UNKNOWN,UNKNOWN,UNKNOWN,UNKNOWN,UNKNOWN,UNKNOWN,UNKNOWN,UNKNOWN,UNKNOWN,UNKNOWN,UNKNOWN,UNKNOWN,UNKNOWN,UNKNOWN,UNKNOWN,UNKNOWN,unknown,https://www.watco.com/service/terminal-services/dedicated,,listed,rebulk-directory (BNSF Railway),,
Watco,Dedicated Terminal,,,TIOGA,ND,UNKNOWN,UNKNOWN,UNKNOWN,UNKNOWN,UNKNOWN,UNKNOWN,UNKNOWN,UNKNOWN,UNKNOWN,UNKNOWN,UNKNOWN,UNKNOWN,UNKNOWN,UNKNOWN,UNKNOWN,UNKNOWN,UNKNOWN,UNKNOWN,UNKNOWN,UNKNOWN,UNKNOWN,UNKNOWN,UNKNOWN,UNKNOWN,UNKNOWN,UNKNOWN,unknown,https://www.watco.com/service/terminal-services/dedicated,,listed,rebulk-directory (BNSF Railway),,
Watco,Dedicated Terminal,,,BAYWAY,NJ,UNKNOWN,UNKNOWN,UNKNOWN,UNKNOWN,UNKNOWN,UNKNOWN,UNKNOWN,UNKNOWN,UNKNOWN,UNKNOWN,UNKNOWN,UNKNOWN,UNKNOWN,UNKNOWN,UNKNOWN,UNKNOWN,UNKNOWN,UNKNOWN,UNKNOWN,UNKNOWN,UNKNOWN,UNKNOWN,UNKNOWN,UNKNOWN,UNKNOWN,UNKNOWN,unknown,https://www.watco.com/service/terminal-services/dedicated,,listed,rebulk-directory,,
Watco,MTS Dedicated Terminal,,,ELIZABETH,NJ,UNKNOWN,UNKNOWN,UNKNOWN,UNKNOWN,UNKNOWN,UNKNOWN,UNKNOWN,UNKNOWN,UNKNOWN,UNKNOWN,UNKNOWN,UNKNOWN,UNKNOWN,UNKNOWN,UNKNOWN,UNKNOWN,UNKNOWN,UNKNOWN,UNKNOWN,UNKNOWN,UNKNOWN,UNKNOWN,UNKNOWN,UNKNOWN,UNKNOWN,UNKNOWN,unknown,https://www.watco.com/service/terminal-services/dedicated,,listed,rebulk-directory,,
Watco,Dedicated Terminal,,,LINDEN,NJ,UNKNOWN,UNKNOWN,UNKNOWN,UNKNOWN,UNKNOWN,UNKNOWN,UNKNOWN,UNKNOWN,UNKNOWN,UNKNOWN,UNKNOWN,UNKNOWN,UNKNOWN,UNKNOWN,UNKNOWN,UNKNOWN,UNKNOWN,UNKNOWN,UNKNOWN,UNKNOWN,UNKNOWN,UNKNOWN,UNKNOWN,UNKNOWN,UNKNOWN,UNKNOWN,unknown,https://www.watco.com/service/terminal-services/dedicated,,listed,rebulk-directory,,
Watco,Transload Terminal,,,NORTH BERGEN,NJ,UNKNOWN,UNKNOWN,UNKNOWN,UNKNOWN,UNKNOWN,UNKNOWN,UNKNOWN,UNKNOWN,UNKNOWN,UNKNOWN,UNKNOWN,UNKNOWN,UNKNOWN,UNKNOWN,UNKNOWN,UNKNOWN,UNKNOWN,UNKNOWN,UNKNOWN,UNKNOWN,UNKNOWN,UNKNOWN,UNKNOWN,UNKNOWN,UNKNOWN,UNKNOWN,unknown,https://www.watco.com/service/terminals/north-bergen-terminal/,,listed,rebulk-directory,,
Watco,Dedicated Terminal,,,BRONX,NY,UNKNOWN,UNKNOWN,UNKNOWN,UNKNOWN,UNKNOWN,UNKNOWN,UNKNOWN,UNKNOWN,UNKNOWN,UNKNOWN,UNKNOWN,UNKNOWN,UNKNOWN,UNKNOWN,UNKNOWN,UNKNOWN,UNKNOWN,UNKNOWN,UNKNOWN,UNKNOWN,UNKNOWN,UNKNOWN,UNKNOWN,UNKNOWN,UNKNOWN,UNKNOWN,unknown,https://www.watco.com/service/terminal-services/dedicated,,listed,rebulk-directory,,
Watco,Dedicated Terminal,,,BROOKLYN,NY,UNKNOWN,UNKNOWN,UNKNOWN,UNKNOWN,UNKNOWN,UNKNOWN,UNKNOWN,UNKNOWN,UNKNOWN,UNKNOWN,UNKNOWN,UNKNOWN,UNKNOWN,UNKNOWN,UNKNOWN,UNKNOWN,UNKNOWN,UNKNOWN,UNKNOWN,UNKNOWN,UNKNOWN,UNKNOWN,UNKNOWN,UNKNOWN,UNKNOWN,UNKNOWN,unknown,https://www.watco.com/service/terminal-services/dedicated,,listed,rebulk-directory,,
Watco,Dedicated Terminal,,,QUEENS,NY,UNKNOWN,UNKNOWN,UNKNOWN,UNKNOWN,UNKNOWN,UNKNOWN,UNKNOWN,UNKNOWN,UNKNOWN,UNKNOWN,UNKNOWN,UNKNOWN,UNKNOWN,UNKNOWN,UNKNOWN,UNKNOWN,UNKNOWN,UNKNOWN,UNKNOWN,UNKNOWN,UNKNOWN,UNKNOWN,UNKNOWN,UNKNOWN,UNKNOWN,UNKNOWN,unknown,https://www.watco.com/service/terminal-services/dedicated,,listed,rebulk-directory,,
Watco,Transload Terminal,,,ARDMORE,OK,UNKNOWN,UNKNOWN,UNKNOWN,UNKNOWN,UNKNOWN,UNKNOWN,UNKNOWN,UNKNOWN,UNKNOWN,UNKNOWN,UNKNOWN,UNKNOWN,UNKNOWN,UNKNOWN,UNKNOWN,UNKNOWN,UNKNOWN,UNKNOWN,UNKNOWN,UNKNOWN,UNKNOWN,UNKNOWN,UNKNOWN,UNKNOWN,UNKNOWN,UNKNOWN,unknown,https://www.watco.com/service/terminals/ardmore-transload-terminal/,,listed,rebulk-directory (BNSF),,
Watco,Marine Terminal,,,DRAVOSBURG,PA,UNKNOWN,UNKNOWN,UNKNOWN,UNKNOWN,UNKNOWN,UNKNOWN,UNKNOWN,UNKNOWN,UNKNOWN,UNKNOWN,UNKNOWN,UNKNOWN,UNKNOWN,UNKNOWN,UNKNOWN,UNKNOWN,UNKNOWN,UNKNOWN,UNKNOWN,UNKNOWN,UNKNOWN,UNKNOWN,UNKNOWN,UNKNOWN,UNKNOWN,UNKNOWN,unknown,https://www.watco.com/service/terminal-services/dravosburg-pa/,,listed,rebulk-directory (Norfolk Southern),,
Watco,Dedicated Terminal,,,NEW JOHNSONVILLE,TN,UNKNOWN,UNKNOWN,UNKNOWN,UNKNOWN,UNKNOWN,UNKNOWN,UNKNOWN,UNKNOWN,UNKNOWN,UNKNOWN,UNKNOWN,UNKNOWN,UNKNOWN,UNKNOWN,UNKNOWN,UNKNOWN,UNKNOWN,UNKNOWN,UNKNOWN,UNKNOWN,UNKNOWN,UNKNOWN,UNKNOWN,UNKNOWN,UNKNOWN,UNKNOWN,unknown,https://www.watco.com/service/terminal-services/dedicated,,listed,rebulk-directory,,
Watco,Transload Terminal,,,COADY,TX,UNKNOWN,UNKNOWN,UNKNOWN,UNKNOWN,UNKNOWN,UNKNOWN,UNKNOWN,UNKNOWN,UNKNOWN,UNKNOWN,UNKNOWN,UNKNOWN,UNKNOWN,UNKNOWN,UNKNOWN,UNKNOWN,UNKNOWN,UNKNOWN,UNKNOWN,UNKNOWN,UNKNOWN,UNKNOWN,UNKNOWN,UNKNOWN,UNKNOWN,UNKNOWN,unknown,https://www.watco.com/service/terminals/coady-transload-terminal/,,listed,rebulk-directory (Union Pacific (UP)),,
Watco,Dedicated Terminal,,,PORT ARTHUR,TX,UNKNOWN,UNKNOWN,UNKNOWN,UNKNOWN,UNKNOWN,UNKNOWN,UNKNOWN,UNKNOWN,UNKNOWN,UNKNOWN,UNKNOWN,UNKNOWN,UNKNOWN,UNKNOWN,UNKNOWN,UNKNOWN,UNKNOWN,UNKNOWN,UNKNOWN,UNKNOWN,UNKNOWN,UNKNOWN,UNKNOWN,UNKNOWN,UNKNOWN,UNKNOWN,unknown,https://www.watco.com/service/terminal-services/dedicated,,listed,rebulk-directory (BNSF Railway Canadian Pacific Kansas City (CPKC) Union Pacific (UP)),,
Watco,Dedicated Terminal,,,FERNDALE,WA,UNKNOWN,UNKNOWN,UNKNOWN,UNKNOWN,UNKNOWN,UNKNOWN,UNKNOWN,UNKNOWN,UNKNOWN,UNKNOWN,UNKNOWN,UNKNOWN,UNKNOWN,UNKNOWN,UNKNOWN,UNKNOWN,UNKNOWN,UNKNOWN,UNKNOWN,UNKNOWN,UNKNOWN,UNKNOWN,UNKNOWN,UNKNOWN,UNKNOWN,UNKNOWN,unknown,https://www.watco.com/service/terminals/dedicated/,,listed,rebulk-directory,,
Watco,Dedicated Terminal,,,NEW MARTINSVILLE,WV,UNKNOWN,UNKNOWN,UNKNOWN,UNKNOWN,UNKNOWN,UNKNOWN,UNKNOWN,UNKNOWN,UNKNOWN,UNKNOWN,UNKNOWN,UNKNOWN,UNKNOWN,UNKNOWN,UNKNOWN,UNKNOWN,UNKNOWN,UNKNOWN,UNKNOWN,UNKNOWN,UNKNOWN,UNKNOWN,UNKNOWN,UNKNOWN,UNKNOWN,UNKNOWN,unknown,https://www.watco.com/service/terminal-services/dedicated,,listed,rebulk-directory,,
Watco,Logistics Hub,,,CHEYENNE,WY,UNKNOWN,UNKNOWN,UNKNOWN,UNKNOWN,UNKNOWN,UNKNOWN,UNKNOWN,UNKNOWN,UNKNOWN,UNKNOWN,UNKNOWN,UNKNOWN,UNKNOWN,UNKNOWN,UNKNOWN,UNKNOWN,UNKNOWN,UNKNOWN,UNKNOWN,UNKNOWN,UNKNOWN,UNKNOWN,UNKNOWN,UNKNOWN,UNKNOWN,UNKNOWN,unknown,https://www.watco.com/service/terminals/cheyenne-logistics-hub/,,listed,rebulk-directory (Swan Ranch Railroad (SRRR) BNSF Railway (BNSF) Union Pacific Railroad (UP)),,
Watco Dore Transload Terminal,,,,EAST FAIRVIEW,ND,UNKNOWN,UNKNOWN,UNKNOWN,UNKNOWN,UNKNOWN,UNKNOWN,UNKNOWN,UNKNOWN,UNKNOWN,UNKNOWN,UNKNOWN,UNKNOWN,UNKNOWN,UNKNOWN,UNKNOWN,UNKNOWN,UNKNOWN,UNKNOWN,UNKNOWN,UNKNOWN,UNKNOWN,UNKNOWN,UNKNOWN,UNKNOWN,UNKNOWN,UNKNOWN,unknown,https://www.watco.com/service/terminals/dore-nd/,,listed,rebulk-directory (BNSF Yellowstone Valley Railroad (YSVR)),,
Watco Hobbs Transload Terminal,,,,HOBBS,NM,UNKNOWN,UNKNOWN,UNKNOWN,UNKNOWN,UNKNOWN,UNKNOWN,UNKNOWN,UNKNOWN,UNKNOWN,UNKNOWN,UNKNOWN,UNKNOWN,UNKNOWN,UNKNOWN,UNKNOWN,UNKNOWN,UNKNOWN,UNKNOWN,UNKNOWN,UNKNOWN,UNKNOWN,UNKNOWN,UNKNOWN,UNKNOWN,UNKNOWN,UNKNOWN,unknown,https://www.watco.com/,,listed,rebulk-directory (Texas & New Mexico Railway (TXN) UP),,
Watco Supply Chain Services LLC,,,,GREAT BEND,KS,UNKNOWN,UNKNOWN,UNKNOWN,UNKNOWN,UNKNOWN,UNKNOWN,UNKNOWN,UNKNOWN,UNKNOWN,UNKNOWN,UNKNOWN,UNKNOWN,UNKNOWN,UNKNOWN,UNKNOWN,UNKNOWN,UNKNOWN,UNKNOWN,UNKNOWN,UNKNOWN,UNKNOWN,UNKNOWN,UNKNOWN,UNKNOWN,UNKNOWN,UNKNOWN,unknown,https://www.watco.com/,,listed,rebulk-directory (BNSF),,
Watco Terminal & Port Services,,mmassoglia@watcocompanies.com,,DECATUR,AL,NO,NO,NO,NO,NO,NO,NO,NO,NO,NO,NO,NO,NO,NO,NO,NO,NO,NO,NO,NO,NO,NO,NO,NO,NO,NO,unknown,https://www.watcocompanies.com/services/terminal-services/,,verified,swl-internal,NOT_FOUND,low
Watco Terminal & Port Services,,mmassoglia@watcocompanies.com,(205) 436-3893,MULGA,AL,NO,NO,NO,NO,NO,NO,NO,NO,NO,NO,NO,NO,NO,NO,NO,NO,NO,NO,NO,NO,NO,NO,NO,NO,NO,NO,unknown,https://www.watco.com/service/terminals/port-birmingham-al/,,verified,swl-internal,OPERATIONAL,medium
Watco Terminal & Port Services,,mmassoglia@watcocompanies.com,,BLYTHESVILLE,AR,NO,NO,NO,YES,NO,NO,NO,NO,YES,YES,NO,YES,NO,NO,NO,NO,YES,NO,NO,YES,YES,NO,YES,YES,NO,NO,unknown,https://www.watcocompanies.com/services/terminal-services/,,verified,swl-internal,OPERATIONAL,medium
Watco Terminal & Port Services,,mmassoglia@watcocompanies.com,,PINE BLUFF,AR,NO,NO,NO,NO,NO,NO,YES,NO,YES,NO,NO,NO,NO,NO,NO,NO,YES,NO,NO,NO,NO,NO,NO,NO,NO,NO,unknown,https://www.watcocompanies.com/services/terminal-services/,,verified,swl-internal,NOT_FOUND,low
Watco Terminal & Port Services,,mmassoglia@watcocompanies.com,(623) 939-9125,GLENDALE,AZ,NO,NO,NO,YES,NO,NO,NO,YES,NO,YES,NO,YES,YES,NO,NO,NO,NO,NO,NO,YES,NO,NO,YES,NO,NO,NO,unknown,http://www.watcocompanies.com/,,verified,swl-internal,OPERATIONAL,high
Watco Terminal & Port Services,,mmassoglia@watcocompanies.com,(623) 939-9125,PHOENIX,AZ,NO,NO,NO,NO,NO,YES,NO,NO,NO,NO,NO,NO,YES,NO,NO,NO,NO,NO,NO,YES,NO,NO,YES,NO,YES,NO,unknown,https://www.watco.com/service/terminals/,,verified,swl-internal,OPERATIONAL,high
Watco Terminal & Port Services,,mmassoglia@watcocompanies.com,(209) 939-1753,STOCKTON,CA,NO,NO,YES,NO,NO,NO,NO,NO,NO,NO,YES,NO,NO,NO,NO,NO,YES,NO,NO,NO,NO,NO,NO,NO,NO,NO,unknown,http://www.watcocompanies.com/,,verified,swl-internal,OPERATIONAL,high
Watco Terminal & Port Services,,mmassoglia@watcocompanies.com,,COUNCIL BLUFFS,IA,NO,NO,NO,YES,YES,YES,NO,YES,YES,YES,NO,YES,YES,NO,NO,NO,YES,NO,NO,YES,NO,NO,YES,YES,NO,NO,unknown,https://www.watcocompanies.com/services/terminal-services/,,verified,swl-internal,NOT_FOUND,low
Watco Terminal & Port Services,,mmassoglia@watcocompanies.com,,WATERLOO,IA,NO,NO,NO,NO,NO,NO,NO,NO,NO,NO,NO,YES,NO,NO,NO,NO,NO,NO,NO,NO,NO,NO,NO,NO,NO,NO,unknown,https://www.watcocompanies.com/services/terminal-services/,,verified,swl-internal,NOT_FOUND,low
Watco Terminal & Port Services,,mmassoglia@watcocompanies.com,(208) 219-0703,BURLEY,ID,NO,NO,NO,NO,YES,NO,NO,NO,NO,NO,NO,NO,NO,NO,NO,NO,NO,NO,NO,NO,NO,NO,YES,NO,NO,NO,unknown,https://www.watco.com/service/terminals/burley-id/,,verified,swl-internal,OPERATIONAL,medium
Watco Terminal & Port Services,,mmassoglia@watcocompanies.com,,CHICAGO,IL,NO,NO,NO,NO,NO,NO,YES,NO,YES,NO,NO,YES,NO,NO,NO,NO,YES,NO,NO,NO,NO,NO,YES,YES,NO,NO,unknown,https://www.watcocompanies.com/services/terminal-services/,,verified,swl-internal,NOT_FOUND,low
Watco Terminal & Port Services,,mmassoglia@watcocompanies.com,,CHICAGO HEIGHTS,IL,NO,NO,NO,NO,NO,NO,NO,YES,NO,NO,NO,YES,NO,NO,NO,NO,NO,NO,NO,NO,NO,NO,NO,NO,NO,NO,unknown,https://www.watcocompanies.com/services/terminal-services/,,verified,swl-internal,NOT_FOUND,none
Watco Terminal & Port Services,,mmassoglia@watcocompanies.com,(708) 755-4100,ROCKFORD,IL,NO,NO,NO,NO,NO,NO,NO,NO,NO,NO,NO,NO,NO,NO,NO,NO,NO,NO,NO,NO,NO,NO,NO,NO,NO,NO,unknown,https://www.watco.com/service/terminals/,,verified,swl-internal,OPERATIONAL,high
Watco Terminal & Port Services,,mmassoglia@watcocompanies.com,,SAUGET,IL,NO,NO,NO,YES,NO,NO,NO,NO,YES,NO,NO,NO,NO,NO,NO,NO,YES,NO,NO,YES,NO,NO,YES,YES,NO,NO,unknown,https://www.watcocompanies.com/services/terminal-services/,,verified,swl-internal,NOT_FOUND,low
Watco Terminal & Port Services,,mmassoglia@watcocompanies.com,,TRIUMPH,IL,NO,NO,NO,NO,NO,NO,YES,NO,YES,NO,NO,NO,NO,NO,NO,NO,YES,NO,NO,NO,NO,NO,NO,NO,NO,NO,unknown,https://www.watcocompanies.com/services/terminal-services/,,verified,swl-internal,OPERATIONAL,high
Watco Terminal & Port Services,,mmassoglia@watcocompanies.com,,JEFFERSONVILLE,IN,NO,NO,NO,NO,NO,NO,YES,NO,YES,NO,NO,NO,NO,NO,NO,NO,YES,NO,NO,NO,NO,NO,NO,NO,NO,NO,unknown,https://www.watcocompanies.com/services/terminal-services/,,verified,swl-internal,NOT_FOUND,low
Watco Terminal & Port Services,,mmassoglia@watcocompanies.com,,PITTSBURG,KS,NO,NO,NO,NO,NO,NO,NO,NO,NO,NO,NO,NO,NO,NO,NO,NO,NO,NO,NO,NO,NO,NO,NO,NO,NO,NO,unknown,https://www.watcocompanies.com/services/terminal-services/,,verified,swl-internal,NOT_FOUND,low
Watco Terminal & Port Services,,mmassoglia@watcocompanies.com,,ST LOUIS,MO,NO,NO,NO,NO,NO,NO,YES,NO,YES,NO,NO,NO,NO,NO,NO,NO,YES,NO,NO,NO,NO,NO,NO,NO,NO,NO,unknown,https://www.watcocompanies.com/services/terminal-services/,,verified,swl-internal,OPERATIONAL,high
Watco Terminal & Port Services,,mmassoglia@watcocompanies.com,(662) 256-9484,AMORY,MS,NO,NO,NO,NO,NO,NO,NO,YES,YES,NO,NO,YES,NO,NO,NO,NO,YES,NO,NO,NO,NO,NO,NO,YES,NO,NO,unknown,https://www.watco.com/service/terminals/amory-ms/,,verified,swl-internal,OPERATIONAL,medium
Watco Terminal & Port Services,,mmassoglia@watcocompanies.com,(701) 744-5373,FAIRVIEW,MT,NO,NO,NO,NO,NO,NO,YES,NO,YES,NO,NO,NO,NO,NO,NO,NO,YES,NO,NO,NO,NO,NO,NO,NO,NO,NO,unknown,https://www.watco.com/service/terminals/dore-nd/,,verified,swl-internal,OPERATIONAL,medium
Watco Terminal & Port Services,,mmassoglia@watcocompanies.com,,DORE,ND,NO,NO,YES,YES,NO,NO,YES,NO,NO,YES,NO,YES,NO,NO,NO,NO,YES,NO,NO,YES,NO,NO,NO,YES,NO,NO,unknown,https://www.watcocompanies.com/services/terminal-services/,,verified,swl-internal,NOT_FOUND,low
Watco Terminal & Port Services,,mmassoglia@watcocompanies.com,(402) 341-1300,OMAHA,NE,NO,NO,YES,YES,YES,YES,YES,YES,YES,YES,YES,YES,YES,NO,NO,NO,YES,NO,NO,YES,NO,YES,YES,YES,NO,NO,unknown,https://www.watco.com/service/terminals/omaha-ne/,,verified,swl-internal,OPERATIONAL,medium
Watco Terminal & Port Services,,mmassoglia@watcocompanies.com,(513) 941-0500,CINCINNATI,OH,NO,NO,YES,YES,NO,NO,NO,NO,YES,YES,NO,NO,YES,NO,NO,NO,YES,NO,NO,YES,YES,NO,YES,YES,YES,NO,unknown,https://www.watco.com/service/terminals/cincinnati-oh-river-t/,,verified,swl-internal,OPERATIONAL,medium
Watco Terminal & Port Services,,mmassoglia@watcocompanies.com,,MIDDLEPORT,OH,NO,NO,NO,NO,NO,NO,NO,NO,YES,NO,NO,NO,NO,NO,NO,NO,YES,NO,NO,NO,NO,NO,NO,NO,NO,NO,unknown,https://www.watcocompanies.com/services/terminal-services/,,verified,swl-internal,NOT_FOUND,low
Watco Terminal & Port Services,,mmassoglia@watcocompanies.com,,CATOOSA,OK,NO,NO,NO,NO,NO,NO,NO,NO,NO,NO,NO,NO,NO,NO,NO,NO,NO,NO,NO,NO,NO,NO,NO,NO,NO,NO,unknown,https://www.watcocompanies.com/services/terminal-services/,,verified,swl-internal,NOT_FOUND,low
Watco Terminal & Port Services,,mmassoglia@watcocompanies.com,,OKLAHOMA CITY,OK,NO,NO,YES,YES,YES,YES,YES,NO,YES,YES,YES,NO,YES,NO,NO,NO,YES,NO,NO,YES,NO,YES,YES,YES,NO,NO,unknown,https://www.watcocompanies.com/services/terminal-services/,,verified,swl-internal,NOT_FOUND,none
Watco Terminal & Port Services,,mmassoglia@watcocompanies.com,,STROUD,OK,NO,NO,NO,NO,NO,NO,YES,NO,YES,NO,NO,NO,NO,NO,NO,NO,YES,NO,NO,NO,NO,NO,NO,NO,NO,NO,unknown,https://www.watcocompanies.com/services/terminal-services/,,verified,swl-internal,NOT_FOUND,low
Watco Terminal & Port Services,,mmassoglia@watcocompanies.com,,AVONDALE,PA,NO,NO,NO,NO,NO,NO,NO,NO,NO,NO,NO,NO,NO,NO,NO,NO,NO,NO,NO,NO,NO,NO,NO,NO,NO,NO,unknown,https://www.watcocompanies.com/services/terminal-services/,,verified,swl-internal,NOT_FOUND,low
Watco Terminal & Port Services,,mmassoglia@watcocompanies.com,,SAN LUIS POTOSI,SL,NO,NO,NO,YES,NO,NO,NO,NO,NO,NO,NO,NO,YES,NO,NO,NO,NO,NO,NO,YES,NO,NO,YES,YES,NO,NO,unknown,https://www.watcocompanies.com/services/terminal-services/,,verified,swl-internal,NOT_FOUND,low
Watco Terminal & Port Services,,mmassoglia@watcocompanies.com,,DALLAS,TX,NO,NO,NO,NO,NO,NO,NO,YES,NO,NO,NO,YES,NO,NO,NO,NO,NO,NO,NO,NO,NO,NO,NO,NO,NO,NO,unknown,https://www.watcocompanies.com/services/terminal-services/,,verified,swl-internal,NOT_FOUND,low
Watco Terminal & Port Services,,mmassoglia@watcocompanies.com,,GALENA PARK,TX,NO,NO,NO,NO,NO,NO,YES,NO,YES,NO,NO,NO,NO,NO,NO,NO,YES,NO,NO,NO,NO,NO,NO,NO,NO,NO,unknown,https://www.watcocompanies.com/services/terminal-services/,,verified,swl-internal,NOT_FOUND,low
Watco Terminal & Port Services,,mmassoglia@watcocompanies.com,,HOUSTON,TX,NO,NO,YES,YES,NO,NO,YES,NO,YES,YES,NO,YES,YES,NO,NO,NO,YES,NO,NO,YES,NO,NO,YES,YES,NO,NO,unknown,https://www.watcocompanies.com/services/terminal-services/,,verified,swl-internal,NOT_FOUND,low
Watco Terminal & Port Services,,mmassoglia@watcocompanies.com,,PECOS,TX,NO,NO,NO,NO,NO,NO,YES,NO,YES,NO,NO,NO,NO,NO,NO,NO,YES,NO,NO,NO,NO,NO,NO,NO,NO,NO,unknown,https://www.watcocompanies.com/services/terminal-services/,,verified,swl-internal,OPERATIONAL,high
Watco Terminal & Port Services,,mmassoglia@watcocompanies.com,,MADISON,WI,NO,NO,NO,NO,NO,NO,NO,NO,YES,NO,NO,NO,NO,NO,NO,NO,YES,NO,NO,NO,NO,NO,NO,NO,NO,NO,unknown,https://www.watcocompanies.com/services/terminal-services/,,verified,swl-internal,NOT_FOUND,low
Watco Terminal & Port Services,,mmassoglia@watcocompanies.com,(620) 687-2878,OSHKOSH,WI,NO,NO,YES,NO,NO,NO,NO,NO,YES,NO,NO,YES,NO,NO,NO,NO,YES,NO,NO,NO,NO,NO,YES,NO,NO,NO,unknown,https://www.watco.com/service/terminals/oshkosh-wi/,,verified,swl-internal,OPERATIONAL,medium
Watco Terminal & Port Services,,mmassoglia@watcocompanies.com,(304) 550-6347,NITRO,WV,NO,NO,NO,NO,NO,NO,NO,NO,YES,NO,NO,NO,NO,NO,NO,NO,YES,NO,NO,NO,NO,NO,NO,NO,NO,NO,unknown,https://www.watco.com/service/terminals/nitro-wv/,,verified,swl-internal,OPERATIONAL,medium
Waterfront Cold Store Taunton,,,,TAUNTON,MA,UNKNOWN,UNKNOWN,UNKNOWN,UNKNOWN,UNKNOWN,UNKNOWN,UNKNOWN,UNKNOWN,UNKNOWN,UNKNOWN,UNKNOWN,UNKNOWN,UNKNOWN,UNKNOWN,UNKNOWN,UNKNOWN,UNKNOWN,UNKNOWN,UNKNOWN,UNKNOWN,UNKNOWN,UNKNOWN,UNKNOWN,UNKNOWN,UNKNOWN,UNKNOWN,unknown,https://www.waterfrontcoldstore.com/,,listed,rebulk-directory (Massachusetts Coastal Railroad (MC)),,
Waterfront Petroleum Dearborn Terminal,,,,DEARBORN,MI,UNKNOWN,UNKNOWN,UNKNOWN,UNKNOWN,UNKNOWN,UNKNOWN,UNKNOWN,UNKNOWN,UNKNOWN,UNKNOWN,UNKNOWN,UNKNOWN,UNKNOWN,UNKNOWN,UNKNOWN,UNKNOWN,UNKNOWN,UNKNOWN,UNKNOWN,UNKNOWN,UNKNOWN,UNKNOWN,UNKNOWN,UNKNOWN,UNKNOWN,UNKNOWN,unknown,https://waterfrontpetroleum.com/,,listed,rebulk-directory (CN CSX NS),,
"Waterloo Railroad, LLC",Jaguar Transport Holdings,,,WATERLOO,IA,UNKNOWN,UNKNOWN,UNKNOWN,UNKNOWN,UNKNOWN,UNKNOWN,UNKNOWN,UNKNOWN,UNKNOWN,UNKNOWN,UNKNOWN,UNKNOWN,UNKNOWN,UNKNOWN,UNKNOWN,UNKNOWN,UNKNOWN,UNKNOWN,UNKNOWN,UNKNOWN,UNKNOWN,UNKNOWN,UNKNOWN,UNKNOWN,UNKNOWN,UNKNOWN,unknown,https://jag-transport.com/locations/,,listed,rebulk-directory (Waterloo Rai),,
Waterson Terminals,,,,PROVIDENCE,RI,UNKNOWN,UNKNOWN,UNKNOWN,UNKNOWN,UNKNOWN,UNKNOWN,UNKNOWN,UNKNOWN,UNKNOWN,UNKNOWN,UNKNOWN,UNKNOWN,UNKNOWN,UNKNOWN,UNKNOWN,UNKNOWN,UNKNOWN,UNKNOWN,UNKNOWN,UNKNOWN,UNKNOWN,UNKNOWN,UNKNOWN,UNKNOWN,UNKNOWN,UNKNOWN,unknown,https://watersonllc.com/,,listed,rebulk-directory (G&W PW),,
Wayne Industries Incorporated,,,,WAYNE,MI,UNKNOWN,UNKNOWN,UNKNOWN,UNKNOWN,UNKNOWN,UNKNOWN,UNKNOWN,UNKNOWN,UNKNOWN,UNKNOWN,UNKNOWN,UNKNOWN,UNKNOWN,UNKNOWN,UNKNOWN,UNKNOWN,UNKNOWN,UNKNOWN,UNKNOWN,UNKNOWN,UNKNOWN,UNKNOWN,UNKNOWN,UNKNOWN,UNKNOWN,UNKNOWN,unknown,https://www.steelpro.us,,listed,rebulk-directory (NS),,
We Pack Logistics,,info@wepack.com,,MALVERN,AR,NO,NO,NO,NO,NO,NO,NO,NO,NO,NO,NO,NO,NO,NO,NO,NO,NO,NO,NO,NO,NO,NO,NO,NO,NO,NO,unknown,https://www.wepack.com/what-we-do#transload-services,,verified,swl-internal,NOT_FOUND,none
We Pack Logistics,,info@wepack.com,,MONTICELLO,AR,NO,NO,NO,NO,NO,NO,NO,YES,NO,NO,NO,NO,NO,NO,NO,NO,NO,NO,NO,NO,NO,NO,NO,NO,NO,NO,unknown,https://www.wepack.com/what-we-do#transload-services,,verified,swl-internal,NOT_FOUND,low
We Pack Logistics,,info@wepack.com,,NORTH LITTLE ROCK,AR,NO,NO,NO,NO,NO,NO,NO,NO,NO,NO,NO,NO,NO,NO,NO,NO,NO,NO,NO,NO,NO,NO,NO,NO,NO,NO,unknown,https://www.wepack.com/what-we-do#transload-services,,verified,swl-internal,NOT_FOUND,low
We Pack Logistics,,info@wepack.com,(903) 783-7102,PARIS,TX,NO,NO,NO,NO,NO,NO,NO,NO,NO,NO,NO,NO,NO,NO,NO,NO,NO,NO,NO,NO,NO,NO,NO,NO,NO,NO,unknown,https://www.wepack.com/?utm_source=local&utm_medium=organic&utm_campaign=gmblisting&utm_content=paris_nw_loop,,verified,swl-internal,OPERATIONAL,high
Webb Chemical Rail Terminalization Facility,,,,MUSKEGON HEIGHTS,MI,UNKNOWN,UNKNOWN,UNKNOWN,UNKNOWN,UNKNOWN,UNKNOWN,UNKNOWN,UNKNOWN,UNKNOWN,UNKNOWN,UNKNOWN,UNKNOWN,UNKNOWN,UNKNOWN,UNKNOWN,UNKNOWN,UNKNOWN,UNKNOWN,UNKNOWN,UNKNOWN,UNKNOWN,UNKNOWN,UNKNOWN,UNKNOWN,UNKNOWN,UNKNOWN,unknown,https://webbchemical.com/,,listed,rebulk-directory (Michigan Shore Railroad (MS)),,
Weber Distribution Warehouses,,info@weberlogistics.com,(619) 423-8770,SAN DIEGO,CA,NO,NO,NO,NO,NO,NO,NO,NO,NO,NO,NO,NO,NO,NO,NO,NO,NO,NO,NO,NO,NO,NO,NO,NO,NO,NO,unknown,https://www.weberlogistics.com/,,verified,swl-internal,OPERATIONAL,medium
WEI Transload / Bison Rail Facility,,,,POPLAR,MT,UNKNOWN,UNKNOWN,UNKNOWN,UNKNOWN,UNKNOWN,UNKNOWN,UNKNOWN,UNKNOWN,UNKNOWN,UNKNOWN,UNKNOWN,UNKNOWN,UNKNOWN,UNKNOWN,UNKNOWN,UNKNOWN,UNKNOWN,UNKNOWN,UNKNOWN,UNKNOWN,UNKNOWN,UNKNOWN,UNKNOWN,UNKNOWN,UNKNOWN,UNKNOWN,unknown,https://www.weitransload.com/,,listed,rebulk-directory (BNSF),,
Weirton Frontier Crossing,,,,WEIRTON,WV,UNKNOWN,UNKNOWN,UNKNOWN,UNKNOWN,UNKNOWN,UNKNOWN,UNKNOWN,UNKNOWN,UNKNOWN,UNKNOWN,UNKNOWN,UNKNOWN,UNKNOWN,UNKNOWN,UNKNOWN,UNKNOWN,UNKNOWN,UNKNOWN,UNKNOWN,UNKNOWN,UNKNOWN,UNKNOWN,UNKNOWN,UNKNOWN,UNKNOWN,UNKNOWN,unknown,https://www.weirtonfrontiercrossings.com,,listed,rebulk-directory (NS),,
Weirton Ice and Coal Supply Company,,,,WEIRTON,WV,UNKNOWN,UNKNOWN,UNKNOWN,UNKNOWN,UNKNOWN,UNKNOWN,UNKNOWN,UNKNOWN,UNKNOWN,UNKNOWN,UNKNOWN,UNKNOWN,UNKNOWN,UNKNOWN,UNKNOWN,UNKNOWN,UNKNOWN,UNKNOWN,UNKNOWN,UNKNOWN,UNKNOWN,UNKNOWN,UNKNOWN,UNKNOWN,UNKNOWN,UNKNOWN,unknown,,,listed,rebulk-directory (NS),,
Wel Companies,,,,MCDONOUGH,GA,UNKNOWN,UNKNOWN,UNKNOWN,UNKNOWN,UNKNOWN,UNKNOWN,UNKNOWN,UNKNOWN,UNKNOWN,UNKNOWN,UNKNOWN,UNKNOWN,UNKNOWN,UNKNOWN,UNKNOWN,UNKNOWN,UNKNOWN,UNKNOWN,UNKNOWN,UNKNOWN,UNKNOWN,UNKNOWN,UNKNOWN,UNKNOWN,UNKNOWN,UNKNOWN,unknown,https://www.welcompanies.com/,,listed,rebulk-directory (NS),,
Wellsville Terminals Company,,,,WELLSVILLE,OH,UNKNOWN,UNKNOWN,UNKNOWN,UNKNOWN,UNKNOWN,UNKNOWN,UNKNOWN,UNKNOWN,UNKNOWN,UNKNOWN,UNKNOWN,UNKNOWN,UNKNOWN,UNKNOWN,UNKNOWN,UNKNOWN,UNKNOWN,UNKNOWN,UNKNOWN,UNKNOWN,UNKNOWN,UNKNOWN,UNKNOWN,UNKNOWN,UNKNOWN,UNKNOWN,unknown,https://www.wellsvilleterminals.com/,,listed,rebulk-directory (NS),,
West Coast Pipe Inspection,,,,SHAFTER,CA,UNKNOWN,UNKNOWN,UNKNOWN,UNKNOWN,UNKNOWN,UNKNOWN,UNKNOWN,UNKNOWN,UNKNOWN,UNKNOWN,UNKNOWN,UNKNOWN,UNKNOWN,UNKNOWN,UNKNOWN,UNKNOWN,UNKNOWN,UNKNOWN,UNKNOWN,UNKNOWN,UNKNOWN,UNKNOWN,UNKNOWN,UNKNOWN,UNKNOWN,UNKNOWN,unknown,https://jdrush.com/associated-companies/west-coast-pipe-inspection/,,listed,rebulk-directory (G&W SJVR),,
West Erie Short Line Transload Yard,,,,ERIE,PA,UNKNOWN,UNKNOWN,UNKNOWN,UNKNOWN,UNKNOWN,UNKNOWN,UNKNOWN,UNKNOWN,UNKNOWN,UNKNOWN,UNKNOWN,UNKNOWN,UNKNOWN,UNKNOWN,UNKNOWN,UNKNOWN,UNKNOWN,UNKNOWN,UNKNOWN,UNKNOWN,UNKNOWN,UNKNOWN,UNKNOWN,UNKNOWN,UNKNOWN,UNKNOWN,unknown,https://resourcefulrail.com/west-erie-short-line-1,,listed,rebulk-directory (WESL NS),,
West Inman NS TBT,,,,ATLANTA,GA,UNKNOWN,UNKNOWN,UNKNOWN,UNKNOWN,UNKNOWN,UNKNOWN,UNKNOWN,UNKNOWN,UNKNOWN,UNKNOWN,UNKNOWN,UNKNOWN,UNKNOWN,UNKNOWN,UNKNOWN,UNKNOWN,UNKNOWN,UNKNOWN,UNKNOWN,UNKNOWN,UNKNOWN,UNKNOWN,UNKNOWN,UNKNOWN,UNKNOWN,UNKNOWN,unknown,https://www.nscorp.com,,listed,rebulk-directory (NS),,
"West Memphis Base Railroad, LLC",Jaguar Transport Holdings,,,WEST MEMPHIS,AR,UNKNOWN,UNKNOWN,UNKNOWN,UNKNOWN,UNKNOWN,UNKNOWN,UNKNOWN,UNKNOWN,UNKNOWN,UNKNOWN,UNKNOWN,UNKNOWN,UNKNOWN,UNKNOWN,UNKNOWN,UNKNOWN,UNKNOWN,UNKNOWN,UNKNOWN,UNKNOWN,UNKNOWN,UNKNOWN,UNKNOWN,UNKNOWN,UNKNOWN,UNKNOWN,unknown,https://jag-transport.com/locations/,,listed,rebulk-directory (West Memphis),,
West Memphis Transload,,info@jag-transport.com,(870) 702-6077,TENARK,AR,NO,NO,NO,NO,NO,NO,NO,NO,NO,NO,NO,NO,NO,NO,NO,NO,NO,NO,NO,NO,NO,NO,NO,NO,NO,NO,unknown,https://jag-transport.com/locations/,,verified,swl-internal,OPERATIONAL,high
West Plains Port of Brownsville Grain Elevator,,,,BROWNSVILLE,TX,UNKNOWN,UNKNOWN,UNKNOWN,UNKNOWN,UNKNOWN,UNKNOWN,UNKNOWN,UNKNOWN,UNKNOWN,UNKNOWN,UNKNOWN,UNKNOWN,UNKNOWN,UNKNOWN,UNKNOWN,UNKNOWN,UNKNOWN,UNKNOWN,UNKNOWN,UNKNOWN,UNKNOWN,UNKNOWN,UNKNOWN,UNKNOWN,UNKNOWN,UNKNOWN,unknown,,,listed,rebulk-directory (BRG),,
West Tennessee Railroad,Yard Transload,,,JACKSON,TN,UNKNOWN,UNKNOWN,UNKNOWN,UNKNOWN,UNKNOWN,UNKNOWN,UNKNOWN,UNKNOWN,UNKNOWN,UNKNOWN,UNKNOWN,UNKNOWN,UNKNOWN,UNKNOWN,UNKNOWN,UNKNOWN,UNKNOWN,UNKNOWN,UNKNOWN,UNKNOWN,UNKNOWN,UNKNOWN,UNKNOWN,UNKNOWN,UNKNOWN,UNKNOWN,unknown,https://www.wtnnrr.com,,listed,rebulk-directory (CN CPKC/KCS CSX NS + 1),,
West Tennessee Transload,,,,MILAN,TN,UNKNOWN,UNKNOWN,UNKNOWN,UNKNOWN,UNKNOWN,UNKNOWN,UNKNOWN,UNKNOWN,UNKNOWN,UNKNOWN,UNKNOWN,UNKNOWN,UNKNOWN,UNKNOWN,UNKNOWN,UNKNOWN,UNKNOWN,UNKNOWN,UNKNOWN,UNKNOWN,UNKNOWN,UNKNOWN,UNKNOWN,UNKNOWN,UNKNOWN,UNKNOWN,unknown,,,listed,rebulk-directory (WCKR CSX WTNN),,
Western Maryland Scenic Railroad,Transload,,,RIDGELEY,WV,UNKNOWN,UNKNOWN,UNKNOWN,UNKNOWN,UNKNOWN,UNKNOWN,UNKNOWN,UNKNOWN,UNKNOWN,UNKNOWN,UNKNOWN,UNKNOWN,UNKNOWN,UNKNOWN,UNKNOWN,UNKNOWN,UNKNOWN,UNKNOWN,UNKNOWN,UNKNOWN,UNKNOWN,UNKNOWN,UNKNOWN,UNKNOWN,UNKNOWN,UNKNOWN,unknown,https://www.georgescreekfreight.com/,,listed,rebulk-directory (Western Maryland Scenic Railroad (WMSR)),,
"Western Nevada Transload, LLC",,,,FERNLEY,NV,UNKNOWN,UNKNOWN,UNKNOWN,UNKNOWN,UNKNOWN,UNKNOWN,UNKNOWN,UNKNOWN,UNKNOWN,UNKNOWN,UNKNOWN,UNKNOWN,UNKNOWN,UNKNOWN,UNKNOWN,UNKNOWN,UNKNOWN,UNKNOWN,UNKNOWN,UNKNOWN,UNKNOWN,UNKNOWN,UNKNOWN,UNKNOWN,UNKNOWN,UNKNOWN,unknown,https://www.westernnevadatransload.com/,,listed,rebulk-directory (BNSF),,
Western New York & Pennsylvania Railroad,Yard transload,,,OLEAN,NY,UNKNOWN,UNKNOWN,UNKNOWN,UNKNOWN,UNKNOWN,UNKNOWN,UNKNOWN,UNKNOWN,UNKNOWN,UNKNOWN,UNKNOWN,UNKNOWN,UNKNOWN,UNKNOWN,UNKNOWN,UNKNOWN,UNKNOWN,UNKNOWN,UNKNOWN,UNKNOWN,UNKNOWN,UNKNOWN,UNKNOWN,UNKNOWN,UNKNOWN,UNKNOWN,unknown,https://lalrr.com/transload-locations/,,listed,rebulk-directory (WNY&P),,
Western New York & Pennsylvania Railroad,Yard; LA&L family,,,MEADVILLE,PA,UNKNOWN,UNKNOWN,UNKNOWN,UNKNOWN,UNKNOWN,UNKNOWN,UNKNOWN,UNKNOWN,UNKNOWN,UNKNOWN,UNKNOWN,UNKNOWN,UNKNOWN,UNKNOWN,UNKNOWN,UNKNOWN,UNKNOWN,UNKNOWN,UNKNOWN,UNKNOWN,UNKNOWN,UNKNOWN,UNKNOWN,UNKNOWN,UNKNOWN,UNKNOWN,unknown,https://wnyprr.com/,,listed,rebulk-directory (NS WNYP),,
Westran Services,,,+1 604-520-6366,NEW WESTMINSTER,BC,NO,NO,NO,NO,NO,NO,NO,NO,NO,NO,NO,NO,NO,NO,NO,NO,NO,NO,NO,NO,NO,NO,NO,NO,NO,NO,unknown,https://www.westran.com/,,verified,swl-internal,OPERATIONAL,high
Westran Services,,,+1 604-930-5811,SURREY,BC,NO,NO,NO,NO,NO,NO,NO,NO,NO,NO,NO,NO,NO,NO,NO,NO,NO,NO,NO,NO,NO,NO,NO,NO,NO,NO,unknown,https://www.westportterminals.com/,,verified,swl-internal,OPERATIONAL,medium
Wetz Warehousing Transload Facility,,,,BELPRE,OH,UNKNOWN,UNKNOWN,UNKNOWN,UNKNOWN,UNKNOWN,UNKNOWN,UNKNOWN,UNKNOWN,UNKNOWN,UNKNOWN,UNKNOWN,UNKNOWN,UNKNOWN,UNKNOWN,UNKNOWN,UNKNOWN,UNKNOWN,UNKNOWN,UNKNOWN,UNKNOWN,UNKNOWN,UNKNOWN,UNKNOWN,UNKNOWN,UNKNOWN,UNKNOWN,unknown,https://wetzcompanies.com/,,listed,rebulk-directory (BIP CSX),,
White River Warehouse,,,,WHITE RIVER JCT,VT,UNKNOWN,UNKNOWN,UNKNOWN,UNKNOWN,UNKNOWN,UNKNOWN,UNKNOWN,UNKNOWN,UNKNOWN,UNKNOWN,UNKNOWN,UNKNOWN,UNKNOWN,UNKNOWN,UNKNOWN,UNKNOWN,UNKNOWN,UNKNOWN,UNKNOWN,UNKNOWN,UNKNOWN,UNKNOWN,UNKNOWN,UNKNOWN,UNKNOWN,UNKNOWN,unknown,https://www.whiteriverwarehouse.com/,,listed,rebulk-directory (G&W NECR),,
Whites Hauling,,,,INDEPENDENCE,OR,UNKNOWN,UNKNOWN,UNKNOWN,UNKNOWN,UNKNOWN,UNKNOWN,UNKNOWN,UNKNOWN,UNKNOWN,UNKNOWN,UNKNOWN,UNKNOWN,UNKNOWN,UNKNOWN,UNKNOWN,UNKNOWN,UNKNOWN,UNKNOWN,UNKNOWN,UNKNOWN,UNKNOWN,UNKNOWN,UNKNOWN,UNKNOWN,UNKNOWN,UNKNOWN,unknown,https://whiteshaulingfarm.com/,,listed,rebulk-directory (G&W PNWR),,
Whites Hauling,,,,SALEM,OR,UNKNOWN,UNKNOWN,UNKNOWN,UNKNOWN,UNKNOWN,UNKNOWN,UNKNOWN,UNKNOWN,UNKNOWN,UNKNOWN,UNKNOWN,UNKNOWN,UNKNOWN,UNKNOWN,UNKNOWN,UNKNOWN,UNKNOWN,UNKNOWN,UNKNOWN,UNKNOWN,UNKNOWN,UNKNOWN,UNKNOWN,UNKNOWN,UNKNOWN,UNKNOWN,unknown,,,listed,rebulk-directory (G&W PNWR),,
Wildcat Loadout Facility,,,,HELPER,UT,UNKNOWN,UNKNOWN,UNKNOWN,UNKNOWN,UNKNOWN,UNKNOWN,UNKNOWN,UNKNOWN,UNKNOWN,UNKNOWN,UNKNOWN,UNKNOWN,UNKNOWN,UNKNOWN,UNKNOWN,UNKNOWN,UNKNOWN,UNKNOWN,UNKNOWN,UNKNOWN,UNKNOWN,UNKNOWN,UNKNOWN,UNKNOWN,UNKNOWN,UNKNOWN,unknown,,,listed,rebulk-directory (Wildcat Midstream Partners (UTWX) UP),,
Wildcat Minerals,,,,NEW TOWN,ND,UNKNOWN,UNKNOWN,UNKNOWN,UNKNOWN,UNKNOWN,UNKNOWN,UNKNOWN,UNKNOWN,UNKNOWN,UNKNOWN,UNKNOWN,UNKNOWN,UNKNOWN,UNKNOWN,UNKNOWN,UNKNOWN,UNKNOWN,UNKNOWN,UNKNOWN,UNKNOWN,UNKNOWN,UNKNOWN,UNKNOWN,UNKNOWN,UNKNOWN,UNKNOWN,unknown,,,listed,rebulk-directory (CPKC),,
Wildwood Reload,,,,SOUTH BARRE,MA,UNKNOWN,UNKNOWN,UNKNOWN,UNKNOWN,UNKNOWN,UNKNOWN,UNKNOWN,UNKNOWN,UNKNOWN,UNKNOWN,UNKNOWN,UNKNOWN,UNKNOWN,UNKNOWN,UNKNOWN,UNKNOWN,UNKNOWN,UNKNOWN,UNKNOWN,UNKNOWN,UNKNOWN,UNKNOWN,UNKNOWN,UNKNOWN,UNKNOWN,UNKNOWN,unknown,,,listed,rebulk-directory (Massachusetts Central Railroad (MCER)),,
Willard Agri-Services,,,,GREENWOOD,DE,UNKNOWN,UNKNOWN,UNKNOWN,UNKNOWN,UNKNOWN,UNKNOWN,UNKNOWN,UNKNOWN,UNKNOWN,UNKNOWN,UNKNOWN,UNKNOWN,UNKNOWN,UNKNOWN,UNKNOWN,UNKNOWN,UNKNOWN,UNKNOWN,UNKNOWN,UNKNOWN,UNKNOWN,UNKNOWN,UNKNOWN,UNKNOWN,UNKNOWN,UNKNOWN,unknown,https://www.willardag.com/,,listed,rebulk-directory (DCR NS),,
Williams Bulk Transfer,,,,WILLIAMS,IA,UNKNOWN,UNKNOWN,UNKNOWN,UNKNOWN,UNKNOWN,UNKNOWN,UNKNOWN,UNKNOWN,UNKNOWN,UNKNOWN,UNKNOWN,UNKNOWN,UNKNOWN,UNKNOWN,UNKNOWN,UNKNOWN,UNKNOWN,UNKNOWN,UNKNOWN,UNKNOWN,UNKNOWN,UNKNOWN,UNKNOWN,UNKNOWN,UNKNOWN,UNKNOWN,unknown,,,listed,rebulk-directory (CN),,
Willis Enterprises Inc.,,,,BONNER,MT,UNKNOWN,UNKNOWN,UNKNOWN,UNKNOWN,UNKNOWN,UNKNOWN,UNKNOWN,UNKNOWN,UNKNOWN,UNKNOWN,UNKNOWN,UNKNOWN,UNKNOWN,UNKNOWN,UNKNOWN,UNKNOWN,UNKNOWN,UNKNOWN,UNKNOWN,UNKNOWN,UNKNOWN,UNKNOWN,UNKNOWN,UNKNOWN,UNKNOWN,UNKNOWN,unknown,,,listed,rebulk-directory (BNSF),,
Willis NS TBT,,,,WILLIS,MI,UNKNOWN,UNKNOWN,UNKNOWN,UNKNOWN,UNKNOWN,UNKNOWN,UNKNOWN,UNKNOWN,UNKNOWN,UNKNOWN,UNKNOWN,UNKNOWN,UNKNOWN,UNKNOWN,UNKNOWN,UNKNOWN,UNKNOWN,UNKNOWN,UNKNOWN,UNKNOWN,UNKNOWN,UNKNOWN,UNKNOWN,UNKNOWN,UNKNOWN,UNKNOWN,unknown,https://www.nscorp.com,,listed,rebulk-directory (NS),,
WillTran Heyburn Rail Yard,,,,HEYBURN,ID,UNKNOWN,UNKNOWN,UNKNOWN,UNKNOWN,UNKNOWN,UNKNOWN,UNKNOWN,UNKNOWN,UNKNOWN,UNKNOWN,UNKNOWN,UNKNOWN,UNKNOWN,UNKNOWN,UNKNOWN,UNKNOWN,UNKNOWN,UNKNOWN,UNKNOWN,UNKNOWN,UNKNOWN,UNKNOWN,UNKNOWN,UNKNOWN,UNKNOWN,UNKNOWN,unknown,https://www.willtraninc.com/,,listed,rebulk-directory (EIRR UP),,
Wilson and Associates,,,,SALT LAKE CITY,UT,UNKNOWN,UNKNOWN,UNKNOWN,UNKNOWN,UNKNOWN,UNKNOWN,UNKNOWN,UNKNOWN,UNKNOWN,UNKNOWN,UNKNOWN,UNKNOWN,UNKNOWN,UNKNOWN,UNKNOWN,UNKNOWN,UNKNOWN,UNKNOWN,UNKNOWN,UNKNOWN,UNKNOWN,UNKNOWN,UNKNOWN,UNKNOWN,UNKNOWN,UNKNOWN,unknown,,,listed,rebulk-directory (G&W UTAH),,
WIN Waste Brockton Rail Transfer Station,,,,BROCKTON,MA,UNKNOWN,UNKNOWN,UNKNOWN,UNKNOWN,UNKNOWN,UNKNOWN,UNKNOWN,UNKNOWN,UNKNOWN,UNKNOWN,UNKNOWN,UNKNOWN,UNKNOWN,UNKNOWN,UNKNOWN,UNKNOWN,UNKNOWN,UNKNOWN,UNKNOWN,UNKNOWN,UNKNOWN,UNKNOWN,UNKNOWN,UNKNOWN,UNKNOWN,UNKNOWN,unknown,https://www.win-waste.com/about-us/locations/brockton-ma-138wilder/,,listed,rebulk-directory (CSX),,
WIN Waste Leominster Rail Transfer Station,,,,LEOMINSTER,MA,UNKNOWN,UNKNOWN,UNKNOWN,UNKNOWN,UNKNOWN,UNKNOWN,UNKNOWN,UNKNOWN,UNKNOWN,UNKNOWN,UNKNOWN,UNKNOWN,UNKNOWN,UNKNOWN,UNKNOWN,UNKNOWN,UNKNOWN,UNKNOWN,UNKNOWN,UNKNOWN,UNKNOWN,UNKNOWN,UNKNOWN,UNKNOWN,UNKNOWN,UNKNOWN,unknown,https://www.win-waste.com/about-us/locations/leominster-ma-200tanzio/,,listed,rebulk-directory (CSX),,
WIN Waste Taunton Rail Transfer Station,,,,TAUNTON,MA,UNKNOWN,UNKNOWN,UNKNOWN,UNKNOWN,UNKNOWN,UNKNOWN,UNKNOWN,UNKNOWN,UNKNOWN,UNKNOWN,UNKNOWN,UNKNOWN,UNKNOWN,UNKNOWN,UNKNOWN,UNKNOWN,UNKNOWN,UNKNOWN,UNKNOWN,UNKNOWN,UNKNOWN,UNKNOWN,UNKNOWN,UNKNOWN,UNKNOWN,UNKNOWN,unknown,https://www.win-waste.com/about-us/locations/taunton-ma-101princehenry/,,listed,rebulk-directory (Mass Coastal Railroad (MC)),,
Winchester & Western,Transload,,,MILLVILLE,NJ,UNKNOWN,UNKNOWN,UNKNOWN,UNKNOWN,UNKNOWN,UNKNOWN,UNKNOWN,UNKNOWN,UNKNOWN,UNKNOWN,UNKNOWN,UNKNOWN,UNKNOWN,UNKNOWN,UNKNOWN,UNKNOWN,UNKNOWN,UNKNOWN,UNKNOWN,UNKNOWN,UNKNOWN,UNKNOWN,UNKNOWN,UNKNOWN,UNKNOWN,UNKNOWN,unknown,https://omnitrax.com/rail-transportation/,,listed,rebulk-directory (Winchester & Western Railroad (WW) CSX NS),,
Winchester & Western Railroad,Transload,,,MARTINSBURG,WV,UNKNOWN,UNKNOWN,UNKNOWN,UNKNOWN,UNKNOWN,UNKNOWN,UNKNOWN,UNKNOWN,UNKNOWN,UNKNOWN,UNKNOWN,UNKNOWN,UNKNOWN,UNKNOWN,UNKNOWN,UNKNOWN,UNKNOWN,UNKNOWN,UNKNOWN,UNKNOWN,UNKNOWN,UNKNOWN,UNKNOWN,UNKNOWN,UNKNOWN,UNKNOWN,unknown,https://omnitrax.com/winchester-and-western-railroad-company-west-virginia/,,listed,rebulk-directory (Winchester & Western Railroad (WW) CSX NS),,
Winchester & Western Railroad (OmniTRAX),Transload,,,CLEAR BROOK,VA,UNKNOWN,UNKNOWN,UNKNOWN,UNKNOWN,UNKNOWN,UNKNOWN,UNKNOWN,UNKNOWN,UNKNOWN,UNKNOWN,UNKNOWN,UNKNOWN,UNKNOWN,UNKNOWN,UNKNOWN,UNKNOWN,UNKNOWN,UNKNOWN,UNKNOWN,UNKNOWN,UNKNOWN,UNKNOWN,UNKNOWN,UNKNOWN,UNKNOWN,UNKNOWN,unknown,https://omnitrax.com/winchester-and-western-railroad-company-west-virginia/,,listed,rebulk-directory (CSX NS WW),,
Winfield Storage & Transload,,,,WINFIELD,PA,UNKNOWN,UNKNOWN,UNKNOWN,UNKNOWN,UNKNOWN,UNKNOWN,UNKNOWN,UNKNOWN,UNKNOWN,UNKNOWN,UNKNOWN,UNKNOWN,UNKNOWN,UNKNOWN,UNKNOWN,UNKNOWN,UNKNOWN,UNKNOWN,UNKNOWN,UNKNOWN,UNKNOWN,UNKNOWN,UNKNOWN,UNKNOWN,UNKNOWN,UNKNOWN,unknown,https://www.nshr.com/transload,,listed,rebulk-directory (UCIR NS CPKC),,
Winston-Salem NS TBT,,,,WINSTON-SALEM,NC,UNKNOWN,UNKNOWN,UNKNOWN,UNKNOWN,UNKNOWN,UNKNOWN,UNKNOWN,UNKNOWN,UNKNOWN,UNKNOWN,UNKNOWN,UNKNOWN,UNKNOWN,UNKNOWN,UNKNOWN,UNKNOWN,UNKNOWN,UNKNOWN,UNKNOWN,UNKNOWN,UNKNOWN,UNKNOWN,UNKNOWN,UNKNOWN,UNKNOWN,UNKNOWN,unknown,https://www.nscorp.com,,listed,rebulk-directory (NS),,
Wood River Transload Terminal,,,,WOOD RIVER,IL,UNKNOWN,UNKNOWN,UNKNOWN,UNKNOWN,UNKNOWN,UNKNOWN,UNKNOWN,UNKNOWN,UNKNOWN,UNKNOWN,UNKNOWN,UNKNOWN,UNKNOWN,UNKNOWN,UNKNOWN,UNKNOWN,UNKNOWN,UNKNOWN,UNKNOWN,UNKNOWN,UNKNOWN,UNKNOWN,UNKNOWN,UNKNOWN,UNKNOWN,UNKNOWN,unknown,https://www.watco.com/service/terminals/wood-river-transload-terminal/,,listed,rebulk-directory (CPKC UP NS CSX),,
World Distribution Services-Discovery Park,,,,COLUMBUS,OH,UNKNOWN,UNKNOWN,UNKNOWN,UNKNOWN,UNKNOWN,UNKNOWN,UNKNOWN,UNKNOWN,UNKNOWN,UNKNOWN,UNKNOWN,UNKNOWN,UNKNOWN,UNKNOWN,UNKNOWN,UNKNOWN,UNKNOWN,UNKNOWN,UNKNOWN,UNKNOWN,UNKNOWN,UNKNOWN,UNKNOWN,UNKNOWN,UNKNOWN,UNKNOWN,unknown,https://Www.worldds.net,,listed,rebulk-directory (NS),,
World Transload & Logistics LLC,,,,NEW HOPE,MN,UNKNOWN,UNKNOWN,UNKNOWN,UNKNOWN,UNKNOWN,UNKNOWN,UNKNOWN,UNKNOWN,UNKNOWN,UNKNOWN,UNKNOWN,UNKNOWN,UNKNOWN,UNKNOWN,UNKNOWN,UNKNOWN,UNKNOWN,UNKNOWN,UNKNOWN,UNKNOWN,UNKNOWN,UNKNOWN,UNKNOWN,UNKNOWN,UNKNOWN,UNKNOWN,unknown,,,listed,rebulk-directory (CPKC),,
Wright Distribution,,,,LIMA,OH,UNKNOWN,UNKNOWN,UNKNOWN,UNKNOWN,UNKNOWN,UNKNOWN,UNKNOWN,UNKNOWN,UNKNOWN,UNKNOWN,UNKNOWN,UNKNOWN,UNKNOWN,UNKNOWN,UNKNOWN,UNKNOWN,UNKNOWN,UNKNOWN,UNKNOWN,UNKNOWN,UNKNOWN,UNKNOWN,UNKNOWN,UNKNOWN,UNKNOWN,UNKNOWN,unknown,,,listed,rebulk-directory (G&W IORY),,
Wrightway Auto Carriers Anchorage Rail Terminal,,,,ANCHORAGE,AK,UNKNOWN,UNKNOWN,UNKNOWN,UNKNOWN,UNKNOWN,UNKNOWN,UNKNOWN,UNKNOWN,UNKNOWN,UNKNOWN,UNKNOWN,UNKNOWN,UNKNOWN,UNKNOWN,UNKNOWN,UNKNOWN,UNKNOWN,UNKNOWN,UNKNOWN,UNKNOWN,UNKNOWN,UNKNOWN,UNKNOWN,UNKNOWN,UNKNOWN,UNKNOWN,unknown,https://wrightwayautocarriers.com/,,listed,rebulk-directory (ARR),,
"WSI (Warehouse Specialists, LLC)",,,,DENVER,CO,UNKNOWN,UNKNOWN,UNKNOWN,UNKNOWN,UNKNOWN,UNKNOWN,UNKNOWN,UNKNOWN,UNKNOWN,UNKNOWN,UNKNOWN,UNKNOWN,UNKNOWN,UNKNOWN,UNKNOWN,UNKNOWN,UNKNOWN,UNKNOWN,UNKNOWN,UNKNOWN,UNKNOWN,UNKNOWN,UNKNOWN,UNKNOWN,UNKNOWN,UNKNOWN,unknown,https://www.wsinc.com/locations/,,listed,rebulk-directory (BNSF UP),,
"WSI (Warehouse Specialists, LLC)",,,,ALLENTOWN,PA,UNKNOWN,UNKNOWN,UNKNOWN,UNKNOWN,UNKNOWN,UNKNOWN,UNKNOWN,UNKNOWN,UNKNOWN,UNKNOWN,UNKNOWN,UNKNOWN,UNKNOWN,UNKNOWN,UNKNOWN,UNKNOWN,UNKNOWN,UNKNOWN,UNKNOWN,UNKNOWN,UNKNOWN,UNKNOWN,UNKNOWN,UNKNOWN,UNKNOWN,UNKNOWN,unknown,https://www.wsinc.com/locations/allentown-warehouse/,,listed,rebulk-directory (NS),,
WSI Appleton Warehouse Road,,,,APPLETON,WI,UNKNOWN,UNKNOWN,UNKNOWN,UNKNOWN,UNKNOWN,UNKNOWN,UNKNOWN,UNKNOWN,UNKNOWN,UNKNOWN,UNKNOWN,UNKNOWN,UNKNOWN,UNKNOWN,UNKNOWN,UNKNOWN,UNKNOWN,UNKNOWN,UNKNOWN,UNKNOWN,UNKNOWN,UNKNOWN,UNKNOWN,UNKNOWN,UNKNOWN,UNKNOWN,unknown,https://www.wsinc.com/locations/appleton-warehouse/,,listed,rebulk-directory (CN),,
WSI Combined Locks Warehouse,,,,COMBINED LOCKS,WI,UNKNOWN,UNKNOWN,UNKNOWN,UNKNOWN,UNKNOWN,UNKNOWN,UNKNOWN,UNKNOWN,UNKNOWN,UNKNOWN,UNKNOWN,UNKNOWN,UNKNOWN,UNKNOWN,UNKNOWN,UNKNOWN,UNKNOWN,UNKNOWN,UNKNOWN,UNKNOWN,UNKNOWN,UNKNOWN,UNKNOWN,UNKNOWN,UNKNOWN,UNKNOWN,unknown,https://www.wsinc.com/locations/north-wisconsin-warehouse/,,listed,rebulk-directory (CN),,
WSI Fond du Lac Larsen Drive Warehouse,,,,FOND DU LAC,WI,UNKNOWN,UNKNOWN,UNKNOWN,UNKNOWN,UNKNOWN,UNKNOWN,UNKNOWN,UNKNOWN,UNKNOWN,UNKNOWN,UNKNOWN,UNKNOWN,UNKNOWN,UNKNOWN,UNKNOWN,UNKNOWN,UNKNOWN,UNKNOWN,UNKNOWN,UNKNOWN,UNKNOWN,UNKNOWN,UNKNOWN,UNKNOWN,UNKNOWN,UNKNOWN,unknown,https://www.wsinc.com/locations/fond-du-lac-fda-warehouse/,,listed,rebulk-directory (CN),,
WSI Menasha Warehouse,,,,MENASHA,WI,UNKNOWN,UNKNOWN,UNKNOWN,UNKNOWN,UNKNOWN,UNKNOWN,UNKNOWN,UNKNOWN,UNKNOWN,UNKNOWN,UNKNOWN,UNKNOWN,UNKNOWN,UNKNOWN,UNKNOWN,UNKNOWN,UNKNOWN,UNKNOWN,UNKNOWN,UNKNOWN,UNKNOWN,UNKNOWN,UNKNOWN,UNKNOWN,UNKNOWN,UNKNOWN,unknown,https://www.wsinc.com/locations/menasha-warehouse/,,listed,rebulk-directory (CN),,
WSI Phoenix Warehouse,,,,GLENDALE,AZ,UNKNOWN,UNKNOWN,UNKNOWN,UNKNOWN,UNKNOWN,UNKNOWN,UNKNOWN,UNKNOWN,UNKNOWN,UNKNOWN,UNKNOWN,UNKNOWN,UNKNOWN,UNKNOWN,UNKNOWN,UNKNOWN,UNKNOWN,UNKNOWN,UNKNOWN,UNKNOWN,UNKNOWN,UNKNOWN,UNKNOWN,UNKNOWN,UNKNOWN,UNKNOWN,unknown,https://www.wsinc.com/locations/phoenix-warehouse/,,listed,rebulk-directory (BNSF),,
WSI Plover Warehouse,,,,PLOVER,WI,UNKNOWN,UNKNOWN,UNKNOWN,UNKNOWN,UNKNOWN,UNKNOWN,UNKNOWN,UNKNOWN,UNKNOWN,UNKNOWN,UNKNOWN,UNKNOWN,UNKNOWN,UNKNOWN,UNKNOWN,UNKNOWN,UNKNOWN,UNKNOWN,UNKNOWN,UNKNOWN,UNKNOWN,UNKNOWN,UNKNOWN,UNKNOWN,UNKNOWN,UNKNOWN,unknown,https://www.wsinc.com/locations/plover-wi/,,listed,rebulk-directory (CN),,
WSI Pomona Transload,,,,POMONA,CA,UNKNOWN,UNKNOWN,UNKNOWN,UNKNOWN,UNKNOWN,UNKNOWN,UNKNOWN,UNKNOWN,UNKNOWN,UNKNOWN,UNKNOWN,UNKNOWN,UNKNOWN,UNKNOWN,UNKNOWN,UNKNOWN,UNKNOWN,UNKNOWN,UNKNOWN,UNKNOWN,UNKNOWN,UNKNOWN,UNKNOWN,UNKNOWN,UNKNOWN,UNKNOWN,unknown,https://www.wsinc.com/,,listed,rebulk-directory (BNSF),,
WSI Stevens Point Warehouse,,,,STEVENS POINT,WI,UNKNOWN,UNKNOWN,UNKNOWN,UNKNOWN,UNKNOWN,UNKNOWN,UNKNOWN,UNKNOWN,UNKNOWN,UNKNOWN,UNKNOWN,UNKNOWN,UNKNOWN,UNKNOWN,UNKNOWN,UNKNOWN,UNKNOWN,UNKNOWN,UNKNOWN,UNKNOWN,UNKNOWN,UNKNOWN,UNKNOWN,UNKNOWN,UNKNOWN,UNKNOWN,unknown,https://www.wsinc.com/locations/stevens-point-warehouse/,,listed,rebulk-directory (CN),,
WSI Wisconsin Rapids 2nd Street Warehouse,,,,WISCONSIN RAPIDS,WI,UNKNOWN,UNKNOWN,UNKNOWN,UNKNOWN,UNKNOWN,UNKNOWN,UNKNOWN,UNKNOWN,UNKNOWN,UNKNOWN,UNKNOWN,UNKNOWN,UNKNOWN,UNKNOWN,UNKNOWN,UNKNOWN,UNKNOWN,UNKNOWN,UNKNOWN,UNKNOWN,UNKNOWN,UNKNOWN,UNKNOWN,UNKNOWN,UNKNOWN,UNKNOWN,unknown,https://www.wsinc.com/locations/wisconsin-rapids/,,listed,rebulk-directory (CN),,
WSI Wisconsin Rapids Wolosek Avenue Warehouse,,,,WISCONSIN RAPIDS,WI,UNKNOWN,UNKNOWN,UNKNOWN,UNKNOWN,UNKNOWN,UNKNOWN,UNKNOWN,UNKNOWN,UNKNOWN,UNKNOWN,UNKNOWN,UNKNOWN,UNKNOWN,UNKNOWN,UNKNOWN,UNKNOWN,UNKNOWN,UNKNOWN,UNKNOWN,UNKNOWN,UNKNOWN,UNKNOWN,UNKNOWN,UNKNOWN,UNKNOWN,UNKNOWN,unknown,https://www.wsinc.com/locations/wisconsin-rapids-fda-warehouse/,,listed,rebulk-directory (CN),,
WSOR Janesville Transload Facility,,,,JANESVILLE,WI,UNKNOWN,UNKNOWN,UNKNOWN,UNKNOWN,UNKNOWN,UNKNOWN,UNKNOWN,UNKNOWN,UNKNOWN,UNKNOWN,UNKNOWN,UNKNOWN,UNKNOWN,UNKNOWN,UNKNOWN,UNKNOWN,UNKNOWN,UNKNOWN,UNKNOWN,UNKNOWN,UNKNOWN,UNKNOWN,UNKNOWN,UNKNOWN,UNKNOWN,UNKNOWN,unknown,https://www.watco.com/service/rail/wsor/,,listed,rebulk-directory (WSOR),,
WWL Vehicle Services Americas,,,,WILMINGTON,CA,UNKNOWN,UNKNOWN,UNKNOWN,UNKNOWN,UNKNOWN,UNKNOWN,UNKNOWN,UNKNOWN,UNKNOWN,UNKNOWN,UNKNOWN,UNKNOWN,UNKNOWN,UNKNOWN,UNKNOWN,UNKNOWN,UNKNOWN,UNKNOWN,UNKNOWN,UNKNOWN,UNKNOWN,UNKNOWN,UNKNOWN,UNKNOWN,UNKNOWN,UNKNOWN,unknown,https://www.walleniuswilhelmsen.com/what-we-do/vehicle-processing,,listed,rebulk-directory (PHL BNSF UP),,
Wyatt Bell & Company,,,,PADUCAH,KY,UNKNOWN,UNKNOWN,UNKNOWN,UNKNOWN,UNKNOWN,UNKNOWN,UNKNOWN,UNKNOWN,UNKNOWN,UNKNOWN,UNKNOWN,UNKNOWN,UNKNOWN,UNKNOWN,UNKNOWN,UNKNOWN,UNKNOWN,UNKNOWN,UNKNOWN,UNKNOWN,UNKNOWN,UNKNOWN,UNKNOWN,UNKNOWN,UNKNOWN,UNKNOWN,unknown,https://www.wyattbell.com/,,listed,rebulk-directory (PAL),,
Wymore Transfer Co,,info@wymoretransfer.com,(503) 656-2693,CLACKAMAS,OR,NO,NO,YES,YES,NO,YES,NO,NO,NO,YES,YES,NO,YES,YES,NO,YES,NO,NO,YES,YES,NO,YES,YES,YES,YES,YES,unknown,https://www.wymoretransfer.com/,,verified,swl-internal,OPERATIONAL,high
Wyoming Connect Railroad Transload,,,,YODER,WY,UNKNOWN,UNKNOWN,UNKNOWN,UNKNOWN,UNKNOWN,UNKNOWN,UNKNOWN,UNKNOWN,UNKNOWN,UNKNOWN,UNKNOWN,UNKNOWN,UNKNOWN,UNKNOWN,UNKNOWN,UNKNOWN,UNKNOWN,UNKNOWN,UNKNOWN,UNKNOWN,UNKNOWN,UNKNOWN,UNKNOWN,UNKNOWN,UNKNOWN,UNKNOWN,unknown,https://www.wyconrr.com/,,listed,rebulk-directory (Wyoming Connect Railroad UP),,
Wyoming Millwork,,,,MILTON,DE,UNKNOWN,UNKNOWN,UNKNOWN,UNKNOWN,UNKNOWN,UNKNOWN,UNKNOWN,UNKNOWN,UNKNOWN,UNKNOWN,UNKNOWN,UNKNOWN,UNKNOWN,UNKNOWN,UNKNOWN,UNKNOWN,UNKNOWN,UNKNOWN,UNKNOWN,UNKNOWN,UNKNOWN,UNKNOWN,UNKNOWN,UNKNOWN,UNKNOWN,UNKNOWN,unknown,http://www.wyomingmillwork.com/,,listed,rebulk-directory (DCR NS),,
Yadkin Valley Railroad Rural Hall Transload,,,,RURAL HALL,NC,UNKNOWN,UNKNOWN,UNKNOWN,UNKNOWN,UNKNOWN,UNKNOWN,UNKNOWN,UNKNOWN,UNKNOWN,UNKNOWN,UNKNOWN,UNKNOWN,UNKNOWN,UNKNOWN,UNKNOWN,UNKNOWN,UNKNOWN,UNKNOWN,UNKNOWN,UNKNOWN,UNKNOWN,UNKNOWN,UNKNOWN,UNKNOWN,UNKNOWN,UNKNOWN,unknown,https://gulfandohio.com/yadkin-valley-railroad,,listed,rebulk-directory (Yadkin Valley Railroad (YVRR) NS),,
Yarmouth Commercial Transfer Station,,,,SOUTH YARMOUTH,MA,UNKNOWN,UNKNOWN,UNKNOWN,UNKNOWN,UNKNOWN,UNKNOWN,UNKNOWN,UNKNOWN,UNKNOWN,UNKNOWN,UNKNOWN,UNKNOWN,UNKNOWN,UNKNOWN,UNKNOWN,UNKNOWN,UNKNOWN,UNKNOWN,UNKNOWN,UNKNOWN,UNKNOWN,UNKNOWN,UNKNOWN,UNKNOWN,UNKNOWN,UNKNOWN,unknown,,,listed,rebulk-directory (Massachusetts Coastal Railroad (MC)),,
Yellow Creek State Inland Port,,,,IUKA,MS,UNKNOWN,UNKNOWN,UNKNOWN,UNKNOWN,UNKNOWN,UNKNOWN,UNKNOWN,UNKNOWN,UNKNOWN,UNKNOWN,UNKNOWN,UNKNOWN,UNKNOWN,UNKNOWN,UNKNOWN,UNKNOWN,UNKNOWN,UNKNOWN,UNKNOWN,UNKNOWN,UNKNOWN,UNKNOWN,UNKNOWN,UNKNOWN,UNKNOWN,UNKNOWN,unknown,https://www.yellowcreekport.com/,,listed,rebulk-directory (Yellow Creek Railroad (YCRK) CPKC),,
Yellowstone Industrial Development,,,,BILLINGS,MT,UNKNOWN,UNKNOWN,UNKNOWN,UNKNOWN,UNKNOWN,UNKNOWN,UNKNOWN,UNKNOWN,UNKNOWN,UNKNOWN,UNKNOWN,UNKNOWN,UNKNOWN,UNKNOWN,UNKNOWN,UNKNOWN,UNKNOWN,UNKNOWN,UNKNOWN,UNKNOWN,UNKNOWN,UNKNOWN,UNKNOWN,UNKNOWN,UNKNOWN,UNKNOWN,unknown,https://www.yidmontanamt.com/,,listed,rebulk-directory (BNSF),,
Yenkin-majestic,,,,COLUMBUS,OH,UNKNOWN,UNKNOWN,UNKNOWN,UNKNOWN,UNKNOWN,UNKNOWN,UNKNOWN,UNKNOWN,UNKNOWN,UNKNOWN,UNKNOWN,UNKNOWN,UNKNOWN,UNKNOWN,UNKNOWN,UNKNOWN,UNKNOWN,UNKNOWN,UNKNOWN,UNKNOWN,UNKNOWN,UNKNOWN,UNKNOWN,UNKNOWN,UNKNOWN,UNKNOWN,unknown,https://www.yenkin-majestic.com/,,listed,rebulk-directory (CUOH G&W),,
York Rail Logistics,,jrudman@gwrr.com,(717) 792-1425,YORK,PA,NO,NO,NO,YES,YES,YES,NO,NO,NO,NO,YES,NO,YES,YES,YES,YES,YES,NO,NO,YES,NO,NO,YES,YES,NO,NO,unknown,https://www.gwrr.com/transload/york-rail-logistic/,,verified,swl-internal,OPERATIONAL,high
Youngstown & Southeastern Railroad,,,,LISBON,OH,UNKNOWN,UNKNOWN,UNKNOWN,UNKNOWN,UNKNOWN,UNKNOWN,UNKNOWN,UNKNOWN,UNKNOWN,UNKNOWN,UNKNOWN,UNKNOWN,UNKNOWN,UNKNOWN,UNKNOWN,UNKNOWN,UNKNOWN,UNKNOWN,UNKNOWN,UNKNOWN,UNKNOWN,UNKNOWN,UNKNOWN,UNKNOWN,UNKNOWN,UNKNOWN,unknown,http://www.mbrail.com/,,listed,rebulk-directory (NS YSRR),,
Yreka Western Railroad Transload Facility,,,,YREKA,CA,UNKNOWN,UNKNOWN,UNKNOWN,UNKNOWN,UNKNOWN,UNKNOWN,UNKNOWN,UNKNOWN,UNKNOWN,UNKNOWN,UNKNOWN,UNKNOWN,UNKNOWN,UNKNOWN,UNKNOWN,UNKNOWN,UNKNOWN,UNKNOWN,UNKNOWN,UNKNOWN,UNKNOWN,UNKNOWN,UNKNOWN,UNKNOWN,UNKNOWN,UNKNOWN,unknown,https://yrekawestern.com/,,listed,rebulk-directory (Yreka Western Railroad CORP UP),,
"YS, Inc.",,,,FORT PAYNE,AL,UNKNOWN,UNKNOWN,UNKNOWN,UNKNOWN,UNKNOWN,UNKNOWN,UNKNOWN,UNKNOWN,UNKNOWN,UNKNOWN,UNKNOWN,UNKNOWN,UNKNOWN,UNKNOWN,UNKNOWN,UNKNOWN,UNKNOWN,UNKNOWN,UNKNOWN,UNKNOWN,UNKNOWN,UNKNOWN,UNKNOWN,UNKNOWN,UNKNOWN,UNKNOWN,unknown,https://ys-inc.com/,,listed,rebulk-directory (NS),,
Zartman Contruction Inc.,,,,NORTHHUMBERLAND,PA,UNKNOWN,UNKNOWN,UNKNOWN,UNKNOWN,UNKNOWN,UNKNOWN,UNKNOWN,UNKNOWN,UNKNOWN,UNKNOWN,UNKNOWN,UNKNOWN,UNKNOWN,UNKNOWN,UNKNOWN,UNKNOWN,UNKNOWN,UNKNOWN,UNKNOWN,UNKNOWN,UNKNOWN,UNKNOWN,UNKNOWN,UNKNOWN,UNKNOWN,UNKNOWN,unknown,https://www.zartman.com,,listed,rebulk-directory (NS NSHR),,
Ümlaut Transloading,,,,SPRINGFIELD,MO,UNKNOWN,UNKNOWN,UNKNOWN,UNKNOWN,UNKNOWN,UNKNOWN,UNKNOWN,UNKNOWN,UNKNOWN,UNKNOWN,UNKNOWN,UNKNOWN,UNKNOWN,UNKNOWN,UNKNOWN,UNKNOWN,UNKNOWN,UNKNOWN,UNKNOWN,UNKNOWN,UNKNOWN,UNKNOWN,UNKNOWN,UNKNOWN,UNKNOWN,UNKNOWN,unknown,https://www.umlauttransloading.com/,,listed,rebulk-directory (BNSF),,
